"Year","Model","Neighbor","Summary","Rho","Gamma","Regime","Design_ID","Design","Source_ID","N_Outcome","N_Valid_Est","N_Valid_CI","MSE","Bias","Coverage","SE_MSE","SE_Bias","SE_Coverage","MSE_Half1","MSE_Half2","Fail_Rate_Est","Fail_Rate_CI","N_Aliased","N_Warn","Complete","N_Bound","Error_Second_Moment","Covered","Allocation_ID","Frequency","Identified","Rank","Residual_Z_SS","Condition","Treatment_Spill_Correlation","Treated","Population_Share","Incidence_Difference"
"2018","education","queen","mean_rank",0,0.5,"both",1,"Checkerboard (graph adaptation)","476b15c62994bb281a9cf916a47b9561",8,8,8,0.171580068808523,-0.141788406460167,0.875,0.0691502972211729,0.147103518750771,0.125,0.216930075599098,0.126230062017948,0,0,0,0,TRUE,0,0.171580068808523,0.875,"4c2194f850ff0b15",3,TRUE,3,4.77502974289495,10.5384955331475,-0.817993783012258,27,0.503966288284889,-19.5536701450524
"2018","education","queen","mean_rank",0.5,0.5,"both",1,"Checkerboard (graph adaptation)","6460e74c096af07350269fc030e2ab51",8,8,8,0.201312889094406,0.11199902025227,1,0.0429262175358873,0.164216367966576,0,0.205181110383156,0.197444667805656,0,0,0,0,TRUE,0,0.201312889094406,1,"4c2194f850ff0b15",3,TRUE,3,4.77502974289495,10.5384955331475,-0.817993783012258,27,0.503966288284889,-19.5536701450524
"2018","education","queen","mean_rank",0,0.5,"control_only",1,"Checkerboard (graph adaptation)","5b8fcab525ce837734585cd23c48e4fd",8,8,8,1.43464649950897,0.414188715501368,0.875,0.507774821334076,0.424784686208419,0.125,2.0282631199021,0.841029879115838,0,0,0,0,TRUE,0,1.43464649950897,0.875,"4c2194f850ff0b15",3,TRUE,3,1.08744666502718,14.2388999444027,-0.961584771568939,27,0.503966288284889,-19.5536701450524
"2018","education","queen","mean_rank",0.5,0.5,"control_only",1,"Checkerboard (graph adaptation)","92ab56b06e93459133eeb2d580fc83df",8,8,8,0.733379290740159,0.636931988739723,0.875,0.456451187542457,0.216365079193287,0.125,1.35566515780787,0.111093423672445,0,0,0,0,TRUE,0,0.733379290740159,0.875,"4c2194f850ff0b15",3,TRUE,3,1.08744666502718,14.2388999444027,-0.961584771568939,27,0.503966288284889,-19.5536701450524
"2018","education","queen","mean_rank",0,0.5,"both",2,"High Incidence Focus","5f15f55bd9fe08658993fc41313af837",8,8,8,0.0492164816977358,0.0613495489414969,0.875,0.0357061612886538,0.0805806734560471,0.125,0.00721553834440805,0.0912174250510635,0,0,0,0,TRUE,0,0.0492164816977358,0.875,"10da8f401f7bfe26",3,TRUE,3,14.4998840411578,4.99456771085383,-0.00282792530548822,29,0.222331266315861,53.4219564460164
"2018","education","queen","mean_rank",0.5,0.5,"both",2,"High Incidence Focus","551eb44da15459afcea1098f80732751",8,8,8,0.0312891648885432,-0.0914174069781792,1,0.0124712797548704,0.0572363802762958,0,0.0583475568868048,0.00423077289028165,0,0,0,0,TRUE,0,0.0312891648885432,1,"10da8f401f7bfe26",3,TRUE,3,14.4998840411578,4.99456771085383,-0.00282792530548822,29,0.222331266315861,53.4219564460164
"2018","education","queen","mean_rank",0,0.5,"control_only",2,"High Incidence Focus","9703ebda1a670f9cc3da3ef29ec94415",8,8,8,0.205396991390003,-0.147893919033459,1,0.0604781477593631,0.16191901860539,0,0.161056631003065,0.249737351776941,0,0,0,0,TRUE,0,0.205396991390003,1,"10da8f401f7bfe26",3,TRUE,3,5.18724980511118,5.89035033703559,-0.801410403058423,29,0.222331266315861,53.4219564460164
"2018","education","queen","mean_rank",0.5,0.5,"control_only",2,"High Incidence Focus","960d2475b1a980b2e9472e93b5a3049f",8,8,8,0.256882035199211,-0.280533805266207,0.875,0.138998890763525,0.159545255246669,0.125,0.0943042198248027,0.419459850573619,0,0,0,0,TRUE,0,0.256882035199211,0.875,"10da8f401f7bfe26",3,TRUE,3,5.18724980511118,5.89035033703559,-0.801410403058423,29,0.222331266315861,53.4219564460164
"2018","education","queen","mean_rank",0,0.5,"both",3,"Saturation Regions","30321b058fa2ccf4864355bcc8e7a125",8,8,8,0.0575643365363002,-0.0720572576857813,0.875,0.0388551882768731,0.0864969761247716,0.125,0.0294900668123393,0.0856386062602611,0,0,0,0,TRUE,0,0.0575643365363002,0.875,"a15d26f3e35d7f8f",1,TRUE,3,13.9156418119538,5.29478089867556,0.200750005461626,29,0.396383676472537,17.3695732806573
"2018","education","queen","mean_rank",0,0.5,"both",3,"Saturation Regions","30321b058fa2ccf4864355bcc8e7a125",8,8,8,0.0883198025322768,0.00302064433219965,0.875,0.063806814835478,0.112320128103366,0.125,0.0312806850686312,0.145358919995922,0,0,0,0,TRUE,0,0.0883198025322768,0.875,"1b27aa7d781d97c5",1,TRUE,3,13.1412477065648,4.81187106719286,0.306116080465676,29,0.432663966313526,1.1681601266514
"2018","education","queen","mean_rank",0,0.5,"both",3,"Saturation Regions","30321b058fa2ccf4864355bcc8e7a125",8,8,8,0.0523321371910945,0.137233404972605,0.875,0.038801237020528,0.0691779586601722,0.125,0.00356097182138158,0.101103302560808,0,0,0,0,TRUE,0,0.0523321371910945,0.875,"97e529f42c02940d",1,TRUE,3,14.4116242551813,5.18189147014213,0.0700832260302984,30,0.580957746141143,-2.08133849622911
"2018","education","queen","mean_rank",0.5,0.5,"both",3,"Saturation Regions","ef2ff02eaec9ed87479557e8017d756c",8,8,8,0.0422882392051302,0.122068338045335,1,0.0198903851864056,0.0625500485919419,0,0.00855342615778691,0.0760230522524736,0,0,0,0,TRUE,0,0.0422882392051302,1,"a15d26f3e35d7f8f",1,TRUE,3,13.9156418119538,5.29478089867556,0.200750005461626,29,0.396383676472537,17.3695732806573
"2018","education","queen","mean_rank",0.5,0.5,"both",3,"Saturation Regions","ef2ff02eaec9ed87479557e8017d756c",8,8,8,0.132237367770749,-0.0368765405547303,0.875,0.0684423528145637,0.13673618422112,0.125,0.227721513904818,0.0367532216366798,0,0,0,0,TRUE,0,0.132237367770749,0.875,"1b27aa7d781d97c5",1,TRUE,3,13.1412477065648,4.81187106719286,0.306116080465676,29,0.432663966313526,1.1681601266514
"2018","education","queen","mean_rank",0.5,0.5,"both",3,"Saturation Regions","ef2ff02eaec9ed87479557e8017d756c",8,8,8,0.048257983119442,-0.16525077797484,1,0.0228878591128311,0.0547072252973591,0,0.078940875234522,0.0175750910043621,0,0,0,0,TRUE,0,0.048257983119442,1,"97e529f42c02940d",1,TRUE,3,14.4116242551813,5.18189147014213,0.0700832260302984,30,0.580957746141143,-2.08133849622911
"2018","education","queen","mean_rank",0,0.5,"control_only",3,"Saturation Regions","4b9b44cbc258f2f5391cc6d572187968",8,8,8,0.177242295532259,-0.0501384236613077,1,0.0503487132093199,0.157991154365869,0,0.0993781810371951,0.255106410027322,0,0,0,0,TRUE,0,0.177242295532259,1,"a15d26f3e35d7f8f",1,TRUE,3,5.20361477094662,5.87838862786862,-0.800705948396029,29,0.396383676472537,17.3695732806573
"2018","education","queen","mean_rank",0,0.5,"control_only",3,"Saturation Regions","4b9b44cbc258f2f5391cc6d572187968",8,8,8,0.153332011784031,-0.0860697859690316,1,0.0550878093821189,0.144382430533475,0,0.133777408467124,0.172886615100937,0,0,0,0,TRUE,0,0.153332011784031,1,"1b27aa7d781d97c5",1,TRUE,3,7.0862885190654,4.76395005413587,-0.715045765640918,29,0.432663966313526,1.1681601266514
"2018","education","queen","mean_rank",0,0.5,"control_only",3,"Saturation Regions","4b9b44cbc258f2f5391cc6d572187968",8,8,8,0.224813234948825,0.217979740067708,0.875,0.133708927976701,0.159148658209343,0.125,0.2927934687862,0.15683300111145,0,0,0,0,TRUE,0,0.224813234948825,0.875,"97e529f42c02940d",1,TRUE,3,4.76691632496105,6.23776769096848,-0.819057859715791,30,0.580957746141143,-2.08133849622911
"2018","education","queen","mean_rank",0.5,0.5,"control_only",3,"Saturation Regions","88acb13e2e1c02798c4706aa4051df03",8,8,8,0.142126314638446,0.0263038082433266,1,0.0563430305258049,0.142144003597129,0,0.195034105993763,0.0892185232831289,0,0,0,0,TRUE,0,0.142126314638446,1,"a15d26f3e35d7f8f",1,TRUE,3,5.20361477094662,5.87838862786862,-0.800705948396029,29,0.396383676472537,17.3695732806573
"2018","education","queen","mean_rank",0.5,0.5,"control_only",3,"Saturation Regions","88acb13e2e1c02798c4706aa4051df03",8,8,8,0.145268686958313,-0.330235282005995,1,0.0498827955744072,0.0719258998421625,0,0.160515342260613,0.130022031656013,0,0,0,0,TRUE,0,0.145268686958313,1,"1b27aa7d781d97c5",1,TRUE,3,7.0862885190654,4.76395005413587,-0.715045765640918,29,0.432663966313526,1.1681601266514
"2018","education","queen","mean_rank",0.5,0.5,"control_only",3,"Saturation Regions","88acb13e2e1c02798c4706aa4051df03",8,8,8,0.140737362674783,0.0698193332454737,1,0.0507920345035005,0.139315994046392,0,0.132865284129927,0.148609441219639,0,0,0,0,TRUE,0,0.140737362674783,1,"97e529f42c02940d",1,TRUE,3,4.76691632496105,6.23776769096848,-0.819057859715791,30,0.580957746141143,-2.08133849622911
"2018","education","queen","mean_rank",0,0.5,"both",4,"Isolation Buffer","fddfeaf185b919e3d89611d67e327af6",8,8,8,0.142576574042218,-0.0936262467244977,1,0.0684506102757156,0.138259951833236,0,0.195883688703038,0.0892694593813967,0,0,0,0,TRUE,0,0.142576574042218,1,"fab280718f7eb738",1,TRUE,3,4.56532479809801,5.67585961541026,-0.755081445798712,14,0.207332506273935,-4.8264861542021
"2018","education","queen","mean_rank",0,0.5,"both",4,"Isolation Buffer","fddfeaf185b919e3d89611d67e327af6",8,8,8,0.196284080120812,-0.230876733796092,1,0.07037354632682,0.142918565180345,0,0.237980270427656,0.154587889813967,0,0,0,0,TRUE,0,0.196284080120812,1,"6cdca3e81f015ba4",1,TRUE,3,4.69567833729306,5.73382206346226,-0.771179770705599,16,0.313182647401988,5.3267212366933
"2018","education","queen","mean_rank",0,0.5,"both",4,"Isolation Buffer","fddfeaf185b919e3d89611d67e327af6",8,8,8,0.217731007219371,-0.0469914960088175,1,0.0744804869578233,0.175467867030741,0,0.120324790053891,0.315137224384851,0,0,0,0,TRUE,0,0.217731007219371,1,"4a8520cc255d4692",1,TRUE,3,4.11455821208079,6.31348292277252,-0.803040746182123,16,0.17424881572961,11.6068753992737
"2018","education","queen","mean_rank",0.5,0.5,"both",4,"Isolation Buffer","29cfe9dd1235e941fa8fce8ce5ff1864",8,8,8,0.184563106398596,0.256137791530399,1,0.0782300610566724,0.130360236130789,0,0.110501940657173,0.258624272140019,0,0,0,0,TRUE,0,0.184563106398596,1,"fab280718f7eb738",1,TRUE,3,4.56532479809801,5.67585961541026,-0.755081445798712,14,0.207332506273935,-4.8264861542021
"2018","education","queen","mean_rank",0.5,0.5,"both",4,"Isolation Buffer","29cfe9dd1235e941fa8fce8ce5ff1864",8,8,8,0.245022186615133,0.0930508129444704,0.875,0.143786015373848,0.183755945608573,0.125,0.451462216383782,0.0385821568464834,0,0,0,0,TRUE,0,0.245022186615133,0.875,"6cdca3e81f015ba4",1,TRUE,3,4.69567833729306,5.73382206346226,-0.771179770705599,16,0.313182647401988,5.3267212366933
"2018","education","queen","mean_rank",0.5,0.5,"both",4,"Isolation Buffer","29cfe9dd1235e941fa8fce8ce5ff1864",8,8,8,0.0672774333975162,-0.0121322536748539,1,0.0389387037570739,0.0979287217596008,0,0.00935934661024978,0.125195520184783,0,0,0,0,TRUE,0,0.0672774333975162,1,"4a8520cc255d4692",1,TRUE,3,4.11455821208079,6.31348292277252,-0.803040746182123,16,0.17424881572961,11.6068753992737
"2018","education","queen","mean_rank",0,0.5,"control_only",4,"Isolation Buffer","d75de2e35fdae027a223dcfb5702a718",8,8,8,0.216400630262237,0.128616948400881,0.875,0.0993890791061552,0.168970965741912,0.125,0.0617674154196063,0.371033845104867,0,0,0,0,TRUE,0,0.216400630262237,0.875,"fab280718f7eb738",1,TRUE,3,4.56532479809801,5.67585961541026,-0.755081445798712,14,0.207332506273935,-4.8264861542021
"2018","education","queen","mean_rank",0,0.5,"control_only",4,"Isolation Buffer","d75de2e35fdae027a223dcfb5702a718",8,8,8,0.159733415348029,-0.229797321551948,1,0.0648906867408421,0.123592999313749,0,0.160042295358255,0.159424535337803,0,0,0,0,TRUE,0,0.159733415348029,1,"6cdca3e81f015ba4",1,TRUE,3,4.69567833729306,5.73382206346226,-0.771179770705599,16,0.313182647401988,5.3267212366933
"2018","education","queen","mean_rank",0,0.5,"control_only",4,"Isolation Buffer","d75de2e35fdae027a223dcfb5702a718",8,8,8,0.0719600927148551,-0.0800590580960056,1,0.0382713011892884,0.0967697118580539,0,0.0975198116570549,0.0464003737726553,0,0,0,0,TRUE,0,0.0719600927148551,1,"4a8520cc255d4692",1,TRUE,3,4.11455821208079,6.31348292277252,-0.803040746182123,16,0.17424881572961,11.6068753992737
"2018","education","queen","mean_rank",0.5,0.5,"control_only",4,"Isolation Buffer","fa2ab6ef8edf14a8cd1cfddafb940896",8,8,8,0.206494702583744,-0.106294931787818,1,0.0558558190855188,0.166988489791519,0,0.244546629190168,0.168442775977319,0,0,0,0,TRUE,0,0.206494702583744,1,"fab280718f7eb738",1,TRUE,3,4.56532479809801,5.67585961541026,-0.755081445798712,14,0.207332506273935,-4.8264861542021
"2018","education","queen","mean_rank",0.5,0.5,"control_only",4,"Isolation Buffer","fa2ab6ef8edf14a8cd1cfddafb940896",8,8,8,0.0972024755191158,-0.00951263071473965,1,0.0268423977118453,0.117784297629184,0,0.135661616502478,0.058743334535754,0,0,0,0,TRUE,0,0.0972024755191158,1,"6cdca3e81f015ba4",1,TRUE,3,4.69567833729306,5.73382206346226,-0.771179770705599,16,0.313182647401988,5.3267212366933
"2018","education","queen","mean_rank",0.5,0.5,"control_only",4,"Isolation Buffer","fa2ab6ef8edf14a8cd1cfddafb940896",8,8,8,0.115839990047324,-0.0139330399604229,1,0.0425643660633404,0.128533408911449,0,0.10791778937482,0.123762190719827,0,0,0,0,TRUE,0,0.115839990047324,1,"4a8520cc255d4692",1,TRUE,3,4.11455821208079,6.31348292277252,-0.803040746182123,16,0.17424881572961,11.6068753992737
"2018","education","queen","mean_rank",0,0.5,"both",5,"2x2 Blocking","abe1d1f3c65552e7e46f792c26f91da1",8,8,8,0.0837096733234449,-0.0775790977481514,0.875,0.0353703778524881,0.10535054201232,0.125,0.0414935622091964,0.125925784437693,0,0,0,0,TRUE,0,0.0837096733234449,0.875,"49f764caba9e8331",1,TRUE,3,13.772049012768,6.69077115883424,-0.221523827750559,28,0.512952986973815,-2.39085535719742
"2018","education","queen","mean_rank",0,0.5,"both",5,"2x2 Blocking","abe1d1f3c65552e7e46f792c26f91da1",8,8,8,0.0327124671587441,0.00993941995981149,1,0.0125895783254117,0.0682575742417819,0,0.0211449678901227,0.0442799664273655,0,0,0,0,TRUE,0,0.0327124671587441,1,"dfe469ac04eccbdd",1,TRUE,3,13.0660959084571,6.45867648325953,-0.312757393634748,28,0.477529309390679,-0.659402958840516
"2018","education","queen","mean_rank",0,0.5,"both",5,"2x2 Blocking","abe1d1f3c65552e7e46f792c26f91da1",8,8,8,0.0312609684691374,0.0675783767076202,1,0.0144945721905725,0.0617531161396507,0,0.0340901686394678,0.0284317682988069,0,0,0,0,TRUE,0,0.0312609684691374,1,"5272815f8cd8cbc0",1,TRUE,3,14.4747931904,4.81301888068445,-0.0234519507970825,28,0.527489681214036,-1.08815038557616
"2018","education","queen","mean_rank",0.5,0.5,"both",5,"2x2 Blocking","5c9626e20e537871299deb9823c3249b",8,8,8,0.0386781949977284,0.0854566128176989,1,0.0239888126183054,0.066949194301622,0,0.0632709660433598,0.0140854239520971,0,0,0,0,TRUE,0,0.0386781949977284,1,"49f764caba9e8331",1,TRUE,3,13.772049012768,6.69077115883424,-0.221523827750559,28,0.512952986973815,-2.39085535719742
"2018","education","queen","mean_rank",0.5,0.5,"both",5,"2x2 Blocking","5c9626e20e537871299deb9823c3249b",8,8,8,0.0836081569584634,0.0285343045187053,0.875,0.0404454620038576,0.108755262876987,0.125,0.141335202043751,0.0258811118731755,0,0,0,0,TRUE,0,0.0836081569584634,0.875,"dfe469ac04eccbdd",1,TRUE,3,13.0660959084571,6.45867648325953,-0.312757393634748,28,0.477529309390679,-0.659402958840516
"2018","education","queen","mean_rank",0.5,0.5,"both",5,"2x2 Blocking","5c9626e20e537871299deb9823c3249b",8,8,8,0.0723255808236266,0.115979832283965,0.875,0.0283013044955741,0.0917093696155803,0.125,0.0595412593897153,0.0851099022575379,0,0,0,0,TRUE,0,0.0723255808236266,0.875,"5272815f8cd8cbc0",1,TRUE,3,14.4747931904,4.81301888068445,-0.0234519507970825,28,0.527489681214036,-1.08815038557616
"2018","education","queen","mean_rank",0,0.5,"control_only",5,"2x2 Blocking","8f2d981e86bf473d3505a1f5cbecad11",8,8,8,0.326547231860008,-0.230531796117082,1,0.172579288599958,0.197629640214446,0,0.0673701911872346,0.585724272532782,0,0,0,0,TRUE,0,0.326547231860008,1,"49f764caba9e8331",1,TRUE,3,2.5557075163712,8.97101281575514,-0.907488005988215,28,0.512952986973815,-2.39085535719742
"2018","education","queen","mean_rank",0,0.5,"control_only",5,"2x2 Blocking","8f2d981e86bf473d3505a1f5cbecad11",8,8,8,0.119791230064642,0.178427327696353,1,0.0785156264877515,0.112093659050801,0,0.192549415194694,0.0470330449345904,0,0,0,0,TRUE,0,0.119791230064642,1,"dfe469ac04eccbdd",1,TRUE,3,3.71459951035041,7.22159073182889,-0.862273592367789,28,0.477529309390679,-0.659402958840516
"2018","education","queen","mean_rank",0,0.5,"control_only",5,"2x2 Blocking","8f2d981e86bf473d3505a1f5cbecad11",8,8,8,0.179189703802413,0.0256729886902925,1,0.0647337751927496,0.159700881764325,0,0.176643040594335,0.181736367010492,0,0,0,0,TRUE,0,0.179189703802413,1,"5272815f8cd8cbc0",1,TRUE,3,5.61992254302742,5.56450335429912,-0.782277271286797,28,0.527489681214036,-1.08815038557616
"2018","education","queen","mean_rank",0.5,0.5,"control_only",5,"2x2 Blocking","fac4eadf96044d5425b04e3bf560786e",8,8,8,0.261038627630512,-0.195138536452418,1,0.160636625073735,0.17846951689363,0,0.397954230620376,0.124123024640647,0,0,0,0,TRUE,0,0.261038627630512,1,"49f764caba9e8331",1,TRUE,3,2.5557075163712,8.97101281575514,-0.907488005988215,28,0.512952986973815,-2.39085535719742
"2018","education","queen","mean_rank",0.5,0.5,"control_only",5,"2x2 Blocking","fac4eadf96044d5425b04e3bf560786e",8,8,8,0.162655452066755,0.118037690072441,1,0.0488988616024504,0.14576034919842,0,0.17546369219776,0.149847211935751,0,0,0,0,TRUE,0,0.162655452066755,1,"dfe469ac04eccbdd",1,TRUE,3,3.71459951035041,7.22159073182889,-0.862273592367789,28,0.477529309390679,-0.659402958840516
"2018","education","queen","mean_rank",0.5,0.5,"control_only",5,"2x2 Blocking","fac4eadf96044d5425b04e3bf560786e",8,8,8,0.159144155523841,-0.0177884973886592,1,0.0700812362871047,0.150630923065283,0,0.118126698446872,0.200161612600809,0,0,0,0,TRUE,0,0.159144155523841,1,"5272815f8cd8cbc0",1,TRUE,3,5.61992254302742,5.56450335429912,-0.782277271286797,28,0.527489681214036,-1.08815038557616
"2018","education","queen","mean_rank",0,0.5,"both",6,"Balanced Quartiles","e2a724c16855b2170682cd5367e746b5",8,8,8,0.119153254869603,0.075619802464527,0.75,0.0510975871174863,0.127298805035817,0.163663417676994,0.215533850968419,0.0227726587707874,0,0,0,0,TRUE,0,0.119153254869603,0.75,"059094cbf7ced340",1,TRUE,3,13.3469372162553,6.28152226184985,-0.281995693748569,29,0.471218459158053,6.1489511382282
"2018","education","queen","mean_rank",0,0.5,"both",6,"Balanced Quartiles","e2a724c16855b2170682cd5367e746b5",8,8,8,0.0579217340120557,0.132140463540376,1,0.018126459570787,0.0760269049250613,0,0.0371400593617766,0.0787034086623347,0,0,0,0,TRUE,0,0.0579217340120557,1,"b61b4824a581f844",1,TRUE,3,13.9451026352023,5.12465290010186,0.195624087931805,29,0.470507139697526,0.704209457133317
"2018","education","queen","mean_rank",0,0.5,"both",6,"Balanced Quartiles","e2a724c16855b2170682cd5367e746b5",8,8,8,0.0654578917840192,0.192842304522189,0.875,0.0342228220040836,0.0635494603445565,0.125,0.0419135404722289,0.0890022430958095,0,0,0,0,TRUE,0,0.0654578917840192,0.875,"e130253311072427",1,TRUE,3,13.94111188498,5.52636588630009,-0.196326279271047,29,0.58484042402149,0.301454047327326
"2018","education","queen","mean_rank",0.5,0.5,"both",6,"Balanced Quartiles","fe2d471616228622523af4cf39868d57",8,8,8,0.0670232566900859,-0.191741702627943,1,0.0305086429417938,0.0657466741835914,0,0.0531582451183172,0.0808882682618547,0,0,0,0,TRUE,0,0.0670232566900859,1,"059094cbf7ced340",1,TRUE,3,13.3469372162553,6.28152226184985,-0.281995693748569,29,0.471218459158053,6.1489511382282
"2018","education","queen","mean_rank",0.5,0.5,"both",6,"Balanced Quartiles","fe2d471616228622523af4cf39868d57",8,8,8,0.0541755371384921,0.016559909325603,1,0.0348248500853544,0.0877507073977347,0,0.0850583931691371,0.0232926811078472,0,0,0,0,TRUE,0,0.0541755371384921,1,"b61b4824a581f844",1,TRUE,3,13.9451026352023,5.12465290010186,0.195624087931805,29,0.470507139697526,0.704209457133317
"2018","education","queen","mean_rank",0.5,0.5,"both",6,"Balanced Quartiles","fe2d471616228622523af4cf39868d57",8,8,8,0.0620034111026842,0.0444507201213427,0.875,0.0404632140784149,0.0926032586462873,0.125,0.115576385160424,0.00843043704494398,0,0,0,0,TRUE,0,0.0620034111026842,0.875,"e130253311072427",1,TRUE,3,13.94111188498,5.52636588630009,-0.196326279271047,29,0.58484042402149,0.301454047327326
"2018","education","queen","mean_rank",0,0.5,"control_only",6,"Balanced Quartiles","45a63f615354932500432f08a392e6df",8,8,8,0.137302497801216,-0.107671920099437,1,0.052472340841614,0.134009197671182,0,0.210001347337618,0.0646036482648147,0,0,0,0,TRUE,0,0.137302497801216,1,"059094cbf7ced340",1,TRUE,3,3.37192415890383,7.66723123063525,-0.876044237628726,29,0.471218459158053,6.1489511382282
"2018","education","queen","mean_rank",0,0.5,"control_only",6,"Balanced Quartiles","45a63f615354932500432f08a392e6df",8,8,8,0.214836920322171,0.0823073616780433,1,0.0893790007885703,0.172404183963056,0,0.110914779592571,0.318759061051772,0,0,0,0,TRUE,0,0.214836920322171,1,"b61b4824a581f844",1,TRUE,3,4.67231524076008,6.29515287969226,-0.823268706259506,29,0.470507139697526,0.704209457133317
"2018","education","queen","mean_rank",0,0.5,"control_only",6,"Balanced Quartiles","45a63f615354932500432f08a392e6df",8,8,8,0.171907439694602,-0.0306935994467449,1,0.0492051112451867,0.156280582217463,0,0.123527237092476,0.220287642296728,0,0,0,0,TRUE,0,0.171907439694602,1,"e130253311072427",1,TRUE,3,4.3735171019796,6.55921552035651,-0.835690212278425,29,0.58484042402149,0.301454047327326
"2018","education","queen","mean_rank",0.5,0.5,"control_only",6,"Balanced Quartiles","45f9b7b30e166fad3970b136145b1188",8,8,8,0.22424415534443,0.252922765941602,1,0.0649912334034666,0.151315295144599,0,0.26501547465138,0.18347283603748,0,0,0,0,TRUE,0,0.22424415534443,1,"059094cbf7ced340",1,TRUE,3,3.37192415890383,7.66723123063525,-0.876044237628726,29,0.471218459158053,6.1489511382282
"2018","education","queen","mean_rank",0.5,0.5,"control_only",6,"Balanced Quartiles","45f9b7b30e166fad3970b136145b1188",8,8,8,0.204294760528904,0.121068147563193,1,0.0773705528201147,0.164593553152052,0,0.240531467059944,0.168058053997863,0,0,0,0,TRUE,0,0.204294760528904,1,"b61b4824a581f844",1,TRUE,3,4.67231524076008,6.29515287969226,-0.823268706259506,29,0.470507139697526,0.704209457133317
"2018","education","queen","mean_rank",0.5,0.5,"control_only",6,"Balanced Quartiles","45f9b7b30e166fad3970b136145b1188",8,8,8,0.338632632876,0.089074337886924,0.875,0.105422190538386,0.217353693059429,0.125,0.29473675658085,0.38252850917115,0,0,0,0,TRUE,0,0.338632632876,0.875,"e130253311072427",1,TRUE,3,4.3735171019796,6.55921552035651,-0.835690212278425,29,0.58484042402149,0.301454047327326
"2018","education","queen","mean_rank",0,0.5,"both",7,"Balanced Halves","aa28123ac90be92fb9a21f8841354279",8,8,8,0.0135427248330028,-0.00607267692621264,1,0.00583928011837483,0.0439250130952947,0,0.023097931162528,0.00398751850347763,0,0,0,0,TRUE,0,0.0135427248330028,1,"3142b4aeedb2c183",1,TRUE,3,14.2677909577475,5.79769558671218,-0.126548080613917,29,0.479801461572974,0.175391323761474
"2018","education","queen","mean_rank",0,0.5,"both",7,"Balanced Halves","aa28123ac90be92fb9a21f8841354279",8,8,8,0.0123953225300403,-0.0020959178777323,1,0.00636501535999591,0.0420729462758095,0,0.00560361257271772,0.0191870324873628,0,0,0,0,TRUE,0,0.0123953225300403,1,"b12616d0b54b8c68",1,TRUE,3,13.9337918838536,5.92652753767327,-0.197607782226056,29,0.492492416694064,-3.82813994147843
"2018","education","queen","mean_rank",0,0.5,"both",7,"Balanced Halves","aa28123ac90be92fb9a21f8841354279",8,8,8,0.0819569506197256,-0.177948611047625,0.875,0.0396941044482538,0.0847612128662857,0.125,0.14903194386044,0.0148819573790108,0,0,0,0,TRUE,0,0.0819569506197256,0.875,"a1771eb30d3fd9ee",1,TRUE,3,13.9691447717849,6.60714431044278,-0.191339241647255,29,0.66996954057187,-11.4961034461554
"2018","education","queen","mean_rank",0.5,0.5,"both",7,"Balanced Halves","543df8afcf034849fc9f6bc6ca5847dd",8,8,8,0.0562062955514429,-0.0916730017019256,1,0.0144624808297376,0.0826372073847071,0,0.0252381259299042,0.0871744651729816,0,0,0,0,TRUE,0,0.0562062955514429,1,"3142b4aeedb2c183",1,TRUE,3,14.2677909577475,5.79769558671218,-0.126548080613917,29,0.479801461572974,0.175391323761474
"2018","education","queen","mean_rank",0.5,0.5,"both",7,"Balanced Halves","543df8afcf034849fc9f6bc6ca5847dd",8,8,8,0.100360749833794,0.0289535956783586,0.875,0.03417733723308,0.119237122174435,0.125,0.0809933416388689,0.11972815802872,0,0,0,0,TRUE,0,0.100360749833794,0.875,"b12616d0b54b8c68",1,TRUE,3,13.9337918838536,5.92652753767327,-0.197607782226056,29,0.492492416694064,-3.82813994147843
"2018","education","queen","mean_rank",0.5,0.5,"both",7,"Balanced Halves","543df8afcf034849fc9f6bc6ca5847dd",8,8,8,0.161026693006341,-0.0490566320590416,0.625,0.0493363338129365,0.15053245490466,0.18298126367785,0.253910373212451,0.0681430128002303,0,0,0,0,TRUE,0,0.161026693006341,0.625,"a1771eb30d3fd9ee",1,TRUE,3,13.9691447717849,6.60714431044278,-0.191339241647255,29,0.66996954057187,-11.4961034461554
"2018","education","queen","mean_rank",0,0.5,"control_only",7,"Balanced Halves","f2ae898c57b0eec140db237b9ba5363b",8,8,8,0.271710604430914,0.0317121090565167,0.875,0.167548804960777,0.196652320668484,0.125,0.110436471960329,0.4329847369015,0,0,0,0,TRUE,0,0.271710604430914,0.875,"3142b4aeedb2c183",1,TRUE,3,3.89508775333537,7.03860896739899,-0.8552036356276,29,0.479801461572974,0.175391323761474
"2018","education","queen","mean_rank",0,0.5,"control_only",7,"Balanced Halves","f2ae898c57b0eec140db237b9ba5363b",8,8,8,0.132330655065053,0.0385166631969608,1,0.0412642856420138,0.136720320216766,0,0.120713393612116,0.14394791651799,0,0,0,0,TRUE,0,0.132330655065053,1,"b12616d0b54b8c68",1,TRUE,3,3.54870797527872,7.44028507451607,-0.869057834063013,29,0.492492416694064,-3.82813994147843
"2018","education","queen","mean_rank",0,0.5,"control_only",7,"Balanced Halves","f2ae898c57b0eec140db237b9ba5363b",8,8,8,0.149122725520814,-0.0805189418076347,1,0.0851871783092634,0.142748242686703,0,0.0399959330164693,0.258249518025159,0,0,0,0,TRUE,0,0.149122725520814,1,"a1771eb30d3fd9ee",1,TRUE,3,3.37865481441911,7.65828511324604,-0.875779266221523,29,0.66996954057187,-11.4961034461554
"2018","education","queen","mean_rank",0.5,0.5,"control_only",7,"Balanced Halves","795cea8b9418c975873d6b7a63286b28",8,8,8,0.380675965860897,0.343050889508424,0.875,0.166563816653163,0.193830578845244,0.125,0.297747896941362,0.463604034780432,0,0,0,0,TRUE,0,0.380675965860897,0.875,"3142b4aeedb2c183",1,TRUE,3,3.89508775333537,7.03860896739899,-0.8552036356276,29,0.479801461572974,0.175391323761474
"2018","education","queen","mean_rank",0.5,0.5,"control_only",7,"Balanced Halves","795cea8b9418c975873d6b7a63286b28",8,8,8,0.276974861654388,-0.108227105894244,0.875,0.167462187430919,0.19466519066781,0.125,0.132473834592815,0.421475888715961,0,0,0,0,TRUE,0,0.276974861654388,0.875,"b12616d0b54b8c68",1,TRUE,3,3.54870797527872,7.44028507451607,-0.869057834063013,29,0.492492416694064,-3.82813994147843
"2018","education","queen","mean_rank",0.5,0.5,"control_only",7,"Balanced Halves","795cea8b9418c975873d6b7a63286b28",8,8,8,0.752044330252963,-0.236592063977912,0.625,0.274343899392455,0.315338486055774,0.18298126367785,0.500840260576858,1.00324839992907,0,0,0,0,TRUE,0,0.752044330252963,0.625,"a1771eb30d3fd9ee",1,TRUE,3,3.37865481441911,7.65828511324604,-0.875779266221523,29,0.66996954057187,-11.4961034461554
"2018","education","queen","mean_rank",0,0.5,"both",8,"Incidence-Guided Saturation Regions","ddb015fe87b4ca59ca7a80491c36a42b",8,8,8,0.078620536245819,0.0349860099302741,1,0.0297259664001456,0.105150582740711,0,0.0529518964420494,0.104289176049589,0,0,0,0,TRUE,0,0.078620536245819,1,"7d4facc4ac9732be",1,TRUE,3,14.0275250397828,5.34012758643356,-0.180511717112705,29,0.597601738086779,1.94643583999644
"2018","education","queen","mean_rank",0,0.5,"both",8,"Incidence-Guided Saturation Regions","ddb015fe87b4ca59ca7a80491c36a42b",8,8,8,0.0942084331612588,0.186761902463815,0.875,0.0366916988050569,0.0920624205551826,0.125,0.109756404297591,0.0786604620249268,0,0,0,0,TRUE,0,0.0942084331612588,0.875,"907938bfa29398e1",1,TRUE,3,14.4009047395065,5.37215932920759,-0.0826689536410469,29,0.579349902286255,3.59310157716777
"2018","education","queen","mean_rank",0,0.5,"both",8,"Incidence-Guided Saturation Regions","ddb015fe87b4ca59ca7a80491c36a42b",8,8,8,0.043148652322597,0.00115111357688935,1,0.0112267730029657,0.0785105336518883,0,0.0423152426841921,0.0439820619610018,0,0,0,0,TRUE,0,0.043148652322597,1,"2aa542bf1e1baa75",1,TRUE,3,14.4937977750639,5.28466598863759,-0.0206818676807632,29,0.455074236573904,18.1031525992513
"2018","education","queen","mean_rank",0.5,0.5,"both",8,"Incidence-Guided Saturation Regions","dbf3e1ff1850c381f24c5cdbce89ec8c",8,8,8,0.0488130731219489,0.0793301846059252,1,0.0122164494022429,0.077937516119681,0,0.0256347330202729,0.0719914132236249,0,0,0,0,TRUE,0,0.0488130731219489,1,"7d4facc4ac9732be",1,TRUE,3,14.0275250397828,5.34012758643356,-0.180511717112705,29,0.597601738086779,1.94643583999644
"2018","education","queen","mean_rank",0.5,0.5,"both",8,"Incidence-Guided Saturation Regions","dbf3e1ff1850c381f24c5cdbce89ec8c",8,8,8,0.0851944554161366,-0.0480748697409125,0.75,0.0468279779319277,0.108813905568525,0.163663417676994,0.0721794130503289,0.0982094977819444,0,0,0,0,TRUE,0,0.0851944554161366,0.75,"907938bfa29398e1",1,TRUE,3,14.4009047395065,5.37215932920759,-0.0826689536410469,29,0.579349902286255,3.59310157716777
"2018","education","queen","mean_rank",0.5,0.5,"both",8,"Incidence-Guided Saturation Regions","dbf3e1ff1850c381f24c5cdbce89ec8c",8,8,8,0.0965649178245408,-0.0570734056229285,0.875,0.0502838787542858,0.115454099843767,0.125,0.0765800831904482,0.116549752458633,0,0,0,0,TRUE,0,0.0965649178245408,0.875,"2aa542bf1e1baa75",1,TRUE,3,14.4937977750639,5.28466598863759,-0.0206818676807632,29,0.455074236573904,18.1031525992513
"2018","education","queen","mean_rank",0,0.5,"control_only",8,"Incidence-Guided Saturation Regions","33f9842bc4b025e331785d6d5e4a6464",8,8,8,0.175294595366719,0.00276245550341875,1,0.0697013383864699,0.158243467121445,0,0.273462958454716,0.0771262322787227,0,0,0,0,TRUE,0,0.175294595366719,1,"7d4facc4ac9732be",1,TRUE,3,4.84628503054884,6.1518531055785,-0.815949413976777,29,0.597601738086779,1.94643583999644
"2018","education","queen","mean_rank",0,0.5,"control_only",8,"Incidence-Guided Saturation Regions","33f9842bc4b025e331785d6d5e4a6464",8,8,8,0.550777855900207,-0.0245029321936164,0.75,0.268346056273435,0.280351173203008,0.163663417676994,0.418638871761092,0.682916840039321,0,0,0,0,TRUE,0,0.550777855900207,0.75,"907938bfa29398e1",1,TRUE,3,3.78013515815057,7.16617012192114,-0.859826158927386,29,0.579349902286255,3.59310157716777
"2018","education","queen","mean_rank",0,0.5,"control_only",8,"Incidence-Guided Saturation Regions","33f9842bc4b025e331785d6d5e4a6464",8,8,8,0.489028424933892,0.355521826289402,0.75,0.251089469484046,0.227606382023798,0.163663417676994,0.248070401524702,0.729986448343083,0,0,0,0,TRUE,0,0.489028424933892,0.75,"2aa542bf1e1baa75",1,TRUE,3,3.98915199022586,6.93807969303371,-0.851402413456525,29,0.455074236573904,18.1031525992513
"2018","education","queen","mean_rank",0.5,0.5,"control_only",8,"Incidence-Guided Saturation Regions","dba86105416f29f278a21752a0a7527b",8,8,8,0.127792670546814,-0.0740050493761067,1,0.054872227497095,0.132188136064612,0,0.218446205347256,0.0371391357463729,0,0,0,0,TRUE,0,0.127792670546814,1,"7d4facc4ac9732be",1,TRUE,3,4.84628503054884,6.1518531055785,-0.815949413976777,29,0.597601738086779,1.94643583999644
"2018","education","queen","mean_rank",0.5,0.5,"control_only",8,"Incidence-Guided Saturation Regions","dba86105416f29f278a21752a0a7527b",8,8,8,0.302015952939156,-0.270466779109431,1,0.116744022813017,0.180817063961392,0,0.424319867839696,0.179712038038615,0,0,0,0,TRUE,0,0.302015952939156,1,"907938bfa29398e1",1,TRUE,3,3.78013515815057,7.16617012192114,-0.859826158927386,29,0.579349902286255,3.59310157716777
"2018","education","queen","mean_rank",0.5,0.5,"control_only",8,"Incidence-Guided Saturation Regions","dba86105416f29f278a21752a0a7527b",8,8,8,0.296577681787,0.204613450613743,1,0.105350003476582,0.190754523486876,0,0.15910295912497,0.43405240444903,0,0,0,0,TRUE,0,0.296577681787,1,"2aa542bf1e1baa75",1,TRUE,3,3.98915199022586,6.93807969303371,-0.851402413456525,29,0.455074236573904,18.1031525992513
"2018","education","queen","mean_rank",0,0.5,"both",9,"Simple Random Sampling","d24fc8915c9581042d0922c6cad71eee",8,8,8,0.0541063832953108,-0.0132882086023564,1,0.0286139302857409,0.0877739033844921,0,0.014649811240841,0.0935629553497806,0,0,0,0,TRUE,0,0.0541063832953108,1,"047d91c6d0ab3069",1,TRUE,3,11.5443920807948,7.33187549113762,-0.45148092862346,29,0.473827734801679,-9.4464847124689
"2018","education","queen","mean_rank",0,0.5,"both",9,"Simple Random Sampling","d24fc8915c9581042d0922c6cad71eee",8,8,8,0.130885156198381,-0.00539284359561634,0.625,0.0545725865027507,0.136724996897492,0.18298126367785,0.107487957955718,0.154282354441044,0,0,0,0,TRUE,0,0.130885156198381,0.625,"dd7ae637af1e9c6e",1,TRUE,3,13.832991182431,4.48370229399644,0.214477523550159,29,0.367824570857767,10.5069438805276
"2018","education","queen","mean_rank",0,0.5,"both",9,"Simple Random Sampling","d24fc8915c9581042d0922c6cad71eee",8,8,8,0.0587318293402698,0.0195634530655138,1,0.0223092772633562,0.0912994293867501,0,0.0315960534945511,0.0858676051859885,0,0,0,0,TRUE,0,0.0587318293402698,1,"7fa161fa90d1dcb2",1,TRUE,3,14.447913426534,5.23297759212602,0.0599347768863424,29,0.485358713876361,2.18647909664591
"2018","education","queen","mean_rank",0.5,0.5,"both",9,"Simple Random Sampling","9bb12b1bef60f74a0c4078eb671ec8a0",8,8,8,0.0917203017485437,0.265713945978111,1,0.0295240799005337,0.054923844238162,0,0.0893257034935601,0.0941149000035274,0,0,0,0,TRUE,0,0.0917203017485437,1,"047d91c6d0ab3069",1,TRUE,3,11.5443920807948,7.33187549113762,-0.45148092862346,29,0.473827734801679,-9.4464847124689
"2018","education","queen","mean_rank",0.5,0.5,"both",9,"Simple Random Sampling","9bb12b1bef60f74a0c4078eb671ec8a0",8,8,8,0.138962646762922,-0.0439063466551328,0.75,0.0461029554525665,0.139915729477385,0.163663417676994,0.104185451144872,0.173739842380973,0,0,0,0,TRUE,0,0.138962646762922,0.75,"dd7ae637af1e9c6e",1,TRUE,3,13.832991182431,4.48370229399644,0.214477523550159,29,0.367824570857767,10.5069438805276
"2018","education","queen","mean_rank",0.5,0.5,"both",9,"Simple Random Sampling","9bb12b1bef60f74a0c4078eb671ec8a0",8,8,8,0.0539185026619882,0.124978266629714,1,0.0253225935528376,0.0739680776051594,0,0.102752198434555,0.00508480688942178,0,0,0,0,TRUE,0,0.0539185026619882,1,"7fa161fa90d1dcb2",1,TRUE,3,14.447913426534,5.23297759212602,0.0599347768863424,29,0.485358713876361,2.18647909664591
"2018","education","queen","mean_rank",0,0.5,"control_only",9,"Simple Random Sampling","0dd60f1250552439401423f40b9ab1de",8,8,8,0.214892202197722,0.281999098850256,1,0.0601072959017347,0.139062529843523,0,0.221603761325272,0.208180643070172,0,0,0,0,TRUE,0,0.214892202197722,1,"047d91c6d0ab3069",1,TRUE,3,1.39901537340526,12.482968312948,-0.950534681715751,29,0.473827734801679,-9.4464847124689
"2018","education","queen","mean_rank",0,0.5,"control_only",9,"Simple Random Sampling","0dd60f1250552439401423f40b9ab1de",8,8,8,0.331771205850345,0.466432154447155,0.875,0.115853039325061,0.127734239255982,0.125,0.256254148913166,0.407288262787524,0,0,0,0,TRUE,0,0.331771205850345,0.875,"dd7ae637af1e9c6e",1,TRUE,3,6.56135587600851,5.03180380215281,-0.73992749523606,29,0.367824570857767,10.5069438805276
"2018","education","queen","mean_rank",0,0.5,"control_only",9,"Simple Random Sampling","0dd60f1250552439401423f40b9ab1de",8,8,8,0.261181944769737,0.030169839234918,0.875,0.100132823040015,0.192825504229778,0.125,0.172442230612355,0.349921658927118,0,0,0,0,TRUE,0,0.261181944769737,0.875,"7fa161fa90d1dcb2",1,TRUE,3,4.71565802569299,6.25877557115152,-0.821451279824082,29,0.485358713876361,2.18647909664591
"2018","education","queen","mean_rank",0.5,0.5,"control_only",9,"Simple Random Sampling","41da99612ef331d16cf24a6f62f4a4aa",8,8,8,0.560062555142245,-0.332254351506834,1,0.213905862813085,0.25345317996681,0,0.838953736737143,0.281171373547348,0,0,0,0,TRUE,0,0.560062555142245,1,"047d91c6d0ab3069",1,TRUE,3,1.39901537340526,12.482968312948,-0.950534681715751,29,0.473827734801679,-9.4464847124689
"2018","education","queen","mean_rank",0.5,0.5,"control_only",9,"Simple Random Sampling","41da99612ef331d16cf24a6f62f4a4aa",8,8,8,0.0917427443092223,0.110816772673692,1,0.0307232354245287,0.106544683586217,0,0.0675054447480584,0.115980043870386,0,0,0,0,TRUE,0,0.0917427443092223,1,"dd7ae637af1e9c6e",1,TRUE,3,6.56135587600851,5.03180380215281,-0.73992749523606,29,0.367824570857767,10.5069438805276
"2018","education","queen","mean_rank",0.5,0.5,"control_only",9,"Simple Random Sampling","41da99612ef331d16cf24a6f62f4a4aa",8,8,8,0.136510571051486,-0.0975193698844588,1,0.0458946856445417,0.134695711857093,0,0.0939721322344465,0.179049009868525,0,0,0,0,TRUE,0,0.136510571051486,1,"7fa161fa90d1dcb2",1,TRUE,3,4.71565802569299,6.25877557115152,-0.821451279824082,29,0.485358713876361,2.18647909664591
"2018","baseline_sensitivity","queen","mean_rank",0,0.5,"both",1,"Checkerboard (graph adaptation)","e2822464c9c3e4f46a9806c4eb1bb3a2",8,8,8,0.25029468335162,-0.0800287934193789,0.875,0.111591437622334,0.186658617180999,0.125,0.466470351938921,0.0341190147643186,0,0,0,0,TRUE,0,0.25029468335162,0.875,"4c2194f850ff0b15",3,TRUE,4,3.86299575297767,14.5331963845681,-0.817993783012258,27,0.503966288284889,-19.5536701450524
"2018","baseline_sensitivity","queen","mean_rank",0.5,0.5,"both",1,"Checkerboard (graph adaptation)","d00100b4e254590a31de9cfc00da0b27",8,8,8,0.244458000848819,-0.271392562530968,0.875,0.131613524334138,0.156206858204888,0.125,0.258432662049622,0.230483339648016,0,0,0,0,TRUE,0,0.244458000848819,0.875,"4c2194f850ff0b15",3,TRUE,4,3.86299575297767,14.5331963845681,-0.817993783012258,27,0.503966288284889,-19.5536701450524
"2018","baseline_sensitivity","queen","mean_rank",0,0.5,"control_only",1,"Checkerboard (graph adaptation)","310ea8ac17666363d8f8557e7af84788",8,8,8,1.24238778446949,-0.319308618013612,0.75,0.643594234680354,0.403631690482394,0.163663417676994,0.361351672208154,2.12342389673082,0,0,0,0,TRUE,0,1.24238778446949,0.75,"4c2194f850ff0b15",3,TRUE,4,1.02010695872442,17.9449456640501,-0.961584771568939,27,0.503966288284889,-19.5536701450524
"2018","baseline_sensitivity","queen","mean_rank",0.5,0.5,"control_only",1,"Checkerboard (graph adaptation)","156df7ce6da59e9e02d2d5020ad2f918",8,8,8,0.699190672336276,0.35214694741116,1,0.364165322231516,0.286651405958347,0,0.917389202617473,0.48099214205508,0,0,0,0,TRUE,0,0.699190672336276,1,"4c2194f850ff0b15",3,TRUE,4,1.02010695872442,17.9449456640501,-0.961584771568939,27,0.503966288284889,-19.5536701450524
"2018","baseline_sensitivity","queen","mean_rank",0,0.5,"both",2,"High Incidence Focus","72dec996aed111916ccd30b8d2815d9c",8,8,8,0.168852685304989,-0.177434726717903,1,0.0632414329445415,0.140086505447543,0,0.117732613222326,0.219972757387651,0,0,0,0,TRUE,0,0.168852685304989,1,"10da8f401f7bfe26",3,TRUE,4,3.59758632681168,9.28815470516563,-0.00282792530548822,29,0.222331266315861,53.4219564460164
"2018","baseline_sensitivity","queen","mean_rank",0.5,0.5,"both",2,"High Incidence Focus","36340f14d2a26d60acd88f4f362c506e",8,8,8,0.349122066331101,-0.038218546627569,0.875,0.0992422988837861,0.222858510214369,0.125,0.323402718750505,0.374841413911697,0,0,0,0,TRUE,0,0.349122066331101,0.875,"10da8f401f7bfe26",3,TRUE,4,3.59758632681168,9.28815470516563,-0.00282792530548822,29,0.222331266315861,53.4219564460164
"2018","baseline_sensitivity","queen","mean_rank",0,0.5,"control_only",2,"High Incidence Focus","a03b6533821351d33c1d612c9535ef22",8,8,8,0.474906755666265,-0.143559073359061,1,0.151523496618247,0.254754096594723,0,0.333346235018228,0.616467276314302,0,0,0,0,TRUE,0,0.474906755666265,1,"10da8f401f7bfe26",3,TRUE,4,2.52487802577819,8.43510067237784,-0.801410403058423,29,0.222331266315861,53.4219564460164
"2018","baseline_sensitivity","queen","mean_rank",0.5,0.5,"control_only",2,"High Incidence Focus","07d27c8cf0dfe8583c08d253f1c266c6",8,8,8,0.474024076437155,0.133354936566608,1,0.149819005031491,0.25529829536963,0,0.54453098622737,0.403517166646941,0,0,0,0,TRUE,0,0.474024076437155,1,"10da8f401f7bfe26",3,TRUE,4,2.52487802577819,8.43510067237784,-0.801410403058423,29,0.222331266315861,53.4219564460164
"2018","baseline_sensitivity","queen","mean_rank",0,0.5,"both",3,"Saturation Regions","133cd142ae2d8ccc2907e5036cf8df19",8,8,8,0.111114014767341,-0.0359514965585185,0.875,0.0333527600652022,0.125254885654666,0.125,0.144213241355769,0.0780147881789124,0,0,0,0,TRUE,0,0.111114014767341,0.875,"a15d26f3e35d7f8f",1,TRUE,4,12.5697816136331,6.87061305587783,0.200750005461626,29,0.396383676472537,17.3695732806573
"2018","baseline_sensitivity","queen","mean_rank",0,0.5,"both",3,"Saturation Regions","133cd142ae2d8ccc2907e5036cf8df19",8,8,8,0.0828210597778627,0.0672989634912906,1,0.0380047141742194,0.10575707290826,0,0.11538813059551,0.0502539889602151,0,0,0,0,TRUE,0,0.0828210597778627,1,"1b27aa7d781d97c5",1,TRUE,4,13.0273579498054,6.56252744558124,0.306116080465676,29,0.432663966313526,1.1681601266514
"2018","baseline_sensitivity","queen","mean_rank",0,0.5,"both",3,"Saturation Regions","133cd142ae2d8ccc2907e5036cf8df19",8,8,8,0.025844858413735,-0.017126876915682,1,0.00964995642659107,0.0604170369785237,0,0.0154247326404494,0.0362649841870206,0,0,0,0,TRUE,0,0.025844858413735,1,"97e529f42c02940d",1,TRUE,4,14.3858334474629,6.412942254333,0.0700832260302984,30,0.580957746141143,-2.08133849622911
"2018","baseline_sensitivity","queen","mean_rank",0.5,0.5,"both",3,"Saturation Regions","ecce2f2f5ae2c5399b4e7f0a3d9a8ff0",8,8,8,0.154163871491061,0.227338731797701,0.875,0.061527781071863,0.120996441810536,0.125,0.106444229045079,0.201883513937042,0,0,0,0,TRUE,0,0.154163871491061,0.875,"a15d26f3e35d7f8f",1,TRUE,4,12.5697816136331,6.87061305587783,0.200750005461626,29,0.396383676472537,17.3695732806573
"2018","baseline_sensitivity","queen","mean_rank",0.5,0.5,"both",3,"Saturation Regions","ecce2f2f5ae2c5399b4e7f0a3d9a8ff0",8,8,8,0.101103802510943,0.0852397007413761,0.875,0.0473780010449911,0.115781811999038,0.125,0.125270467768363,0.076937137253522,0,0,0,0,TRUE,0,0.101103802510943,0.875,"1b27aa7d781d97c5",1,TRUE,4,13.0273579498054,6.56252744558124,0.306116080465676,29,0.432663966313526,1.1681601266514
"2018","baseline_sensitivity","queen","mean_rank",0.5,0.5,"both",3,"Saturation Regions","ecce2f2f5ae2c5399b4e7f0a3d9a8ff0",8,8,8,0.0682544489694215,0.122564059338153,1,0.0320708083471103,0.0872046036857943,0,0.0235299524981504,0.112978945440692,0,0,0,0,TRUE,0,0.0682544489694215,1,"97e529f42c02940d",1,TRUE,4,14.3858334474629,6.412942254333,0.0700832260302984,30,0.580957746141143,-2.08133849622911
"2018","baseline_sensitivity","queen","mean_rank",0,0.5,"control_only",3,"Saturation Regions","8743241c213e0144ec61212579696aab",8,8,8,0.342472779558665,0.332720600421398,0.875,0.205997914780459,0.181961448669723,0.125,0.610435213826366,0.0745103452909647,0,0,0,0,TRUE,0,0.342472779558665,0.875,"a15d26f3e35d7f8f",1,TRUE,4,5.19461164577282,7.65571401655285,-0.800705948396029,29,0.396383676472537,17.3695732806573
"2018","baseline_sensitivity","queen","mean_rank",0,0.5,"control_only",3,"Saturation Regions","8743241c213e0144ec61212579696aab",8,8,8,0.167253467203916,0.115672608825196,0.875,0.0664084000988486,0.148262949215955,0.125,0.158544970080616,0.175961964327217,0,0,0,0,TRUE,0,0.167253467203916,0.875,"1b27aa7d781d97c5",1,TRUE,4,7.08479412998803,6.3561586575435,-0.715045765640918,29,0.432663966313526,1.1681601266514
"2018","baseline_sensitivity","queen","mean_rank",0,0.5,"control_only",3,"Saturation Regions","8743241c213e0144ec61212579696aab",8,8,8,0.356181505406866,0.304871910841542,0.875,0.118480774730441,0.193919947911758,0.125,0.364743084745533,0.347619926068199,0,0,0,0,TRUE,0,0.356181505406866,0.875,"97e529f42c02940d",1,TRUE,4,4.76664503318434,7.74195132756555,-0.819057859715791,30,0.580957746141143,-2.08133849622911
"2018","baseline_sensitivity","queen","mean_rank",0.5,0.5,"control_only",3,"Saturation Regions","7d692cb0c89709ad0ded0b7d97126dbe",8,8,8,0.252623167144067,0.244268496065138,0.875,0.161614759354253,0.166027566116569,0.125,0.437272814076562,0.0679735202115713,0,0,0,0,TRUE,0,0.252623167144067,0.875,"a15d26f3e35d7f8f",1,TRUE,4,5.19461164577282,7.65571401655285,-0.800705948396029,29,0.396383676472537,17.3695732806573
"2018","baseline_sensitivity","queen","mean_rank",0.5,0.5,"control_only",3,"Saturation Regions","7d692cb0c89709ad0ded0b7d97126dbe",8,8,8,0.423035482388676,0.406657869973755,0.75,0.294958295495481,0.191857409543459,0.163663417676994,0.228990516194374,0.617080448582979,0,0,0,0,TRUE,0,0.423035482388676,0.75,"1b27aa7d781d97c5",1,TRUE,4,7.08479412998803,6.3561586575435,-0.715045765640918,29,0.432663966313526,1.1681601266514
"2018","baseline_sensitivity","queen","mean_rank",0.5,0.5,"control_only",3,"Saturation Regions","7d692cb0c89709ad0ded0b7d97126dbe",8,8,8,0.194585983222002,0.0401644220562732,0.875,0.126454119908987,0.166034765044161,0.125,0.0889863449700277,0.300185621473977,0,0,0,0,TRUE,0,0.194585983222002,0.875,"97e529f42c02940d",1,TRUE,4,4.76664503318434,7.74195132756555,-0.819057859715791,30,0.580957746141143,-2.08133849622911
"2018","baseline_sensitivity","queen","mean_rank",0,0.5,"both",4,"Isolation Buffer","445cbdc154ff8f6e105e792179c83ae8",8,8,8,0.134747834576115,-0.052052053095924,1,0.0672849011766109,0.137341294562443,0,0.00313278337997375,0.266362885772257,0,0,0,0,TRUE,0,0.134747834576115,1,"fab280718f7eb738",1,TRUE,4,4.50583419788599,6.83416904178449,-0.755081445798712,14,0.207332506273935,-4.8264861542021
"2018","baseline_sensitivity","queen","mean_rank",0,0.5,"both",4,"Isolation Buffer","445cbdc154ff8f6e105e792179c83ae8",8,8,8,0.0851248336924626,0.152099406406827,1,0.0359762734393761,0.0941052634501488,0,0.0815525020107559,0.0886971653741693,0,0,0,0,TRUE,0,0.0851248336924626,1,"6cdca3e81f015ba4",1,TRUE,4,4.48342444716071,6.90035505679221,-0.771179770705599,16,0.313182647401988,5.3267212366933
"2018","baseline_sensitivity","queen","mean_rank",0,0.5,"both",4,"Isolation Buffer","445cbdc154ff8f6e105e792179c83ae8",8,8,8,0.133392928083428,0.119475974669007,1,0.0805272346723308,0.130448906013219,0,0.0826259391527076,0.184159917014148,0,0,0,0,TRUE,0,0.133392928083428,1,"4a8520cc255d4692",1,TRUE,4,3.93474469158136,7.59284672727522,-0.803040746182123,16,0.17424881572961,11.6068753992737
"2018","baseline_sensitivity","queen","mean_rank",0.5,0.5,"both",4,"Isolation Buffer","6d918f8a1267de25b825e8e892e974b5",8,8,8,0.193754117234586,0.2128576417297,0.875,0.1183971995827,0.145624635666917,0.125,0.333831209705223,0.0536770247639484,0,0,0,0,TRUE,0,0.193754117234586,0.875,"fab280718f7eb738",1,TRUE,4,4.50583419788599,6.83416904178449,-0.755081445798712,14,0.207332506273935,-4.8264861542021
"2018","baseline_sensitivity","queen","mean_rank",0.5,0.5,"both",4,"Isolation Buffer","6d918f8a1267de25b825e8e892e974b5",8,8,8,0.0744241283378631,0.016053487999241,1,0.0380315568506735,0.102932997528157,0,0.124626444819041,0.0242218118566849,0,0,0,0,TRUE,0,0.0744241283378631,1,"6cdca3e81f015ba4",1,TRUE,4,4.48342444716071,6.90035505679221,-0.771179770705599,16,0.313182647401988,5.3267212366933
"2018","baseline_sensitivity","queen","mean_rank",0.5,0.5,"both",4,"Isolation Buffer","6d918f8a1267de25b825e8e892e974b5",8,8,8,0.338087492310679,0.192302117054747,1,0.125294323154912,0.207401401044635,0,0.51983892767368,0.156336056947678,0,0,0,0,TRUE,0,0.338087492310679,1,"4a8520cc255d4692",1,TRUE,4,3.93474469158136,7.59284672727522,-0.803040746182123,16,0.17424881572961,11.6068753992737
"2018","baseline_sensitivity","queen","mean_rank",0,0.5,"control_only",4,"Isolation Buffer","e17c393dd98f39854452a662a6f81029",8,8,8,0.191633567897873,0.298975619297161,0.875,0.0942879605552767,0.120858327311509,0.125,0.0899399273773669,0.293327208418378,0,0,0,0,TRUE,0,0.191633567897873,0.875,"fab280718f7eb738",1,TRUE,4,4.50583419788599,6.83416904178449,-0.755081445798712,14,0.207332506273935,-4.8264861542021
"2018","baseline_sensitivity","queen","mean_rank",0,0.5,"control_only",4,"Isolation Buffer","e17c393dd98f39854452a662a6f81029",8,8,8,0.217739317815167,-0.173207371408276,0.875,0.122590021993163,0.163767485131906,0.125,0.417264666108405,0.0182139695219288,0,0,0,0,TRUE,0,0.217739317815167,0.875,"6cdca3e81f015ba4",1,TRUE,4,4.48342444716071,6.90035505679221,-0.771179770705599,16,0.313182647401988,5.3267212366933
"2018","baseline_sensitivity","queen","mean_rank",0,0.5,"control_only",4,"Isolation Buffer","e17c393dd98f39854452a662a6f81029",8,8,8,0.0810067090372248,-0.106056958054626,1,0.0782988210898821,0.0998274444696762,0,0.00402331797691054,0.157990100097539,0,0,0,0,TRUE,0,0.0810067090372248,1,"4a8520cc255d4692",1,TRUE,4,3.93474469158136,7.59284672727522,-0.803040746182123,16,0.17424881572961,11.6068753992737
"2018","baseline_sensitivity","queen","mean_rank",0.5,0.5,"control_only",4,"Isolation Buffer","7bfa6c2360a86e753488821d21ce58de",8,8,8,0.255226692477284,0.133151479725763,0.875,0.113105437188714,0.184196081827462,0.125,0.263569119322626,0.246884265631942,0,0,0,0,TRUE,0,0.255226692477284,0.875,"fab280718f7eb738",1,TRUE,4,4.50583419788599,6.83416904178449,-0.755081445798712,14,0.207332506273935,-4.8264861542021
"2018","baseline_sensitivity","queen","mean_rank",0.5,0.5,"control_only",4,"Isolation Buffer","7bfa6c2360a86e753488821d21ce58de",8,8,8,0.223422168816966,-0.0903109300860065,1,0.0459937826857326,0.175363339027439,0,0.251810368612075,0.195033969021857,0,0,0,0,TRUE,0,0.223422168816966,1,"6cdca3e81f015ba4",1,TRUE,4,4.48342444716071,6.90035505679221,-0.771179770705599,16,0.313182647401988,5.3267212366933
"2018","baseline_sensitivity","queen","mean_rank",0.5,0.5,"control_only",4,"Isolation Buffer","7bfa6c2360a86e753488821d21ce58de",8,8,8,0.315732614092314,-0.0736021013761088,0.875,0.122950755962099,0.210548720105122,0.125,0.466300606240503,0.165164621944125,0,0,0,0,TRUE,0,0.315732614092314,0.875,"4a8520cc255d4692",1,TRUE,4,3.93474469158136,7.59284672727522,-0.803040746182123,16,0.17424881572961,11.6068753992737
"2018","baseline_sensitivity","queen","mean_rank",0,0.5,"both",5,"2x2 Blocking","ec72479c6c076acabcfc153b70c3345d",8,8,8,0.164355986168806,0.176454018184047,0.75,0.098225374648514,0.137954426033439,0.163663417676994,0.155068286224455,0.173643686113157,0,0,0,0,TRUE,0,0.164355986168806,0.75,"49f764caba9e8331",1,TRUE,4,13.7650141902267,8.24887944621467,-0.221523827750559,28,0.512952986973815,-2.39085535719742
"2018","baseline_sensitivity","queen","mean_rank",0,0.5,"both",5,"2x2 Blocking","ec72479c6c076acabcfc153b70c3345d",8,8,8,0.0524906482994856,-0.140298598877818,1,0.0212092518835522,0.0684595307487848,0,0.0154193822070585,0.0895619143919126,0,0,0,0,TRUE,0,0.0524906482994856,1,"dfe469ac04eccbdd",1,TRUE,4,13.012483074998,8.45934929117199,-0.312757393634748,28,0.477529309390679,-0.659402958840516
"2018","baseline_sensitivity","queen","mean_rank",0,0.5,"both",5,"2x2 Blocking","ec72479c6c076acabcfc153b70c3345d",8,8,8,0.0471379392571253,-0.0121709806857712,1,0.0138320174300875,0.0819318588708863,0,0.0572135765166827,0.0370623019975678,0,0,0,0,TRUE,0,0.0471379392571253,1,"5272815f8cd8cbc0",1,TRUE,4,14.473752237976,6.82825314318318,-0.0234519507970825,28,0.527489681214036,-1.08815038557616
"2018","baseline_sensitivity","queen","mean_rank",0.5,0.5,"both",5,"2x2 Blocking","52d928fc1b0b588a604dd06389c0a3e7",8,8,8,0.0385029073921578,-0.0493933558326224,1,0.0152430865221528,0.0717766414369205,0,0.0641993420754042,0.0128064727089114,0,0,0,0,TRUE,0,0.0385029073921578,1,"49f764caba9e8331",1,TRUE,4,13.7650141902267,8.24887944621467,-0.221523827750559,28,0.512952986973815,-2.39085535719742
"2018","baseline_sensitivity","queen","mean_rank",0.5,0.5,"both",5,"2x2 Blocking","52d928fc1b0b588a604dd06389c0a3e7",8,8,8,0.103922740170019,-0.127990387257595,0.75,0.0491495611708088,0.111829718091947,0.163663417676994,0.117152902052107,0.0906925782879319,0,0,0,0,TRUE,0,0.103922740170019,0.75,"dfe469ac04eccbdd",1,TRUE,4,13.012483074998,8.45934929117199,-0.312757393634748,28,0.477529309390679,-0.659402958840516
"2018","baseline_sensitivity","queen","mean_rank",0.5,0.5,"both",5,"2x2 Blocking","52d928fc1b0b588a604dd06389c0a3e7",8,8,8,0.0877816527208705,0.0315004683376991,1,0.0342338145166589,0.111348470523447,0,0.0611379562686157,0.114425349173125,0,0,0,0,TRUE,0,0.0877816527208705,1,"5272815f8cd8cbc0",1,TRUE,4,14.473752237976,6.82825314318318,-0.0234519507970825,28,0.527489681214036,-1.08815038557616
"2018","baseline_sensitivity","queen","mean_rank",0,0.5,"control_only",5,"2x2 Blocking","e2ffafac2b9c3a28787f5cf645d43454",8,8,8,0.467534856715692,-0.00240131645216227,0.875,0.254561067151084,0.258437361959193,0.125,0.91097594273267,0.0240937706987143,0,0,0,0,TRUE,0,0.467534856715692,0.875,"49f764caba9e8331",1,TRUE,4,2.53154084214517,11.1645787852914,-0.907488005988215,28,0.512952986973815,-2.39085535719742
"2018","baseline_sensitivity","queen","mean_rank",0,0.5,"control_only",5,"2x2 Blocking","e2ffafac2b9c3a28787f5cf645d43454",8,8,8,0.351983616809416,0.103175380077497,0.875,0.146505678747927,0.220822636571034,0.125,0.434706609077247,0.269260624541585,0,0,0,0,TRUE,0,0.351983616809416,0.875,"dfe469ac04eccbdd",1,TRUE,4,3.7145990205225,8.87581557229657,-0.862273592367789,28,0.477529309390679,-0.659402958840516
"2018","baseline_sensitivity","queen","mean_rank",0,0.5,"control_only",5,"2x2 Blocking","e2ffafac2b9c3a28787f5cf645d43454",8,8,8,0.187697669572234,0.13196025121998,1,0.06550106766114,0.1559689354007,0,0.134350073046052,0.241045266098417,0,0,0,0,TRUE,0,0.187697669572234,1,"5272815f8cd8cbc0",1,TRUE,4,5.60471082029556,7.2341153280186,-0.782277271286797,28,0.527489681214036,-1.08815038557616
"2018","baseline_sensitivity","queen","mean_rank",0.5,0.5,"control_only",5,"2x2 Blocking","3aab5e7025974d4106e26a10c9eea53f",8,8,8,0.169221536285065,0.0148728857793367,1,0.0809241394787463,0.155379872549118,0,0.138780568923658,0.199662503646473,0,0,0,0,TRUE,0,0.169221536285065,1,"49f764caba9e8331",1,TRUE,4,2.53154084214517,11.1645787852914,-0.907488005988215,28,0.512952986973815,-2.39085535719742
"2018","baseline_sensitivity","queen","mean_rank",0.5,0.5,"control_only",5,"2x2 Blocking","3aab5e7025974d4106e26a10c9eea53f",8,8,8,0.562039778555088,-0.0559525348108498,0.75,0.1840139489476,0.282567082402778,0.163663417676994,0.381891951183016,0.74218760592716,0,0,0,0,TRUE,0,0.562039778555088,0.75,"dfe469ac04eccbdd",1,TRUE,4,3.7145990205225,8.87581557229657,-0.862273592367789,28,0.477529309390679,-0.659402958840516
"2018","baseline_sensitivity","queen","mean_rank",0.5,0.5,"control_only",5,"2x2 Blocking","3aab5e7025974d4106e26a10c9eea53f",8,8,8,0.209819302725596,-0.173052066863212,1,0.0619791019912612,0.160299846216826,0,0.191840721478511,0.227797883972681,0,0,0,0,TRUE,0,0.209819302725596,1,"5272815f8cd8cbc0",1,TRUE,4,5.60471082029556,7.2341153280186,-0.782277271286797,28,0.527489681214036,-1.08815038557616
"2018","baseline_sensitivity","queen","mean_rank",0,0.5,"both",6,"Balanced Quartiles","95f36464b9c7dae31845ffc362c1322d",8,8,8,0.0683760934751255,-0.0779348964058341,0.875,0.0318287315386372,0.0943415113884032,0.125,0.0257905744271005,0.110961612523151,0,0,0,0,TRUE,0,0.0683760934751255,0.875,"059094cbf7ced340",1,TRUE,4,13.2372228166732,7.42400661681287,-0.281995693748569,29,0.471218459158053,6.1489511382282
"2018","baseline_sensitivity","queen","mean_rank",0,0.5,"both",6,"Balanced Quartiles","95f36464b9c7dae31845ffc362c1322d",8,8,8,0.0620557046883252,-0.119000031078779,0.875,0.0331636554098671,0.0827169850338014,0.125,0.0311861692153794,0.092925240161271,0,0,0,0,TRUE,0,0.0620557046883252,0.875,"b61b4824a581f844",1,TRUE,4,13.9388885182443,6.6886303320447,0.195624087931805,29,0.470507139697526,0.704209457133317
"2018","baseline_sensitivity","queen","mean_rank",0,0.5,"both",6,"Balanced Quartiles","95f36464b9c7dae31845ffc362c1322d",8,8,8,0.0887028067906796,0.00520673019598292,1,0.0226656634870605,0.112552017657453,0,0.080388575431862,0.0970170381494972,0,0,0,0,TRUE,0,0.0887028067906796,1,"e130253311072427",1,TRUE,4,13.9409389960001,7.24776032165991,-0.196326279271047,29,0.58484042402149,0.301454047327326
"2018","baseline_sensitivity","queen","mean_rank",0.5,0.5,"both",6,"Balanced Quartiles","023df0db6676cf6150ba3a3d6141de70",8,8,8,0.0660698658688285,0.108317154694013,0.875,0.0390932030101738,0.0881048562532346,0.125,0.109427561435884,0.0227121703017728,0,0,0,0,TRUE,0,0.0660698658688285,0.875,"059094cbf7ced340",1,TRUE,4,13.2372228166732,7.42400661681287,-0.281995693748569,29,0.471218459158053,6.1489511382282
"2018","baseline_sensitivity","queen","mean_rank",0.5,0.5,"both",6,"Balanced Quartiles","023df0db6676cf6150ba3a3d6141de70",8,8,8,0.0898114674778149,-0.0991544037081096,0.875,0.0307434492254906,0.106891047134857,0.125,0.0346388468619866,0.144984088093643,0,0,0,0,TRUE,0,0.0898114674778149,0.875,"b61b4824a581f844",1,TRUE,4,13.9388885182443,6.6886303320447,0.195624087931805,29,0.470507139697526,0.704209457133317
"2018","baseline_sensitivity","queen","mean_rank",0.5,0.5,"both",6,"Balanced Quartiles","023df0db6676cf6150ba3a3d6141de70",8,8,8,0.0697671101105894,-0.0295277911147007,1,0.0119657111794759,0.0992077327505098,0,0.066054214007428,0.0734800062137508,0,0,0,0,TRUE,0,0.0697671101105894,1,"e130253311072427",1,TRUE,4,13.9409389960001,7.24776032165991,-0.196326279271047,29,0.58484042402149,0.301454047327326
"2018","baseline_sensitivity","queen","mean_rank",0,0.5,"control_only",6,"Balanced Quartiles","eb93c26e112c6e12aed5f9d0ef3b0fb0",8,8,8,0.311920111515494,0.284303120187382,0.875,0.169571798431112,0.181695132165006,0.125,0.0708854624552298,0.552954760575759,0,0,0,0,TRUE,0,0.311920111515494,0.875,"059094cbf7ced340",1,TRUE,4,3.36152396354683,9.30004392050406,-0.876044237628726,29,0.471218459158053,6.1489511382282
"2018","baseline_sensitivity","queen","mean_rank",0,0.5,"control_only",6,"Balanced Quartiles","eb93c26e112c6e12aed5f9d0ef3b0fb0",8,8,8,0.0855865622117673,-0.0699837842086936,1,0.0525447249521942,0.107363755629168,0,0.135514593944438,0.0356585304790969,0,0,0,0,TRUE,0,0.0855865622117673,1,"b61b4824a581f844",1,TRUE,4,4.66781927995054,7.91211543141639,-0.823268706259506,29,0.470507139697526,0.704209457133317
"2018","baseline_sensitivity","queen","mean_rank",0,0.5,"control_only",6,"Balanced Quartiles","eb93c26e112c6e12aed5f9d0ef3b0fb0",8,8,8,0.14202645252476,-0.029111121110909,1,0.0560721595378503,0.142015590267118,0,0.0717641193575954,0.212288785691924,0,0,0,0,TRUE,0,0.14202645252476,1,"e130253311072427",1,TRUE,4,4.37202796513614,8.20382657106994,-0.835690212278425,29,0.58484042402149,0.301454047327326
"2018","baseline_sensitivity","queen","mean_rank",0.5,0.5,"control_only",6,"Balanced Quartiles","8deb96c930368a5e4185c630c9a2c82d",8,8,8,0.286760526154565,-0.243006253733419,0.875,0.155887789211978,0.180360150334591,0.125,0.154433395928864,0.419087656380266,0,0,0,0,TRUE,0,0.286760526154565,0.875,"059094cbf7ced340",1,TRUE,4,3.36152396354683,9.30004392050406,-0.876044237628726,29,0.471218459158053,6.1489511382282
"2018","baseline_sensitivity","queen","mean_rank",0.5,0.5,"control_only",6,"Balanced Quartiles","8deb96c930368a5e4185c630c9a2c82d",8,8,8,0.296454484126203,0.142784197435465,0.75,0.122449817151098,0.198590446140836,0.163663417676994,0.446628833478352,0.146280134774054,0,0,0,0,TRUE,0,0.296454484126203,0.75,"b61b4824a581f844",1,TRUE,4,4.66781927995054,7.91211543141639,-0.823268706259506,29,0.470507139697526,0.704209457133317
"2018","baseline_sensitivity","queen","mean_rank",0.5,0.5,"control_only",6,"Balanced Quartiles","8deb96c930368a5e4185c630c9a2c82d",8,8,8,0.121867491396194,0.210350892824095,1,0.0503375996954398,0.105302281405418,0,0.201014649740628,0.0427203330517612,0,0,0,0,TRUE,0,0.121867491396194,1,"e130253311072427",1,TRUE,4,4.37202796513614,8.20382657106994,-0.835690212278425,29,0.58484042402149,0.301454047327326
"2018","baseline_sensitivity","queen","mean_rank",0,0.5,"both",7,"Balanced Halves","05af74ee0fe87453a5134b307aef96ee",8,8,8,0.109421458256,-0.0316073772786252,0.75,0.0316379642534737,0.124454485058117,0.163663417676994,0.100512763981502,0.118330152530499,0,0,0,0,TRUE,0,0.109421458256,0.75,"3142b4aeedb2c183",1,TRUE,4,14.2589376357342,7.19436908621906,-0.126548080613917,29,0.479801461572974,0.175391323761474
"2018","baseline_sensitivity","queen","mean_rank",0,0.5,"both",7,"Balanced Halves","05af74ee0fe87453a5134b307aef96ee",8,8,8,0.0692630692465538,-0.0259604528759465,0.875,0.0230907000593777,0.0989871017088515,0.125,0.0516410009330344,0.0868851375600732,0,0,0,0,TRUE,0,0.0692630692465538,0.875,"b12616d0b54b8c68",1,TRUE,4,13.9302671912844,7.03667287786688,-0.197607782226056,29,0.492492416694064,-3.82813994147843
"2018","baseline_sensitivity","queen","mean_rank",0,0.5,"both",7,"Balanced Halves","05af74ee0fe87453a5134b307aef96ee",8,8,8,0.0451990264258137,0.106108693631277,1,0.0145375122150601,0.0696316549132212,0,0.0633475609943076,0.0270504918573199,0,0,0,0,TRUE,0,0.0451990264258137,1,"a1771eb30d3fd9ee",1,TRUE,4,13.608810261119,8.31420496535074,-0.191339241647255,29,0.66996954057187,-11.4961034461554
"2018","baseline_sensitivity","queen","mean_rank",0.5,0.5,"both",7,"Balanced Halves","3ba66eba6a8bf002917bc734eec53cea",8,8,8,0.0696822608534992,0.0771994917543926,0.875,0.0495443356496022,0.0954107655848143,0.125,0.0154753657812874,0.123889155925711,0,0,0,0,TRUE,0,0.0696822608534992,0.875,"3142b4aeedb2c183",1,TRUE,4,14.2589376357342,7.19436908621906,-0.126548080613917,29,0.479801461572974,0.175391323761474
"2018","baseline_sensitivity","queen","mean_rank",0.5,0.5,"both",7,"Balanced Halves","3ba66eba6a8bf002917bc734eec53cea",8,8,8,0.05900347970447,0.0713921889553566,1,0.0261818188900844,0.0877550446743927,0,0.0905839628726932,0.0274229965362468,0,0,0,0,TRUE,0,0.05900347970447,1,"b12616d0b54b8c68",1,TRUE,4,13.9302671912844,7.03667287786688,-0.197607782226056,29,0.492492416694064,-3.82813994147843
"2018","baseline_sensitivity","queen","mean_rank",0.5,0.5,"both",7,"Balanced Halves","3ba66eba6a8bf002917bc734eec53cea",8,8,8,0.0116566323960349,0.0206582980303724,1,0.00321342742261662,0.0400532986309192,0,0.0123353729181262,0.0109778918739435,0,0,0,0,TRUE,0,0.0116566323960349,1,"a1771eb30d3fd9ee",1,TRUE,4,13.608810261119,8.31420496535074,-0.191339241647255,29,0.66996954057187,-11.4961034461554
"2018","baseline_sensitivity","queen","mean_rank",0,0.5,"control_only",7,"Balanced Halves","a425f7d0f3564a77cfa7d210cc83c4cf",8,8,8,0.173179430049879,-0.158964189116626,0.875,0.0770362025474994,0.145361527936566,0.125,0.187561606948277,0.158797253151481,0,0,0,0,TRUE,0,0.173179430049879,0.875,"3142b4aeedb2c183",1,TRUE,4,3.88120495730459,8.53544125629248,-0.8552036356276,29,0.479801461572974,0.175391323761474
"2018","baseline_sensitivity","queen","mean_rank",0,0.5,"control_only",7,"Balanced Halves","a425f7d0f3564a77cfa7d210cc83c4cf",8,8,8,0.61140811667618,0.27052290524685,0.875,0.222642562761174,0.27728929565991,0.125,0.791210507904682,0.431605725447678,0,0,0,0,TRUE,0,0.61140811667618,0.875,"b12616d0b54b8c68",1,TRUE,4,3.09353131850935,9.09126751406184,-0.869057834063013,29,0.492492416694064,-3.82813994147843
"2018","baseline_sensitivity","queen","mean_rank",0,0.5,"control_only",7,"Balanced Halves","a425f7d0f3564a77cfa7d210cc83c4cf",8,8,8,0.475964382042232,0.105667524708467,0.75,0.218201489109938,0.257681629774921,0.163663417676994,0.705735533096767,0.246193230987697,0,0,0,0,TRUE,0,0.475964382042232,0.75,"a1771eb30d3fd9ee",1,TRUE,4,3.28485449177887,9.81062215219892,-0.875779266221523,29,0.66996954057187,-11.4961034461554
"2018","baseline_sensitivity","queen","mean_rank",0.5,0.5,"control_only",7,"Balanced Halves","f8017f10cb56d9435b630204d9885677",8,8,8,0.215431613567493,0.130037457673499,0.875,0.141192726495299,0.168405069981919,0.125,0.0822350482394958,0.34862817889549,0,0,0,0,TRUE,0,0.215431613567493,0.875,"3142b4aeedb2c183",1,TRUE,4,3.88120495730459,8.53544125629248,-0.8552036356276,29,0.479801461572974,0.175391323761474
"2018","baseline_sensitivity","queen","mean_rank",0.5,0.5,"control_only",7,"Balanced Halves","f8017f10cb56d9435b630204d9885677",8,8,8,0.288403978422141,-0.137727231224898,1,0.0761705259021715,0.196190573605383,0,0.263869316159582,0.3129386406847,0,0,0,0,TRUE,0,0.288403978422141,1,"b12616d0b54b8c68",1,TRUE,4,3.09353131850935,9.09126751406184,-0.869057834063013,29,0.492492416694064,-3.82813994147843
"2018","baseline_sensitivity","queen","mean_rank",0.5,0.5,"control_only",7,"Balanced Halves","f8017f10cb56d9435b630204d9885677",8,8,8,0.292430546742677,0.0878401516884485,1,0.155657319686352,0.201676776230124,0,0.234498421961592,0.350362671523762,0,0,0,0,TRUE,0,0.292430546742677,1,"a1771eb30d3fd9ee",1,TRUE,4,3.28485449177887,9.81062215219892,-0.875779266221523,29,0.66996954057187,-11.4961034461554
"2018","baseline_sensitivity","queen","mean_rank",0,0.5,"both",8,"Incidence-Guided Saturation Regions","af6e57c72a387c7d7c5a2b15c12500f5",8,8,8,0.0350177171659058,0.0223513135143294,1,0.0180781173328576,0.0702222349301436,0,0.0467104579992293,0.0233249763325823,0,0,0,0,TRUE,0,0.0350177171659058,1,"7d4facc4ac9732be",1,TRUE,4,13.9368474887473,6.66307016670043,-0.180511717112705,29,0.597601738086779,1.94643583999644
"2018","baseline_sensitivity","queen","mean_rank",0,0.5,"both",8,"Incidence-Guided Saturation Regions","af6e57c72a387c7d7c5a2b15c12500f5",8,8,8,0.0837096605241737,-0.193223788549792,1,0.0276622319159662,0.0813934255528918,0,0.0630872333388658,0.104332087709482,0,0,0,0,TRUE,0,0.0837096605241737,1,"907938bfa29398e1",1,TRUE,4,14.3550497320154,6.47077950106068,-0.0826689536410469,29,0.579349902286255,3.59310157716777
"2018","baseline_sensitivity","queen","mean_rank",0,0.5,"both",8,"Incidence-Guided Saturation Regions","af6e57c72a387c7d7c5a2b15c12500f5",8,8,8,0.115367447913326,0.140373334766311,0.875,0.0707234574879542,0.116902141493223,0.125,0.0446806175788668,0.186054278247785,0,0,0,0,TRUE,0,0.115367447913326,0.875,"2aa542bf1e1baa75",1,TRUE,4,13.4194250735885,6.14721451755073,-0.0206818676807632,29,0.455074236573904,18.1031525992513
"2018","baseline_sensitivity","queen","mean_rank",0.5,0.5,"both",8,"Incidence-Guided Saturation Regions","27f2cef7d691a66d6f3360464d732fa1",8,8,8,0.0569663455706327,-0.00865114568993872,1,0.0156602496115144,0.090151858588625,0,0.0556797719640566,0.0582529191772087,0,0,0,0,TRUE,0,0.0569663455706327,1,"7d4facc4ac9732be",1,TRUE,4,13.9368474887473,6.66307016670043,-0.180511717112705,29,0.597601738086779,1.94643583999644
"2018","baseline_sensitivity","queen","mean_rank",0.5,0.5,"both",8,"Incidence-Guided Saturation Regions","27f2cef7d691a66d6f3360464d732fa1",8,8,8,0.142357868508167,-0.0435241374830161,0.75,0.085087434329043,0.141655274706152,0.163663417676994,0.264374474121899,0.0203412628944356,0,0,0,0,TRUE,0,0.142357868508167,0.75,"907938bfa29398e1",1,TRUE,4,14.3550497320154,6.47077950106068,-0.0826689536410469,29,0.579349902286255,3.59310157716777
"2018","baseline_sensitivity","queen","mean_rank",0.5,0.5,"both",8,"Incidence-Guided Saturation Regions","27f2cef7d691a66d6f3360464d732fa1",8,8,8,0.0432285628503805,-0.0219669730598497,1,0.0140569092174075,0.0781445683561366,0,0.0359034276013911,0.0505536980993699,0,0,0,0,TRUE,0,0.0432285628503805,1,"2aa542bf1e1baa75",1,TRUE,4,13.4194250735885,6.14721451755073,-0.0206818676807632,29,0.455074236573904,18.1031525992513
"2018","baseline_sensitivity","queen","mean_rank",0,0.5,"control_only",8,"Incidence-Guided Saturation Regions","3f68c14fed6012a54606d13f41f34018",8,8,8,0.377275245140911,0.103142066099361,0.875,0.132411132058455,0.228859582446051,0.125,0.505488854814321,0.249061635467502,0,0,0,0,TRUE,0,0.377275245140911,0.875,"7d4facc4ac9732be",1,TRUE,4,4.80386796907964,7.52466429799163,-0.815949413976777,29,0.597601738086779,1.94643583999644
"2018","baseline_sensitivity","queen","mean_rank",0,0.5,"control_only",8,"Incidence-Guided Saturation Regions","3f68c14fed6012a54606d13f41f34018",8,8,8,0.383826473245731,-0.0075598815160359,1,0.0890624631238954,0.234145657181042,0,0.440333374633645,0.327319571857816,0,0,0,0,TRUE,0,0.383826473245731,1,"907938bfa29398e1",1,TRUE,4,3.69099769520836,8.58274745685734,-0.859826158927386,29,0.579349902286255,3.59310157716777
"2018","baseline_sensitivity","queen","mean_rank",0,0.5,"control_only",8,"Incidence-Guided Saturation Regions","3f68c14fed6012a54606d13f41f34018",8,8,8,0.101303372234059,0.122868591830577,1,0.0406507189434558,0.110974051906374,0,0.0686959079629149,0.133910836505203,0,0,0,0,TRUE,0,0.101303372234059,1,"2aa542bf1e1baa75",1,TRUE,4,3.86778082840915,8.37379299094359,-0.851402413456525,29,0.455074236573904,18.1031525992513
"2018","baseline_sensitivity","queen","mean_rank",0.5,0.5,"control_only",8,"Incidence-Guided Saturation Regions","63aa52ccd0cb46335c096e94ab4c4a34",8,8,8,0.265635734594321,0.0202910143446709,0.875,0.115006380627143,0.194651340067746,0.125,0.174527824646256,0.356743644542385,0,0,0,0,TRUE,0,0.265635734594321,0.875,"7d4facc4ac9732be",1,TRUE,4,4.80386796907964,7.52466429799163,-0.815949413976777,29,0.597601738086779,1.94643583999644
"2018","baseline_sensitivity","queen","mean_rank",0.5,0.5,"control_only",8,"Incidence-Guided Saturation Regions","63aa52ccd0cb46335c096e94ab4c4a34",8,8,8,0.230557883764251,0.0473972983529685,1,0.135502601011686,0.180598758053431,0,0.304930810088915,0.156184957439588,0,0,0,0,TRUE,0,0.230557883764251,1,"907938bfa29398e1",1,TRUE,4,3.69099769520836,8.58274745685734,-0.859826158927386,29,0.579349902286255,3.59310157716777
"2018","baseline_sensitivity","queen","mean_rank",0.5,0.5,"control_only",8,"Incidence-Guided Saturation Regions","63aa52ccd0cb46335c096e94ab4c4a34",8,8,8,0.50399096718902,0.0164287042904474,0.875,0.180583328056556,0.268253894889673,0.125,0.691396764819961,0.316585169558078,0,0,0,0,TRUE,0,0.50399096718902,0.875,"2aa542bf1e1baa75",1,TRUE,4,3.86778082840915,8.37379299094359,-0.851402413456525,29,0.455074236573904,18.1031525992513
"2018","baseline_sensitivity","queen","mean_rank",0,0.5,"both",9,"Simple Random Sampling","f65b473efcc0d5ff1871e3e21176ca20",8,8,8,0.119094946526584,-0.0686206406757731,0.875,0.0611623463800833,0.127831448287987,0.125,0.0761700581385467,0.162019834914621,0,0,0,0,TRUE,0,0.119094946526584,0.875,"047d91c6d0ab3069",1,TRUE,4,11.4640083003543,8.67982050418354,-0.45148092862346,29,0.473827734801679,-9.4464847124689
"2018","baseline_sensitivity","queen","mean_rank",0,0.5,"both",9,"Simple Random Sampling","f65b473efcc0d5ff1871e3e21176ca20",8,8,8,0.0425001326946122,-0.0547408705218912,1,0.0153001728041212,0.0751223476252647,0,0.0236285044186077,0.0613717609706167,0,0,0,0,TRUE,0,0.0425001326946122,1,"dd7ae637af1e9c6e",1,TRUE,4,13.6814340899511,5.36983209973489,0.214477523550159,29,0.367824570857767,10.5069438805276
"2018","baseline_sensitivity","queen","mean_rank",0,0.5,"both",9,"Simple Random Sampling","f65b473efcc0d5ff1871e3e21176ca20",8,8,8,0.123117071277073,0.040087397608169,1,0.0357058429362443,0.13175197034584,0,0.0377286625440673,0.208505480010078,0,0,0,0,TRUE,0,0.123117071277073,1,"7fa161fa90d1dcb2",1,TRUE,4,14.4471787249409,6.99754071417978,0.0599347768863424,29,0.485358713876361,2.18647909664591
"2018","baseline_sensitivity","queen","mean_rank",0.5,0.5,"both",9,"Simple Random Sampling","71c3ac632b9975d1ef3c123dc84d97b1",8,8,8,0.0435159743431433,-0.0706254914343552,1,0.0205186016148245,0.0741889617345937,0,0.0795720986597018,0.00745985002658472,0,0,0,0,TRUE,0,0.0435159743431433,1,"047d91c6d0ab3069",1,TRUE,4,11.4640083003543,8.67982050418354,-0.45148092862346,29,0.473827734801679,-9.4464847124689
"2018","baseline_sensitivity","queen","mean_rank",0.5,0.5,"both",9,"Simple Random Sampling","71c3ac632b9975d1ef3c123dc84d97b1",8,8,8,0.0676069459574141,0.0344341229545494,1,0.0312876811314682,0.0974102056355824,0,0.089044977259526,0.0461689146553022,0,0,0,0,TRUE,0,0.0676069459574141,1,"dd7ae637af1e9c6e",1,TRUE,4,13.6814340899511,5.36983209973489,0.214477523550159,29,0.367824570857767,10.5069438805276
"2018","baseline_sensitivity","queen","mean_rank",0.5,0.5,"both",9,"Simple Random Sampling","71c3ac632b9975d1ef3c123dc84d97b1",8,8,8,0.103014044644557,0.0921165077878348,0.875,0.0455301441000395,0.116207077260215,0.125,0.0800687262883214,0.125959363000793,0,0,0,0,TRUE,0,0.103014044644557,0.875,"7fa161fa90d1dcb2",1,TRUE,4,14.4471787249409,6.99754071417978,0.0599347768863424,29,0.485358713876361,2.18647909664591
"2018","baseline_sensitivity","queen","mean_rank",0,0.5,"control_only",9,"Simple Random Sampling","f23f52b91be4570b97b6ee037cf8dfb3",8,8,8,0.222822864638668,0.190266170897634,1,0.0606978731477324,0.16327962380557,0,0.153544260639979,0.292101468637357,0,0,0,0,TRUE,0,0.222822864638668,1,"047d91c6d0ab3069",1,TRUE,4,1.35868577217715,14.8938892130664,-0.950534681715751,29,0.473827734801679,-9.4464847124689
"2018","baseline_sensitivity","queen","mean_rank",0,0.5,"control_only",9,"Simple Random Sampling","f23f52b91be4570b97b6ee037cf8dfb3",8,8,8,0.129098930330251,-0.0816118353316551,1,0.0502831647888572,0.13225432137906,0,0.203224140012267,0.0549737206482353,0,0,0,0,TRUE,0,0.129098930330251,1,"dd7ae637af1e9c6e",1,TRUE,4,6.49938875800329,6.39869128655081,-0.73992749523606,29,0.367824570857767,10.5069438805276
"2018","baseline_sensitivity","queen","mean_rank",0,0.5,"control_only",9,"Simple Random Sampling","f23f52b91be4570b97b6ee037cf8dfb3",8,8,8,0.245626215460093,-0.219652925835179,1,0.0740929351875758,0.167919541801652,0,0.357204818834137,0.134047612086049,0,0,0,0,TRUE,0,0.245626215460093,1,"7fa161fa90d1dcb2",1,TRUE,4,4.53817941662445,8.52254747595009,-0.821451279824082,29,0.485358713876361,2.18647909664591
"2018","baseline_sensitivity","queen","mean_rank",0.5,0.5,"control_only",9,"Simple Random Sampling","85ab6ddfc983cbee38d1ec1300eb459d",8,8,8,0.624905822076064,-0.289414777705437,1,0.219601193557173,0.278040312730206,0,0.579880535236089,0.669931108916039,0,0,0,0,TRUE,0,0.624905822076064,1,"047d91c6d0ab3069",1,TRUE,4,1.35868577217715,14.8938892130664,-0.950534681715751,29,0.473827734801679,-9.4464847124689
"2018","baseline_sensitivity","queen","mean_rank",0.5,0.5,"control_only",9,"Simple Random Sampling","85ab6ddfc983cbee38d1ec1300eb459d",8,8,8,0.183996739677135,0.156610988200886,1,0.0740719200389943,0.150935056068059,0,0.160271767827222,0.207721711527048,0,0,0,0,TRUE,0,0.183996739677135,1,"dd7ae637af1e9c6e",1,TRUE,4,6.49938875800329,6.39869128655081,-0.73992749523606,29,0.367824570857767,10.5069438805276
"2018","baseline_sensitivity","queen","mean_rank",0.5,0.5,"control_only",9,"Simple Random Sampling","85ab6ddfc983cbee38d1ec1300eb459d",8,8,8,0.275725547790824,-0.242353545166313,1,0.0756345139650239,0.176064236222442,0,0.311934328030588,0.239516767551061,0,0,0,0,TRUE,0,0.275725547790824,1,"7fa161fa90d1dcb2",1,TRUE,4,4.53817941662445,8.52254747595009,-0.821451279824082,29,0.485358713876361,2.18647909664591
"2018","education","rook","mean_rank",0,0.5,"both",1,"Checkerboard (graph adaptation)","3a95389ea26e75a8b27e2222f29ab03d",8,8,8,0.425162355288567,0.364578883271482,0.875,0.23261667865273,0.204326277297955,0.125,0.129754314950061,0.720570395627073,0,0,0,0,TRUE,0,0.425162355288567,0.875,"8c60af27f8d99958",3,TRUE,3,4.20703257001343,10.5535280045709,-0.840667167900926,26,0.415356612573364,-6.11790684228488
"2018","education","rook","mean_rank",0.5,0.5,"both",1,"Checkerboard (graph adaptation)","98947ae0edd079d606894d6dde6fbb83",8,8,8,0.267213214697209,-0.0336221315507707,0.875,0.163490167379317,0.194966212079057,0.125,0.458642506557031,0.0757839228373869,0,0,0,0,TRUE,0,0.267213214697209,0.875,"8c60af27f8d99958",3,TRUE,3,4.20703257001343,10.5535280045709,-0.840667167900926,26,0.415356612573364,-6.11790684228488
"2018","education","rook","mean_rank",0,0.5,"control_only",1,"Checkerboard (graph adaptation)","b72a3ee5db7ab0cce204cdecfb94e642",8,8,8,1.31882553152543,0.0387344821978019,0.875,0.796913414420468,0.433807918556177,0.125,1.22400096460381,1.41365009844706,0,0,0,0,TRUE,0,1.31882553152543,0.875,"8c60af27f8d99958",3,TRUE,3,0.89843254846987,15.7257874056995,-0.968178126608036,26,0.415356612573364,-6.11790684228488
"2018","education","rook","mean_rank",0.5,0.5,"control_only",1,"Checkerboard (graph adaptation)","23564e300865d23a87101186c67a5b92",8,8,8,1.52161279656774,-0.18237016398756,0.75,0.846463318550576,0.461109519041517,0.163663417676994,0.36365183537418,2.6795737577613,0,0,0,0,TRUE,0,1.52161279656774,0.75,"8c60af27f8d99958",3,TRUE,3,0.89843254846987,15.7257874056995,-0.968178126608036,26,0.415356612573364,-6.11790684228488
"2018","education","rook","mean_rank",0,0.5,"both",2,"High Incidence Focus","84d44a774ae37bf98a97dea9004c205b",8,8,8,0.0743480935325997,0.0267963831454885,0.875,0.0409159075749158,0.102560119917832,0.125,0.0891164707055846,0.0595797163596147,0,0,0,0,TRUE,0,0.0743480935325997,0.875,"10da8f401f7bfe26",3,TRUE,3,14.4991947846997,4.78951653630297,-0.00745198561990844,29,0.222331266315861,53.4219564460164
"2018","education","rook","mean_rank",0.5,0.5,"both",2,"High Incidence Focus","c2cb028f3073d459fd3ccb65ffb8f7c6",8,8,8,0.160697247069497,0.090822862765768,0.875,0.0442508368175363,0.147574898498805,0.125,0.2128888667046,0.108505627434394,0,0,0,0,TRUE,0,0.160697247069497,0.875,"10da8f401f7bfe26",3,TRUE,3,14.4991947846997,4.78951653630297,-0.00745198561990844,29,0.222331266315861,53.4219564460164
"2018","education","rook","mean_rank",0,0.5,"control_only",2,"High Incidence Focus","3ad115de119499562f46c82a3d4b5d2d",8,8,8,0.212735312402259,-0.0784525826198365,1,0.0679065102226466,0.171789116852418,0,0.0905721087367531,0.334898516067765,0,0,0,0,TRUE,0,0.212735312402259,1,"10da8f401f7bfe26",3,TRUE,3,5.33462953185407,5.7844224958415,-0.795043718951698,29,0.222331266315861,53.4219564460164
"2018","education","rook","mean_rank",0.5,0.5,"control_only",2,"High Incidence Focus","98e8f7f9fcd64cfdd03b1890b5524361",8,8,8,0.190214630508179,-0.0084174299274738,1,0.0766548436815427,0.16481321782187,0,0.188745332482017,0.19168392853434,0,0,0,0,TRUE,0,0.190214630508179,1,"10da8f401f7bfe26",3,TRUE,3,5.33462953185407,5.7844224958415,-0.795043718951698,29,0.222331266315861,53.4219564460164
"2018","education","rook","mean_rank",0,0.5,"both",3,"Saturation Regions","b681d911023f74162ec55179a6fbbb20",8,8,8,0.102956016740117,0.0515436329253324,0.875,0.0505633101042698,0.119701575741493,0.125,0.0954900226480365,0.110422010832197,0,0,0,0,TRUE,0,0.102956016740117,0.875,"a49d33433ae153fb",1,TRUE,3,14.4931624614792,4.81705065554066,-0.0217153029162409,29,0.418137683935002,7.68544465822737
"2018","education","rook","mean_rank",0,0.5,"both",3,"Saturation Regions","b681d911023f74162ec55179a6fbbb20",8,8,8,0.0985884818864919,0.245399777655092,0.875,0.0317751800159799,0.0740341919205708,0.125,0.111367266800144,0.0858096969728394,0,0,0,0,TRUE,0,0.0985884818864919,0.875,"4a849b1a76b1a08a",1,TRUE,3,14.3487892766378,4.4154855827298,0.0961782939760767,28,0.591917650377256,-9.35879591052057
"2018","education","rook","mean_rank",0,0.5,"both",3,"Saturation Regions","b681d911023f74162ec55179a6fbbb20",8,8,8,0.0681157142528612,-0.094516286846129,0.875,0.0562680013336278,0.0919490431657521,0.125,0.0155156408439284,0.120715787661794,0,0,0,0,TRUE,0,0.0681157142528612,0.875,"af4186486a76451b",1,TRUE,3,14.1523553788077,4.79069083873934,0.154840211562472,29,0.597669415187814,-4.9105667744478
"2018","education","rook","mean_rank",0.5,0.5,"both",3,"Saturation Regions","454f9ac142e5582025bb952fd7e14c2a",8,8,8,0.0792134771285127,0.0819867415000874,1,0.0222486709296419,0.101764189145235,0,0.101231354734065,0.0571955995229602,0,0,0,0,TRUE,0,0.0792134771285127,1,"a49d33433ae153fb",1,TRUE,3,14.4931624614792,4.81705065554066,-0.0217153029162409,29,0.418137683935002,7.68544465822737
"2018","education","rook","mean_rank",0.5,0.5,"both",3,"Saturation Regions","454f9ac142e5582025bb952fd7e14c2a",8,8,8,0.0784325136948797,0.0348018158706343,0.875,0.0410117732858594,0.105031524048046,0.125,0.0565182228639847,0.100346804525775,0,0,0,0,TRUE,0,0.0784325136948797,0.875,"4a849b1a76b1a08a",1,TRUE,3,14.3487892766378,4.4154855827298,0.0961782939760767,28,0.591917650377256,-9.35879591052057
"2018","education","rook","mean_rank",0.5,0.5,"both",3,"Saturation Regions","454f9ac142e5582025bb952fd7e14c2a",8,8,8,0.0697220541845546,0.203863010259439,0.875,0.0438531882935576,0.0634281677315984,0.125,0.0386523349356406,0.100791773433469,0,0,0,0,TRUE,0,0.0697220541845546,0.875,"af4186486a76451b",1,TRUE,3,14.1523553788077,4.79069083873934,0.154840211562472,29,0.597669415187814,-4.9105667744478
"2018","education","rook","mean_rank",0,0.5,"control_only",3,"Saturation Regions","89c6015bfde9f7789da975063f0043c3",8,8,8,0.118676976896533,0.109531776358307,1,0.0989990581774306,0.123450260003387,0,0.223990469107087,0.0133634846859785,0,0,0,0,TRUE,0,0.118676976896533,1,"a49d33433ae153fb",1,TRUE,3,4.36257027407238,6.56935975712622,-0.836141784954402,29,0.418137683935002,7.68544465822737
"2018","education","rook","mean_rank",0,0.5,"control_only",3,"Saturation Regions","89c6015bfde9f7789da975063f0043c3",8,8,8,0.0253536975902432,0.030539725650968,1,0.00651746728979587,0.0590653666317567,0,0.0287978266156893,0.0219095685647972,0,0,0,0,TRUE,0,0.0253536975902432,1,"4a849b1a76b1a08a",1,TRUE,3,7.04839756330414,4.7523985567083,-0.716466977712727,28,0.591917650377256,-9.35879591052057
"2018","education","rook","mean_rank",0,0.5,"control_only",3,"Saturation Regions","89c6015bfde9f7789da975063f0043c3",8,8,8,0.117685881116767,0.139333533405139,1,0.0481544572114749,0.118485711969,0,0.112245756461002,0.123126005772531,0,0,0,0,TRUE,0,0.117685881116767,1,"af4186486a76451b",1,TRUE,3,4.70504098709554,6.26764388459396,-0.821896839440977,29,0.597669415187814,-4.9105667744478
"2018","education","rook","mean_rank",0.5,0.5,"control_only",3,"Saturation Regions","5041b606c12106926013fc94f9b8991f",8,8,8,0.205513983662646,-0.0453309550449734,1,0.0881623179166249,0.170486316240737,0,0.244190846128555,0.166837121196736,0,0,0,0,TRUE,0,0.205513983662646,1,"a49d33433ae153fb",1,TRUE,3,4.36257027407238,6.56935975712622,-0.836141784954402,29,0.418137683935002,7.68544465822737
"2018","education","rook","mean_rank",0.5,0.5,"control_only",3,"Saturation Regions","5041b606c12106926013fc94f9b8991f",8,8,8,0.171643684364718,0.0649516266610361,0.75,0.0903137706247022,0.154653978083242,0.163663417676994,0.0327909258688301,0.310496442860606,0,0,0,0,TRUE,0,0.171643684364718,0.75,"4a849b1a76b1a08a",1,TRUE,3,7.04839756330414,4.7523985567083,-0.716466977712727,28,0.591917650377256,-9.35879591052057
"2018","education","rook","mean_rank",0.5,0.5,"control_only",3,"Saturation Regions","5041b606c12106926013fc94f9b8991f",8,8,8,0.556445353435252,-0.128964008179363,0.625,0.270847153668928,0.277698098668723,0.18298126367785,0.604522024841455,0.508368682029049,0,0,0,0,TRUE,0,0.556445353435252,0.625,"af4186486a76451b",1,TRUE,3,4.70504098709554,6.26764388459396,-0.821896839440977,29,0.597669415187814,-4.9105667744478
"2018","education","rook","mean_rank",0,0.5,"both",4,"Isolation Buffer","52184c47a863798b9c4fd054a0203e56",8,8,8,0.238913073663787,-0.245130533398838,0.75,0.150133016423006,0.159832097285776,0.163663417676994,0.243848828948424,0.233977318379151,0,0,0,0,TRUE,0,0.238913073663787,0.75,"17583a0df167fcda",1,TRUE,3,4.09944924077455,6.39698930755574,-0.811707681474742,17,0.350928012388222,-1.0503694402519
"2018","education","rook","mean_rank",0,0.5,"both",4,"Isolation Buffer","52184c47a863798b9c4fd054a0203e56",8,8,8,0.292440364862176,-0.00887610134820074,1,0.106454676519251,0.204367169465378,0,0.43851654598166,0.146364183742693,0,0,0,0,TRUE,0,0.292440364862176,1,"24e15b5b3d0e15e3",1,TRUE,3,3.72794975922693,6.76097046547495,-0.823554753186025,16,0.208474340440113,12.2864079560798
"2018","education","rook","mean_rank",0,0.5,"both",4,"Isolation Buffer","52184c47a863798b9c4fd054a0203e56",8,8,8,0.0736233402255598,0.0156224329121183,1,0.0324937906088049,0.102385322480091,0,0.0983173424059704,0.0489293380451492,0,0,0,0,TRUE,0,0.0736233402255598,1,"c21f771cd663c9a6",1,TRUE,3,1.93513554459806,10.3091626031173,-0.923211028516996,20,0.3830399291741,1.2391978735876
"2018","education","rook","mean_rank",0.5,0.5,"both",4,"Isolation Buffer","759c96e67c71a427a211f89a2aa771d1",8,8,8,0.140108234153219,0.0219679623727624,1,0.0548671692592527,0.141232150721735,0,0.046191623794845,0.234024844511593,0,0,0,0,TRUE,0,0.140108234153219,1,"17583a0df167fcda",1,TRUE,3,4.09944924077455,6.39698930755574,-0.811707681474742,17,0.350928012388222,-1.0503694402519
"2018","education","rook","mean_rank",0.5,0.5,"both",4,"Isolation Buffer","759c96e67c71a427a211f89a2aa771d1",8,8,8,0.249700889145741,0.329004629377796,0.875,0.15688431005117,0.142155268729915,0.125,0.0607943181940933,0.438607460097388,0,0,0,0,TRUE,0,0.249700889145741,0.875,"24e15b5b3d0e15e3",1,TRUE,3,3.72794975922693,6.76097046547495,-0.823554753186025,16,0.208474340440113,12.2864079560798
"2018","education","rook","mean_rank",0.5,0.5,"both",4,"Isolation Buffer","759c96e67c71a427a211f89a2aa771d1",8,8,8,0.16674784765917,-0.13315660690391,1,0.0710467857586007,0.145904648754397,0,0.222077981129059,0.111417714189281,0,0,0,0,TRUE,0,0.16674784765917,1,"c21f771cd663c9a6",1,TRUE,3,1.93513554459806,10.3091626031173,-0.923211028516996,20,0.3830399291741,1.2391978735876
"2018","education","rook","mean_rank",0,0.5,"control_only",4,"Isolation Buffer","b842902ace9a67a00bf90f8f81ab4f3f",8,8,8,0.652306182097705,0.595903935914003,0.75,0.291148211244244,0.20605293399648,0.163663417676994,0.349271523389579,0.95534084080583,0,0,0,0,TRUE,0,0.652306182097705,0.75,"17583a0df167fcda",1,TRUE,3,4.09944924077455,6.39698930755574,-0.811707681474742,17,0.350928012388222,-1.0503694402519
"2018","education","rook","mean_rank",0,0.5,"control_only",4,"Isolation Buffer","b842902ace9a67a00bf90f8f81ab4f3f",8,8,8,0.08117330666501,0.0770253972778856,1,0.0363678178090105,0.103675589384245,0,0.11406738126984,0.0482792320601799,0,0,0,0,TRUE,0,0.08117330666501,1,"24e15b5b3d0e15e3",1,TRUE,3,3.72794975922693,6.76097046547495,-0.823554753186025,16,0.208474340440113,12.2864079560798
"2018","education","rook","mean_rank",0,0.5,"control_only",4,"Isolation Buffer","b842902ace9a67a00bf90f8f81ab4f3f",8,8,8,0.150828952400562,-0.228172731483639,1,0.0614676895160352,0.118783210097734,0,0.12083269058978,0.180825214211343,0,0,0,0,TRUE,0,0.150828952400562,1,"c21f771cd663c9a6",1,TRUE,3,1.93513554459806,10.3091626031173,-0.923211028516996,20,0.3830399291741,1.2391978735876
"2018","education","rook","mean_rank",0.5,0.5,"control_only",4,"Isolation Buffer","88625a8b4043f48f706d0f212eec8737",8,8,8,0.454754229708458,-0.0630215627077614,0.875,0.143192338458499,0.253766628545185,0.125,0.253230996943709,0.656277462473207,0,0,0,0,TRUE,0,0.454754229708458,0.875,"17583a0df167fcda",1,TRUE,3,4.09944924077455,6.39698930755574,-0.811707681474742,17,0.350928012388222,-1.0503694402519
"2018","education","rook","mean_rank",0.5,0.5,"control_only",4,"Isolation Buffer","88625a8b4043f48f706d0f212eec8737",8,8,8,0.0941490439578838,-0.0450426841166274,1,0.0430183966782056,0.114717168079619,0,0.170665576489309,0.0176325114264586,0,0,0,0,TRUE,0,0.0941490439578838,1,"24e15b5b3d0e15e3",1,TRUE,3,3.72794975922693,6.76097046547495,-0.823554753186025,16,0.208474340440113,12.2864079560798
"2018","education","rook","mean_rank",0.5,0.5,"control_only",4,"Isolation Buffer","88625a8b4043f48f706d0f212eec8737",8,8,8,0.659015615613277,-0.135709305732419,1,0.173111669900844,0.302512951305017,0,0.722917297406423,0.595113933820132,0,0,0,0,TRUE,0,0.659015615613277,1,"c21f771cd663c9a6",1,TRUE,3,1.93513554459806,10.3091626031173,-0.923211028516996,20,0.3830399291741,1.2391978735876
"2018","education","rook","mean_rank",0,0.5,"both",5,"2x2 Blocking","95d5684cb3e6b41c506c76a59572aba1",8,8,8,0.0593907503157719,0.0594402633691164,0.875,0.0227378101868536,0.0893289310089258,0.125,0.094591121372542,0.0241903792590018,0,0,0,0,TRUE,0,0.0593907503157719,0.875,"a8c2816ae4932d93",1,TRUE,3,13.8054097306898,5.21077167201855,-0.216262174498998,28,0.476385108892298,3.73231701650087
"2018","education","rook","mean_rank",0,0.5,"both",5,"2x2 Blocking","95d5684cb3e6b41c506c76a59572aba1",8,8,8,0.0557404977831792,-0.00797626134886662,1,0.0295227518857121,0.0891843011794547,0,0.108317896208322,0.00316309935803661,0,0,0,0,TRUE,0,0.0557404977831792,1,"f965da4faeb185b5",1,TRUE,3,14.3612743706983,5.53955492908137,-0.0915871072460057,28,0.482712365694872,6.98209256127988
"2018","education","rook","mean_rank",0,0.5,"both",5,"2x2 Blocking","95d5684cb3e6b41c506c76a59572aba1",8,8,8,0.172160181936728,0.332116953591333,0.75,0.0606254718699615,0.0940049474943738,0.163663417676994,0.250150691728437,0.0941696721450182,0,0,0,0,TRUE,0,0.172160181936728,0.75,"d0f55e2e41c6e7e5",1,TRUE,3,13.7884148816003,5.29476173547138,0.218958402407271,28,0.470194941602076,0.492322610352289
"2018","education","rook","mean_rank",0.5,0.5,"both",5,"2x2 Blocking","8103b1d90db70656619e18112414e3e6",8,8,8,0.108879704873588,-0.0640578126627435,0.875,0.0409379484036794,0.122343953969625,0.125,0.167611734400253,0.0501476753469219,0,0,0,0,TRUE,0,0.108879704873588,0.875,"a8c2816ae4932d93",1,TRUE,3,13.8054097306898,5.21077167201855,-0.216262174498998,28,0.476385108892298,3.73231701650087
"2018","education","rook","mean_rank",0.5,0.5,"both",5,"2x2 Blocking","8103b1d90db70656619e18112414e3e6",8,8,8,0.0817014446528331,-0.0340435156336846,1,0.0267375983996448,0.107266346537241,0,0.0807309862906271,0.0826719030150391,0,0,0,0,TRUE,0,0.0817014446528331,1,"f965da4faeb185b5",1,TRUE,3,14.3612743706983,5.53955492908137,-0.0915871072460057,28,0.482712365694872,6.98209256127988
"2018","education","rook","mean_rank",0.5,0.5,"both",5,"2x2 Blocking","8103b1d90db70656619e18112414e3e6",8,8,8,0.0361823010131847,-0.0770176901440707,1,0.0181004950446247,0.0657381998298191,0,0.0661358006324872,0.00622880139388212,0,0,0,0,TRUE,0,0.0361823010131847,1,"d0f55e2e41c6e7e5",1,TRUE,3,13.7884148816003,5.29476173547138,0.218958402407271,28,0.470194941602076,0.492322610352289
"2018","education","rook","mean_rank",0,0.5,"control_only",5,"2x2 Blocking","bc20bce6db18d53d2f03aa356bbb35bd",8,8,8,0.230468577573676,-0.193457904756538,0.875,0.141109300015474,0.166064796588082,0.125,0.353088168599178,0.107848986548174,0,0,0,0,TRUE,0,0.230468577573676,0.875,"a8c2816ae4932d93",1,TRUE,3,4.66414285121036,6.27934001381383,-0.823378431358238,28,0.476385108892298,3.73231701650087
"2018","education","rook","mean_rank",0,0.5,"control_only",5,"2x2 Blocking","bc20bce6db18d53d2f03aa356bbb35bd",8,8,8,0.102548513765418,-0.117820749689793,1,0.0378534206579878,0.112546361690228,0,0.077797549046605,0.127299478484231,0,0,0,0,TRUE,0,0.102548513765418,1,"f965da4faeb185b5",1,TRUE,3,4.55475392173509,6.37381071011249,-0.827952345462218,28,0.482712365694872,6.98209256127988
"2018","education","rook","mean_rank",0,0.5,"control_only",5,"2x2 Blocking","bc20bce6db18d53d2f03aa356bbb35bd",8,8,8,0.326436251730817,0.0394632121118924,1,0.148870981947524,0.215432756038574,0,0.234336253388711,0.418536250072923,0,0,0,0,TRUE,0,0.326436251730817,1,"d0f55e2e41c6e7e5",1,TRUE,3,3.96593482896996,6.94202585382402,-0.85215118539001,28,0.470194941602076,0.492322610352289
"2018","education","rook","mean_rank",0.5,0.5,"control_only",5,"2x2 Blocking","421e27aea4354e3c1a818f205d82db5a",8,8,8,0.275823918577395,-0.0665841222141146,1,0.0854469845286894,0.196901162024566,0,0.23715048388847,0.314497353266319,0,0,0,0,TRUE,0,0.275823918577395,1,"a8c2816ae4932d93",1,TRUE,3,4.66414285121036,6.27934001381383,-0.823378431358238,28,0.476385108892298,3.73231701650087
"2018","education","rook","mean_rank",0.5,0.5,"control_only",5,"2x2 Blocking","421e27aea4354e3c1a818f205d82db5a",8,8,8,0.207227318630823,-0.345479083266207,1,0.0861292957127685,0.112040503936468,0,0.241314749560786,0.173139887700859,0,0,0,0,TRUE,0,0.207227318630823,1,"f965da4faeb185b5",1,TRUE,3,4.55475392173509,6.37381071011249,-0.827952345462218,28,0.482712365694872,6.98209256127988
"2018","education","rook","mean_rank",0.5,0.5,"control_only",5,"2x2 Blocking","421e27aea4354e3c1a818f205d82db5a",8,8,8,0.392880813538259,0.0468906161766148,0.875,0.222045197129721,0.236245055474436,0.125,0.566798361473223,0.218963265603295,0,0,0,0,TRUE,0,0.392880813538259,0.875,"d0f55e2e41c6e7e5",1,TRUE,3,3.96593482896996,6.94202585382402,-0.85215118539001,28,0.470194941602076,0.492322610352289
"2018","education","rook","mean_rank",0,0.5,"both",6,"Balanced Quartiles","5c7347dbb6ca76ef9b24b890aac7d3fa",8,8,8,0.0824059510121588,-0.135162925088094,0.875,0.0450919155991088,0.0957205267535123,0.125,0.0379163857281708,0.126895516296147,0,0,0,0,TRUE,0,0.0824059510121588,0.875,"6606ebf69615e133",1,TRUE,3,14.0810826424214,4.89202649375645,0.169973092714112,29,0.501062325404122,0.0615438861032942
"2018","education","rook","mean_rank",0,0.5,"both",6,"Balanced Quartiles","5c7347dbb6ca76ef9b24b890aac7d3fa",8,8,8,0.10754409486087,-0.024072082054139,0.875,0.063467223971321,0.123614972351624,0.125,0.0496191301718144,0.165469059549926,0,0,0,0,TRUE,0,0.10754409486087,0.875,"9450103fdea3a52b",1,TRUE,3,14.4995115196644,4.83493262632875,-0.00580416221383223,29,0.524174923062652,-2.57855596231425
"2018","education","rook","mean_rank",0,0.5,"both",6,"Balanced Quartiles","5c7347dbb6ca76ef9b24b890aac7d3fa",8,8,8,0.0532905750807826,0.142339491696589,1,0.0173464140968711,0.0686919044765822,0,0.0487393289750081,0.057841821186557,0,0,0,0,TRUE,0,0.0532905750807826,1,"acc688bdfb99af91",1,TRUE,3,14.4925956879114,6.36755624260829,-0.0225973939428743,29,0.407184720940021,-2.71555173916866
"2018","education","rook","mean_rank",0.5,0.5,"both",6,"Balanced Quartiles","d9a762325530b38cf278774a45dabfa9",8,8,8,0.0374730459236235,0.0345072175523318,1,0.0139986694073241,0.0719943428932536,0,0.0418302865076954,0.0331158053395517,0,0,0,0,TRUE,0,0.0374730459236235,1,"6606ebf69615e133",1,TRUE,3,14.0810826424214,4.89202649375645,0.169973092714112,29,0.501062325404122,0.0615438861032942
"2018","education","rook","mean_rank",0.5,0.5,"both",6,"Balanced Quartiles","d9a762325530b38cf278774a45dabfa9",8,8,8,0.058261238571467,0.00722368600600279,1,0.0244639415014736,0.0911897996582275,0,0.0642269824369977,0.0522954947059362,0,0,0,0,TRUE,0,0.058261238571467,1,"9450103fdea3a52b",1,TRUE,3,14.4995115196644,4.83493262632875,-0.00580416221383223,29,0.524174923062652,-2.57855596231425
"2018","education","rook","mean_rank",0.5,0.5,"both",6,"Balanced Quartiles","d9a762325530b38cf278774a45dabfa9",8,8,8,0.0913999750179447,-0.0696924969365269,0.875,0.0495526265350986,0.111190268644528,0.125,0.124424354829245,0.0583755952066438,0,0,0,0,TRUE,0,0.0913999750179447,0.875,"acc688bdfb99af91",1,TRUE,3,14.4925956879114,6.36755624260829,-0.0225973939428743,29,0.407184720940021,-2.71555173916866
"2018","education","rook","mean_rank",0,0.5,"control_only",6,"Balanced Quartiles","8e2db2ae5aac721d7ee5df91f109a9ba",8,8,8,0.184920946793319,-0.0600642355026424,1,0.0828879029610549,0.160940643187304,0,0.221340743413571,0.148501150173066,0,0,0,0,TRUE,0,0.184920946793319,1,"6606ebf69615e133",1,TRUE,3,6.56415823028691,5.03030125557179,-0.739796885904507,29,0.501062325404122,0.0615438861032942
"2018","education","rook","mean_rank",0,0.5,"control_only",6,"Balanced Quartiles","8e2db2ae5aac721d7ee5df91f109a9ba",8,8,8,0.20937291287261,-0.0860130503290159,0.875,0.156851339370241,0.169863250900628,0.125,0.399952475592391,0.018793350152829,0,0,0,0,TRUE,0,0.20937291287261,0.875,"9450103fdea3a52b",1,TRUE,3,5.28852894031003,5.81712816458345,-0.797040692929487,29,0.524174923062652,-2.57855596231425
"2018","education","rook","mean_rank",0,0.5,"control_only",6,"Balanced Quartiles","8e2db2ae5aac721d7ee5df91f109a9ba",8,8,8,0.26375722544375,-0.253608803403895,0.875,0.17320449003416,0.168793957356212,0.125,0.119590602294471,0.407923848593028,0,0,0,0,TRUE,0,0.26375722544375,0.875,"acc688bdfb99af91",1,TRUE,3,3.41874050998035,7.60552173186692,-0.87419951522244,29,0.407184720940021,-2.71555173916866
"2018","education","rook","mean_rank",0.5,0.5,"control_only",6,"Balanced Quartiles","bab42131bb5045c00a571d25fc371983",8,8,8,0.265194653478137,0.119286269433881,0.875,0.209525061761887,0.189346786687694,0.125,0.0414499516140914,0.488939355342183,0,0,0,0,TRUE,0,0.265194653478137,0.875,"6606ebf69615e133",1,TRUE,3,6.56415823028691,5.03030125557179,-0.739796885904507,29,0.501062325404122,0.0615438861032942
"2018","education","rook","mean_rank",0.5,0.5,"control_only",6,"Balanced Quartiles","bab42131bb5045c00a571d25fc371983",8,8,8,0.607462659802693,0.277995276719637,0.875,0.388967293278005,0.2752093452328,0.125,1.09060432301317,0.124320996592217,0,0,0,0,TRUE,0,0.607462659802693,0.875,"9450103fdea3a52b",1,TRUE,3,5.28852894031003,5.81712816458345,-0.797040692929487,29,0.524174923062652,-2.57855596231425
"2018","education","rook","mean_rank",0.5,0.5,"control_only",6,"Balanced Quartiles","bab42131bb5045c00a571d25fc371983",8,8,8,0.269848462452942,-0.258665139851765,0.875,0.170640832082559,0.170269034127259,0.125,0.0337320159653168,0.505964908940567,0,0,0,0,TRUE,0,0.269848462452942,0.875,"acc688bdfb99af91",1,TRUE,3,3.41874050998035,7.60552173186692,-0.87419951522244,29,0.407184720940021,-2.71555173916866
"2018","education","rook","mean_rank",0,0.5,"both",7,"Balanced Halves","b0359319e6a90c73e5e45b8d9ff61968",8,8,8,0.11285095484597,0.0971636286129932,0.875,0.0448895637488246,0.12154375115907,0.125,0.18985455934344,0.0358473503484987,0,0,0,0,TRUE,0,0.11285095484597,0.875,"b53da875d0380926",1,TRUE,3,14.4999685720331,6.13048958994607,0.00147222484566826,29,0.467905594072432,3.2709627262391
"2018","education","rook","mean_rank",0,0.5,"both",7,"Balanced Halves","b0359319e6a90c73e5e45b8d9ff61968",8,8,8,0.0493102740945467,0.0798733158566532,1,0.0200270873499241,0.0783130417058998,0,0.0406477962890782,0.0579727519000152,0,0,0,0,TRUE,0,0.0493102740945467,1,"83eb3cea5d947873",1,TRUE,3,14.2043993104432,6.90682495719009,-0.142780441420356,29,0.58377352370844,1.74667802516942
"2018","education","rook","mean_rank",0,0.5,"both",7,"Balanced Halves","b0359319e6a90c73e5e45b8d9ff61968",8,8,8,0.0497499132007869,-0.0767828928622622,1,0.0161532347311451,0.0791511217901637,0,0.032457331035665,0.0670424953659087,0,0,0,0,TRUE,0,0.0497499132007869,1,"45446a7d9f3bec8d",1,TRUE,3,14.4834218079871,5.27729418919273,0.0338130682886786,29,0.34685949855212,13.5950094659773
"2018","education","rook","mean_rank",0.5,0.5,"both",7,"Balanced Halves","79f584cc53e57ee5fff71c4f7ae790f2",8,8,8,0.0276651210853029,0.122829754471494,1,0.0125555537916256,0.0423893054264794,0,0.0222623025243791,0.0330679396462266,0,0,0,0,TRUE,0,0.0276651210853029,1,"b53da875d0380926",1,TRUE,3,14.4999685720331,6.13048958994607,0.00147222484566826,29,0.467905594072432,3.2709627262391
"2018","education","rook","mean_rank",0.5,0.5,"both",7,"Balanced Halves","79f584cc53e57ee5fff71c4f7ae790f2",8,8,8,0.0353999070037376,0.044209213514035,1,0.017714225714905,0.0691225128141622,0,0.058920581493128,0.0118792325143472,0,0,0,0,TRUE,0,0.0353999070037376,1,"83eb3cea5d947873",1,TRUE,3,14.2043993104432,6.90682495719009,-0.142780441420356,29,0.58377352370844,1.74667802516942
"2018","education","rook","mean_rank",0.5,0.5,"both",7,"Balanced Halves","79f584cc53e57ee5fff71c4f7ae790f2",8,8,8,0.0977441588392378,-0.136577052475974,0.875,0.0444814850572065,0.106295321477619,0.125,0.0880598832799005,0.107428434398575,0,0,0,0,TRUE,0,0.0977441588392378,0.875,"45446a7d9f3bec8d",1,TRUE,3,14.4834218079871,5.27729418919273,0.0338130682886786,29,0.34685949855212,13.5950094659773
"2018","education","rook","mean_rank",0,0.5,"control_only",7,"Balanced Halves","e6629e9d5cb6a2fc276b17d1513ac0d6",8,8,8,0.396064222353805,0.24554706118767,0.875,0.172385492362869,0.219014305826258,0.125,0.48864126531236,0.30348717939525,0,0,0,0,TRUE,0,0.396064222353805,0.875,"b53da875d0380926",1,TRUE,3,3.34318483374599,7.7057164221329,-0.87717474240152,29,0.467905594072432,3.2709627262391
"2018","education","rook","mean_rank",0,0.5,"control_only",7,"Balanced Halves","e6629e9d5cb6a2fc276b17d1513ac0d6",8,8,8,0.258966209056212,0.143740484639373,1,0.116606787939662,0.184508955311834,0,0.0988090323215464,0.419123385790878,0,0,0,0,TRUE,0,0.258966209056212,1,"83eb3cea5d947873",1,TRUE,3,2.43315487951418,9.23784283637454,-0.912247891313495,29,0.58377352370844,1.74667802516942
"2018","education","rook","mean_rank",0,0.5,"control_only",7,"Balanced Halves","e6629e9d5cb6a2fc276b17d1513ac0d6",8,8,8,0.0609823204216466,0.0953265826020121,1,0.0160303038394621,0.0861022341431297,0,0.0584704660724454,0.0634941747708478,0,0,0,0,TRUE,0,0.0609823204216466,1,"45446a7d9f3bec8d",1,TRUE,3,5.04291264522655,5.99811338077577,-0.8075970040923,29,0.34685949855212,13.5950094659773
"2018","education","rook","mean_rank",0.5,0.5,"control_only",7,"Balanced Halves","cbcfc59b9b4c29c64f79b13eb74f51c3",8,8,8,0.224570565821623,-0.184292666245084,1,0.0868973666796885,0.165013756565022,0,0.232782258857939,0.216358872785308,0,0,0,0,TRUE,0,0.224570565821623,1,"b53da875d0380926",1,TRUE,3,3.34318483374599,7.7057164221329,-0.87717474240152,29,0.467905594072432,3.2709627262391
"2018","education","rook","mean_rank",0.5,0.5,"control_only",7,"Balanced Halves","cbcfc59b9b4c29c64f79b13eb74f51c3",8,8,8,0.301003350350949,-0.00789968601073854,1,0.137831735855937,0.207344070607247,0,0.0561405189163948,0.545866181785504,0,0,0,0,TRUE,0,0.301003350350949,1,"83eb3cea5d947873",1,TRUE,3,2.43315487951418,9.23784283637454,-0.912247891313495,29,0.58377352370844,1.74667802516942
"2018","education","rook","mean_rank",0.5,0.5,"control_only",7,"Balanced Halves","cbcfc59b9b4c29c64f79b13eb74f51c3",8,8,8,0.14757887027583,0.16028316086524,1,0.0396636350339793,0.131956799542706,0,0.19588578404705,0.0992719565046094,0,0,0,0,TRUE,0,0.14757887027583,1,"45446a7d9f3bec8d",1,TRUE,3,5.04291264522655,5.99811338077577,-0.8075970040923,29,0.34685949855212,13.5950094659773
"2018","education","rook","mean_rank",0,0.5,"both",8,"Incidence-Guided Saturation Regions","a6d742a603a3e9c987fe2e7c2ff4cdf2",8,8,8,0.0778358430480016,-0.082252465954387,1,0.0309174144738218,0.100761652918745,0,0.11422911110622,0.0414425749897829,0,0,0,0,TRUE,0,0.0778358430480016,1,"5e703efb6586b4bf",1,TRUE,3,14.2378018662397,5.56818943272238,0.134471669560936,29,0.495935272295424,10.4020751327199
"2018","education","rook","mean_rank",0,0.5,"both",8,"Incidence-Guided Saturation Regions","a6d742a603a3e9c987fe2e7c2ff4cdf2",8,8,8,0.107077757000107,-0.068662397409039,0.875,0.0391394451806608,0.120926915462044,0.125,0.1506487829061,0.0635067310941129,0,0,0,0,TRUE,0,0.107077757000107,0.875,"b892271e2bf41639",1,TRUE,3,13.727457840655,4.28430588176393,0.230821943519248,29,0.640068882352904,-8.25946556541888
"2018","education","rook","mean_rank",0,0.5,"both",8,"Incidence-Guided Saturation Regions","a6d742a603a3e9c987fe2e7c2ff4cdf2",8,8,8,0.0961606036895271,-0.0476206985691641,0.875,0.03817071972138,0.115815661880243,0.125,0.127577667504652,0.0647435398744023,0,0,0,0,TRUE,0,0.0961606036895271,0.875,"4af837f19fc342b4",1,TRUE,3,14.4997748749287,5.2522377455614,0.00394028767775839,29,0.497220979459605,4.56676265534061
"2018","education","rook","mean_rank",0.5,0.5,"both",8,"Incidence-Guided Saturation Regions","f89bcccb869e7205140a17c112840ad0",8,8,8,0.0855834935807793,0.133420633235034,0.875,0.0458970866961371,0.0984032724542532,0.125,0.0528841885121194,0.118282798649439,0,0,0,0,TRUE,0,0.0855834935807793,0.875,"5e703efb6586b4bf",1,TRUE,3,14.2378018662397,5.56818943272238,0.134471669560936,29,0.495935272295424,10.4020751327199
"2018","education","rook","mean_rank",0.5,0.5,"both",8,"Incidence-Guided Saturation Regions","f89bcccb869e7205140a17c112840ad0",8,8,8,0.0414668374095816,-0.094167266644508,1,0.0169237077201189,0.0682425959377737,0,0.0527268213971584,0.0302068534220048,0,0,0,0,TRUE,0,0.0414668374095816,1,"b892271e2bf41639",1,TRUE,3,13.727457840655,4.28430588176393,0.230821943519248,29,0.640068882352904,-8.25946556541888
"2018","education","rook","mean_rank",0.5,0.5,"both",8,"Incidence-Guided Saturation Regions","f89bcccb869e7205140a17c112840ad0",8,8,8,0.0850558235303394,0.10016541339475,0.875,0.0420437159211025,0.103525506511886,0.125,0.135392385356659,0.0347192617040201,0,0,0,0,TRUE,0,0.0850558235303394,0.875,"4af837f19fc342b4",1,TRUE,3,14.4997748749287,5.2522377455614,0.00394028767775839,29,0.497220979459605,4.56676265534061
"2018","education","rook","mean_rank",0,0.5,"control_only",8,"Incidence-Guided Saturation Regions","db82d03fdc9e5cdab64bf92773ad2699",8,8,8,0.278907028567284,0.0964002873297423,1,0.129883883543239,0.196255668951799,0,0.12281039735799,0.435003659776577,0,0,0,0,TRUE,0,0.278907028567284,1,"5e703efb6586b4bf",1,TRUE,3,3.82687232838831,7.11365997818115,-0.857949748211384,29,0.495935272295424,10.4020751327199
"2018","education","rook","mean_rank",0,0.5,"control_only",8,"Incidence-Guided Saturation Regions","db82d03fdc9e5cdab64bf92773ad2699",8,8,8,0.112826114067318,-0.0998254749657431,1,0.040816033346969,0.12122057145974,0,0.13898823028302,0.0866639978516163,0,0,0,0,TRUE,0,0.112826114067318,1,"b892271e2bf41639",1,TRUE,3,6.01332813582602,5.342839446495,-0.765040988948056,29,0.640068882352904,-8.25946556541888
"2018","education","rook","mean_rank",0,0.5,"control_only",8,"Incidence-Guided Saturation Regions","db82d03fdc9e5cdab64bf92773ad2699",8,8,8,0.318912228840789,0.222756982916442,0.875,0.146583892952367,0.196138273165625,0.125,0.0677866934445316,0.570037764237046,0,0,0,0,TRUE,0,0.318912228840789,0.875,"4af837f19fc342b4",1,TRUE,3,4.23351481074811,6.69167155548034,-0.841447242153492,29,0.497220979459605,4.56676265534061
"2018","education","rook","mean_rank",0.5,0.5,"control_only",8,"Incidence-Guided Saturation Regions","0857ccf292caa532766517ef4f2bb904",8,8,8,0.246325620987303,0.00656548716473113,1,0.0426770591680362,0.187571896831052,0,0.199875280839218,0.292775961135387,0,0,0,0,TRUE,0,0.246325620987303,1,"5e703efb6586b4bf",1,TRUE,3,3.82687232838831,7.11365997818115,-0.857949748211384,29,0.495935272295424,10.4020751327199
"2018","education","rook","mean_rank",0.5,0.5,"control_only",8,"Incidence-Guided Saturation Regions","0857ccf292caa532766517ef4f2bb904",8,8,8,0.190900110082109,0.113627303374692,1,0.0735238734884157,0.159458434355569,0,0.241969280850138,0.13983093931408,0,0,0,0,TRUE,0,0.190900110082109,1,"b892271e2bf41639",1,TRUE,3,6.01332813582602,5.342839446495,-0.765040988948056,29,0.640068882352904,-8.25946556541888
"2018","education","rook","mean_rank",0.5,0.5,"control_only",8,"Incidence-Guided Saturation Regions","0857ccf292caa532766517ef4f2bb904",8,8,8,0.535496990703423,0.493961629209567,0.875,0.184332458717055,0.204065430533603,0.125,0.329316113993388,0.741677867413459,0,0,0,0,TRUE,0,0.535496990703423,0.875,"4af837f19fc342b4",1,TRUE,3,4.23351481074811,6.69167155548034,-0.841447242153492,29,0.497220979459605,4.56676265534061
"2018","education","rook","mean_rank",0,0.5,"both",9,"Simple Random Sampling","a5a19cf8f5f3d8f9930a7b4328bbda3d",8,8,8,0.0775292452260907,-0.0323350309686233,1,0.0362037737518415,0.104528663873565,0,0.0889754462128872,0.0660830442392941,0,0,0,0,TRUE,0,0.0775292452260907,1,"172fe06f521cc22c",1,TRUE,3,14.3504991372457,6.04412254267382,-0.101540161157465,29,0.516049569295988,11.6031415958454
"2018","education","rook","mean_rank",0,0.5,"both",9,"Simple Random Sampling","a5a19cf8f5f3d8f9930a7b4328bbda3d",8,8,8,0.0578879236204546,0.0231292227565072,0.875,0.0456715026198414,0.0905167408945001,0.125,0.00836554481820007,0.107410302422709,0,0,0,0,TRUE,0,0.0578879236204546,0.875,"d117a8e231d79ae0",1,TRUE,3,14.4758082090782,5.06059252270027,0.0408460447769455,29,0.50921907251136,2.89006721025227
"2018","education","rook","mean_rank",0,0.5,"both",9,"Simple Random Sampling","a5a19cf8f5f3d8f9930a7b4328bbda3d",8,8,8,0.0671227826393025,0.121846690844346,0.875,0.0353699168293795,0.0864177284800693,0.125,0.0375956998312538,0.0966498654473512,0,0,0,0,TRUE,0,0.0671227826393025,0.875,"c226dc7d5b40bdb9",1,TRUE,3,13.6333829748077,6.14191774062961,-0.244472271214082,29,0.580584023408389,3.88106744606881
"2018","education","rook","mean_rank",0.5,0.5,"both",9,"Simple Random Sampling","c21dac49dd0999c681ed075602d023c8",8,8,8,0.0649553147745909,-0.170139729782316,0.875,0.0312363918956787,0.0717214723020253,0.125,0.0643166007253975,0.0655940288237843,0,0,0,0,TRUE,0,0.0649553147745909,0.875,"172fe06f521cc22c",1,TRUE,3,14.3504991372457,6.04412254267382,-0.101540161157465,29,0.516049569295988,11.6031415958454
"2018","education","rook","mean_rank",0.5,0.5,"both",9,"Simple Random Sampling","c21dac49dd0999c681ed075602d023c8",8,8,8,0.0798915220694445,0.1287788006242,0.875,0.0547161049376101,0.0950996038591999,0.125,0.0172836674547245,0.142499376684165,0,0,0,0,TRUE,0,0.0798915220694445,0.875,"d117a8e231d79ae0",1,TRUE,3,14.4758082090782,5.06059252270027,0.0408460447769455,29,0.50921907251136,2.89006721025227
"2018","education","rook","mean_rank",0.5,0.5,"both",9,"Simple Random Sampling","c21dac49dd0999c681ed075602d023c8",8,8,8,0.0924012296617008,-0.084259832962069,0.875,0.041024201241023,0.110389900036776,0.125,0.140059345949504,0.044743113373898,0,0,0,0,TRUE,0,0.0924012296617008,0.875,"c226dc7d5b40bdb9",1,TRUE,3,13.6333829748077,6.14191774062961,-0.244472271214082,29,0.580584023408389,3.88106744606881
"2018","education","rook","mean_rank",0,0.5,"control_only",9,"Simple Random Sampling","8048dd75648358c8ead75b55486d043f",8,8,8,0.271304607393707,0.0688553265793448,1,0.0762507948847687,0.195142274615712,0,0.349703475799934,0.192905738987481,0,0,0,0,TRUE,0,0.271304607393707,1,"172fe06f521cc22c",1,TRUE,3,4.11148964944739,6.8121720255111,-0.846433098179226,29,0.516049569295988,11.6031415958454
"2018","education","rook","mean_rank",0,0.5,"control_only",9,"Simple Random Sampling","8048dd75648358c8ead75b55486d043f",8,8,8,0.24118939889896,-0.273033802426424,1,0.0971086870617974,0.154291904070327,0,0.303995209464425,0.178383588333496,0,0,0,0,TRUE,0,0.24118939889896,1,"d117a8e231d79ae0",1,TRUE,3,4.3472675171182,6.58359967936535,-0.836772637635395,29,0.50921907251136,2.89006721025227
"2018","education","rook","mean_rank",0,0.5,"control_only",9,"Simple Random Sampling","8048dd75648358c8ead75b55486d043f",8,8,8,0.343018957902668,-0.255417016576477,0.875,0.26867085414878,0.199205961451903,0.125,0.0766022111320265,0.60943570467331,0,0,0,0,TRUE,0,0.343018957902668,0.875,"c226dc7d5b40bdb9",1,TRUE,3,2.87497666420164,8.4072682440832,-0.895391393356246,29,0.580584023408389,3.88106744606881
"2018","education","rook","mean_rank",0.5,0.5,"control_only",9,"Simple Random Sampling","10eb4fbc386451682792811e54b665fe",8,8,8,0.237438468464634,0.139324695275233,0.875,0.182154762109004,0.176484356955954,0.125,0.0241879555502407,0.450688981379027,0,0,0,0,TRUE,0,0.237438468464634,0.875,"172fe06f521cc22c",1,TRUE,3,4.11148964944739,6.8121720255111,-0.846433098179226,29,0.516049569295988,11.6031415958454
"2018","education","rook","mean_rank",0.5,0.5,"control_only",9,"Simple Random Sampling","10eb4fbc386451682792811e54b665fe",8,8,8,0.398219971862083,-0.020599557994005,0.875,0.155112609266928,0.238386130370916,0.125,0.158363721473112,0.638076222251054,0,0,0,0,TRUE,0,0.398219971862083,0.875,"d117a8e231d79ae0",1,TRUE,3,4.3472675171182,6.58359967936535,-0.836772637635395,29,0.50921907251136,2.89006721025227
"2018","education","rook","mean_rank",0.5,0.5,"control_only",9,"Simple Random Sampling","10eb4fbc386451682792811e54b665fe",8,8,8,0.562594914777635,-0.105226656566532,0.875,0.290775041034811,0.280693596426898,0.125,0.459029827013181,0.666160002542089,0,0,0,0,TRUE,0,0.562594914777635,0.875,"c226dc7d5b40bdb9",1,TRUE,3,2.87497666420164,8.4072682440832,-0.895391393356246,29,0.580584023408389,3.88106744606881
"2018","education","queen","mean_rate",0,0.5,"both",8,"Incidence-Guided Saturation Regions","17801674a946f1cca9eb2aedb9678d4b",8,8,8,0.0503402829486161,-0.0275133168420913,1,0.0155113838933111,0.084162513155852,0,0.0408667741454516,0.0598137917517805,0,0,0,0,TRUE,0,0.0503402829486161,1,"f4f832d18d9a32d2",1,TRUE,3,13.2553451181559,4.70229740507599,0.292981684945301,29,0.513455753689427,3.68036732494738
"2018","education","queen","mean_rate",0,0.5,"both",8,"Incidence-Guided Saturation Regions","17801674a946f1cca9eb2aedb9678d4b",8,8,8,0.0390253402005564,-0.0903060102429939,0.875,0.0284533304190526,0.0664080080310335,0.125,0.0181997677242833,0.0598509126768295,0,0,0,0,TRUE,0,0.0390253402005564,0.875,"4ca52bb558743658",1,TRUE,3,14.0829146635745,4.43397674592894,0.169601019927298,29,0.533243339090357,2.4867039190984
"2018","education","queen","mean_rate",0,0.5,"both",8,"Incidence-Guided Saturation Regions","17801674a946f1cca9eb2aedb9678d4b",8,8,8,0.181869957495155,0.152084596888064,0.625,0.0819229920887479,0.150589428999397,0.18298126367785,0.179280483993906,0.184459430996405,0,0,0,0,TRUE,0,0.181869957495155,0.625,"4eeb8adff6d71ea7",1,TRUE,3,12.3936024198649,4.46937563072752,0.381141441764086,29,0.495583004307987,17.9819363279041
"2018","education","queen","mean_rate",0.5,0.5,"both",8,"Incidence-Guided Saturation Regions","d697a0bdb129e4856a45596b9e3a6dd0",8,8,8,0.105969597742254,-0.0855520273512085,0.75,0.046481276016287,0.118713609978175,0.163663417676994,0.058856774341,0.153082421143508,0,0,0,0,TRUE,0,0.105969597742254,0.75,"f4f832d18d9a32d2",1,TRUE,3,13.2553451181559,4.70229740507599,0.292981684945301,29,0.513455753689427,3.68036732494738
"2018","education","queen","mean_rate",0.5,0.5,"both",8,"Incidence-Guided Saturation Regions","d697a0bdb129e4856a45596b9e3a6dd0",8,8,8,0.0712359435285435,-0.0743013851005318,1,0.0213783461001328,0.0968911375135488,0,0.115489592911743,0.0269822941453438,0,0,0,0,TRUE,0,0.0712359435285435,1,"4ca52bb558743658",1,TRUE,3,14.0829146635745,4.43397674592894,0.169601019927298,29,0.533243339090357,2.4867039190984
"2018","education","queen","mean_rate",0.5,0.5,"both",8,"Incidence-Guided Saturation Regions","d697a0bdb129e4856a45596b9e3a6dd0",8,8,8,0.135920736200691,-0.0992445337834148,0.875,0.0900487949385731,0.134202011223381,0.125,0.226427434685819,0.0454140377155631,0,0,0,0,TRUE,0,0.135920736200691,0.875,"4eeb8adff6d71ea7",1,TRUE,3,12.3936024198649,4.46937563072752,0.381141441764086,29,0.495583004307987,17.9819363279041
"2018","education","queen","mean_rate",0,0.5,"control_only",8,"Incidence-Guided Saturation Regions","b85e8178250f7c0b9a251b7c711b7589",8,8,8,0.109506696046659,-0.0955933925774578,1,0.0390739045342741,0.119742938558391,0,0.121527925190871,0.0974854669024466,0,0,0,0,TRUE,0,0.109506696046659,1,"f4f832d18d9a32d2",1,TRUE,3,7.04688904664281,4.78316005629699,-0.716943269691311,29,0.513455753689427,3.68036732494738
"2018","education","queen","mean_rate",0,0.5,"control_only",8,"Incidence-Guided Saturation Regions","b85e8178250f7c0b9a251b7c711b7589",8,8,8,0.139924107560291,0.0189856212522249,1,0.0553715315043985,0.141200796105586,0,0.061313920134319,0.218534294986263,0,0,0,0,TRUE,0,0.139924107560291,1,"4ca52bb558743658",1,TRUE,3,4.33461905449165,6.59542207945451,-0.837293708839762,29,0.533243339090357,2.4867039190984
"2018","education","queen","mean_rate",0,0.5,"control_only",8,"Incidence-Guided Saturation Regions","b85e8178250f7c0b9a251b7c711b7589",8,8,8,0.271832440643426,0.197544319233186,0.875,0.135625143001364,0.182368811001272,0.125,0.480972231014224,0.0626926502726286,0,0,0,0,TRUE,0,0.271832440643426,0.875,"4eeb8adff6d71ea7",1,TRUE,3,6.66929953134979,4.97452018362741,-0.734879791654916,29,0.495583004307987,17.9819363279041
"2018","education","queen","mean_rate",0.5,0.5,"control_only",8,"Incidence-Guided Saturation Regions","9b3d6dfbb380acd395ed0d9eff84e5e5",8,8,8,0.147550790478739,0.096505293534539,1,0.062226665160524,0.140528349350662,0,0.106713723676148,0.188387857281329,0,0,0,0,TRUE,0,0.147550790478739,1,"f4f832d18d9a32d2",1,TRUE,3,7.04688904664281,4.78316005629699,-0.716943269691311,29,0.513455753689427,3.68036732494738
"2018","education","queen","mean_rate",0.5,0.5,"control_only",8,"Incidence-Guided Saturation Regions","9b3d6dfbb380acd395ed0d9eff84e5e5",8,8,8,0.0905638340623768,0.188563900076799,1,0.0392163431662325,0.0886465611694666,0,0.0911134532097529,0.0900142149150006,0,0,0,0,TRUE,0,0.0905638340623768,1,"4ca52bb558743658",1,TRUE,3,4.33461905449165,6.59542207945451,-0.837293708839762,29,0.533243339090357,2.4867039190984
"2018","education","queen","mean_rate",0.5,0.5,"control_only",8,"Incidence-Guided Saturation Regions","9b3d6dfbb380acd395ed0d9eff84e5e5",8,8,8,0.221721893394914,0.120397039307291,1,0.0861599017859903,0.17205748471325,0,0.15010733754515,0.293336449244679,0,0,0,0,TRUE,0,0.221721893394914,1,"4eeb8adff6d71ea7",1,TRUE,3,6.66929953134979,4.97452018362741,-0.734879791654916,29,0.495583004307987,17.9819363279041
"2018","education","queen","pooled_rate",0,0.5,"both",8,"Incidence-Guided Saturation Regions","6e9fac6a6b88ace0278edd179b136b5d",8,8,8,0.0408746345171631,0.0412977779985153,1,0.0234221009665663,0.074803674517794,0,0.0154560521105966,0.0662932169237295,0,0,0,0,TRUE,0,0.0408746345171631,1,"932e4db4c85eeae9",1,TRUE,3,12.9764037845174,4.36699640439489,0.324153668909931,29,0.492128474801086,10.3768653852989
"2018","education","queen","pooled_rate",0,0.5,"both",8,"Incidence-Guided Saturation Regions","6e9fac6a6b88ace0278edd179b136b5d",8,8,8,0.0483344372080556,-0.134917700876605,1,0.0151800988501833,0.0656088530592225,0,0.0769051486885323,0.0197637257275789,0,0,0,0,TRUE,0,0.0483344372080556,1,"1ea2692c502a6c24",1,TRUE,3,14.359803412486,4.93360331997051,0.0983297013794968,29,0.623813757666128,-11.7211404029962
"2018","education","queen","pooled_rate",0,0.5,"both",8,"Incidence-Guided Saturation Regions","6e9fac6a6b88ace0278edd179b136b5d",8,8,8,0.0598092501520721,-0.123814896909519,1,0.018621721037325,0.0797129864445447,0,0.0795767328223681,0.0400417674817761,0,0,0,0,TRUE,0,0.0598092501520721,1,"033721643ed196ff",1,TRUE,3,12.5361692895086,5.10884308465101,0.368017120150061,29,0.363226156363446,4.46547234681424
"2018","education","queen","pooled_rate",0.5,0.5,"both",8,"Incidence-Guided Saturation Regions","d8ab1abf69729c3dde5f7f7da0083721",8,8,8,0.0183003927531927,0.0273805827497843,1,0.00816522211060852,0.0500723711120427,0,0.0104104566618675,0.0261903288445179,0,0,0,0,TRUE,0,0.0183003927531927,1,"932e4db4c85eeae9",1,TRUE,3,12.9764037845174,4.36699640439489,0.324153668909931,29,0.492128474801086,10.3768653852989
"2018","education","queen","pooled_rate",0.5,0.5,"both",8,"Incidence-Guided Saturation Regions","d8ab1abf69729c3dde5f7f7da0083721",8,8,8,0.0486937774016944,-0.0159283621234128,1,0.0136234030727029,0.083186592911667,0,0.0633217222307336,0.0340658325726551,0,0,0,0,TRUE,0,0.0486937774016944,1,"1ea2692c502a6c24",1,TRUE,3,14.359803412486,4.93360331997051,0.0983297013794968,29,0.623813757666128,-11.7211404029962
"2018","education","queen","pooled_rate",0.5,0.5,"both",8,"Incidence-Guided Saturation Regions","d8ab1abf69729c3dde5f7f7da0083721",8,8,8,0.104190731474196,0.03165329614701,0.875,0.0475358458018558,0.121413579093012,0.125,0.163648814396699,0.0447326485516919,0,0,0,0,TRUE,0,0.104190731474196,0.875,"033721643ed196ff",1,TRUE,3,12.5361692895086,5.10884308465101,0.368017120150061,29,0.363226156363446,4.46547234681424
"2018","education","queen","pooled_rate",0,0.5,"control_only",8,"Incidence-Guided Saturation Regions","b8979de9ed3ffa7d54ccedbbd54c32c9",8,8,8,0.147416637098075,0.212559241231785,0.875,0.0996723461807548,0.120851269905878,0.125,0.242650345467196,0.0521829287289539,0,0,0,0,TRUE,0,0.147416637098075,0.875,"932e4db4c85eeae9",1,TRUE,3,8.28572545080718,4.23606351017013,-0.654653082605605,29,0.492128474801086,10.3768653852989
"2018","education","queen","pooled_rate",0,0.5,"control_only",8,"Incidence-Guided Saturation Regions","b8979de9ed3ffa7d54ccedbbd54c32c9",8,8,8,0.202294488246717,-0.392336168040616,1,0.0654067111004896,0.0831236767833867,0,0.196394057801766,0.208194918691668,0,0,0,0,TRUE,0,0.202294488246717,1,"1ea2692c502a6c24",1,TRUE,3,3.52256979827478,7.47282418822086,-0.8700943350253,29,0.623813757666128,-11.7211404029962
"2018","education","queen","pooled_rate",0,0.5,"control_only",8,"Incidence-Guided Saturation Regions","b8979de9ed3ffa7d54ccedbbd54c32c9",8,8,8,0.0629705099342907,0.0351519490013451,1,0.0224474491071063,0.0939109383676878,0,0.0697897698767188,0.0561512499918627,0,0,0,0,TRUE,0,0.0629705099342907,1,"033721643ed196ff",1,TRUE,3,5.71701701832392,5.52701256078494,-0.778282059573214,29,0.363226156363446,4.46547234681424
"2018","education","queen","pooled_rate",0.5,0.5,"control_only",8,"Incidence-Guided Saturation Regions","bdd054b36cdc775a22385c7e1b340a9a",8,8,8,0.433923489313518,0.046480820902731,0.75,0.151249386614075,0.24835545454096,0.163663417676994,0.600131393193327,0.26771558543371,0,0,0,0,TRUE,0,0.433923489313518,0.75,"932e4db4c85eeae9",1,TRUE,3,8.28572545080718,4.23606351017013,-0.654653082605605,29,0.492128474801086,10.3768653852989
"2018","education","queen","pooled_rate",0.5,0.5,"control_only",8,"Incidence-Guided Saturation Regions","bdd054b36cdc775a22385c7e1b340a9a",8,8,8,0.174230552270042,0.130739777731276,1,0.0612639331317328,0.14982735912129,0,0.25156852766418,0.0968925768759044,0,0,0,0,TRUE,0,0.174230552270042,1,"1ea2692c502a6c24",1,TRUE,3,3.52256979827478,7.47282418822086,-0.8700943350253,29,0.623813757666128,-11.7211404029962
"2018","education","queen","pooled_rate",0.5,0.5,"control_only",8,"Incidence-Guided Saturation Regions","bdd054b36cdc775a22385c7e1b340a9a",8,8,8,0.173550398851817,-0.249936369379918,0.875,0.0804591718377161,0.125971771278332,0.125,0.270583691026957,0.0765171066766769,0,0,0,0,TRUE,0,0.173550398851817,0.875,"033721643ed196ff",1,TRUE,3,5.71701701832392,5.52701256078494,-0.778282059573214,29,0.363226156363446,4.46547234681424
