"Year","Model","Neighbor","Summary","Rho","Gamma","Regime","Design_ID","Design","N_Draws","N_Unique","Complete","Mean_MSE","Variance_Raw","Variance_MC_Noise","Variance_Corrected","SD_Raw","SD_Corrected","Q90_Estimated","Worst10_Mean_Estimated","Sampled_Max_Estimated","SE_Mean_MSE_Noise","SE_Mean_MSE_Joint","Variance_Split_Half","Variance_Noise_Fraction","Q90_Half1","Q90_Half2","Worst10_Half1","Worst10_Half2","Tail_Half_Jaccard","Tail_Half_Rank_Cor","Tail_Boundary_Uncertain","No_Sampled_Allocation_Variation","N_Independent_Fits","N_Valid_Est","N_Valid_CI","N_Aliased","N_Warn","N_Bound","Proven_Singleton","Relative_MCSE_MSE","SD","MCSE_Coverage","Coverage","MCSE_Bias","Bias","Coverage_Variance_Noise","Coverage_Variance_Allocation","J","R","Source_ID","Precision_OK","Mean_Treated","Min_Treated","Max_Treated","Mean_Population_Share","Min_Population_Share","Max_Population_Share","Mean_Incidence_Difference","N_Unidentified_Allocations","Fail_Rate_Est","Fail_Rate_CI","Source_Reporting_Uses","Row_ID","SRS_Mean_MSE","SRS_SE_Mean_MSE_Joint","SRS_Source_ID","MSE_Ratio_SRS","MSE_Difference_SRS","MCSE_Difference_SRS","MC_Lower_Difference","MC_Upper_Difference"
"2018","education","queen","mean_rank",0,0.5,"both",1,"Checkerboard (graph adaptation)",100,1,TRUE,0.214369715272871,0,0,0,0,0,0.214369715272871,0.214369715272871,0.214369715272871,0.00967718024777184,0.00967718024777184,0,NA,0.223079796582135,0.205659633963606,0.223079796582135,0.205659633963606,1,NA,FALSE,TRUE,1000,1000,1000,0,0,0,TRUE,0.0451424784300981,0.462998986258196,0.00791034598317755,0.933,0.0146486396610756,-0.00128607805101063,6.25735735735732e-05,0,100,1000,"476b15c62994bb281a9cf916a47b9561",TRUE,27,27,27,0.503966288284889,0.503966288284889,0.503966288284889,-19.5536701450524,0,0,0,4,1,0.0739447455938411,0.000976284764408213,"d24fc8915c9581042d0922c6cad71eee",2.89905271228258,0.140424969679029,0.00972630194313753,0.12136141787048,0.159488521487579
"2019","education","queen","mean_rank",0,0.5,"both",1,"Checkerboard (graph adaptation)",100,1,TRUE,0.214369715272871,0,0,0,0,0,0.214369715272871,0.214369715272871,0.214369715272871,0.00967718024777184,0.00967718024777184,0,NA,0.223079796582135,0.205659633963606,0.223079796582135,0.205659633963606,1,NA,FALSE,TRUE,1000,1000,1000,0,0,0,TRUE,0.0451424784300981,0.462998986258196,0.00791034598317755,0.933,0.0146486396610756,-0.00128607805101063,6.25735735735732e-05,0,100,1000,"476b15c62994bb281a9cf916a47b9561",TRUE,27,27,27,0.504182396758149,0.504182396758149,0.504182396758149,-11.9988555901808,0,0,0,4,2,0.0739447455938411,0.000976284764408213,"d24fc8915c9581042d0922c6cad71eee",2.89905271228258,0.140424969679029,0.00972630194313753,0.12136141787048,0.159488521487579
"2020","education","queen","mean_rank",0,0.5,"both",1,"Checkerboard (graph adaptation)",100,1,TRUE,0.214369715272871,0,0,0,0,0,0.214369715272871,0.214369715272871,0.214369715272871,0.00967718024777184,0.00967718024777184,0,NA,0.223079796582135,0.205659633963606,0.223079796582135,0.205659633963606,1,NA,FALSE,TRUE,1000,1000,1000,0,0,0,TRUE,0.0451424784300981,0.462998986258196,0.00791034598317755,0.933,0.0146486396610756,-0.00128607805101063,6.25735735735732e-05,0,100,1000,"476b15c62994bb281a9cf916a47b9561",TRUE,27,27,27,0.504106224456118,0.504106224456118,0.504106224456118,-21.3607615436613,0,0,0,4,3,0.0739447455938411,0.000976284764408213,"d24fc8915c9581042d0922c6cad71eee",2.89905271228258,0.140424969679029,0.00972630194313753,0.12136141787048,0.159488521487579
"2021","education","queen","mean_rank",0,0.5,"both",1,"Checkerboard (graph adaptation)",100,1,TRUE,0.214369715272871,0,0,0,0,0,0.214369715272871,0.214369715272871,0.214369715272871,0.00967718024777184,0.00967718024777184,0,NA,0.223079796582135,0.205659633963606,0.223079796582135,0.205659633963606,1,NA,FALSE,TRUE,1000,1000,1000,0,0,0,TRUE,0.0451424784300981,0.462998986258196,0.00791034598317755,0.933,0.0146486396610756,-0.00128607805101063,6.25735735735732e-05,0,100,1000,"476b15c62994bb281a9cf916a47b9561",TRUE,27,27,27,0.506549694568102,0.506549694568102,0.506549694568102,-13.2758284292323,0,0,0,4,4,0.0739447455938411,0.000976284764408213,"d24fc8915c9581042d0922c6cad71eee",2.89905271228258,0.140424969679029,0.00972630194313753,0.12136141787048,0.159488521487579
"2018","education","queen","mean_rank",0.2,0.5,"both",1,"Checkerboard (graph adaptation)",100,1,TRUE,0.2064881219552,0,0,0,0,0,0.2064881219552,0.2064881219552,0.2064881219552,0.00916702746802137,0.00916702746802137,0,NA,0.209717904690152,0.203258339220248,0.209717904690152,0.203258339220248,1,NA,FALSE,TRUE,1000,1000,1000,0,0,0,TRUE,0.0443949384653237,0.454242065529188,0.00739531545579294,0.942,0.0143715829501386,-0.0123396863402946,5.46906906906899e-05,0,100,1000,"60d04456744dc4576924b53f9fc07f36",TRUE,27,27,27,0.503966288284889,0.503966288284889,0.503966288284889,-19.5536701450524,0,0,0,4,5,0.076248736282043,0.00137984579125495,"c361e7920bc94937367580206aa4be86",2.70808582572966,0.130239385673157,0.00927029487163716,0.112069607724748,0.148409163621566
"2019","education","queen","mean_rank",0.2,0.5,"both",1,"Checkerboard (graph adaptation)",100,1,TRUE,0.2064881219552,0,0,0,0,0,0.2064881219552,0.2064881219552,0.2064881219552,0.00916702746802137,0.00916702746802137,0,NA,0.209717904690152,0.203258339220248,0.209717904690152,0.203258339220248,1,NA,FALSE,TRUE,1000,1000,1000,0,0,0,TRUE,0.0443949384653237,0.454242065529188,0.00739531545579294,0.942,0.0143715829501386,-0.0123396863402946,5.46906906906899e-05,0,100,1000,"60d04456744dc4576924b53f9fc07f36",TRUE,27,27,27,0.504182396758149,0.504182396758149,0.504182396758149,-11.9988555901808,0,0,0,4,6,0.076248736282043,0.00137984579125495,"c361e7920bc94937367580206aa4be86",2.70808582572966,0.130239385673157,0.00927029487163716,0.112069607724748,0.148409163621566
"2020","education","queen","mean_rank",0.2,0.5,"both",1,"Checkerboard (graph adaptation)",100,1,TRUE,0.2064881219552,0,0,0,0,0,0.2064881219552,0.2064881219552,0.2064881219552,0.00916702746802137,0.00916702746802137,0,NA,0.209717904690152,0.203258339220248,0.209717904690152,0.203258339220248,1,NA,FALSE,TRUE,1000,1000,1000,0,0,0,TRUE,0.0443949384653237,0.454242065529188,0.00739531545579294,0.942,0.0143715829501386,-0.0123396863402946,5.46906906906899e-05,0,100,1000,"60d04456744dc4576924b53f9fc07f36",TRUE,27,27,27,0.504106224456118,0.504106224456118,0.504106224456118,-21.3607615436613,0,0,0,4,7,0.076248736282043,0.00137984579125495,"c361e7920bc94937367580206aa4be86",2.70808582572966,0.130239385673157,0.00927029487163716,0.112069607724748,0.148409163621566
"2021","education","queen","mean_rank",0.2,0.5,"both",1,"Checkerboard (graph adaptation)",100,1,TRUE,0.2064881219552,0,0,0,0,0,0.2064881219552,0.2064881219552,0.2064881219552,0.00916702746802137,0.00916702746802137,0,NA,0.209717904690152,0.203258339220248,0.209717904690152,0.203258339220248,1,NA,FALSE,TRUE,1000,1000,1000,0,0,0,TRUE,0.0443949384653237,0.454242065529188,0.00739531545579294,0.942,0.0143715829501386,-0.0123396863402946,5.46906906906899e-05,0,100,1000,"60d04456744dc4576924b53f9fc07f36",TRUE,27,27,27,0.506549694568102,0.506549694568102,0.506549694568102,-13.2758284292323,0,0,0,4,8,0.076248736282043,0.00137984579125495,"c361e7920bc94937367580206aa4be86",2.70808582572966,0.130239385673157,0.00927029487163716,0.112069607724748,0.148409163621566
"2018","education","queen","mean_rank",0.5,0.5,"both",1,"Checkerboard (graph adaptation)",100,1,TRUE,0.230666216243594,0,0,0,0,0,0.230666216243594,0.230666216243594,0.230666216243594,0.00950355465787058,0.00950355465787058,0,NA,0.232116794671875,0.229215637815313,0.232116794671875,0.229215637815313,1,NA,FALSE,TRUE,1000,1000,1000,0,0,0,TRUE,0.0412004619169476,0.480263901896217,0.00768700787628643,0.937,0.0151948774185363,-0.00357781763294076,5.90900900900896e-05,0,100,1000,"6460e74c096af07350269fc030e2ab51",TRUE,27,27,27,0.503966288284889,0.503966288284889,0.503966288284889,-19.5536701450524,0,0,0,4,9,0.0776358075754377,0.00118433568419962,"9bb12b1bef60f74a0c4078eb671ec8a0",2.97113179404308,0.153030408668156,0.00957706646880986,0.134259358389289,0.171801458947023
"2019","education","queen","mean_rank",0.5,0.5,"both",1,"Checkerboard (graph adaptation)",100,1,TRUE,0.230666216243594,0,0,0,0,0,0.230666216243594,0.230666216243594,0.230666216243594,0.00950355465787058,0.00950355465787058,0,NA,0.232116794671875,0.229215637815313,0.232116794671875,0.229215637815313,1,NA,FALSE,TRUE,1000,1000,1000,0,0,0,TRUE,0.0412004619169476,0.480263901896217,0.00768700787628643,0.937,0.0151948774185363,-0.00357781763294076,5.90900900900896e-05,0,100,1000,"6460e74c096af07350269fc030e2ab51",TRUE,27,27,27,0.504182396758149,0.504182396758149,0.504182396758149,-11.9988555901808,0,0,0,4,10,0.0776358075754377,0.00118433568419962,"9bb12b1bef60f74a0c4078eb671ec8a0",2.97113179404308,0.153030408668156,0.00957706646880986,0.134259358389289,0.171801458947023
"2020","education","queen","mean_rank",0.5,0.5,"both",1,"Checkerboard (graph adaptation)",100,1,TRUE,0.230666216243594,0,0,0,0,0,0.230666216243594,0.230666216243594,0.230666216243594,0.00950355465787058,0.00950355465787058,0,NA,0.232116794671875,0.229215637815313,0.232116794671875,0.229215637815313,1,NA,FALSE,TRUE,1000,1000,1000,0,0,0,TRUE,0.0412004619169476,0.480263901896217,0.00768700787628643,0.937,0.0151948774185363,-0.00357781763294076,5.90900900900896e-05,0,100,1000,"6460e74c096af07350269fc030e2ab51",TRUE,27,27,27,0.504106224456118,0.504106224456118,0.504106224456118,-21.3607615436613,0,0,0,4,11,0.0776358075754377,0.00118433568419962,"9bb12b1bef60f74a0c4078eb671ec8a0",2.97113179404308,0.153030408668156,0.00957706646880986,0.134259358389289,0.171801458947023
"2021","education","queen","mean_rank",0.5,0.5,"both",1,"Checkerboard (graph adaptation)",100,1,TRUE,0.230666216243594,0,0,0,0,0,0.230666216243594,0.230666216243594,0.230666216243594,0.00950355465787058,0.00950355465787058,0,NA,0.232116794671875,0.229215637815313,0.232116794671875,0.229215637815313,1,NA,FALSE,TRUE,1000,1000,1000,0,0,0,TRUE,0.0412004619169476,0.480263901896217,0.00768700787628643,0.937,0.0151948774185363,-0.00357781763294076,5.90900900900896e-05,0,100,1000,"6460e74c096af07350269fc030e2ab51",TRUE,27,27,27,0.506549694568102,0.506549694568102,0.506549694568102,-13.2758284292323,0,0,0,4,12,0.0776358075754377,0.00118433568419962,"9bb12b1bef60f74a0c4078eb671ec8a0",2.97113179404308,0.153030408668156,0.00957706646880986,0.134259358389289,0.171801458947023
"2018","education","queen","mean_rank",0,0.8,"both",1,"Checkerboard (graph adaptation)",100,1,TRUE,0.206736170181883,0,0,0,0,0,0.206736170181883,0.206736170181883,0.206736170181883,0.00898168318274966,0.00898168318274966,0,NA,0.207134370347576,0.206337970016189,0.207134370347576,0.206337970016189,1,NA,FALSE,TRUE,1000,1000,1000,0,0,0,TRUE,0.0434451464146199,0.454594313596173,0.00785529793869758,0.934,0.0143827275857809,-0.00895434128828471,6.17057057057065e-05,0,100,1000,"37586c604b4349a0bfdaff187b0947fe",TRUE,27,27,27,0.503966288284889,0.503966288284889,0.503966288284889,-19.5536701450524,0,0,0,4,13,0.0749971340756,0.00111408493648401,"2e91cec91465861785706a02012228b9",2.75658760471413,0.131739036106283,0.0090505147942528,0.114000027109547,0.149478045103018
"2019","education","queen","mean_rank",0,0.8,"both",1,"Checkerboard (graph adaptation)",100,1,TRUE,0.206736170181883,0,0,0,0,0,0.206736170181883,0.206736170181883,0.206736170181883,0.00898168318274966,0.00898168318274966,0,NA,0.207134370347576,0.206337970016189,0.207134370347576,0.206337970016189,1,NA,FALSE,TRUE,1000,1000,1000,0,0,0,TRUE,0.0434451464146199,0.454594313596173,0.00785529793869758,0.934,0.0143827275857809,-0.00895434128828471,6.17057057057065e-05,0,100,1000,"37586c604b4349a0bfdaff187b0947fe",TRUE,27,27,27,0.504182396758149,0.504182396758149,0.504182396758149,-11.9988555901808,0,0,0,4,14,0.0749971340756,0.00111408493648401,"2e91cec91465861785706a02012228b9",2.75658760471413,0.131739036106283,0.0090505147942528,0.114000027109547,0.149478045103018
"2020","education","queen","mean_rank",0,0.8,"both",1,"Checkerboard (graph adaptation)",100,1,TRUE,0.206736170181883,0,0,0,0,0,0.206736170181883,0.206736170181883,0.206736170181883,0.00898168318274966,0.00898168318274966,0,NA,0.207134370347576,0.206337970016189,0.207134370347576,0.206337970016189,1,NA,FALSE,TRUE,1000,1000,1000,0,0,0,TRUE,0.0434451464146199,0.454594313596173,0.00785529793869758,0.934,0.0143827275857809,-0.00895434128828471,6.17057057057065e-05,0,100,1000,"37586c604b4349a0bfdaff187b0947fe",TRUE,27,27,27,0.504106224456118,0.504106224456118,0.504106224456118,-21.3607615436613,0,0,0,4,15,0.0749971340756,0.00111408493648401,"2e91cec91465861785706a02012228b9",2.75658760471413,0.131739036106283,0.0090505147942528,0.114000027109547,0.149478045103018
"2021","education","queen","mean_rank",0,0.8,"both",1,"Checkerboard (graph adaptation)",100,1,TRUE,0.206736170181883,0,0,0,0,0,0.206736170181883,0.206736170181883,0.206736170181883,0.00898168318274966,0.00898168318274966,0,NA,0.207134370347576,0.206337970016189,0.207134370347576,0.206337970016189,1,NA,FALSE,TRUE,1000,1000,1000,0,0,0,TRUE,0.0434451464146199,0.454594313596173,0.00785529793869758,0.934,0.0143827275857809,-0.00895434128828471,6.17057057057065e-05,0,100,1000,"37586c604b4349a0bfdaff187b0947fe",TRUE,27,27,27,0.506549694568102,0.506549694568102,0.506549694568102,-13.2758284292323,0,0,0,4,16,0.0749971340756,0.00111408493648401,"2e91cec91465861785706a02012228b9",2.75658760471413,0.131739036106283,0.0090505147942528,0.114000027109547,0.149478045103018
"2018","education","queen","mean_rank",0.2,0.8,"both",1,"Checkerboard (graph adaptation)",100,1,TRUE,0.22745462560763,0,0,0,0,0,0.22745462560763,0.22745462560763,0.22745462560763,0.0100967736187962,0.0100967736187962,0,NA,0.240815039416104,0.214094211799155,0.240815039416104,0.214094211799155,1,NA,FALSE,TRUE,1000,1000,1000,0,0,0,TRUE,0.0443902760465887,0.475531926382279,0.00807249435832351,0.93,0.015045164338711,-0.0363869839199182,6.51651651651649e-05,0,100,1000,"578abc9f097b14a50fbd02ba82572d3c",TRUE,27,27,27,0.503966288284889,0.503966288284889,0.503966288284889,-19.5536701450524,0,0,0,4,17,0.0757510156278693,0.00115862874857457,"612f320d9e368a4c0c6170ca00da95fb",3.00266106958898,0.15170360997976,0.0101630339016576,0.131784063532511,0.171623156427009
"2019","education","queen","mean_rank",0.2,0.8,"both",1,"Checkerboard (graph adaptation)",100,1,TRUE,0.22745462560763,0,0,0,0,0,0.22745462560763,0.22745462560763,0.22745462560763,0.0100967736187962,0.0100967736187962,0,NA,0.240815039416104,0.214094211799155,0.240815039416104,0.214094211799155,1,NA,FALSE,TRUE,1000,1000,1000,0,0,0,TRUE,0.0443902760465887,0.475531926382279,0.00807249435832351,0.93,0.015045164338711,-0.0363869839199182,6.51651651651649e-05,0,100,1000,"578abc9f097b14a50fbd02ba82572d3c",TRUE,27,27,27,0.504182396758149,0.504182396758149,0.504182396758149,-11.9988555901808,0,0,0,4,18,0.0757510156278693,0.00115862874857457,"612f320d9e368a4c0c6170ca00da95fb",3.00266106958898,0.15170360997976,0.0101630339016576,0.131784063532511,0.171623156427009
"2020","education","queen","mean_rank",0.2,0.8,"both",1,"Checkerboard (graph adaptation)",100,1,TRUE,0.22745462560763,0,0,0,0,0,0.22745462560763,0.22745462560763,0.22745462560763,0.0100967736187962,0.0100967736187962,0,NA,0.240815039416104,0.214094211799155,0.240815039416104,0.214094211799155,1,NA,FALSE,TRUE,1000,1000,1000,0,0,0,TRUE,0.0443902760465887,0.475531926382279,0.00807249435832351,0.93,0.015045164338711,-0.0363869839199182,6.51651651651649e-05,0,100,1000,"578abc9f097b14a50fbd02ba82572d3c",TRUE,27,27,27,0.504106224456118,0.504106224456118,0.504106224456118,-21.3607615436613,0,0,0,4,19,0.0757510156278693,0.00115862874857457,"612f320d9e368a4c0c6170ca00da95fb",3.00266106958898,0.15170360997976,0.0101630339016576,0.131784063532511,0.171623156427009
"2021","education","queen","mean_rank",0.2,0.8,"both",1,"Checkerboard (graph adaptation)",100,1,TRUE,0.22745462560763,0,0,0,0,0,0.22745462560763,0.22745462560763,0.22745462560763,0.0100967736187962,0.0100967736187962,0,NA,0.240815039416104,0.214094211799155,0.240815039416104,0.214094211799155,1,NA,FALSE,TRUE,1000,1000,1000,0,0,0,TRUE,0.0443902760465887,0.475531926382279,0.00807249435832351,0.93,0.015045164338711,-0.0363869839199182,6.51651651651649e-05,0,100,1000,"578abc9f097b14a50fbd02ba82572d3c",TRUE,27,27,27,0.506549694568102,0.506549694568102,0.506549694568102,-13.2758284292323,0,0,0,4,20,0.0757510156278693,0.00115862874857457,"612f320d9e368a4c0c6170ca00da95fb",3.00266106958898,0.15170360997976,0.0101630339016576,0.131784063532511,0.171623156427009
"2018","education","queen","mean_rank",0.5,0.8,"both",1,"Checkerboard (graph adaptation)",100,1,TRUE,0.209738484876742,0,0,0,0,0,0.209738484876742,0.209738484876742,0.209738484876742,0.00908100305242408,0.00908100305242408,0,NA,0.203716706310304,0.21576026344318,0.203716706310304,0.21576026344318,1,NA,FALSE,TRUE,1000,1000,1000,0,0,0,TRUE,0.0432967896080719,0.457608921073221,0.00745483565040673,0.941,0.0144781055454774,0.0182362340121071,5.55745745745751e-05,0,100,1000,"1b4519bd86c81a14bc7c8a6fd70e8d09",TRUE,27,27,27,0.503966288284889,0.503966288284889,0.503966288284889,-19.5536701450524,0,0,0,4,21,0.0797217401573523,0.00128455710598549,"7d6a4746e8d1b36fa0aba44b29c6c563",2.6308819208257,0.13001674471939,0.00917140683846668,0.112040787315995,0.147992702122785
"2019","education","queen","mean_rank",0.5,0.8,"both",1,"Checkerboard (graph adaptation)",100,1,TRUE,0.209738484876742,0,0,0,0,0,0.209738484876742,0.209738484876742,0.209738484876742,0.00908100305242408,0.00908100305242408,0,NA,0.203716706310304,0.21576026344318,0.203716706310304,0.21576026344318,1,NA,FALSE,TRUE,1000,1000,1000,0,0,0,TRUE,0.0432967896080719,0.457608921073221,0.00745483565040673,0.941,0.0144781055454774,0.0182362340121071,5.55745745745751e-05,0,100,1000,"1b4519bd86c81a14bc7c8a6fd70e8d09",TRUE,27,27,27,0.504182396758149,0.504182396758149,0.504182396758149,-11.9988555901808,0,0,0,4,22,0.0797217401573523,0.00128455710598549,"7d6a4746e8d1b36fa0aba44b29c6c563",2.6308819208257,0.13001674471939,0.00917140683846668,0.112040787315995,0.147992702122785
"2020","education","queen","mean_rank",0.5,0.8,"both",1,"Checkerboard (graph adaptation)",100,1,TRUE,0.209738484876742,0,0,0,0,0,0.209738484876742,0.209738484876742,0.209738484876742,0.00908100305242408,0.00908100305242408,0,NA,0.203716706310304,0.21576026344318,0.203716706310304,0.21576026344318,1,NA,FALSE,TRUE,1000,1000,1000,0,0,0,TRUE,0.0432967896080719,0.457608921073221,0.00745483565040673,0.941,0.0144781055454774,0.0182362340121071,5.55745745745751e-05,0,100,1000,"1b4519bd86c81a14bc7c8a6fd70e8d09",TRUE,27,27,27,0.504106224456118,0.504106224456118,0.504106224456118,-21.3607615436613,0,0,0,4,23,0.0797217401573523,0.00128455710598549,"7d6a4746e8d1b36fa0aba44b29c6c563",2.6308819208257,0.13001674471939,0.00917140683846668,0.112040787315995,0.147992702122785
"2021","education","queen","mean_rank",0.5,0.8,"both",1,"Checkerboard (graph adaptation)",100,1,TRUE,0.209738484876742,0,0,0,0,0,0.209738484876742,0.209738484876742,0.209738484876742,0.00908100305242408,0.00908100305242408,0,NA,0.203716706310304,0.21576026344318,0.203716706310304,0.21576026344318,1,NA,FALSE,TRUE,1000,1000,1000,0,0,0,TRUE,0.0432967896080719,0.457608921073221,0.00745483565040673,0.941,0.0144781055454774,0.0182362340121071,5.55745745745751e-05,0,100,1000,"1b4519bd86c81a14bc7c8a6fd70e8d09",TRUE,27,27,27,0.506549694568102,0.506549694568102,0.506549694568102,-13.2758284292323,0,0,0,4,24,0.0797217401573523,0.00128455710598549,"7d6a4746e8d1b36fa0aba44b29c6c563",2.6308819208257,0.13001674471939,0.00917140683846668,0.112040787315995,0.147992702122785
"2018","education","queen","mean_rank",0,0.5,"control_only",1,"Checkerboard (graph adaptation)",100,1,TRUE,0.948987392071991,0,0,0,0,0,0.948987392071991,0.948987392071991,0.948987392071991,0.0422144193897414,0.0422144193897414,0,NA,0.96429938980696,0.933675394337023,0.96429938980696,0.933675394337023,1,NA,FALSE,TRUE,1000,1000,1000,0,0,0,TRUE,0.0444836461921498,0.974133905690573,0.00848457353011859,0.922,0.0308202328506606,0.00710815419231953,7.19879879879891e-05,0,100,1000,"5b8fcab525ce837734585cd23c48e4fd",TRUE,27,27,27,0.503966288284889,0.503966288284889,0.503966288284889,-19.5536701450524,0,0,0,4,25,0.291314560861691,0.00939995962833679,"0dd60f1250552439401423f40b9ab1de",3.25760370255761,0.6576728312103,0.0432483114748696,0.572906140719556,0.742439521701044
"2019","education","queen","mean_rank",0,0.5,"control_only",1,"Checkerboard (graph adaptation)",100,1,TRUE,0.948987392071991,0,0,0,0,0,0.948987392071991,0.948987392071991,0.948987392071991,0.0422144193897414,0.0422144193897414,0,NA,0.96429938980696,0.933675394337023,0.96429938980696,0.933675394337023,1,NA,FALSE,TRUE,1000,1000,1000,0,0,0,TRUE,0.0444836461921498,0.974133905690573,0.00848457353011859,0.922,0.0308202328506606,0.00710815419231953,7.19879879879891e-05,0,100,1000,"5b8fcab525ce837734585cd23c48e4fd",TRUE,27,27,27,0.504182396758149,0.504182396758149,0.504182396758149,-11.9988555901808,0,0,0,4,26,0.291314560861691,0.00939995962833679,"0dd60f1250552439401423f40b9ab1de",3.25760370255761,0.6576728312103,0.0432483114748696,0.572906140719556,0.742439521701044
"2020","education","queen","mean_rank",0,0.5,"control_only",1,"Checkerboard (graph adaptation)",100,1,TRUE,0.948987392071991,0,0,0,0,0,0.948987392071991,0.948987392071991,0.948987392071991,0.0422144193897414,0.0422144193897414,0,NA,0.96429938980696,0.933675394337023,0.96429938980696,0.933675394337023,1,NA,FALSE,TRUE,1000,1000,1000,0,0,0,TRUE,0.0444836461921498,0.974133905690573,0.00848457353011859,0.922,0.0308202328506606,0.00710815419231953,7.19879879879891e-05,0,100,1000,"5b8fcab525ce837734585cd23c48e4fd",TRUE,27,27,27,0.504106224456118,0.504106224456118,0.504106224456118,-21.3607615436613,0,0,0,4,27,0.291314560861691,0.00939995962833679,"0dd60f1250552439401423f40b9ab1de",3.25760370255761,0.6576728312103,0.0432483114748696,0.572906140719556,0.742439521701044
"2021","education","queen","mean_rank",0,0.5,"control_only",1,"Checkerboard (graph adaptation)",100,1,TRUE,0.948987392071991,0,0,0,0,0,0.948987392071991,0.948987392071991,0.948987392071991,0.0422144193897414,0.0422144193897414,0,NA,0.96429938980696,0.933675394337023,0.96429938980696,0.933675394337023,1,NA,FALSE,TRUE,1000,1000,1000,0,0,0,TRUE,0.0444836461921498,0.974133905690573,0.00848457353011859,0.922,0.0308202328506606,0.00710815419231953,7.19879879879891e-05,0,100,1000,"5b8fcab525ce837734585cd23c48e4fd",TRUE,27,27,27,0.506549694568102,0.506549694568102,0.506549694568102,-13.2758284292323,0,0,0,4,28,0.291314560861691,0.00939995962833679,"0dd60f1250552439401423f40b9ab1de",3.25760370255761,0.6576728312103,0.0432483114748696,0.572906140719556,0.742439521701044
"2018","education","queen","mean_rank",0.2,0.5,"control_only",1,"Checkerboard (graph adaptation)",100,1,TRUE,0.92805066596346,0,0,0,0,0,0.92805066596346,0.92805066596346,0.92805066596346,0.0404080537520316,0.0404080537520316,0,NA,0.995674169825823,0.860427162101096,0.995674169825823,0.860427162101096,1,NA,FALSE,TRUE,1000,1000,1000,0,0,0,TRUE,0.0435407841769951,0.963252383753876,0.00733517585370682,0.943,0.0304759567322548,-0.0139825303838863,5.38048048048036e-05,0,100,1000,"f626abdcd52bffab7401d7ace2d8d803",TRUE,27,27,27,0.503966288284889,0.503966288284889,0.503966288284889,-19.5536701450524,0,0,0,4,29,0.310117368630307,0.00974141840181621,"c843422616aa1553b3a3638fad96698c",2.99257880995952,0.617933297333153,0.0415656834480839,0.536464557774909,0.699402036891398
"2019","education","queen","mean_rank",0.2,0.5,"control_only",1,"Checkerboard (graph adaptation)",100,1,TRUE,0.92805066596346,0,0,0,0,0,0.92805066596346,0.92805066596346,0.92805066596346,0.0404080537520316,0.0404080537520316,0,NA,0.995674169825823,0.860427162101096,0.995674169825823,0.860427162101096,1,NA,FALSE,TRUE,1000,1000,1000,0,0,0,TRUE,0.0435407841769951,0.963252383753876,0.00733517585370682,0.943,0.0304759567322548,-0.0139825303838863,5.38048048048036e-05,0,100,1000,"f626abdcd52bffab7401d7ace2d8d803",TRUE,27,27,27,0.504182396758149,0.504182396758149,0.504182396758149,-11.9988555901808,0,0,0,4,30,0.310117368630307,0.00974141840181621,"c843422616aa1553b3a3638fad96698c",2.99257880995952,0.617933297333153,0.0415656834480839,0.536464557774909,0.699402036891398
"2020","education","queen","mean_rank",0.2,0.5,"control_only",1,"Checkerboard (graph adaptation)",100,1,TRUE,0.92805066596346,0,0,0,0,0,0.92805066596346,0.92805066596346,0.92805066596346,0.0404080537520316,0.0404080537520316,0,NA,0.995674169825823,0.860427162101096,0.995674169825823,0.860427162101096,1,NA,FALSE,TRUE,1000,1000,1000,0,0,0,TRUE,0.0435407841769951,0.963252383753876,0.00733517585370682,0.943,0.0304759567322548,-0.0139825303838863,5.38048048048036e-05,0,100,1000,"f626abdcd52bffab7401d7ace2d8d803",TRUE,27,27,27,0.504106224456118,0.504106224456118,0.504106224456118,-21.3607615436613,0,0,0,4,31,0.310117368630307,0.00974141840181621,"c843422616aa1553b3a3638fad96698c",2.99257880995952,0.617933297333153,0.0415656834480839,0.536464557774909,0.699402036891398
"2021","education","queen","mean_rank",0.2,0.5,"control_only",1,"Checkerboard (graph adaptation)",100,1,TRUE,0.92805066596346,0,0,0,0,0,0.92805066596346,0.92805066596346,0.92805066596346,0.0404080537520316,0.0404080537520316,0,NA,0.995674169825823,0.860427162101096,0.995674169825823,0.860427162101096,1,NA,FALSE,TRUE,1000,1000,1000,0,0,0,TRUE,0.0435407841769951,0.963252383753876,0.00733517585370682,0.943,0.0304759567322548,-0.0139825303838863,5.38048048048036e-05,0,100,1000,"f626abdcd52bffab7401d7ace2d8d803",TRUE,27,27,27,0.506549694568102,0.506549694568102,0.506549694568102,-13.2758284292323,0,0,0,4,32,0.310117368630307,0.00974141840181621,"c843422616aa1553b3a3638fad96698c",2.99257880995952,0.617933297333153,0.0415656834480839,0.536464557774909,0.699402036891398
"2018","education","queen","mean_rank",0.5,0.5,"control_only",1,"Checkerboard (graph adaptation)",100,1,TRUE,0.937994189551926,0,0,0,0,0,0.937994189551926,0.937994189551926,0.937994189551926,0.0414344508524019,0.0414344508524019,0,NA,0.970246014158128,0.905742364945723,0.970246014158128,0.905742364945723,1,NA,FALSE,TRUE,1000,1000,1000,0,0,0,TRUE,0.0441734621748508,0.965717369911752,0.00791034598317755,0.933,0.0305539454429604,0.0733767742726188,6.25735735735731e-05,0,100,1000,"92ab56b06e93459133eeb2d580fc83df",TRUE,27,27,27,0.503966288284889,0.503966288284889,0.503966288284889,-19.5536701450524,0,0,0,4,33,0.323355231421774,0.0102073714961828,"41da99612ef331d16cf24a6f62f4a4aa",2.90081649654351,0.614638958130152,0.0426732252155985,0.530999436707579,0.698278479552725
"2019","education","queen","mean_rank",0.5,0.5,"control_only",1,"Checkerboard (graph adaptation)",100,1,TRUE,0.937994189551926,0,0,0,0,0,0.937994189551926,0.937994189551926,0.937994189551926,0.0414344508524019,0.0414344508524019,0,NA,0.970246014158128,0.905742364945723,0.970246014158128,0.905742364945723,1,NA,FALSE,TRUE,1000,1000,1000,0,0,0,TRUE,0.0441734621748508,0.965717369911752,0.00791034598317755,0.933,0.0305539454429604,0.0733767742726188,6.25735735735731e-05,0,100,1000,"92ab56b06e93459133eeb2d580fc83df",TRUE,27,27,27,0.504182396758149,0.504182396758149,0.504182396758149,-11.9988555901808,0,0,0,4,34,0.323355231421774,0.0102073714961828,"41da99612ef331d16cf24a6f62f4a4aa",2.90081649654351,0.614638958130152,0.0426732252155985,0.530999436707579,0.698278479552725
"2020","education","queen","mean_rank",0.5,0.5,"control_only",1,"Checkerboard (graph adaptation)",100,1,TRUE,0.937994189551926,0,0,0,0,0,0.937994189551926,0.937994189551926,0.937994189551926,0.0414344508524019,0.0414344508524019,0,NA,0.970246014158128,0.905742364945723,0.970246014158128,0.905742364945723,1,NA,FALSE,TRUE,1000,1000,1000,0,0,0,TRUE,0.0441734621748508,0.965717369911752,0.00791034598317755,0.933,0.0305539454429604,0.0733767742726188,6.25735735735731e-05,0,100,1000,"92ab56b06e93459133eeb2d580fc83df",TRUE,27,27,27,0.504106224456118,0.504106224456118,0.504106224456118,-21.3607615436613,0,0,0,4,35,0.323355231421774,0.0102073714961828,"41da99612ef331d16cf24a6f62f4a4aa",2.90081649654351,0.614638958130152,0.0426732252155985,0.530999436707579,0.698278479552725
"2021","education","queen","mean_rank",0.5,0.5,"control_only",1,"Checkerboard (graph adaptation)",100,1,TRUE,0.937994189551926,0,0,0,0,0,0.937994189551926,0.937994189551926,0.937994189551926,0.0414344508524019,0.0414344508524019,0,NA,0.970246014158128,0.905742364945723,0.970246014158128,0.905742364945723,1,NA,FALSE,TRUE,1000,1000,1000,0,0,0,TRUE,0.0441734621748508,0.965717369911752,0.00791034598317755,0.933,0.0305539454429604,0.0733767742726188,6.25735735735731e-05,0,100,1000,"92ab56b06e93459133eeb2d580fc83df",TRUE,27,27,27,0.506549694568102,0.506549694568102,0.506549694568102,-13.2758284292323,0,0,0,4,36,0.323355231421774,0.0102073714961828,"41da99612ef331d16cf24a6f62f4a4aa",2.90081649654351,0.614638958130152,0.0426732252155985,0.530999436707579,0.698278479552725
"2018","education","queen","mean_rank",0,0.8,"control_only",1,"Checkerboard (graph adaptation)",100,1,TRUE,0.908840451772513,0,0,0,0,0,0.908840451772513,0.908840451772513,0.908840451772513,0.0415220394755962,0.0415220394755962,0,NA,0.90926174195737,0.908419161587655,0.90926174195737,0.908419161587655,1,NA,FALSE,TRUE,1000,1000,1000,0,0,0,TRUE,0.0456868302842547,0.953209566068351,0.00801893405031515,0.931,0.0301582160420515,-0.0152307231705388,6.43033033033038e-05,0,100,1000,"a4946688fe37a3794fa02f90e84f8f30",TRUE,27,27,27,0.503966288284889,0.503966288284889,0.503966288284889,-19.5536701450524,0,0,0,4,37,0.296905211096469,0.00939428372244057,"ac322b5bea4c8163c656df36b45d9f48",3.06104580790674,0.611935240676044,0.0425714966717248,0.528495107199463,0.695375374152624
"2019","education","queen","mean_rank",0,0.8,"control_only",1,"Checkerboard (graph adaptation)",100,1,TRUE,0.908840451772513,0,0,0,0,0,0.908840451772513,0.908840451772513,0.908840451772513,0.0415220394755962,0.0415220394755962,0,NA,0.90926174195737,0.908419161587655,0.90926174195737,0.908419161587655,1,NA,FALSE,TRUE,1000,1000,1000,0,0,0,TRUE,0.0456868302842547,0.953209566068351,0.00801893405031515,0.931,0.0301582160420515,-0.0152307231705388,6.43033033033038e-05,0,100,1000,"a4946688fe37a3794fa02f90e84f8f30",TRUE,27,27,27,0.504182396758149,0.504182396758149,0.504182396758149,-11.9988555901808,0,0,0,4,38,0.296905211096469,0.00939428372244057,"ac322b5bea4c8163c656df36b45d9f48",3.06104580790674,0.611935240676044,0.0425714966717248,0.528495107199463,0.695375374152624
"2020","education","queen","mean_rank",0,0.8,"control_only",1,"Checkerboard (graph adaptation)",100,1,TRUE,0.908840451772513,0,0,0,0,0,0.908840451772513,0.908840451772513,0.908840451772513,0.0415220394755962,0.0415220394755962,0,NA,0.90926174195737,0.908419161587655,0.90926174195737,0.908419161587655,1,NA,FALSE,TRUE,1000,1000,1000,0,0,0,TRUE,0.0456868302842547,0.953209566068351,0.00801893405031515,0.931,0.0301582160420515,-0.0152307231705388,6.43033033033038e-05,0,100,1000,"a4946688fe37a3794fa02f90e84f8f30",TRUE,27,27,27,0.504106224456118,0.504106224456118,0.504106224456118,-21.3607615436613,0,0,0,4,39,0.296905211096469,0.00939428372244057,"ac322b5bea4c8163c656df36b45d9f48",3.06104580790674,0.611935240676044,0.0425714966717248,0.528495107199463,0.695375374152624
"2021","education","queen","mean_rank",0,0.8,"control_only",1,"Checkerboard (graph adaptation)",100,1,TRUE,0.908840451772513,0,0,0,0,0,0.908840451772513,0.908840451772513,0.908840451772513,0.0415220394755962,0.0415220394755962,0,NA,0.90926174195737,0.908419161587655,0.90926174195737,0.908419161587655,1,NA,FALSE,TRUE,1000,1000,1000,0,0,0,TRUE,0.0456868302842547,0.953209566068351,0.00801893405031515,0.931,0.0301582160420515,-0.0152307231705388,6.43033033033038e-05,0,100,1000,"a4946688fe37a3794fa02f90e84f8f30",TRUE,27,27,27,0.506549694568102,0.506549694568102,0.506549694568102,-13.2758284292323,0,0,0,4,40,0.296905211096469,0.00939428372244057,"ac322b5bea4c8163c656df36b45d9f48",3.06104580790674,0.611935240676044,0.0425714966717248,0.528495107199463,0.695375374152624
"2018","education","queen","mean_rank",0.2,0.8,"control_only",1,"Checkerboard (graph adaptation)",100,1,TRUE,0.842825194517837,0,0,0,0,0,0.842825194517837,0.842825194517837,0.842825194517837,0.0394809856509486,0.0394809856509486,0,NA,0.798588705964116,0.887061683071559,0.798588705964116,0.887061683071559,1,NA,FALSE,TRUE,1000,1000,1000,0,0,0,TRUE,0.0468436229810795,0.917878564677769,0.00751375115747492,0.94,0.0290403926264577,-0.0180037502458618,5.64564564564557e-05,0,100,1000,"ddfc2dcf2eb6943c622b8eab73de81e5",TRUE,27,27,27,0.503966288284889,0.503966288284889,0.503966288284889,-19.5536701450524,0,0,0,4,41,0.30993447595088,0.0100085851145355,"0993633601da4a9819929a697dba4c90",2.71936573668369,0.532890718566957,0.0407298416884391,0.453060228857617,0.612721208276298
"2019","education","queen","mean_rank",0.2,0.8,"control_only",1,"Checkerboard (graph adaptation)",100,1,TRUE,0.842825194517837,0,0,0,0,0,0.842825194517837,0.842825194517837,0.842825194517837,0.0394809856509486,0.0394809856509486,0,NA,0.798588705964116,0.887061683071559,0.798588705964116,0.887061683071559,1,NA,FALSE,TRUE,1000,1000,1000,0,0,0,TRUE,0.0468436229810795,0.917878564677769,0.00751375115747492,0.94,0.0290403926264577,-0.0180037502458618,5.64564564564557e-05,0,100,1000,"ddfc2dcf2eb6943c622b8eab73de81e5",TRUE,27,27,27,0.504182396758149,0.504182396758149,0.504182396758149,-11.9988555901808,0,0,0,4,42,0.30993447595088,0.0100085851145355,"0993633601da4a9819929a697dba4c90",2.71936573668369,0.532890718566957,0.0407298416884391,0.453060228857617,0.612721208276298
"2020","education","queen","mean_rank",0.2,0.8,"control_only",1,"Checkerboard (graph adaptation)",100,1,TRUE,0.842825194517837,0,0,0,0,0,0.842825194517837,0.842825194517837,0.842825194517837,0.0394809856509486,0.0394809856509486,0,NA,0.798588705964116,0.887061683071559,0.798588705964116,0.887061683071559,1,NA,FALSE,TRUE,1000,1000,1000,0,0,0,TRUE,0.0468436229810795,0.917878564677769,0.00751375115747492,0.94,0.0290403926264577,-0.0180037502458618,5.64564564564557e-05,0,100,1000,"ddfc2dcf2eb6943c622b8eab73de81e5",TRUE,27,27,27,0.504106224456118,0.504106224456118,0.504106224456118,-21.3607615436613,0,0,0,4,43,0.30993447595088,0.0100085851145355,"0993633601da4a9819929a697dba4c90",2.71936573668369,0.532890718566957,0.0407298416884391,0.453060228857617,0.612721208276298
"2021","education","queen","mean_rank",0.2,0.8,"control_only",1,"Checkerboard (graph adaptation)",100,1,TRUE,0.842825194517837,0,0,0,0,0,0.842825194517837,0.842825194517837,0.842825194517837,0.0394809856509486,0.0394809856509486,0,NA,0.798588705964116,0.887061683071559,0.798588705964116,0.887061683071559,1,NA,FALSE,TRUE,1000,1000,1000,0,0,0,TRUE,0.0468436229810795,0.917878564677769,0.00751375115747492,0.94,0.0290403926264577,-0.0180037502458618,5.64564564564557e-05,0,100,1000,"ddfc2dcf2eb6943c622b8eab73de81e5",TRUE,27,27,27,0.506549694568102,0.506549694568102,0.506549694568102,-13.2758284292323,0,0,0,4,44,0.30993447595088,0.0100085851145355,"0993633601da4a9819929a697dba4c90",2.71936573668369,0.532890718566957,0.0407298416884391,0.453060228857617,0.612721208276298
"2018","education","queen","mean_rank",0.5,0.8,"control_only",1,"Checkerboard (graph adaptation)",100,1,TRUE,0.955477877410203,0,0,0,0,0,0.955477877410203,0.955477877410203,0.955477877410203,0.0433373747388493,0.0433373747388493,0,NA,0.919854248571995,0.991101506248411,0.919854248571995,0.991101506248411,1,NA,FALSE,TRUE,1000,1000,1000,0,0,0,TRUE,0.0453567536867668,0.977120574410803,0.0079648879112916,0.932,0.0309147268672096,0.0267069368012454,6.34394394394391e-05,0,100,1000,"386381f5e313bf70dcd7a70fd69046ef",TRUE,27,27,27,0.503966288284889,0.503966288284889,0.503966288284889,-19.5536701450524,0,0,0,4,45,0.3140498083333,0.0110905346294429,"ea98103eca44b022795a79e797d526ab",3.04244056852331,0.641428069076903,0.0447339692808757,0.553749489286386,0.729106648867419
"2019","education","queen","mean_rank",0.5,0.8,"control_only",1,"Checkerboard (graph adaptation)",100,1,TRUE,0.955477877410203,0,0,0,0,0,0.955477877410203,0.955477877410203,0.955477877410203,0.0433373747388493,0.0433373747388493,0,NA,0.919854248571995,0.991101506248411,0.919854248571995,0.991101506248411,1,NA,FALSE,TRUE,1000,1000,1000,0,0,0,TRUE,0.0453567536867668,0.977120574410803,0.0079648879112916,0.932,0.0309147268672096,0.0267069368012454,6.34394394394391e-05,0,100,1000,"386381f5e313bf70dcd7a70fd69046ef",TRUE,27,27,27,0.504182396758149,0.504182396758149,0.504182396758149,-11.9988555901808,0,0,0,4,46,0.3140498083333,0.0110905346294429,"ea98103eca44b022795a79e797d526ab",3.04244056852331,0.641428069076903,0.0447339692808757,0.553749489286386,0.729106648867419
"2020","education","queen","mean_rank",0.5,0.8,"control_only",1,"Checkerboard (graph adaptation)",100,1,TRUE,0.955477877410203,0,0,0,0,0,0.955477877410203,0.955477877410203,0.955477877410203,0.0433373747388493,0.0433373747388493,0,NA,0.919854248571995,0.991101506248411,0.919854248571995,0.991101506248411,1,NA,FALSE,TRUE,1000,1000,1000,0,0,0,TRUE,0.0453567536867668,0.977120574410803,0.0079648879112916,0.932,0.0309147268672096,0.0267069368012454,6.34394394394391e-05,0,100,1000,"386381f5e313bf70dcd7a70fd69046ef",TRUE,27,27,27,0.504106224456118,0.504106224456118,0.504106224456118,-21.3607615436613,0,0,0,4,47,0.3140498083333,0.0110905346294429,"ea98103eca44b022795a79e797d526ab",3.04244056852331,0.641428069076903,0.0447339692808757,0.553749489286386,0.729106648867419
"2021","education","queen","mean_rank",0.5,0.8,"control_only",1,"Checkerboard (graph adaptation)",100,1,TRUE,0.955477877410203,0,0,0,0,0,0.955477877410203,0.955477877410203,0.955477877410203,0.0433373747388493,0.0433373747388493,0,NA,0.919854248571995,0.991101506248411,0.919854248571995,0.991101506248411,1,NA,FALSE,TRUE,1000,1000,1000,0,0,0,TRUE,0.0453567536867668,0.977120574410803,0.0079648879112916,0.932,0.0309147268672096,0.0267069368012454,6.34394394394391e-05,0,100,1000,"386381f5e313bf70dcd7a70fd69046ef",TRUE,27,27,27,0.506549694568102,0.506549694568102,0.506549694568102,-13.2758284292323,0,0,0,4,48,0.3140498083333,0.0110905346294429,"ea98103eca44b022795a79e797d526ab",3.04244056852331,0.641428069076903,0.0447339692808757,0.553749489286386,0.729106648867419
"2018","education","queen","mean_rank",0,0.5,"both",2,"High Incidence Focus",100,1,TRUE,0.070273859837601,0,0,0,0,0,0.070273859837601,0.070273859837601,0.070273859837601,0.00285758618809213,0.00285758618809213,0,NA,0.0700811368992346,0.0704665827759674,0.0700811368992346,0.0704665827759674,1,NA,FALSE,TRUE,1000,1000,1000,0,0,0,TRUE,0.0406635724107918,0.264666836087179,0.00733517585370683,0.943,0.00837368812275541,0.0150108531803917,5.38048048048037e-05,0,100,1000,"5f15f55bd9fe08658993fc41313af837",TRUE,29,29,29,0.222331266315861,0.222331266315861,0.222331266315861,53.4219564460164,0,0,0,1,49,0.0739447455938411,0.000976284764408213,"d24fc8915c9581042d0922c6cad71eee",0.950356367761365,-0.00367088575624004,0.0030197567391415,-0.00958960896495737,0.00224783745247729
"2019","education","queen","mean_rank",0,0.5,"both",2,"High Incidence Focus",100,1,TRUE,0.0743764239209149,0,0,0,0,0,0.0743764239209149,0.0743764239209149,0.0743764239209149,0.00323670661826812,0.00323670661826812,0,NA,0.0800233330640416,0.0687295147777883,0.0800233330640416,0.0687295147777883,1,NA,FALSE,TRUE,1000,1000,1000,0,0,0,TRUE,0.0435179112901387,0.272711801671224,0.00823035471524408,0.927,0.00862821956974375,0.00216729097025584,6.77387387387405e-05,0,100,1000,"cf541114ef14b67dabe6b17a4b9f73f8",TRUE,29,29,29,0.235017910676067,0.235017910676067,0.235017910676067,50.0672756676011,0,0,0,1,50,0.0739447455938411,0.000976284764408213,"d24fc8915c9581042d0922c6cad71eee",1.00583784991898,0.000431678327073873,0.0033807398116324,-0.00619457170372563,0.00705792835787338
"2020","education","queen","mean_rank",0,0.5,"both",2,"High Incidence Focus",100,1,TRUE,0.0754254901473293,0,0,0,0,0,0.0754254901473293,0.0754254901473293,0.0754254901473293,0.003319088039301,0.003319088039301,0,NA,0.0740294119759727,0.0768215683186859,0.0740294119759727,0.0768215683186859,1,NA,FALSE,TRUE,1000,1000,1000,0,0,0,TRUE,0.0440048587396356,0.274636115287972,0.00828206451270416,0.926,0.00868910215826613,0.000703083822162659,6.85925925925936e-05,0,100,1000,"3117b0a7744ec63df769585afe40ffc0",TRUE,29,29,29,0.233336934599855,0.233336934599855,0.233336934599855,65.9989237607368,0,0,0,1,51,0.0739447455938411,0.000976284764408213,"d24fc8915c9581042d0922c6cad71eee",1.02002501383427,0.00148074455348823,0.00345969324562837,-0.00530025420794338,0.00826174331491984
"2021","education","queen","mean_rank",0,0.5,"both",2,"High Incidence Focus",100,1,TRUE,0.0692135485499906,0,0,0,0,0,0.0692135485499906,0.0692135485499906,0.0692135485499906,0.00307324293757134,0.00307324293757134,0,NA,0.0688993029425067,0.0695277941574745,0.0688993029425067,0.0695277941574745,1,NA,FALSE,TRUE,1000,1000,1000,0,0,0,TRUE,0.0444023316526192,0.263082918284229,0.00757207609155742,0.939,0.00832357518117924,-0.000962630273907567,5.73363363363355e-05,0,100,1000,"7f71278e80ef03625b0b19f8af48f94b",TRUE,29,29,29,0.223989677404995,0.223989677404995,0.223989677404995,63.6592646906665,0,0,0,1,52,0.0739447455938411,0.000976284764408213,"d24fc8915c9581042d0922c6cad71eee",0.93601713000897,-0.00473119704385049,0.00322458587954294,-0.0110513853677547,0.00158899128005368
"2018","education","queen","mean_rank",0.2,0.5,"both",2,"High Incidence Focus",100,1,TRUE,0.0763281242566734,0,0,0,0,0,0.0763281242566734,0.0763281242566734,0.0763281242566734,0.00335410027296297,0.00335410027296297,0,NA,0.073601766137213,0.0790544823761338,0.073601766137213,0.0790544823761338,1,NA,FALSE,TRUE,1000,1000,1000,0,0,0,TRUE,0.0439431769826274,0.276272357446564,0.0080724943583235,0.93,0.00874087056919328,-0.00130719837498139,6.51651651651648e-05,0,100,1000,"612945b1accf385a13f4486f39da892b",TRUE,29,29,29,0.222331266315861,0.222331266315861,0.222331266315861,53.4219564460164,0,0,0,1,53,0.076248736282043,0.00137984579125495,"c361e7920bc94937367580206aa4be86",1.00104117102134,7.93879746303627e-05,0.00362683926425397,-0.00702921698330742,0.00718799293256815
"2019","education","queen","mean_rank",0.2,0.5,"both",2,"High Incidence Focus",100,1,TRUE,0.0712566909878985,0,0,0,0,0,0.0712566909878985,0.0712566909878985,0.0712566909878985,0.0032634467170792,0.0032634467170792,0,NA,0.0734454991114864,0.0690678828643106,0.0734454991114864,0.0690678828643106,1,NA,FALSE,TRUE,1000,1000,1000,0,0,0,TRUE,0.0457984600720995,0.266842268856625,0.00745483565040673,0.941,0.00844251576966679,0.00720378645901939,5.55745745745751e-05,0,100,1000,"c062ed326f379a8b23f37944a1c1bb69",TRUE,29,29,29,0.235017910676067,0.235017910676067,0.235017910676067,50.0672756676011,0,0,0,1,54,0.076248736282043,0.00137984579125495,"c361e7920bc94937367580206aa4be86",0.934529468453365,-0.00499204529414451,0.00354317073859827,-0.0119366599417971,0.0019525693535081
"2020","education","queen","mean_rank",0.2,0.5,"both",2,"High Incidence Focus",100,1,TRUE,0.071492963854186,0,0,0,0,0,0.071492963854186,0.071492963854186,0.071492963854186,0.0033066054652022,0.0033066054652022,0,NA,0.0683541771531362,0.0746317505552358,0.0683541771531362,0.0746317505552358,1,NA,FALSE,TRUE,1000,1000,1000,0,0,0,TRUE,0.0462507817125362,0.267215650201724,0.00823035471524406,0.927,0.00845432903263897,-0.00942126007792256,6.77387387387401e-05,0,100,1000,"f413cf9e4ec6012cdac0bbb1a7171b3b",TRUE,29,29,29,0.233336934599855,0.233336934599855,0.233336934599855,65.9989237607368,0,0,0,1,55,0.076248736282043,0.00137984579125495,"c361e7920bc94937367580206aa4be86",0.937628180350878,-0.00475577242785705,0.00358296163950287,-0.0117783772412827,0.00226683238556857
"2021","education","queen","mean_rank",0.2,0.5,"both",2,"High Incidence Focus",100,1,TRUE,0.069576666985572,0,0,0,0,0,0.069576666985572,0.069576666985572,0.069576666985572,0.00320156005685637,0.00320156005685637,0,NA,0.0703345780193583,0.0688187559517857,0.0703345780193583,0.0688187559517857,1,NA,FALSE,TRUE,1000,1000,1000,0,0,0,TRUE,0.046014852328587,0.263769856385351,0.00768700787628642,0.937,0.00834530894088814,0.00145939988465896,5.90900900900895e-05,0,100,1000,"f100338e65ed8312287e1de9a890efdd",TRUE,29,29,29,0.223989677404995,0.223989677404995,0.223989677404995,63.6592646906665,0,0,0,1,56,0.076248736282043,0.00137984579125495,"c361e7920bc94937367580206aa4be86",0.912496001615146,-0.00667206929647107,0.0034862531757321,-0.013505125520906,0.000160986927963841
"2018","education","queen","mean_rank",0.5,0.5,"both",2,"High Incidence Focus",100,1,TRUE,0.0707591158439953,0,0,0,0,0,0.0707591158439953,0.0707591158439953,0.0707591158439953,0.00339087183633075,0.00339087183633075,0,NA,0.0654648893279985,0.0760533423599921,0.0654648893279985,0.0760533423599921,1,NA,FALSE,TRUE,1000,1000,1000,0,0,0,TRUE,0.0479213426550821,0.264898709516029,0.00721297629463923,0.945,0.00838102427338857,0.0242443713207421,5.20270270270275e-05,0,100,1000,"551eb44da15459afcea1098f80732751",TRUE,29,29,29,0.222331266315861,0.222331266315861,0.222331266315861,53.4219564460164,0,0,0,1,57,0.0776358075754377,0.00118433568419962,"9bb12b1bef60f74a0c4078eb671ec8a0",0.911423710962749,-0.00687669173144237,0.00359174927066042,-0.0139165203019368,0.000163136839052056
"2019","education","queen","mean_rank",0.5,0.5,"both",2,"High Incidence Focus",100,1,TRUE,0.0710012535490536,0,0,0,0,0,0.0710012535490536,0.0710012535490536,0.0710012535490536,0.00323320900891047,0.00323320900891047,0,NA,0.0693739747949683,0.0726285323031388,0.0693739747949683,0.0726285323031388,1,NA,FALSE,TRUE,1000,1000,1000,0,0,0,TRUE,0.0455373510648893,0.266343997796476,0.00751375115747492,0.94,0.0084267511709737,0.00788215623064904,5.64564564564557e-05,0,100,1000,"f2aef6718d57b521994f7ca8f9c68096",TRUE,29,29,29,0.235017910676067,0.235017910676067,0.235017910676067,50.0672756676011,0,0,0,1,58,0.0776358075754377,0.00118433568419962,"9bb12b1bef60f74a0c4078eb671ec8a0",0.914542603038715,-0.0066345540263841,0.00344329660473338,-0.0133834153716615,0.000114307318893322
"2020","education","queen","mean_rank",0.5,0.5,"both",2,"High Incidence Focus",100,1,TRUE,0.0725543920168415,0,0,0,0,0,0.0725543920168415,0.0725543920168415,0.0725543920168415,0.00333668365961824,0.00333668365961824,0,NA,0.079581844849436,0.065526939184247,0.079581844849436,0.065526939184247,1,NA,FALSE,TRUE,1000,1000,1000,0,0,0,TRUE,0.0459887205566236,0.269042713734912,0.00817819557621868,0.928,0.00851213476468143,0.0130541258993273,6.68828828828828e-05,0,100,1000,"9fcfb4f7b23ad9911c76e4b7f17adc3e",TRUE,29,29,29,0.233336934599855,0.233336934599855,0.233336934599855,65.9989237607368,0,0,0,1,59,0.0776358075754377,0.00118433568419962,"9bb12b1bef60f74a0c4078eb671ec8a0",0.93454804274872,-0.00508141555859613,0.00354063678696813,-0.0120210636610537,0.0018582325438614
"2021","education","queen","mean_rank",0.5,0.5,"both",2,"High Incidence Focus",100,1,TRUE,0.0663400430270945,0,0,0,0,0,0.0663400430270945,0.0663400430270945,0.0663400430270945,0.00280598737417223,0.00280598737417223,0,NA,0.0693155511847027,0.0633645348694864,0.0693155511847027,0.0633645348694864,1,NA,FALSE,TRUE,1000,1000,1000,0,0,0,TRUE,0.0422970388039425,0.256709690664088,0.00751375115747492,0.94,0.00812193518269899,0.0209804133954252,5.64564564564557e-05,0,100,1000,"e64e5f63b2770c5895978ff09018778d",TRUE,29,29,29,0.223989677404995,0.223989677404995,0.223989677404995,63.6592646906665,0,0,0,1,60,0.0776358075754377,0.00118433568419962,"9bb12b1bef60f74a0c4078eb671ec8a0",0.854503161606618,-0.0112957645483431,0.00304568812534747,-0.0172653132740242,-0.0053262158226621
"2018","education","queen","mean_rank",0,0.8,"both",2,"High Incidence Focus",100,1,TRUE,0.0700862080814062,0,0,0,0,0,0.0700862080814062,0.0700862080814062,0.0700862080814062,0.00311132855653052,0.00311132855653052,0,NA,0.0658552913018213,0.0743171248609911,0.0658552913018213,0.0743171248609911,1,NA,FALSE,TRUE,1000,1000,1000,0,0,0,TRUE,0.0443928790228837,0.26408300430001,0.00817819557621868,0.928,0.00835521650245652,0.0186111504557689,6.68828828828828e-05,0,100,1000,"328e5e1791275cce63de92b733d949cd",TRUE,29,29,29,0.222331266315861,0.222331266315861,0.222331266315861,53.4219564460164,0,0,0,1,61,0.0749971340756,0.00111408493648401,"2e91cec91465861785706a02012228b9",0.93451848454311,-0.00491092599419382,0.00330477694139603,-0.01138828879933,0.00156643681094239
"2019","education","queen","mean_rank",0,0.8,"both",2,"High Incidence Focus",100,1,TRUE,0.0708126437377973,0,0,0,0,0,0.0708126437377973,0.0708126437377973,0.0708126437377973,0.00323405584722856,0.00323405584722856,0,NA,0.0660579213573503,0.0755673661182443,0.0660579213573503,0.0755673661182443,1,NA,FALSE,TRUE,1000,1000,1000,0,0,0,TRUE,0.0456705988721945,0.266045870866742,0.00762982399628031,0.938,0.00841731885233682,0.0056778809915651,5.82142142142148e-05,0,100,1000,"664c5821f9cb57f9a075246f775f919d",TRUE,29,29,29,0.235017910676067,0.235017910676067,0.235017910676067,50.0672756676011,0,0,0,1,62,0.0749971340756,0.00111408493648401,"2e91cec91465861785706a02012228b9",0.944204663426411,-0.00418449033780269,0.00342057048877724,-0.0108888084958061,0.00251982782020071
"2020","education","queen","mean_rank",0,0.8,"both",2,"High Incidence Focus",100,1,TRUE,0.0755262456686293,0,0,0,0,0,0.0755262456686293,0.0755262456686293,0.0755262456686293,0.00315676076109285,0.00315676076109285,0,NA,0.0770928166906399,0.0739596746466186,0.0770928166906399,0.0739596746466186,1,NA,FALSE,TRUE,1000,1000,1000,0,0,0,TRUE,0.041796871182279,0.27391886556686,0.00812557844248792,0.929,0.00866640938134131,0.0222418694176922,6.60250250250245e-05,0,100,1000,"343f6af7a98a22a237909145a92be1ac",TRUE,29,29,29,0.233336934599855,0.233336934599855,0.233336934599855,65.9989237607368,0,0,0,1,63,0.0749971340756,0.00111408493648401,"2e91cec91465861785706a02012228b9",1.00705509083182,0.000529111593029263,0.00334758476344903,-0.00603215454333083,0.00709037772938936
"2021","education","queen","mean_rank",0,0.8,"both",2,"High Incidence Focus",100,1,TRUE,0.072799844692446,0,0,0,0,0,0.072799844692446,0.072799844692446,0.072799844692446,0.0032146711829014,0.0032146711829014,0,NA,0.073119660227578,0.0724800291573141,0.073119660227578,0.0724800291573141,1,NA,FALSE,TRUE,1000,1000,1000,0,0,0,TRUE,0.0441576653972583,0.269751244412348,0.00843458014024064,0.923,0.00853455168327222,0.00584044779412139,7.11421421421418e-05,0,100,1000,"8f287e3c0762c56d3176750589e6a756",TRUE,29,29,29,0.223989677404995,0.223989677404995,0.223989677404995,63.6592646906665,0,0,0,1,64,0.0749971340756,0.00111408493648401,"2e91cec91465861785706a02012228b9",0.970701688668009,-0.00219728938315399,0.00340224867696017,-0.00886569678999593,0.00447111802368795
"2018","education","queen","mean_rank",0.2,0.8,"both",2,"High Incidence Focus",100,1,TRUE,0.067769312888815,0,0,0,0,0,0.067769312888815,0.067769312888815,0.067769312888815,0.00318672158400057,0.00318672158400057,0,NA,0.0619542354912291,0.073584390286401,0.0619542354912291,0.073584390286401,1,NA,FALSE,TRUE,1000,1000,1000,0,0,0,TRUE,0.0470230764952394,0.260022339504783,0.00779973306183203,0.935,0.00822674275384119,0.0125577007160689,6.08358358358356e-05,0,100,1000,"7dffc86776f3a6c9a85766792ebaaf1b",TRUE,29,29,29,0.222331266315861,0.222331266315861,0.222331266315861,53.4219564460164,0,0,0,1,65,0.0757510156278693,0.00115862874857457,"612f320d9e368a4c0c6170ca00da95fb",0.894632399672834,-0.00798170273905427,0.00339081332882814,-0.0146276968635574,-0.00133570861455112
"2019","education","queen","mean_rank",0.2,0.8,"both",2,"High Incidence Focus",100,1,TRUE,0.0726837870001189,0,0,0,0,0,0.0726837870001189,0.0726837870001189,0.0726837870001189,0.0034081428083531,0.0034081428083531,0,NA,0.065782372233229,0.0795852017670087,0.065782372233229,0.0795852017670087,1,NA,FALSE,TRUE,1000,1000,1000,0,0,0,TRUE,0.0468900004941615,0.269553352636393,0.0080724943583235,0.93,0.00852829066455752,-0.00497765834495594,6.51651651651647e-05,0,100,1000,"eaa05b5c09c2d6b8ccb4d48114a60c83",TRUE,29,29,29,0.235017910676067,0.235017910676067,0.235017910676067,50.0672756676011,0,0,0,1,66,0.0757510156278693,0.00115862874857457,"612f320d9e368a4c0c6170ca00da95fb",0.959509075854265,-0.00306722862775044,0.00359970248481072,-0.0101226454979794,0.00398818824247857
"2020","education","queen","mean_rank",0.2,0.8,"both",2,"High Incidence Focus",100,1,TRUE,0.0700216207198424,0,0,0,0,0,0.0700216207198424,0.0700216207198424,0.0700216207198424,0.0032831553897269,0.0032831553897269,0,NA,0.0691043221246412,0.0709389193150437,0.0691043221246412,0.0709389193150437,1,NA,FALSE,TRUE,1000,1000,1000,0,0,0,TRUE,0.0468877377583539,0.264387634465023,0.00779973306183202,0.935,0.00836485457435219,0.0109908808487714,6.08358358358355e-05,0,100,1000,"b328311b0d1e7401e6219e8636cb25a9",TRUE,29,29,29,0.233336934599855,0.233336934599855,0.233336934599855,65.9989237607368,0,0,0,1,67,0.0757510156278693,0.00115862874857457,"612f320d9e368a4c0c6170ca00da95fb",0.924365437736534,-0.00572939490802686,0.00348159875489928,-0.0125533284676295,0.00109453865157573
"2021","education","queen","mean_rank",0.2,0.8,"both",2,"High Incidence Focus",100,1,TRUE,0.0735054197546234,0,0,0,0,0,0.0735054197546234,0.0735054197546234,0.0735054197546234,0.00326361878121126,0.00326361878121126,0,NA,0.0767146928280575,0.0702961466811894,0.0767146928280575,0.0702961466811894,1,NA,FALSE,TRUE,1000,1000,1000,0,0,0,TRUE,0.0443997026628228,0.271027642806356,0.00848457353011858,0.922,0.00857493514132016,0.0070311158043286,7.19879879879889e-05,0,100,1000,"b5dc2156d015a2ac06f760224a86dc24",TRUE,29,29,29,0.223989677404995,0.223989677404995,0.223989677404995,63.6592646906665,0,0,0,1,68,0.0757510156278693,0.00115862874857457,"612f320d9e368a4c0c6170ca00da95fb",0.970355567451696,-0.00224559587324588,0.00346318179223938,-0.00903343218603506,0.0045422404395433
"2018","education","queen","mean_rank",0.5,0.8,"both",2,"High Incidence Focus",100,1,TRUE,0.0751142371648143,0,0,0,0,0,0.0751142371648143,0.0751142371648143,0.0751142371648143,0.00328041377422129,0.00328041377422129,0,NA,0.0788969148106187,0.07133155951901,0.0788969148106187,0.07133155951901,1,NA,FALSE,TRUE,1000,1000,1000,0,0,0,TRUE,0.0436723302803896,0.272777268441649,0.00828206451270416,0.926,0.00863029084669721,0.0265856913832811,6.85925925925937e-05,0,100,1000,"3badd73313c6dd58b6f535ccedcb9099",TRUE,29,29,29,0.222331266315861,0.222331266315861,0.222331266315861,53.4219564460164,0,0,0,1,69,0.0797217401573523,0.00128455710598549,"7d6a4746e8d1b36fa0aba44b29c6c563",0.942205187901771,-0.00460750299253802,0.0035229535178084,-0.0115124918874425,0.00229748590236644
"2019","education","queen","mean_rank",0.5,0.8,"both",2,"High Incidence Focus",100,1,TRUE,0.0706757768729566,0,0,0,0,0,0.0706757768729566,0.0706757768729566,0.0706757768729566,0.00324224290687226,0.00324224290687226,0,NA,0.0732905255182078,0.0680610282277053,0.0732905255182078,0.0680610282277053,1,NA,FALSE,TRUE,1000,1000,1000,0,0,0,TRUE,0.0458748817533391,0.265101262755666,0.00733517585370681,0.943,0.00838743277428749,0.0199273018321037,5.38048048048034e-05,0,100,1000,"c3dcbe9721e832aa7d1d2a641113597c",TRUE,29,29,29,0.235017910676067,0.235017910676067,0.235017910676067,50.0672756676011,0,0,0,1,70,0.0797217401573523,0.00128455710598549,"7d6a4746e8d1b36fa0aba44b29c6c563",0.886530784870713,-0.00904596328439576,0.0034874383185515,-0.0158813423887567,-0.00221058418003483
"2020","education","queen","mean_rank",0.5,0.8,"both",2,"High Incidence Focus",100,1,TRUE,0.0724854246514837,0,0,0,0,0,0.0724854246514837,0.0724854246514837,0.0724854246514837,0.00322199506234444,0.00322199506234444,0,NA,0.0777697877144792,0.0672010615884883,0.0777697877144792,0.0672010615884883,1,NA,FALSE,TRUE,1000,1000,1000,0,0,0,TRUE,0.0444502474509334,0.268580246655275,0.00739531545579293,0.942,0.00849750295380109,0.0187103115440501,5.46906906906897e-05,0,100,1000,"aa18670ebf45fc96edbcb23f3bec2f95",TRUE,29,29,29,0.233336934599855,0.233336934599855,0.233336934599855,65.9989237607368,0,0,0,1,71,0.0797217401573523,0.00128455710598549,"7d6a4746e8d1b36fa0aba44b29c6c563",0.909230336774062,-0.00723631550586859,0.00346862208092922,-0.0140348147844899,-0.000437816227247316
"2021","education","queen","mean_rank",0.5,0.8,"both",2,"High Incidence Focus",100,1,TRUE,0.0704257471353705,0,0,0,0,0,0.0704257471353705,0.0704257471353705,0.0704257471353705,0.00301121870232347,0.00301121870232347,0,NA,0.0695949236356114,0.0712565706351297,0.0695949236356114,0.0712565706351297,1,NA,FALSE,TRUE,1000,1000,1000,0,0,0,TRUE,0.04275735543899,0.263868170014252,0.00745483565040673,0.941,0.00834841944645357,0.0282725306384169,5.55745745745751e-05,0,100,1000,"a21caad647f7d91a2036b1574919055c",TRUE,29,29,29,0.223989677404995,0.223989677404995,0.223989677404995,63.6592646906665,0,0,0,1,72,0.0797217401573523,0.00128455710598549,"7d6a4746e8d1b36fa0aba44b29c6c563",0.883394504389472,-0.00929599302198179,0.00327376313006309,-0.0157125687569054,-0.00287941728705815
"2018","education","queen","mean_rank",0,0.5,"control_only",2,"High Incidence Focus",100,1,TRUE,0.193803657160923,0,0,0,0,0,0.193803657160923,0.193803657160923,0.193803657160923,0.00888086388941907,0.00888086388941907,0,NA,0.185737300274854,0.201870014046992,0.185737300274854,0.201870014046992,1,NA,FALSE,TRUE,1000,1000,1000,0,0,0,TRUE,0.0458240263342653,0.440186685200336,0.00739531545579294,0.942,0.0139268903960562,0.00627210756152234,5.469069069069e-05,0,100,1000,"9703ebda1a670f9cc3da3ef29ec94415",TRUE,29,29,29,0.222331266315861,0.222331266315861,0.222331266315861,53.4219564460164,0,0,0,1,73,0.291314560861691,0.00939995962833679,"0dd60f1250552439401423f40b9ab1de",0.665272812274345,-0.0975109037007682,0.0129317046222356,-0.12285704476035,-0.0721647626411864
"2019","education","queen","mean_rank",0,0.5,"control_only",2,"High Incidence Focus",100,1,TRUE,0.439354886177248,0,0,0,0,0,0.439354886177248,0.439354886177248,0.439354886177248,0.0204564481505047,0.0204564481505047,0,NA,0.457858276281872,0.420851496072624,0.457858276281872,0.420851496072624,1,NA,FALSE,TRUE,1000,1000,1000,0,0,0,TRUE,0.0465601926690581,0.662500241558998,0.00848457353011859,0.922,0.0209605800487895,0.0211734766043855,7.1987987987989e-05,0,100,1000,"29703afafc3bb4504257159b4dc1a699",TRUE,29,29,29,0.235017910676067,0.235017910676067,0.235017910676067,50.0672756676011,0,0,0,1,74,0.291314560861691,0.00939995962833679,"0dd60f1250552439401423f40b9ab1de",1.50818031504385,0.148040325315556,0.0225127855217574,0.103915265692912,0.192165384938201
"2020","education","queen","mean_rank",0,0.5,"control_only",2,"High Incidence Focus",100,1,TRUE,0.271765367309584,0,0,0,0,0,0.271765367309584,0.271765367309584,0.271765367309584,0.0117207458432589,0.0117207458432589,0,NA,0.267352550723247,0.276178183895922,0.267352550723247,0.276178183895922,1,NA,FALSE,TRUE,1000,1000,1000,0,0,0,TRUE,0.043128180604069,0.520832072093724,0.0083841692667964,0.924,0.0164783975224033,0.0223454690741263,7.02942942942932e-05,0,100,1000,"88911148eca3299192051fa6b1c55183",TRUE,29,29,29,0.233336934599855,0.233336934599855,0.233336934599855,65.9989237607368,0,0,0,1,75,0.291314560861691,0.00939995962833679,"0dd60f1250552439401423f40b9ab1de",0.932893180847941,-0.019549193552107,0.0150244841554255,-0.0489971824967411,0.00989879539252698
"2021","education","queen","mean_rank",0,0.5,"control_only",2,"High Incidence Focus",100,1,TRUE,0.339372595891547,0,0,0,0,0,0.339372595891547,0.339372595891547,0.339372595891547,0.0155452192738817,0.0155452192738817,0,NA,0.351784179617215,0.326961012165878,0.351784179617215,0.326961012165878,1,NA,FALSE,TRUE,1000,1000,1000,0,0,0,TRUE,0.0458057588092632,0.582555745153477,0.00838416926679638,0.924,0.0184312481161326,-0.0011830808187992,7.02942942942929e-05,0,100,1000,"4915a370a503e23c08ee1545809fbb1a",TRUE,29,29,29,0.223989677404995,0.223989677404995,0.223989677404995,63.6592646906665,0,0,0,1,76,0.291314560861691,0.00939995962833679,"0dd60f1250552439401423f40b9ab1de",1.16496956035326,0.0480580350298555,0.0181662622266504,0.0124521610656206,0.0836639089940903
"2018","education","queen","mean_rank",0.2,0.5,"control_only",2,"High Incidence Focus",100,1,TRUE,0.216490701044807,0,0,0,0,0,0.216490701044807,0.216490701044807,0.216490701044807,0.0100929096732312,0.0100929096732312,0,NA,0.21948833671499,0.213493065374624,0.21948833671499,0.213493065374624,1,NA,FALSE,TRUE,1000,1000,1000,0,0,0,TRUE,0.0466205228424214,0.464214526837982,0.00779973306183205,0.935,0.0146870976630911,0.031552719651334,6.08358358358359e-05,0,100,1000,"e5d4cb2b44270895fdc5b25c2383ba03",TRUE,29,29,29,0.222331266315861,0.222331266315861,0.222331266315861,53.4219564460164,0,0,0,1,77,0.310117368630307,0.00974141840181621,"c843422616aa1553b3a3638fad96698c",0.698092796288644,-0.0936266675854996,0.0140271899591917,-0.121119959905515,-0.0661333752654838
"2019","education","queen","mean_rank",0.2,0.5,"control_only",2,"High Incidence Focus",100,1,TRUE,0.45943524484482,0,0,0,0,0,0.45943524484482,0.45943524484482,0.45943524484482,0.0207119285900858,0.0207119285900858,0,NA,0.504510359892817,0.414360129796824,0.504510359892817,0.414360129796824,1,NA,FALSE,TRUE,1000,1000,1000,0,0,0,TRUE,0.0450812792934105,0.677587253208998,0.00848457353011858,0.922,0.0214379119734431,0.0176283616228454,7.1987987987989e-05,0,100,1000,"fbb640550b5203cab22583a61422782d",TRUE,29,29,29,0.235017910676067,0.235017910676067,0.235017910676067,50.0672756676011,0,0,0,1,78,0.310117368630307,0.00974141840181621,"c843422616aa1553b3a3638fad96698c",1.48148827288844,0.149317876214514,0.0228884079481308,0.104456596636177,0.19417915579285
"2020","education","queen","mean_rank",0.2,0.5,"control_only",2,"High Incidence Focus",100,1,TRUE,0.250937753050589,0,0,0,0,0,0.250937753050589,0.250937753050589,0.250937753050589,0.0111741536164609,0.0111741536164609,0,NA,0.24535508465117,0.256520421450008,0.24535508465117,0.256520421450008,1,NA,FALSE,TRUE,1000,1000,1000,0,0,0,TRUE,0.0445295834549385,0.498945391557525,0.0079648879112916,0.932,0.0157859335946895,0.0446234164323771,6.34394394394391e-05,0,100,1000,"e935d44ca44cb12bf005bc71c303a970",TRUE,29,29,29,0.233336934599855,0.233336934599855,0.233336934599855,65.9989237607368,0,0,0,1,79,0.310117368630307,0.00974141840181621,"c843422616aa1553b3a3638fad96698c",0.809170264016182,-0.0591796155797177,0.0148242012103017,-0.0882350499519091,-0.0301241812075264
"2021","education","queen","mean_rank",0.2,0.5,"control_only",2,"High Incidence Focus",100,1,TRUE,0.353193217511373,0,0,0,0,0,0.353193217511373,0.353193217511373,0.353193217511373,0.014967750692818,0.014967750692818,0,NA,0.333706801755175,0.372679633267571,0.333706801755175,0.372679633267571,1,NA,FALSE,TRUE,1000,1000,1000,0,0,0,TRUE,0.0423783638833214,0.589640541848482,0.00762982399628031,0.938,0.0186554011638441,0.0742781860306358,5.82142142142148e-05,0,100,1000,"86d7c5af329bff2dca88b0bcc1052022",TRUE,29,29,29,0.223989677404995,0.223989677404995,0.223989677404995,63.6592646906665,0,0,0,1,80,0.310117368630307,0.00974141840181621,"c843422616aa1553b3a3638fad96698c",1.13890176184365,0.0430758488810665,0.0178585775828199,0.00807303681873946,0.0780786609433936
"2018","education","queen","mean_rank",0.5,0.5,"control_only",2,"High Incidence Focus",100,1,TRUE,0.217976729527826,0,0,0,0,0,0.217976729527826,0.217976729527826,0.217976729527826,0.009849121202157,0.009849121202157,0,NA,0.234812456106778,0.201141002948875,0.234812456106778,0.201141002948875,1,NA,FALSE,TRUE,1000,1000,1000,0,0,0,TRUE,0.0451842782644359,0.46406961778467,0.00823035471524409,0.927,0.0146825129435375,0.0511480143995522,6.77387387387406e-05,0,100,1000,"960d2475b1a980b2e9472e93b5a3049f",TRUE,29,29,29,0.222331266315861,0.222331266315861,0.222331266315861,53.4219564460164,0,0,0,1,81,0.323355231421774,0.0102073714961828,"41da99612ef331d16cf24a6f62f4a4aa",0.674109178841472,-0.105378501893948,0.0141843442328457,-0.133179816590325,-0.07757718719757
"2019","education","queen","mean_rank",0.5,0.5,"control_only",2,"High Incidence Focus",100,1,TRUE,0.41806951995597,0,0,0,0,0,0.41806951995597,0.41806951995597,0.41806951995597,0.0186170072635916,0.0186170072635916,0,NA,0.400278897650422,0.435860142261518,0.400278897650422,0.435860142261518,1,NA,FALSE,TRUE,1000,1000,1000,0,0,0,TRUE,0.0445308887037549,0.645590141377265,0.00696042006257142,0.949,0.0204255681555739,0.0358174442479268,4.84474474474467e-05,0,100,1000,"d39be39efc6241515999607b1f5591a2",TRUE,29,29,29,0.235017910676067,0.235017910676067,0.235017910676067,50.0672756676011,0,0,0,1,82,0.323355231421774,0.0102073714961828,"41da99612ef331d16cf24a6f62f4a4aa",1.29291095158023,0.0947142885341963,0.0212316601403118,0.0531002346591851,0.136328342409207
"2020","education","queen","mean_rank",0.5,0.5,"control_only",2,"High Incidence Focus",100,1,TRUE,0.260721285338398,0,0,0,0,0,0.260721285338398,0.260721285338398,0.260721285338398,0.0119304882381016,0.0119304882381016,0,NA,0.260273716970853,0.261168853705943,0.260273716970853,0.261168853705943,1,NA,FALSE,TRUE,1000,1000,1000,0,0,0,TRUE,0.0457595482571233,0.510182846178058,0.00774364022691931,0.936,0.0161414709248557,0.0208506307831153,5.99639639639629e-05,0,100,1000,"8c3ab65e677edf8afb6892e3a289adf1",TRUE,29,29,29,0.233336934599855,0.233336934599855,0.233336934599855,65.9989237607368,0,0,0,1,83,0.323355231421774,0.0102073714961828,"41da99612ef331d16cf24a6f62f4a4aa",0.806299883233749,-0.0626339460833758,0.015701177741194,-0.0934082544561161,-0.0318596377106355
"2021","education","queen","mean_rank",0.5,0.5,"control_only",2,"High Incidence Focus",100,1,TRUE,0.350445229005573,0,0,0,0,0,0.350445229005573,0.350445229005573,0.350445229005573,0.0158939812332399,0.0158939812332399,0,NA,0.339574422188481,0.361316035822665,0.339574422188481,0.361316035822665,1,NA,FALSE,TRUE,1000,1000,1000,0,0,0,TRUE,0.0453536813108878,0.5896706136214,0.00823035471524406,0.927,0.0186563525926345,0.0522857192446955,6.77387387387402e-05,0,100,1000,"11011b2b5e473e8fdf155a4e7c43a8d2",TRUE,29,29,29,0.223989677404995,0.223989677404995,0.223989677404995,63.6592646906665,0,0,0,1,84,0.323355231421774,0.0102073714961828,"41da99612ef331d16cf24a6f62f4a4aa",1.08377782374105,0.0270899975837992,0.0188893904693525,-0.00993320773613181,0.0641132029037301
"2018","education","queen","mean_rank",0,0.8,"control_only",2,"High Incidence Focus",100,1,TRUE,0.219591060590112,0,0,0,0,0,0.219591060590112,0.219591060590112,0.219591060590112,0.0100612065935361,0.0100612065935361,0,NA,0.222630920516806,0.216551200663418,0.222630920516806,0.216551200663418,1,NA,FALSE,TRUE,1000,1000,1000,0,0,0,TRUE,0.04581792431121,0.46846287352092,0.00858333697775365,0.92,0.0148215094038524,0.0115584048481823,7.36736736736732e-05,0,100,1000,"1868e1e1f674b79aa4354d40cef95611",TRUE,29,29,29,0.222331266315861,0.222331266315861,0.222331266315861,53.4219564460164,0,0,0,1,85,0.296905211096469,0.00939428372244057,"ac322b5bea4c8163c656df36b45d9f48",0.739599887045309,-0.0773141505063568,0.0137651896018735,-0.104293922126029,-0.0503343788866848
"2019","education","queen","mean_rank",0,0.8,"control_only",2,"High Incidence Focus",100,1,TRUE,0.406067906888824,0,0,0,0,0,0.406067906888824,0.406067906888824,0.406067906888824,0.0179379426377256,0.0179379426377256,0,NA,0.431386056283023,0.380749757494625,0.431386056283023,0.380749757494625,1,NA,FALSE,TRUE,1000,1000,1000,0,0,0,TRUE,0.0441747361301241,0.637146750749431,0.0079648879112916,0.932,0.0201584310980516,0.0105794564258639,6.34394394394391e-05,0,100,1000,"e4dc9f9b380716be65e6699a089fd61a",TRUE,29,29,29,0.235017910676067,0.235017910676067,0.235017910676067,50.0672756676011,0,0,0,1,86,0.296905211096469,0.00939428372244057,"ac322b5bea4c8163c656df36b45d9f48",1.36766850736374,0.109162695792355,0.0202490086851689,0.069474638769424,0.148850752815286
"2020","education","queen","mean_rank",0,0.8,"control_only",2,"High Incidence Focus",100,1,TRUE,0.267414433179146,0,0,0,0,0,0.267414433179146,0.267414433179146,0.267414433179146,0.0122109887444744,0.0122109887444744,0,NA,0.260943412880522,0.273885453477771,0.260943412880522,0.273885453477771,1,NA,FALSE,TRUE,1000,1000,1000,0,0,0,TRUE,0.0456631626023491,0.513721783147756,0.00843458014024065,0.923,0.0162534379355641,0.0591976578813422,7.1142142142142e-05,0,100,1000,"4b1e43a246810252f554a6120cb0bdd2",TRUE,29,29,29,0.233336934599855,0.233336934599855,0.233336934599855,65.9989237607368,0,0,0,1,87,0.296905211096469,0.00939428372244057,"ac322b5bea4c8163c656df36b45d9f48",0.900672750712548,-0.0294907779173225,0.0154065185157255,-0.0596875542081444,0.000705998373499456
"2021","education","queen","mean_rank",0,0.8,"control_only",2,"High Incidence Focus",100,1,TRUE,0.358694163459366,0,0,0,0,0,0.358694163459366,0.358694163459366,0.358694163459366,0.0161745824608763,0.0161745824608763,0,NA,0.311707929547726,0.405680397371005,0.311707929547726,0.405680397371005,1,NA,FALSE,TRUE,1000,1000,1000,0,0,0,TRUE,0.0450929624973077,0.598739748508381,0.00828206451270415,0.926,0.0189432873223857,-0.0143135256134259,6.85925925925935e-05,0,100,1000,"3e5857302b84154efa75f4f9a4f21962",TRUE,29,29,29,0.223989677404995,0.223989677404995,0.223989677404995,63.6592646906665,0,0,0,1,88,0.296905211096469,0.00939428372244057,"ac322b5bea4c8163c656df36b45d9f48",1.20811002991396,0.0617889523628967,0.0187048037798155,0.0251275369544583,0.098450367771335
"2018","education","queen","mean_rank",0.2,0.8,"control_only",2,"High Incidence Focus",100,1,TRUE,0.214923671783225,0,0,0,0,0,0.214923671783225,0.214923671783225,0.214923671783225,0.00946314304897049,0.00946314304897049,0,NA,0.216169104787161,0.213678238779288,0.216169104787161,0.213678238779288,1,NA,FALSE,TRUE,1000,1000,1000,0,0,0,TRUE,0.0440302502300219,0.463138139040524,0.00791034598317755,0.933,0.0146530422602749,0.020657588177356,6.25735735735732e-05,0,100,1000,"a299a714b763b43bd6fc6a8fdfda3600",TRUE,29,29,29,0.222331266315861,0.222331266315861,0.222331266315861,53.4219564460164,0,0,0,1,89,0.30993447595088,0.0100085851145355,"0993633601da4a9819929a697dba4c90",0.693448739846828,-0.0950108041676552,0.0137739918818105,-0.122007828256004,-0.0680137800793067
"2019","education","queen","mean_rank",0.2,0.8,"control_only",2,"High Incidence Focus",100,1,TRUE,0.415320223891305,0,0,0,0,0,0.415320223891305,0.415320223891305,0.415320223891305,0.0194901247904567,0.0194901247904567,0,NA,0.44224625020116,0.38839419758145,0.44224625020116,0.38839419758145,1,NA,FALSE,TRUE,1000,1000,1000,0,0,0,TRUE,0.0469279454004088,0.643150458693004,0.00791034598317755,0.933,0.0203483800113451,0.040959875174165,6.25735735735732e-05,0,100,1000,"9b5da470a7ad418e7b7e823238109b00",TRUE,29,29,29,0.235017910676067,0.235017910676067,0.235017910676067,50.0672756676011,0,0,0,1,90,0.30993447595088,0.0100085851145355,"0993633601da4a9819929a697dba4c90",1.34002589617403,0.105385747940425,0.0219097407639268,0.0624426560431283,0.148328839837721
"2020","education","queen","mean_rank",0.2,0.8,"control_only",2,"High Incidence Focus",100,1,TRUE,0.24960741813804,0,0,0,0,0,0.24960741813804,0.24960741813804,0.24960741813804,0.0116715242584201,0.0116715242584201,0,NA,0.226591939678116,0.272622896597965,0.226591939678116,0.272622896597965,1,NA,FALSE,TRUE,1000,1000,1000,0,0,0,TRUE,0.0467595247989201,0.49879240724475,0.0079648879112916,0.932,0.015781093385233,0.0285228437051392,6.34394394394391e-05,0,100,1000,"f8067d908396f3c8db82076534fcb5bc",TRUE,29,29,29,0.233336934599855,0.233336934599855,0.233336934599855,65.9989237607368,0,0,0,1,91,0.30993447595088,0.0100085851145355,"0993633601da4a9819929a697dba4c90",0.805355446089836,-0.0603270578128395,0.0153751830723992,-0.090462416634742,-0.0301916989909371
"2021","education","queen","mean_rank",0.2,0.8,"control_only",2,"High Incidence Focus",100,1,TRUE,0.342766301828571,0,0,0,0,0,0.342766301828571,0.342766301828571,0.342766301828571,0.0162836069033528,0.0162836069033528,0,NA,0.339006981991601,0.346525621665541,0.339006981991601,0.346525621665541,1,NA,FALSE,TRUE,1000,1000,1000,0,0,0,TRUE,0.0475064404420269,0.584952260707416,0.00768700787628643,0.937,0.0185070705127981,0.02443674532041,5.90900900900895e-05,0,100,1000,"f036a13d1717553ffbed8b474a12dc71",TRUE,29,29,29,0.223989677404995,0.223989677404995,0.223989677404995,63.6592646906665,0,0,0,1,92,0.30993447595088,0.0100085851145355,"0993633601da4a9819929a697dba4c90",1.10593150625455,0.0328318258776911,0.0191135457144357,-0.00463072372260283,0.070294375477985
"2018","education","queen","mean_rank",0.5,0.8,"control_only",2,"High Incidence Focus",100,1,TRUE,0.222777096691161,0,0,0,0,0,0.222777096691161,0.222777096691161,0.222777096691161,0.0103550447053072,0.0103550447053072,0,NA,0.224656788170886,0.220897405211436,0.224656788170886,0.220897405211436,1,NA,FALSE,TRUE,1000,1000,1000,0,0,0,TRUE,0.0464816395361438,0.471520513234104,0.00785529793869758,0.934,0.014918248843249,0.0211069251812873,6.17057057057064e-05,0,100,1000,"7915b218af0259ee7502418233365e06",TRUE,29,29,29,0.222331266315861,0.222331266315861,0.222331266315861,53.4219564460164,0,0,0,1,93,0.3140498083333,0.0110905346294429,"ea98103eca44b022795a79e797d526ab",0.709368675858984,-0.0912727116421394,0.0151732300192076,-0.121012242479786,-0.0615331808044925
"2019","education","queen","mean_rank",0.5,0.8,"control_only",2,"High Incidence Focus",100,1,TRUE,0.442909838482749,0,0,0,0,0,0.442909838482749,0.442909838482749,0.442909838482749,0.0190157554227198,0.0190157554227198,0,NA,0.44598982409536,0.439829852870138,0.44598982409536,0.439829852870138,1,NA,FALSE,TRUE,1000,1000,1000,0,0,0,TRUE,0.0429336938819445,0.665439400660855,0.00812557844248792,0.929,0.0210535709275334,0.010012119199827,6.60250250250244e-05,0,100,1000,"ac41bf01edb54aca658abc7dfc5feb2f",TRUE,29,29,29,0.235017910676067,0.235017910676067,0.235017910676067,50.0672756676011,0,0,0,1,94,0.3140498083333,0.0110905346294429,"ea98103eca44b022795a79e797d526ab",1.41031717495172,0.128860030149449,0.0220136074432059,0.085713359560765,0.172006700738132
"2020","education","queen","mean_rank",0.5,0.8,"control_only",2,"High Incidence Focus",100,1,TRUE,0.25461915752877,0,0,0,0,0,0.25461915752877,0.25461915752877,0.25461915752877,0.0117702194119401,0.0117702194119401,0,NA,0.280237470386579,0.22900084467096,0.280237470386579,0.22900084467096,1,NA,FALSE,TRUE,1000,1000,1000,0,0,0,TRUE,0.0462267628491788,0.504180213803028,0.007799733061832,0.935,0.0159515560410449,0.0205297232885098,6.08358358358353e-05,0,100,1000,"f5893618e3598f30db69a602dc58e6bb",TRUE,29,29,29,0.233336934599855,0.233336934599855,0.233336934599855,65.9989237607368,0,0,0,1,95,0.3140498083333,0.0110905346294429,"ea98103eca44b022795a79e797d526ab",0.810760429627592,-0.0594306508045309,0.0161721372543051,-0.0911280398229689,-0.0277332617860928
"2021","education","queen","mean_rank",0.5,0.8,"control_only",2,"High Incidence Focus",100,1,TRUE,0.374637004569595,0,0,0,0,0,0.374637004569595,0.374637004569595,0.374637004569595,0.0169934403675933,0.0169934403675933,0,NA,0.371643138656321,0.377630870482868,0.371643138656321,0.377630870482868,1,NA,FALSE,TRUE,1000,1000,1000,0,0,0,TRUE,0.0453597486642206,0.610640066871348,0.00843458014024063,0.923,0.0193197967332594,0.0419012326900981,7.11421421421416e-05,0,100,1000,"1c05cef1fb42240c52b8d2354bb0c609",TRUE,29,29,29,0.223989677404995,0.223989677404995,0.223989677404995,63.6592646906665,0,0,0,1,96,0.3140498083333,0.0110905346294429,"ea98103eca44b022795a79e797d526ab",1.19292225191232,0.0605871962362942,0.020292288532687,0.0208143107122277,0.100360081760361
"2018","education","queen","mean_rank",0,0.5,"both",3,"Saturation Regions",100,100,TRUE,0.0719970415182794,0.000110272761886653,0.000103427089296876,6.84567258977715e-06,0.0105010838434256,0.00261642362582536,0.0871525155868814,0.0919481046203307,0.105106838124585,0.00101699109778245,0.00105010838434256,-4.14234576626022e-07,0.937920548350701,0.0921945942380518,0.0917481651461024,0.104755910871272,0.0986758309616861,0.0526315789473684,-0.0068046804680468,TRUE,FALSE,10000,10000,10000,0,0,0,FALSE,0.0145854379874198,0.268268163386209,0.00238013665680156,0.9354,0.00269333703439694,0.00540685043899888,6.0470707070707e-06,-3.82020202020222e-05,100,100,"30321b058fa2ccf4864355bcc8e7a125",TRUE,29.03,28,30,0.491635585156093,0.322822927045663,0.649500767007145,1.59123467292792,0,0,0,4,97,0.0739447455938411,0.000976284764408213,"d24fc8915c9581042d0922c6cad71eee",0.973660007077989,-0.00194770407556165,0.00143382689334596,-0.00475800478651973,0.000862596635396435
"2019","education","queen","mean_rank",0,0.5,"both",3,"Saturation Regions",100,100,TRUE,0.0719970415182794,0.000110272761886653,0.000103427089296876,6.84567258977715e-06,0.0105010838434256,0.00261642362582536,0.0871525155868814,0.0919481046203307,0.105106838124585,0.00101699109778245,0.00105010838434256,-4.14234576626022e-07,0.937920548350701,0.0921945942380518,0.0917481651461024,0.104755910871272,0.0986758309616861,0.0526315789473684,-0.0068046804680468,TRUE,FALSE,10000,10000,10000,0,0,0,FALSE,0.0145854379874198,0.268268163386209,0.00238013665680156,0.9354,0.00269333703439694,0.00540685043899888,6.0470707070707e-06,-3.82020202020222e-05,100,100,"30321b058fa2ccf4864355bcc8e7a125",TRUE,29.03,28,30,0.491534701072885,0.32188766739931,0.650900423662404,1.61599247858238,0,0,0,4,98,0.0739447455938411,0.000976284764408213,"d24fc8915c9581042d0922c6cad71eee",0.973660007077989,-0.00194770407556165,0.00143382689334596,-0.00475800478651973,0.000862596635396435
"2020","education","queen","mean_rank",0,0.5,"both",3,"Saturation Regions",100,100,TRUE,0.0719970415182794,0.000110272761886653,0.000103427089296876,6.84567258977715e-06,0.0105010838434256,0.00261642362582536,0.0871525155868814,0.0919481046203307,0.105106838124585,0.00101699109778245,0.00105010838434256,-4.14234576626022e-07,0.937920548350701,0.0921945942380518,0.0917481651461024,0.104755910871272,0.0986758309616861,0.0526315789473684,-0.0068046804680468,TRUE,FALSE,10000,10000,10000,0,0,0,FALSE,0.0145854379874198,0.268268163386209,0.00238013665680156,0.9354,0.00269333703439694,0.00540685043899888,6.0470707070707e-06,-3.82020202020222e-05,100,100,"30321b058fa2ccf4864355bcc8e7a125",TRUE,29.03,28,30,0.491423592625564,0.321153402400629,0.65209345473973,1.55845209267789,0,0,0,4,99,0.0739447455938411,0.000976284764408213,"d24fc8915c9581042d0922c6cad71eee",0.973660007077989,-0.00194770407556165,0.00143382689334596,-0.00475800478651973,0.000862596635396435
"2021","education","queen","mean_rank",0,0.5,"both",3,"Saturation Regions",100,100,TRUE,0.0719970415182794,0.000110272761886653,0.000103427089296876,6.84567258977715e-06,0.0105010838434256,0.00261642362582536,0.0871525155868814,0.0919481046203307,0.105106838124585,0.00101699109778245,0.00105010838434256,-4.14234576626022e-07,0.937920548350701,0.0921945942380518,0.0917481651461024,0.104755910871272,0.0986758309616861,0.0526315789473684,-0.0068046804680468,TRUE,FALSE,10000,10000,10000,0,0,0,FALSE,0.0145854379874198,0.268268163386209,0.00238013665680156,0.9354,0.00269333703439694,0.00540685043899888,6.0470707070707e-06,-3.82020202020222e-05,100,100,"30321b058fa2ccf4864355bcc8e7a125",TRUE,29.03,28,30,0.491315364211366,0.318808270750489,0.654058130442397,1.67934726612577,0,0,0,4,100,0.0739447455938411,0.000976284764408213,"d24fc8915c9581042d0922c6cad71eee",0.973660007077989,-0.00194770407556165,0.00143382689334596,-0.00475800478651973,0.000862596635396435
"2018","education","queen","mean_rank",0.2,0.5,"both",3,"Saturation Regions",100,100,TRUE,0.0756539470511993,0.000137608392972505,0.00011251465786017,2.50937351123351e-05,0.0117306603809208,0.00500936474139537,0.0897370014025832,0.0987949756487596,0.116880754454602,0.00106072926734474,0.00117306603809208,1.95766550835728e-05,0.817643861902021,0.0947381277947347,0.0998932644479358,0.105089079067145,0.110906960824709,0.0526315789473684,0.100654065406541,TRUE,FALSE,10000,10000,10000,0,0,0,FALSE,0.0155056819084165,0.274063268426584,0.00253460892925169,0.934,0.00289626075218513,0.0233081949223363,6.16242424242425e-06,2.61818181818157e-05,100,100,"78a1b8d9ab756be2c56d42b17fe98b18",TRUE,29.03,28,30,0.491635585156093,0.322822927045663,0.649500767007145,1.59123467292792,0,0,0,4,101,0.076248736282043,0.00137984579125495,"c361e7920bc94937367580206aa4be86",0.992199356214329,-0.000594789230843759,0.0018110931332676,-0.00414453177204825,0.00295495331036073
"2019","education","queen","mean_rank",0.2,0.5,"both",3,"Saturation Regions",100,100,TRUE,0.0756539470511993,0.000137608392972505,0.00011251465786017,2.50937351123351e-05,0.0117306603809208,0.00500936474139537,0.0897370014025832,0.0987949756487596,0.116880754454602,0.00106072926734474,0.00117306603809208,1.95766550835728e-05,0.817643861902021,0.0947381277947347,0.0998932644479358,0.105089079067145,0.110906960824709,0.0526315789473684,0.100654065406541,TRUE,FALSE,10000,10000,10000,0,0,0,FALSE,0.0155056819084165,0.274063268426584,0.00253460892925169,0.934,0.00289626075218513,0.0233081949223363,6.16242424242425e-06,2.61818181818157e-05,100,100,"78a1b8d9ab756be2c56d42b17fe98b18",TRUE,29.03,28,30,0.491534701072885,0.32188766739931,0.650900423662404,1.61599247858238,0,0,0,4,102,0.076248736282043,0.00137984579125495,"c361e7920bc94937367580206aa4be86",0.992199356214329,-0.000594789230843759,0.0018110931332676,-0.00414453177204825,0.00295495331036073
"2020","education","queen","mean_rank",0.2,0.5,"both",3,"Saturation Regions",100,100,TRUE,0.0756539470511993,0.000137608392972505,0.00011251465786017,2.50937351123351e-05,0.0117306603809208,0.00500936474139537,0.0897370014025832,0.0987949756487596,0.116880754454602,0.00106072926734474,0.00117306603809208,1.95766550835728e-05,0.817643861902021,0.0947381277947347,0.0998932644479358,0.105089079067145,0.110906960824709,0.0526315789473684,0.100654065406541,TRUE,FALSE,10000,10000,10000,0,0,0,FALSE,0.0155056819084165,0.274063268426584,0.00253460892925169,0.934,0.00289626075218513,0.0233081949223363,6.16242424242425e-06,2.61818181818157e-05,100,100,"78a1b8d9ab756be2c56d42b17fe98b18",TRUE,29.03,28,30,0.491423592625564,0.321153402400629,0.65209345473973,1.55845209267789,0,0,0,4,103,0.076248736282043,0.00137984579125495,"c361e7920bc94937367580206aa4be86",0.992199356214329,-0.000594789230843759,0.0018110931332676,-0.00414453177204825,0.00295495331036073
"2021","education","queen","mean_rank",0.2,0.5,"both",3,"Saturation Regions",100,100,TRUE,0.0756539470511993,0.000137608392972505,0.00011251465786017,2.50937351123351e-05,0.0117306603809208,0.00500936474139537,0.0897370014025832,0.0987949756487596,0.116880754454602,0.00106072926734474,0.00117306603809208,1.95766550835728e-05,0.817643861902021,0.0947381277947347,0.0998932644479358,0.105089079067145,0.110906960824709,0.0526315789473684,0.100654065406541,TRUE,FALSE,10000,10000,10000,0,0,0,FALSE,0.0155056819084165,0.274063268426584,0.00253460892925169,0.934,0.00289626075218513,0.0233081949223363,6.16242424242425e-06,2.61818181818157e-05,100,100,"78a1b8d9ab756be2c56d42b17fe98b18",TRUE,29.03,28,30,0.491315364211366,0.318808270750489,0.654058130442397,1.67934726612577,0,0,0,4,104,0.076248736282043,0.00137984579125495,"c361e7920bc94937367580206aa4be86",0.992199356214329,-0.000594789230843759,0.0018110931332676,-0.00414453177204825,0.00295495331036073
"2018","education","queen","mean_rank",0.5,0.5,"both",3,"Saturation Regions",100,100,TRUE,0.0745119387166766,0.000130048435162644,0.000112461324283481,1.75871108791635e-05,0.0114038780755778,0.00419369894951504,0.0877407501164168,0.0959977475373702,0.114049863242061,0.00106047783703141,0.00114038780755778,-6.58046304136589e-06,0.864764917338926,0.0926657134828835,0.103214508074653,0.0987435625292764,0.113682044359998,0.0526315789473684,-0.00285628562856286,TRUE,FALSE,10000,10000,10000,0,0,0,FALSE,0.0153047662857623,0.271679652010366,0.00257446669970283,0.9372,0.00281476944575073,0.02649727156148,5.87878787878788e-06,7.49090909090897e-05,100,100,"ef2ff02eaec9ed87479557e8017d756c",TRUE,29.03,28,30,0.491635585156093,0.322822927045663,0.649500767007145,1.59123467292792,0,0,0,4,105,0.0776358075754377,0.00118433568419962,"9bb12b1bef60f74a0c4078eb671ec8a0",0.959762525098671,-0.00312386885876111,0.00164412145673458,-0.00634634691396088,9.86091964386704e-05
"2019","education","queen","mean_rank",0.5,0.5,"both",3,"Saturation Regions",100,100,TRUE,0.0745119387166766,0.000130048435162644,0.000112461324283481,1.75871108791635e-05,0.0114038780755778,0.00419369894951504,0.0877407501164168,0.0959977475373702,0.114049863242061,0.00106047783703141,0.00114038780755778,-6.58046304136589e-06,0.864764917338926,0.0926657134828835,0.103214508074653,0.0987435625292764,0.113682044359998,0.0526315789473684,-0.00285628562856286,TRUE,FALSE,10000,10000,10000,0,0,0,FALSE,0.0153047662857623,0.271679652010366,0.00257446669970283,0.9372,0.00281476944575073,0.02649727156148,5.87878787878788e-06,7.49090909090897e-05,100,100,"ef2ff02eaec9ed87479557e8017d756c",TRUE,29.03,28,30,0.491534701072885,0.32188766739931,0.650900423662404,1.61599247858238,0,0,0,4,106,0.0776358075754377,0.00118433568419962,"9bb12b1bef60f74a0c4078eb671ec8a0",0.959762525098671,-0.00312386885876111,0.00164412145673458,-0.00634634691396088,9.86091964386704e-05
"2020","education","queen","mean_rank",0.5,0.5,"both",3,"Saturation Regions",100,100,TRUE,0.0745119387166766,0.000130048435162644,0.000112461324283481,1.75871108791635e-05,0.0114038780755778,0.00419369894951504,0.0877407501164168,0.0959977475373702,0.114049863242061,0.00106047783703141,0.00114038780755778,-6.58046304136589e-06,0.864764917338926,0.0926657134828835,0.103214508074653,0.0987435625292764,0.113682044359998,0.0526315789473684,-0.00285628562856286,TRUE,FALSE,10000,10000,10000,0,0,0,FALSE,0.0153047662857623,0.271679652010366,0.00257446669970283,0.9372,0.00281476944575073,0.02649727156148,5.87878787878788e-06,7.49090909090897e-05,100,100,"ef2ff02eaec9ed87479557e8017d756c",TRUE,29.03,28,30,0.491423592625564,0.321153402400629,0.65209345473973,1.55845209267789,0,0,0,4,107,0.0776358075754377,0.00118433568419962,"9bb12b1bef60f74a0c4078eb671ec8a0",0.959762525098671,-0.00312386885876111,0.00164412145673458,-0.00634634691396088,9.86091964386704e-05
"2021","education","queen","mean_rank",0.5,0.5,"both",3,"Saturation Regions",100,100,TRUE,0.0745119387166766,0.000130048435162644,0.000112461324283481,1.75871108791635e-05,0.0114038780755778,0.00419369894951504,0.0877407501164168,0.0959977475373702,0.114049863242061,0.00106047783703141,0.00114038780755778,-6.58046304136589e-06,0.864764917338926,0.0926657134828835,0.103214508074653,0.0987435625292764,0.113682044359998,0.0526315789473684,-0.00285628562856286,TRUE,FALSE,10000,10000,10000,0,0,0,FALSE,0.0153047662857623,0.271679652010366,0.00257446669970283,0.9372,0.00281476944575073,0.02649727156148,5.87878787878788e-06,7.49090909090897e-05,100,100,"ef2ff02eaec9ed87479557e8017d756c",TRUE,29.03,28,30,0.491315364211366,0.318808270750489,0.654058130442397,1.67934726612577,0,0,0,4,108,0.0776358075754377,0.00118433568419962,"9bb12b1bef60f74a0c4078eb671ec8a0",0.959762525098671,-0.00312386885876111,0.00164412145673458,-0.00634634691396088,9.86091964386704e-05
"2018","education","queen","mean_rank",0,0.8,"both",3,"Saturation Regions",100,100,TRUE,0.0733787682967549,0.000101236924350992,0.000103870606143129,-2.63368179213673e-06,0.0100616561435477,NA,0.0874482199458615,0.0921711653364208,0.0963768585462899,0.00101916929969033,0.00100616561435477,-9.35454608994243e-06,1.02601503165985,0.094630408806243,0.0895759636222332,0.106323276289019,0.0973391071406965,0,-0.0245664566456646,TRUE,FALSE,10000,10000,10000,0,0,0,FALSE,0.0137119447179283,0.270537004744421,0.0022302783266089,0.9366,0.00283027129625454,0.0137294340987607,5.94828282828283e-06,-9.74141414141423e-05,100,100,"50f0f843fd322d6d6b4e490d8f43fb70",TRUE,29.03,28,30,0.491635585156093,0.322822927045663,0.649500767007145,1.59123467292792,0,0,0,4,109,0.0749971340756,0.00111408493648401,"2e91cec91465861785706a02012228b9",0.978420965030294,-0.00161836577884514,0.00150118436216558,-0.00456068712868968,0.00132395557099941
"2019","education","queen","mean_rank",0,0.8,"both",3,"Saturation Regions",100,100,TRUE,0.0733787682967549,0.000101236924350992,0.000103870606143129,-2.63368179213673e-06,0.0100616561435477,NA,0.0874482199458615,0.0921711653364208,0.0963768585462899,0.00101916929969033,0.00100616561435477,-9.35454608994243e-06,1.02601503165985,0.094630408806243,0.0895759636222332,0.106323276289019,0.0973391071406965,0,-0.0245664566456646,TRUE,FALSE,10000,10000,10000,0,0,0,FALSE,0.0137119447179283,0.270537004744421,0.0022302783266089,0.9366,0.00283027129625454,0.0137294340987607,5.94828282828283e-06,-9.74141414141423e-05,100,100,"50f0f843fd322d6d6b4e490d8f43fb70",TRUE,29.03,28,30,0.491534701072885,0.32188766739931,0.650900423662404,1.61599247858238,0,0,0,4,110,0.0749971340756,0.00111408493648401,"2e91cec91465861785706a02012228b9",0.978420965030294,-0.00161836577884514,0.00150118436216558,-0.00456068712868968,0.00132395557099941
"2020","education","queen","mean_rank",0,0.8,"both",3,"Saturation Regions",100,100,TRUE,0.0733787682967549,0.000101236924350992,0.000103870606143129,-2.63368179213673e-06,0.0100616561435477,NA,0.0874482199458615,0.0921711653364208,0.0963768585462899,0.00101916929969033,0.00100616561435477,-9.35454608994243e-06,1.02601503165985,0.094630408806243,0.0895759636222332,0.106323276289019,0.0973391071406965,0,-0.0245664566456646,TRUE,FALSE,10000,10000,10000,0,0,0,FALSE,0.0137119447179283,0.270537004744421,0.0022302783266089,0.9366,0.00283027129625454,0.0137294340987607,5.94828282828283e-06,-9.74141414141423e-05,100,100,"50f0f843fd322d6d6b4e490d8f43fb70",TRUE,29.03,28,30,0.491423592625564,0.321153402400629,0.65209345473973,1.55845209267789,0,0,0,4,111,0.0749971340756,0.00111408493648401,"2e91cec91465861785706a02012228b9",0.978420965030294,-0.00161836577884514,0.00150118436216558,-0.00456068712868968,0.00132395557099941
"2021","education","queen","mean_rank",0,0.8,"both",3,"Saturation Regions",100,100,TRUE,0.0733787682967549,0.000101236924350992,0.000103870606143129,-2.63368179213673e-06,0.0100616561435477,NA,0.0874482199458615,0.0921711653364208,0.0963768585462899,0.00101916929969033,0.00100616561435477,-9.35454608994243e-06,1.02601503165985,0.094630408806243,0.0895759636222332,0.106323276289019,0.0973391071406965,0,-0.0245664566456646,TRUE,FALSE,10000,10000,10000,0,0,0,FALSE,0.0137119447179283,0.270537004744421,0.0022302783266089,0.9366,0.00283027129625454,0.0137294340987607,5.94828282828283e-06,-9.74141414141423e-05,100,100,"50f0f843fd322d6d6b4e490d8f43fb70",TRUE,29.03,28,30,0.491315364211366,0.318808270750489,0.654058130442397,1.67934726612577,0,0,0,4,112,0.0749971340756,0.00111408493648401,"2e91cec91465861785706a02012228b9",0.978420965030294,-0.00161836577884514,0.00150118436216558,-0.00456068712868968,0.00132395557099941
"2018","education","queen","mean_rank",0.2,0.8,"both",3,"Saturation Regions",100,100,TRUE,0.0757757205234302,0.000150450784257359,0.000114361498074457,3.6089286182902e-05,0.0122658380984488,0.00600743590751512,0.091461658249422,0.0992678677915187,0.111735965612817,0.00106939935512631,0.00122658380984488,4.20893799152514e-05,0.760125636027472,0.0984835794641947,0.0964937005170474,0.104840160365019,0.109297592164319,0.111111111111111,0.151587158715872,TRUE,FALSE,10000,10000,10000,0,0,0,FALSE,0.0161870293198415,0.274447547432548,0.00265335693609115,0.9349,0.00296629514485652,0.0213134753545649,6.07727272727272e-06,9.63030303030282e-05,100,100,"f81eea5398de473dc89d50ea4918ccf8",TRUE,29.03,28,30,0.491635585156093,0.322822927045663,0.649500767007145,1.59123467292792,0,0,0,4,113,0.0757510156278693,0.00115862874857457,"612f320d9e368a4c0c6170ca00da95fb",1.00032613286246,2.47048955609314e-05,0.00168728433276584,-0.00328237239666012,0.00333178218778198
"2019","education","queen","mean_rank",0.2,0.8,"both",3,"Saturation Regions",100,100,TRUE,0.0757757205234302,0.000150450784257359,0.000114361498074457,3.6089286182902e-05,0.0122658380984488,0.00600743590751512,0.091461658249422,0.0992678677915187,0.111735965612817,0.00106939935512631,0.00122658380984488,4.20893799152514e-05,0.760125636027472,0.0984835794641947,0.0964937005170474,0.104840160365019,0.109297592164319,0.111111111111111,0.151587158715872,TRUE,FALSE,10000,10000,10000,0,0,0,FALSE,0.0161870293198415,0.274447547432548,0.00265335693609115,0.9349,0.00296629514485652,0.0213134753545649,6.07727272727272e-06,9.63030303030282e-05,100,100,"f81eea5398de473dc89d50ea4918ccf8",TRUE,29.03,28,30,0.491534701072885,0.32188766739931,0.650900423662404,1.61599247858238,0,0,0,4,114,0.0757510156278693,0.00115862874857457,"612f320d9e368a4c0c6170ca00da95fb",1.00032613286246,2.47048955609314e-05,0.00168728433276584,-0.00328237239666012,0.00333178218778198
"2020","education","queen","mean_rank",0.2,0.8,"both",3,"Saturation Regions",100,100,TRUE,0.0757757205234302,0.000150450784257359,0.000114361498074457,3.6089286182902e-05,0.0122658380984488,0.00600743590751512,0.091461658249422,0.0992678677915187,0.111735965612817,0.00106939935512631,0.00122658380984488,4.20893799152514e-05,0.760125636027472,0.0984835794641947,0.0964937005170474,0.104840160365019,0.109297592164319,0.111111111111111,0.151587158715872,TRUE,FALSE,10000,10000,10000,0,0,0,FALSE,0.0161870293198415,0.274447547432548,0.00265335693609115,0.9349,0.00296629514485652,0.0213134753545649,6.07727272727272e-06,9.63030303030282e-05,100,100,"f81eea5398de473dc89d50ea4918ccf8",TRUE,29.03,28,30,0.491423592625564,0.321153402400629,0.65209345473973,1.55845209267789,0,0,0,4,115,0.0757510156278693,0.00115862874857457,"612f320d9e368a4c0c6170ca00da95fb",1.00032613286246,2.47048955609314e-05,0.00168728433276584,-0.00328237239666012,0.00333178218778198
"2021","education","queen","mean_rank",0.2,0.8,"both",3,"Saturation Regions",100,100,TRUE,0.0757757205234302,0.000150450784257359,0.000114361498074457,3.6089286182902e-05,0.0122658380984488,0.00600743590751512,0.091461658249422,0.0992678677915187,0.111735965612817,0.00106939935512631,0.00122658380984488,4.20893799152514e-05,0.760125636027472,0.0984835794641947,0.0964937005170474,0.104840160365019,0.109297592164319,0.111111111111111,0.151587158715872,TRUE,FALSE,10000,10000,10000,0,0,0,FALSE,0.0161870293198415,0.274447547432548,0.00265335693609115,0.9349,0.00296629514485652,0.0213134753545649,6.07727272727272e-06,9.63030303030282e-05,100,100,"f81eea5398de473dc89d50ea4918ccf8",TRUE,29.03,28,30,0.491315364211366,0.318808270750489,0.654058130442397,1.67934726612577,0,0,0,4,116,0.0757510156278693,0.00115862874857457,"612f320d9e368a4c0c6170ca00da95fb",1.00032613286246,2.47048955609314e-05,0.00168728433276584,-0.00328237239666012,0.00333178218778198
"2018","education","queen","mean_rank",0.5,0.8,"both",3,"Saturation Regions",100,100,TRUE,0.0797740448410328,0.000126638051536502,0.000131668926134465,-5.03087459796349e-06,0.0112533573450994,NA,0.0922493570102901,0.099061746235273,0.10636838411934,0.00114747081067217,0.00112533573450994,-1.21875322958999e-05,1.03972640558603,0.100259026557573,0.104662629587272,0.109741495988306,0.115701072734282,0,-0.018013801380138,TRUE,FALSE,10000,10000,10000,0,0,0,FALSE,0.0141065397492682,0.280327384428249,0.00270299123493984,0.9313,0.00291265143531065,0.0345051065880035,6.38959595959595e-06,9.16565656565645e-05,100,100,"0ca0f17e0642e0418036a0bdba566439",TRUE,29.03,28,30,0.491635585156093,0.322822927045663,0.649500767007145,1.59123467292792,0,0,0,4,117,0.0797217401573523,0.00128455710598549,"7d6a4746e8d1b36fa0aba44b29c6c563",1.00065609059182,5.23046836804347e-05,0.00170776680899438,-0.00329491826194855,0.00339952762930942
"2019","education","queen","mean_rank",0.5,0.8,"both",3,"Saturation Regions",100,100,TRUE,0.0797740448410328,0.000126638051536502,0.000131668926134465,-5.03087459796349e-06,0.0112533573450994,NA,0.0922493570102901,0.099061746235273,0.10636838411934,0.00114747081067217,0.00112533573450994,-1.21875322958999e-05,1.03972640558603,0.100259026557573,0.104662629587272,0.109741495988306,0.115701072734282,0,-0.018013801380138,TRUE,FALSE,10000,10000,10000,0,0,0,FALSE,0.0141065397492682,0.280327384428249,0.00270299123493984,0.9313,0.00291265143531065,0.0345051065880035,6.38959595959595e-06,9.16565656565645e-05,100,100,"0ca0f17e0642e0418036a0bdba566439",TRUE,29.03,28,30,0.491534701072885,0.32188766739931,0.650900423662404,1.61599247858238,0,0,0,4,118,0.0797217401573523,0.00128455710598549,"7d6a4746e8d1b36fa0aba44b29c6c563",1.00065609059182,5.23046836804347e-05,0.00170776680899438,-0.00329491826194855,0.00339952762930942
"2020","education","queen","mean_rank",0.5,0.8,"both",3,"Saturation Regions",100,100,TRUE,0.0797740448410328,0.000126638051536502,0.000131668926134465,-5.03087459796349e-06,0.0112533573450994,NA,0.0922493570102901,0.099061746235273,0.10636838411934,0.00114747081067217,0.00112533573450994,-1.21875322958999e-05,1.03972640558603,0.100259026557573,0.104662629587272,0.109741495988306,0.115701072734282,0,-0.018013801380138,TRUE,FALSE,10000,10000,10000,0,0,0,FALSE,0.0141065397492682,0.280327384428249,0.00270299123493984,0.9313,0.00291265143531065,0.0345051065880035,6.38959595959595e-06,9.16565656565645e-05,100,100,"0ca0f17e0642e0418036a0bdba566439",TRUE,29.03,28,30,0.491423592625564,0.321153402400629,0.65209345473973,1.55845209267789,0,0,0,4,119,0.0797217401573523,0.00128455710598549,"7d6a4746e8d1b36fa0aba44b29c6c563",1.00065609059182,5.23046836804347e-05,0.00170776680899438,-0.00329491826194855,0.00339952762930942
"2021","education","queen","mean_rank",0.5,0.8,"both",3,"Saturation Regions",100,100,TRUE,0.0797740448410328,0.000126638051536502,0.000131668926134465,-5.03087459796349e-06,0.0112533573450994,NA,0.0922493570102901,0.099061746235273,0.10636838411934,0.00114747081067217,0.00112533573450994,-1.21875322958999e-05,1.03972640558603,0.100259026557573,0.104662629587272,0.109741495988306,0.115701072734282,0,-0.018013801380138,TRUE,FALSE,10000,10000,10000,0,0,0,FALSE,0.0141065397492682,0.280327384428249,0.00270299123493984,0.9313,0.00291265143531065,0.0345051065880035,6.38959595959595e-06,9.16565656565645e-05,100,100,"0ca0f17e0642e0418036a0bdba566439",TRUE,29.03,28,30,0.491315364211366,0.318808270750489,0.654058130442397,1.67934726612577,0,0,0,4,120,0.0797217401573523,0.00128455710598549,"7d6a4746e8d1b36fa0aba44b29c6c563",1.00065609059182,5.23046836804347e-05,0.00170776680899438,-0.00329491826194855,0.00339952762930942
"2018","education","queen","mean_rank",0,0.5,"control_only",3,"Saturation Regions",100,100,TRUE,0.207684649180941,0.00252552960243007,0.000982951064840223,0.00154257853758985,0.0502546475704493,0.0392756736108987,0.278273400386046,0.305936008286646,0.367568207480604,0.00313520504088684,0.00502546475704493,0.00134080544643227,0.389205917006249,0.281577737294299,0.296252485849562,0.317265535165621,0.344503123235,0.0526315789473684,0.348790879087909,TRUE,FALSE,10000,10000,10000,0,0,0,FALSE,0.024197574432507,0.454961782537888,0.00273399844088241,0.927999999999999,0.00410491084108649,0.026351956490725,6.67434343434344e-06,8.0040404040403e-05,100,100,"4b9b44cbc258f2f5391cc6d572187968",TRUE,29.03,28,30,0.491635585156093,0.322822927045663,0.649500767007145,1.59123467292792,0,0,0,4,121,0.291314560861691,0.00939995962833679,"0dd60f1250552439401423f40b9ab1de",0.712922308334408,-0.0836299116807501,0.010659012010438,-0.104521575221209,-0.0627382481402915
"2019","education","queen","mean_rank",0,0.5,"control_only",3,"Saturation Regions",100,100,TRUE,0.207684649180941,0.00252552960243007,0.000982951064840223,0.00154257853758985,0.0502546475704493,0.0392756736108987,0.278273400386046,0.305936008286646,0.367568207480604,0.00313520504088684,0.00502546475704493,0.00134080544643227,0.389205917006249,0.281577737294299,0.296252485849562,0.317265535165621,0.344503123235,0.0526315789473684,0.348790879087909,TRUE,FALSE,10000,10000,10000,0,0,0,FALSE,0.024197574432507,0.454961782537888,0.00273399844088241,0.927999999999999,0.00410491084108649,0.026351956490725,6.67434343434344e-06,8.0040404040403e-05,100,100,"4b9b44cbc258f2f5391cc6d572187968",TRUE,29.03,28,30,0.491534701072885,0.32188766739931,0.650900423662404,1.61599247858238,0,0,0,4,122,0.291314560861691,0.00939995962833679,"0dd60f1250552439401423f40b9ab1de",0.712922308334408,-0.0836299116807501,0.010659012010438,-0.104521575221209,-0.0627382481402915
"2020","education","queen","mean_rank",0,0.5,"control_only",3,"Saturation Regions",100,100,TRUE,0.207684649180941,0.00252552960243007,0.000982951064840223,0.00154257853758985,0.0502546475704493,0.0392756736108987,0.278273400386046,0.305936008286646,0.367568207480604,0.00313520504088684,0.00502546475704493,0.00134080544643227,0.389205917006249,0.281577737294299,0.296252485849562,0.317265535165621,0.344503123235,0.0526315789473684,0.348790879087909,TRUE,FALSE,10000,10000,10000,0,0,0,FALSE,0.024197574432507,0.454961782537888,0.00273399844088241,0.927999999999999,0.00410491084108649,0.026351956490725,6.67434343434344e-06,8.0040404040403e-05,100,100,"4b9b44cbc258f2f5391cc6d572187968",TRUE,29.03,28,30,0.491423592625564,0.321153402400629,0.65209345473973,1.55845209267789,0,0,0,4,123,0.291314560861691,0.00939995962833679,"0dd60f1250552439401423f40b9ab1de",0.712922308334408,-0.0836299116807501,0.010659012010438,-0.104521575221209,-0.0627382481402915
"2021","education","queen","mean_rank",0,0.5,"control_only",3,"Saturation Regions",100,100,TRUE,0.207684649180941,0.00252552960243007,0.000982951064840223,0.00154257853758985,0.0502546475704493,0.0392756736108987,0.278273400386046,0.305936008286646,0.367568207480604,0.00313520504088684,0.00502546475704493,0.00134080544643227,0.389205917006249,0.281577737294299,0.296252485849562,0.317265535165621,0.344503123235,0.0526315789473684,0.348790879087909,TRUE,FALSE,10000,10000,10000,0,0,0,FALSE,0.024197574432507,0.454961782537888,0.00273399844088241,0.927999999999999,0.00410491084108649,0.026351956490725,6.67434343434344e-06,8.0040404040403e-05,100,100,"4b9b44cbc258f2f5391cc6d572187968",TRUE,29.03,28,30,0.491315364211366,0.318808270750489,0.654058130442397,1.67934726612577,0,0,0,4,124,0.291314560861691,0.00939995962833679,"0dd60f1250552439401423f40b9ab1de",0.712922308334408,-0.0836299116807501,0.010659012010438,-0.104521575221209,-0.0627382481402915
"2018","education","queen","mean_rank",0.2,0.5,"control_only",3,"Saturation Regions",100,100,TRUE,0.222000061812107,0.00256460905435071,0.00109275043417074,0.00147185862017998,0.050641969297715,0.0383648096591131,0.294455298262008,0.320716946262678,0.347594177821858,0.00330567759191778,0.0050641969297715,0.00129456517285577,0.426088503554546,0.306241651350922,0.301354580531825,0.359012106476776,0.332611803086464,0.0526315789473684,0.358943894389439,TRUE,FALSE,10000,10000,10000,0,0,0,FALSE,0.0228116915303279,0.469822585258805,0.00264384171044694,0.926,0.0049972508496491,0.0355921366714604,6.85171717171717e-06,1.38181818181807e-05,100,100,"e70dca5f5f65bf10e062f0e66e96179d",TRUE,29.03,28,30,0.491635585156093,0.322822927045663,0.649500767007145,1.59123467292792,0,0,0,4,125,0.310117368630307,0.00974141840181621,"c843422616aa1553b3a3638fad96698c",0.715858201662852,-0.0881173068181996,0.0109791312508208,-0.109636404069808,-0.0665982095665907
"2019","education","queen","mean_rank",0.2,0.5,"control_only",3,"Saturation Regions",100,100,TRUE,0.222000061812107,0.00256460905435071,0.00109275043417074,0.00147185862017998,0.050641969297715,0.0383648096591131,0.294455298262008,0.320716946262678,0.347594177821858,0.00330567759191778,0.0050641969297715,0.00129456517285577,0.426088503554546,0.306241651350922,0.301354580531825,0.359012106476776,0.332611803086464,0.0526315789473684,0.358943894389439,TRUE,FALSE,10000,10000,10000,0,0,0,FALSE,0.0228116915303279,0.469822585258805,0.00264384171044694,0.926,0.0049972508496491,0.0355921366714604,6.85171717171717e-06,1.38181818181807e-05,100,100,"e70dca5f5f65bf10e062f0e66e96179d",TRUE,29.03,28,30,0.491534701072885,0.32188766739931,0.650900423662404,1.61599247858238,0,0,0,4,126,0.310117368630307,0.00974141840181621,"c843422616aa1553b3a3638fad96698c",0.715858201662852,-0.0881173068181996,0.0109791312508208,-0.109636404069808,-0.0665982095665907
"2020","education","queen","mean_rank",0.2,0.5,"control_only",3,"Saturation Regions",100,100,TRUE,0.222000061812107,0.00256460905435071,0.00109275043417074,0.00147185862017998,0.050641969297715,0.0383648096591131,0.294455298262008,0.320716946262678,0.347594177821858,0.00330567759191778,0.0050641969297715,0.00129456517285577,0.426088503554546,0.306241651350922,0.301354580531825,0.359012106476776,0.332611803086464,0.0526315789473684,0.358943894389439,TRUE,FALSE,10000,10000,10000,0,0,0,FALSE,0.0228116915303279,0.469822585258805,0.00264384171044694,0.926,0.0049972508496491,0.0355921366714604,6.85171717171717e-06,1.38181818181807e-05,100,100,"e70dca5f5f65bf10e062f0e66e96179d",TRUE,29.03,28,30,0.491423592625564,0.321153402400629,0.65209345473973,1.55845209267789,0,0,0,4,127,0.310117368630307,0.00974141840181621,"c843422616aa1553b3a3638fad96698c",0.715858201662852,-0.0881173068181996,0.0109791312508208,-0.109636404069808,-0.0665982095665907
"2021","education","queen","mean_rank",0.2,0.5,"control_only",3,"Saturation Regions",100,100,TRUE,0.222000061812107,0.00256460905435071,0.00109275043417074,0.00147185862017998,0.050641969297715,0.0383648096591131,0.294455298262008,0.320716946262678,0.347594177821858,0.00330567759191778,0.0050641969297715,0.00129456517285577,0.426088503554546,0.306241651350922,0.301354580531825,0.359012106476776,0.332611803086464,0.0526315789473684,0.358943894389439,TRUE,FALSE,10000,10000,10000,0,0,0,FALSE,0.0228116915303279,0.469822585258805,0.00264384171044694,0.926,0.0049972508496491,0.0355921366714604,6.85171717171717e-06,1.38181818181807e-05,100,100,"e70dca5f5f65bf10e062f0e66e96179d",TRUE,29.03,28,30,0.491315364211366,0.318808270750489,0.654058130442397,1.67934726612577,0,0,0,4,128,0.310117368630307,0.00974141840181621,"c843422616aa1553b3a3638fad96698c",0.715858201662852,-0.0881173068181996,0.0109791312508208,-0.109636404069808,-0.0665982095665907
"2018","education","queen","mean_rank",0.5,0.5,"control_only",3,"Saturation Regions",100,100,TRUE,0.236542350937036,0.00206823790426695,0.00118957908301785,0.000878658821249102,0.0454778836828073,0.0296421797654812,0.293970919357016,0.324117732232407,0.387625257329831,0.00344902751948697,0.00454778836828073,0.00122849016262412,0.575165497433175,0.305516183163366,0.305310248146053,0.33882973718571,0.334318415336385,0.176470588235294,0.431611161116112,TRUE,FALSE,10000,10000,10000,0,0,0,FALSE,0.0192261062353746,0.482093943426006,0.00263271952953825,0.9259,0.00484787921744962,0.0642478065695576,6.86090909090909e-06,7.03030303030158e-06,100,100,"88acb13e2e1c02798c4706aa4051df03",TRUE,29.03,28,30,0.491635585156093,0.322822927045663,0.649500767007145,1.59123467292792,0,0,0,4,129,0.323355231421774,0.0102073714961828,"41da99612ef331d16cf24a6f62f4a4aa",0.731524737969982,-0.0868128804847378,0.0111746504152817,-0.10871519529869,-0.0649105656707857
"2019","education","queen","mean_rank",0.5,0.5,"control_only",3,"Saturation Regions",100,100,TRUE,0.236542350937036,0.00206823790426695,0.00118957908301785,0.000878658821249102,0.0454778836828073,0.0296421797654812,0.293970919357016,0.324117732232407,0.387625257329831,0.00344902751948697,0.00454778836828073,0.00122849016262412,0.575165497433175,0.305516183163366,0.305310248146053,0.33882973718571,0.334318415336385,0.176470588235294,0.431611161116112,TRUE,FALSE,10000,10000,10000,0,0,0,FALSE,0.0192261062353746,0.482093943426006,0.00263271952953825,0.9259,0.00484787921744962,0.0642478065695576,6.86090909090909e-06,7.03030303030158e-06,100,100,"88acb13e2e1c02798c4706aa4051df03",TRUE,29.03,28,30,0.491534701072885,0.32188766739931,0.650900423662404,1.61599247858238,0,0,0,4,130,0.323355231421774,0.0102073714961828,"41da99612ef331d16cf24a6f62f4a4aa",0.731524737969982,-0.0868128804847378,0.0111746504152817,-0.10871519529869,-0.0649105656707857
"2020","education","queen","mean_rank",0.5,0.5,"control_only",3,"Saturation Regions",100,100,TRUE,0.236542350937036,0.00206823790426695,0.00118957908301785,0.000878658821249102,0.0454778836828073,0.0296421797654812,0.293970919357016,0.324117732232407,0.387625257329831,0.00344902751948697,0.00454778836828073,0.00122849016262412,0.575165497433175,0.305516183163366,0.305310248146053,0.33882973718571,0.334318415336385,0.176470588235294,0.431611161116112,TRUE,FALSE,10000,10000,10000,0,0,0,FALSE,0.0192261062353746,0.482093943426006,0.00263271952953825,0.9259,0.00484787921744962,0.0642478065695576,6.86090909090909e-06,7.03030303030158e-06,100,100,"88acb13e2e1c02798c4706aa4051df03",TRUE,29.03,28,30,0.491423592625564,0.321153402400629,0.65209345473973,1.55845209267789,0,0,0,4,131,0.323355231421774,0.0102073714961828,"41da99612ef331d16cf24a6f62f4a4aa",0.731524737969982,-0.0868128804847378,0.0111746504152817,-0.10871519529869,-0.0649105656707857
"2021","education","queen","mean_rank",0.5,0.5,"control_only",3,"Saturation Regions",100,100,TRUE,0.236542350937036,0.00206823790426695,0.00118957908301785,0.000878658821249102,0.0454778836828073,0.0296421797654812,0.293970919357016,0.324117732232407,0.387625257329831,0.00344902751948697,0.00454778836828073,0.00122849016262412,0.575165497433175,0.305516183163366,0.305310248146053,0.33882973718571,0.334318415336385,0.176470588235294,0.431611161116112,TRUE,FALSE,10000,10000,10000,0,0,0,FALSE,0.0192261062353746,0.482093943426006,0.00263271952953825,0.9259,0.00484787921744962,0.0642478065695576,6.86090909090909e-06,7.03030303030158e-06,100,100,"88acb13e2e1c02798c4706aa4051df03",TRUE,29.03,28,30,0.491315364211366,0.318808270750489,0.654058130442397,1.67934726612577,0,0,0,4,132,0.323355231421774,0.0102073714961828,"41da99612ef331d16cf24a6f62f4a4aa",0.731524737969982,-0.0868128804847378,0.0111746504152817,-0.10871519529869,-0.0649105656707857
"2018","education","queen","mean_rank",0,0.8,"control_only",3,"Saturation Regions",100,100,TRUE,0.213647206091577,0.00270252299875327,0.00100072632586219,0.00170179667289108,0.0519857961250308,0.0412528383616337,0.285681237857271,0.315968137984466,0.373613523904316,0.00316342587373593,0.00519857961250308,0.00177849472254562,0.370293361545433,0.287837238678703,0.315963658054224,0.329079247421204,0.338839535029137,0.25,0.473951395139514,TRUE,FALSE,10000,10000,10000,0,0,0,FALSE,0.0243325419864127,0.461054712434531,0.00276054452248212,0.9234,0.00458550276613623,0.0327987535356021,7.06848484848485e-06,5.52121212121202e-05,100,100,"d506bd5e0e0c4b001e023d9372d988cc",TRUE,29.03,28,30,0.491635585156093,0.322822927045663,0.649500767007145,1.59123467292792,0,0,0,4,133,0.296905211096469,0.00939428372244057,"ac322b5bea4c8163c656df36b45d9f48",0.71958051966343,-0.0832580050048915,0.0107367498175772,-0.104302034647343,-0.0622139753624402
"2019","education","queen","mean_rank",0,0.8,"control_only",3,"Saturation Regions",100,100,TRUE,0.213647206091577,0.00270252299875327,0.00100072632586219,0.00170179667289108,0.0519857961250308,0.0412528383616337,0.285681237857271,0.315968137984466,0.373613523904316,0.00316342587373593,0.00519857961250308,0.00177849472254562,0.370293361545433,0.287837238678703,0.315963658054224,0.329079247421204,0.338839535029137,0.25,0.473951395139514,TRUE,FALSE,10000,10000,10000,0,0,0,FALSE,0.0243325419864127,0.461054712434531,0.00276054452248212,0.9234,0.00458550276613623,0.0327987535356021,7.06848484848485e-06,5.52121212121202e-05,100,100,"d506bd5e0e0c4b001e023d9372d988cc",TRUE,29.03,28,30,0.491534701072885,0.32188766739931,0.650900423662404,1.61599247858238,0,0,0,4,134,0.296905211096469,0.00939428372244057,"ac322b5bea4c8163c656df36b45d9f48",0.71958051966343,-0.0832580050048915,0.0107367498175772,-0.104302034647343,-0.0622139753624402
"2020","education","queen","mean_rank",0,0.8,"control_only",3,"Saturation Regions",100,100,TRUE,0.213647206091577,0.00270252299875327,0.00100072632586219,0.00170179667289108,0.0519857961250308,0.0412528383616337,0.285681237857271,0.315968137984466,0.373613523904316,0.00316342587373593,0.00519857961250308,0.00177849472254562,0.370293361545433,0.287837238678703,0.315963658054224,0.329079247421204,0.338839535029137,0.25,0.473951395139514,TRUE,FALSE,10000,10000,10000,0,0,0,FALSE,0.0243325419864127,0.461054712434531,0.00276054452248212,0.9234,0.00458550276613623,0.0327987535356021,7.06848484848485e-06,5.52121212121202e-05,100,100,"d506bd5e0e0c4b001e023d9372d988cc",TRUE,29.03,28,30,0.491423592625564,0.321153402400629,0.65209345473973,1.55845209267789,0,0,0,4,135,0.296905211096469,0.00939428372244057,"ac322b5bea4c8163c656df36b45d9f48",0.71958051966343,-0.0832580050048915,0.0107367498175772,-0.104302034647343,-0.0622139753624402
"2021","education","queen","mean_rank",0,0.8,"control_only",3,"Saturation Regions",100,100,TRUE,0.213647206091577,0.00270252299875327,0.00100072632586219,0.00170179667289108,0.0519857961250308,0.0412528383616337,0.285681237857271,0.315968137984466,0.373613523904316,0.00316342587373593,0.00519857961250308,0.00177849472254562,0.370293361545433,0.287837238678703,0.315963658054224,0.329079247421204,0.338839535029137,0.25,0.473951395139514,TRUE,FALSE,10000,10000,10000,0,0,0,FALSE,0.0243325419864127,0.461054712434531,0.00276054452248212,0.9234,0.00458550276613623,0.0327987535356021,7.06848484848485e-06,5.52121212121202e-05,100,100,"d506bd5e0e0c4b001e023d9372d988cc",TRUE,29.03,28,30,0.491315364211366,0.318808270750489,0.654058130442397,1.67934726612577,0,0,0,4,136,0.296905211096469,0.00939428372244057,"ac322b5bea4c8163c656df36b45d9f48",0.71958051966343,-0.0832580050048915,0.0107367498175772,-0.104302034647343,-0.0622139753624402
"2018","education","queen","mean_rank",0.2,0.8,"control_only",3,"Saturation Regions",100,100,TRUE,0.222182265765662,0.00307092748226955,0.00115725037928231,0.00191367710298725,0.0554159497100749,0.0437455952409754,0.294292033229818,0.338549613888405,0.440231918914867,0.00340183829610155,0.00554159497100749,0.00160669936414308,0.376840673042219,0.311372514497879,0.308726188465818,0.37379536299639,0.348427882170731,0.333333333333333,0.266618661866187,TRUE,FALSE,10000,10000,10000,0,0,0,FALSE,0.0249416619814845,0.469090388395663,0.00258948924412799,0.9296,0.00506902035429943,0.0462219999617927,6.54343434343434e-06,1.62020202020187e-05,100,100,"e3626958d01e5b952b91830fd010ad4b",TRUE,29.03,28,30,0.491635585156093,0.322822927045663,0.649500767007145,1.59123467292792,0,0,0,4,137,0.30993447595088,0.0100085851145355,"0993633601da4a9819929a697dba4c90",0.716868509332515,-0.0877522101852184,0.0114403256429875,-0.110175248445474,-0.065329171924963
"2019","education","queen","mean_rank",0.2,0.8,"control_only",3,"Saturation Regions",100,100,TRUE,0.222182265765662,0.00307092748226955,0.00115725037928231,0.00191367710298725,0.0554159497100749,0.0437455952409754,0.294292033229818,0.338549613888405,0.440231918914867,0.00340183829610155,0.00554159497100749,0.00160669936414308,0.376840673042219,0.311372514497879,0.308726188465818,0.37379536299639,0.348427882170731,0.333333333333333,0.266618661866187,TRUE,FALSE,10000,10000,10000,0,0,0,FALSE,0.0249416619814845,0.469090388395663,0.00258948924412799,0.9296,0.00506902035429943,0.0462219999617927,6.54343434343434e-06,1.62020202020187e-05,100,100,"e3626958d01e5b952b91830fd010ad4b",TRUE,29.03,28,30,0.491534701072885,0.32188766739931,0.650900423662404,1.61599247858238,0,0,0,4,138,0.30993447595088,0.0100085851145355,"0993633601da4a9819929a697dba4c90",0.716868509332515,-0.0877522101852184,0.0114403256429875,-0.110175248445474,-0.065329171924963
"2020","education","queen","mean_rank",0.2,0.8,"control_only",3,"Saturation Regions",100,100,TRUE,0.222182265765662,0.00307092748226955,0.00115725037928231,0.00191367710298725,0.0554159497100749,0.0437455952409754,0.294292033229818,0.338549613888405,0.440231918914867,0.00340183829610155,0.00554159497100749,0.00160669936414308,0.376840673042219,0.311372514497879,0.308726188465818,0.37379536299639,0.348427882170731,0.333333333333333,0.266618661866187,TRUE,FALSE,10000,10000,10000,0,0,0,FALSE,0.0249416619814845,0.469090388395663,0.00258948924412799,0.9296,0.00506902035429943,0.0462219999617927,6.54343434343434e-06,1.62020202020187e-05,100,100,"e3626958d01e5b952b91830fd010ad4b",TRUE,29.03,28,30,0.491423592625564,0.321153402400629,0.65209345473973,1.55845209267789,0,0,0,4,139,0.30993447595088,0.0100085851145355,"0993633601da4a9819929a697dba4c90",0.716868509332515,-0.0877522101852184,0.0114403256429875,-0.110175248445474,-0.065329171924963
"2021","education","queen","mean_rank",0.2,0.8,"control_only",3,"Saturation Regions",100,100,TRUE,0.222182265765662,0.00307092748226955,0.00115725037928231,0.00191367710298725,0.0554159497100749,0.0437455952409754,0.294292033229818,0.338549613888405,0.440231918914867,0.00340183829610155,0.00554159497100749,0.00160669936414308,0.376840673042219,0.311372514497879,0.308726188465818,0.37379536299639,0.348427882170731,0.333333333333333,0.266618661866187,TRUE,FALSE,10000,10000,10000,0,0,0,FALSE,0.0249416619814845,0.469090388395663,0.00258948924412799,0.9296,0.00506902035429943,0.0462219999617927,6.54343434343434e-06,1.62020202020187e-05,100,100,"e3626958d01e5b952b91830fd010ad4b",TRUE,29.03,28,30,0.491315364211366,0.318808270750489,0.654058130442397,1.67934726612577,0,0,0,4,140,0.30993447595088,0.0100085851145355,"0993633601da4a9819929a697dba4c90",0.716868509332515,-0.0877522101852184,0.0114403256429875,-0.110175248445474,-0.065329171924963
"2018","education","queen","mean_rank",0.5,0.8,"control_only",3,"Saturation Regions",100,100,TRUE,0.237679162761045,0.00348019879770612,0.00126415385677228,0.00221604494093384,0.0589932097593115,0.0470748865206688,0.310407454822471,0.364999636480367,0.491388908983978,0.00355549413833335,0.00589932097593115,0.00255527945804623,0.363241852047507,0.318613154585401,0.311121397359747,0.391758425483915,0.357049797007041,0.333333333333333,0.475859585958596,TRUE,FALSE,10000,10000,10000,0,0,0,FALSE,0.0248205223688966,0.481976290040177,0.00259143889674357,0.9246,0.00494546021708446,0.0733349752856876,6.97474747474747e-06,-2.59191919191928e-05,100,100,"e066ac977a6ebba11e47c5ed49950cee",TRUE,29.03,28,30,0.491635585156093,0.322822927045663,0.649500767007145,1.59123467292792,0,0,0,4,141,0.3140498083333,0.0110905346294429,"ea98103eca44b022795a79e797d526ab",0.756819958026521,-0.076370645572255,0.012561924468167,-0.100992017529862,-0.0517492736146477
"2019","education","queen","mean_rank",0.5,0.8,"control_only",3,"Saturation Regions",100,100,TRUE,0.237679162761045,0.00348019879770612,0.00126415385677228,0.00221604494093384,0.0589932097593115,0.0470748865206688,0.310407454822471,0.364999636480367,0.491388908983978,0.00355549413833335,0.00589932097593115,0.00255527945804623,0.363241852047507,0.318613154585401,0.311121397359747,0.391758425483915,0.357049797007041,0.333333333333333,0.475859585958596,TRUE,FALSE,10000,10000,10000,0,0,0,FALSE,0.0248205223688966,0.481976290040177,0.00259143889674357,0.9246,0.00494546021708446,0.0733349752856876,6.97474747474747e-06,-2.59191919191928e-05,100,100,"e066ac977a6ebba11e47c5ed49950cee",TRUE,29.03,28,30,0.491534701072885,0.32188766739931,0.650900423662404,1.61599247858238,0,0,0,4,142,0.3140498083333,0.0110905346294429,"ea98103eca44b022795a79e797d526ab",0.756819958026521,-0.076370645572255,0.012561924468167,-0.100992017529862,-0.0517492736146477
"2020","education","queen","mean_rank",0.5,0.8,"control_only",3,"Saturation Regions",100,100,TRUE,0.237679162761045,0.00348019879770612,0.00126415385677228,0.00221604494093384,0.0589932097593115,0.0470748865206688,0.310407454822471,0.364999636480367,0.491388908983978,0.00355549413833335,0.00589932097593115,0.00255527945804623,0.363241852047507,0.318613154585401,0.311121397359747,0.391758425483915,0.357049797007041,0.333333333333333,0.475859585958596,TRUE,FALSE,10000,10000,10000,0,0,0,FALSE,0.0248205223688966,0.481976290040177,0.00259143889674357,0.9246,0.00494546021708446,0.0733349752856876,6.97474747474747e-06,-2.59191919191928e-05,100,100,"e066ac977a6ebba11e47c5ed49950cee",TRUE,29.03,28,30,0.491423592625564,0.321153402400629,0.65209345473973,1.55845209267789,0,0,0,4,143,0.3140498083333,0.0110905346294429,"ea98103eca44b022795a79e797d526ab",0.756819958026521,-0.076370645572255,0.012561924468167,-0.100992017529862,-0.0517492736146477
"2021","education","queen","mean_rank",0.5,0.8,"control_only",3,"Saturation Regions",100,100,TRUE,0.237679162761045,0.00348019879770612,0.00126415385677228,0.00221604494093384,0.0589932097593115,0.0470748865206688,0.310407454822471,0.364999636480367,0.491388908983978,0.00355549413833335,0.00589932097593115,0.00255527945804623,0.363241852047507,0.318613154585401,0.311121397359747,0.391758425483915,0.357049797007041,0.333333333333333,0.475859585958596,TRUE,FALSE,10000,10000,10000,0,0,0,FALSE,0.0248205223688966,0.481976290040177,0.00259143889674357,0.9246,0.00494546021708446,0.0733349752856876,6.97474747474747e-06,-2.59191919191928e-05,100,100,"e066ac977a6ebba11e47c5ed49950cee",TRUE,29.03,28,30,0.491315364211366,0.318808270750489,0.654058130442397,1.67934726612577,0,0,0,4,144,0.3140498083333,0.0110905346294429,"ea98103eca44b022795a79e797d526ab",0.756819958026521,-0.076370645572255,0.012561924468167,-0.100992017529862,-0.0517492736146477
"2018","education","queen","mean_rank",0,0.5,"both",4,"Isolation Buffer",100,100,TRUE,0.284992217403305,0.0084347208251031,0.00177878810556824,0.00665593271953486,0.0918407361964347,0.0815838998794178,0.406917742502633,0.480245706336137,0.753537526440109,0.00421756814475859,0.00918407361964346,0.0067843802220722,0.210888794359889,0.388614515826304,0.414228024880526,0.480872877276768,0.51267796781795,0.25,0.596735673567357,TRUE,FALSE,10000,10000,10000,0,0,0,FALSE,0.0322256997167283,0.53384328876101,0.00289372361562682,0.9301,0.00526651325158887,0.00188691497808339,6.48333333333333e-06,0.000189030303030301,100,100,"fddfeaf185b919e3d89611d67e327af6",TRUE,15.89,13,19,0.267204467193486,0.152301084537376,0.455285313406502,-1.16356296041683,0,0,0,4,145,0.0739447455938411,0.000976284764408213,"d24fc8915c9581042d0922c6cad71eee",3.8541239829087,0.211047471809464,0.0092358183282396,0.192945267886115,0.229149675732814
"2019","education","queen","mean_rank",0,0.5,"both",4,"Isolation Buffer",100,100,TRUE,0.284992217403305,0.0084347208251031,0.00177878810556824,0.00665593271953486,0.0918407361964347,0.0815838998794178,0.406917742502633,0.480245706336137,0.753537526440109,0.00421756814475859,0.00918407361964346,0.0067843802220722,0.210888794359889,0.388614515826304,0.414228024880526,0.480872877276768,0.51267796781795,0.25,0.596735673567357,TRUE,FALSE,10000,10000,10000,0,0,0,FALSE,0.0322256997167283,0.53384328876101,0.00289372361562682,0.9301,0.00526651325158887,0.00188691497808339,6.48333333333333e-06,0.000189030303030301,100,100,"fddfeaf185b919e3d89611d67e327af6",TRUE,15.89,13,19,0.267265079886505,0.152490724940413,0.456939305564785,2.06581299191266,0,0,0,4,146,0.0739447455938411,0.000976284764408213,"d24fc8915c9581042d0922c6cad71eee",3.8541239829087,0.211047471809464,0.0092358183282396,0.192945267886115,0.229149675732814
"2020","education","queen","mean_rank",0,0.5,"both",4,"Isolation Buffer",100,100,TRUE,0.284992217403305,0.0084347208251031,0.00177878810556824,0.00665593271953486,0.0918407361964347,0.0815838998794178,0.406917742502633,0.480245706336137,0.753537526440109,0.00421756814475859,0.00918407361964346,0.0067843802220722,0.210888794359889,0.388614515826304,0.414228024880526,0.480872877276768,0.51267796781795,0.25,0.596735673567357,TRUE,FALSE,10000,10000,10000,0,0,0,FALSE,0.0322256997167283,0.53384328876101,0.00289372361562682,0.9301,0.00526651325158887,0.00188691497808339,6.48333333333333e-06,0.000189030303030301,100,100,"fddfeaf185b919e3d89611d67e327af6",TRUE,15.89,13,19,0.267183933438603,0.152706398628355,0.458054716561069,-0.57021374142688,0,0,0,4,147,0.0739447455938411,0.000976284764408213,"d24fc8915c9581042d0922c6cad71eee",3.8541239829087,0.211047471809464,0.0092358183282396,0.192945267886115,0.229149675732814
"2021","education","queen","mean_rank",0,0.5,"both",4,"Isolation Buffer",100,100,TRUE,0.284992217403305,0.0084347208251031,0.00177878810556824,0.00665593271953486,0.0918407361964347,0.0815838998794178,0.406917742502633,0.480245706336137,0.753537526440109,0.00421756814475859,0.00918407361964346,0.0067843802220722,0.210888794359889,0.388614515826304,0.414228024880526,0.480872877276768,0.51267796781795,0.25,0.596735673567357,TRUE,FALSE,10000,10000,10000,0,0,0,FALSE,0.0322256997167283,0.53384328876101,0.00289372361562682,0.9301,0.00526651325158887,0.00188691497808339,6.48333333333333e-06,0.000189030303030301,100,100,"fddfeaf185b919e3d89611d67e327af6",TRUE,15.89,13,19,0.267083421758473,0.151851301708227,0.457408089505357,-0.341154745169432,0,0,0,4,148,0.0739447455938411,0.000976284764408213,"d24fc8915c9581042d0922c6cad71eee",3.8541239829087,0.211047471809464,0.0092358183282396,0.192945267886115,0.229149675732814
"2018","education","queen","mean_rank",0.2,0.5,"both",4,"Isolation Buffer",100,100,TRUE,0.277261718769203,0.0052397336747392,0.00163294907216724,0.00360678460257196,0.0723860046883319,0.0600565117416252,0.359620816486309,0.432494819972898,0.531296963543583,0.00404097645646104,0.00723860046883319,0.00391963365446049,0.311647341932607,0.407236888372286,0.36603276891104,0.436710758753448,0.46131842865704,0.333333333333333,0.559447944794479,TRUE,FALSE,10000,10000,10000,0,0,0,FALSE,0.0261074644598114,0.526435930433277,0.00217652767666132,0.934899999999999,0.00544776554324198,0.0112663178569034,6.10030303030303e-06,-0.000136303030303032,100,100,"d71c57dea1c8193c83eebf6983d00200",TRUE,15.89,13,19,0.267204467193486,0.152301084537376,0.455285313406502,-1.16356296041683,0,0,0,4,149,0.076248736282043,0.00137984579125495,"c361e7920bc94937367580206aa4be86",3.63627952788116,0.20101298248716,0.00736894233625396,0.186569855508102,0.215456109466218
"2019","education","queen","mean_rank",0.2,0.5,"both",4,"Isolation Buffer",100,100,TRUE,0.277261718769203,0.0052397336747392,0.00163294907216724,0.00360678460257196,0.0723860046883319,0.0600565117416252,0.359620816486309,0.432494819972898,0.531296963543583,0.00404097645646104,0.00723860046883319,0.00391963365446049,0.311647341932607,0.407236888372286,0.36603276891104,0.436710758753448,0.46131842865704,0.333333333333333,0.559447944794479,TRUE,FALSE,10000,10000,10000,0,0,0,FALSE,0.0261074644598114,0.526435930433277,0.00217652767666132,0.934899999999999,0.00544776554324198,0.0112663178569034,6.10030303030303e-06,-0.000136303030303032,100,100,"d71c57dea1c8193c83eebf6983d00200",TRUE,15.89,13,19,0.267265079886505,0.152490724940413,0.456939305564785,2.06581299191266,0,0,0,4,150,0.076248736282043,0.00137984579125495,"c361e7920bc94937367580206aa4be86",3.63627952788116,0.20101298248716,0.00736894233625396,0.186569855508102,0.215456109466218
"2020","education","queen","mean_rank",0.2,0.5,"both",4,"Isolation Buffer",100,100,TRUE,0.277261718769203,0.0052397336747392,0.00163294907216724,0.00360678460257196,0.0723860046883319,0.0600565117416252,0.359620816486309,0.432494819972898,0.531296963543583,0.00404097645646104,0.00723860046883319,0.00391963365446049,0.311647341932607,0.407236888372286,0.36603276891104,0.436710758753448,0.46131842865704,0.333333333333333,0.559447944794479,TRUE,FALSE,10000,10000,10000,0,0,0,FALSE,0.0261074644598114,0.526435930433277,0.00217652767666132,0.934899999999999,0.00544776554324198,0.0112663178569034,6.10030303030303e-06,-0.000136303030303032,100,100,"d71c57dea1c8193c83eebf6983d00200",TRUE,15.89,13,19,0.267183933438603,0.152706398628355,0.458054716561069,-0.57021374142688,0,0,0,4,151,0.076248736282043,0.00137984579125495,"c361e7920bc94937367580206aa4be86",3.63627952788116,0.20101298248716,0.00736894233625396,0.186569855508102,0.215456109466218
"2021","education","queen","mean_rank",0.2,0.5,"both",4,"Isolation Buffer",100,100,TRUE,0.277261718769203,0.0052397336747392,0.00163294907216724,0.00360678460257196,0.0723860046883319,0.0600565117416252,0.359620816486309,0.432494819972898,0.531296963543583,0.00404097645646104,0.00723860046883319,0.00391963365446049,0.311647341932607,0.407236888372286,0.36603276891104,0.436710758753448,0.46131842865704,0.333333333333333,0.559447944794479,TRUE,FALSE,10000,10000,10000,0,0,0,FALSE,0.0261074644598114,0.526435930433277,0.00217652767666132,0.934899999999999,0.00544776554324198,0.0112663178569034,6.10030303030303e-06,-0.000136303030303032,100,100,"d71c57dea1c8193c83eebf6983d00200",TRUE,15.89,13,19,0.267083421758473,0.151851301708227,0.457408089505357,-0.341154745169432,0,0,0,4,152,0.076248736282043,0.00137984579125495,"c361e7920bc94937367580206aa4be86",3.63627952788116,0.20101298248716,0.00736894233625396,0.186569855508102,0.215456109466218
"2018","education","queen","mean_rank",0.5,0.5,"both",4,"Isolation Buffer",100,100,TRUE,0.296856390441049,0.00573866921566584,0.00193216556411596,0.00380650365154988,0.0757540046180123,0.061696869057918,0.384841412765883,0.44904916174598,0.655489457440417,0.0043956405268356,0.00757540046180123,0.0038914060544964,0.336692269845663,0.423145487503193,0.376679144796718,0.504248662799168,0.420856651930702,0.333333333333333,0.523108310831083,TRUE,FALSE,10000,10000,10000,0,0,0,FALSE,0.0255187380354056,0.544840699308842,0.00254010259873911,0.9282,0.00560654423251921,0.00223669794586937,6.66727272727273e-06,-2.15151515151525e-05,100,100,"29cfe9dd1235e941fa8fce8ce5ff1864",TRUE,15.89,13,19,0.267204467193486,0.152301084537376,0.455285313406502,-1.16356296041683,0,0,0,4,153,0.0776358075754377,0.00118433568419962,"9bb12b1bef60f74a0c4078eb671ec8a0",3.82370454706223,0.219220582865612,0.00766742089424644,0.204192437912889,0.234248727818335
"2019","education","queen","mean_rank",0.5,0.5,"both",4,"Isolation Buffer",100,100,TRUE,0.296856390441049,0.00573866921566584,0.00193216556411596,0.00380650365154988,0.0757540046180123,0.061696869057918,0.384841412765883,0.44904916174598,0.655489457440417,0.0043956405268356,0.00757540046180123,0.0038914060544964,0.336692269845663,0.423145487503193,0.376679144796718,0.504248662799168,0.420856651930702,0.333333333333333,0.523108310831083,TRUE,FALSE,10000,10000,10000,0,0,0,FALSE,0.0255187380354056,0.544840699308842,0.00254010259873911,0.9282,0.00560654423251921,0.00223669794586937,6.66727272727273e-06,-2.15151515151525e-05,100,100,"29cfe9dd1235e941fa8fce8ce5ff1864",TRUE,15.89,13,19,0.267265079886505,0.152490724940413,0.456939305564785,2.06581299191266,0,0,0,4,154,0.0776358075754377,0.00118433568419962,"9bb12b1bef60f74a0c4078eb671ec8a0",3.82370454706223,0.219220582865612,0.00766742089424644,0.204192437912889,0.234248727818335
"2020","education","queen","mean_rank",0.5,0.5,"both",4,"Isolation Buffer",100,100,TRUE,0.296856390441049,0.00573866921566584,0.00193216556411596,0.00380650365154988,0.0757540046180123,0.061696869057918,0.384841412765883,0.44904916174598,0.655489457440417,0.0043956405268356,0.00757540046180123,0.0038914060544964,0.336692269845663,0.423145487503193,0.376679144796718,0.504248662799168,0.420856651930702,0.333333333333333,0.523108310831083,TRUE,FALSE,10000,10000,10000,0,0,0,FALSE,0.0255187380354056,0.544840699308842,0.00254010259873911,0.9282,0.00560654423251921,0.00223669794586937,6.66727272727273e-06,-2.15151515151525e-05,100,100,"29cfe9dd1235e941fa8fce8ce5ff1864",TRUE,15.89,13,19,0.267183933438603,0.152706398628355,0.458054716561069,-0.57021374142688,0,0,0,4,155,0.0776358075754377,0.00118433568419962,"9bb12b1bef60f74a0c4078eb671ec8a0",3.82370454706223,0.219220582865612,0.00766742089424644,0.204192437912889,0.234248727818335
"2021","education","queen","mean_rank",0.5,0.5,"both",4,"Isolation Buffer",100,100,TRUE,0.296856390441049,0.00573866921566584,0.00193216556411596,0.00380650365154988,0.0757540046180123,0.061696869057918,0.384841412765883,0.44904916174598,0.655489457440417,0.0043956405268356,0.00757540046180123,0.0038914060544964,0.336692269845663,0.423145487503193,0.376679144796718,0.504248662799168,0.420856651930702,0.333333333333333,0.523108310831083,TRUE,FALSE,10000,10000,10000,0,0,0,FALSE,0.0255187380354056,0.544840699308842,0.00254010259873911,0.9282,0.00560654423251921,0.00223669794586937,6.66727272727273e-06,-2.15151515151525e-05,100,100,"29cfe9dd1235e941fa8fce8ce5ff1864",TRUE,15.89,13,19,0.267083421758473,0.151851301708227,0.457408089505357,-0.341154745169432,0,0,0,4,156,0.0776358075754377,0.00118433568419962,"9bb12b1bef60f74a0c4078eb671ec8a0",3.82370454706223,0.219220582865612,0.00766742089424644,0.204192437912889,0.234248727818335
"2018","education","queen","mean_rank",0,0.8,"both",4,"Isolation Buffer",100,100,TRUE,0.277755557714704,0.00579740846750188,0.00168373560386789,0.00411367286363399,0.076140714913257,0.0641379206369679,0.371837545218006,0.442988349481429,0.551761048129464,0.00410333474611552,0.0076140714913257,0.00379694746820979,0.290429010359765,0.386689826529369,0.421825927075699,0.456359933105527,0.474085826366769,0.333333333333333,0.483168316831683,TRUE,FALSE,10000,10000,10000,0,0,0,FALSE,0.027412850183709,0.526955525485748,0.0023350426639409,0.933899999999999,0.00531865961091208,0.00856924003300517,6.18090909090909e-06,-7.28484848484863e-05,100,100,"fb81578b1ade7d6ed28b198e3ac6e754",TRUE,15.89,13,19,0.267204467193486,0.152301084537376,0.455285313406502,-1.16356296041683,0,0,0,4,157,0.0749971340756,0.00111408493648401,"2e91cec91465861785706a02012228b9",3.7035489574137,0.202758423639104,0.00769514586741014,0.18767593773898,0.217840909539228
"2019","education","queen","mean_rank",0,0.8,"both",4,"Isolation Buffer",100,100,TRUE,0.277755557714704,0.00579740846750188,0.00168373560386789,0.00411367286363399,0.076140714913257,0.0641379206369679,0.371837545218006,0.442988349481429,0.551761048129464,0.00410333474611552,0.0076140714913257,0.00379694746820979,0.290429010359765,0.386689826529369,0.421825927075699,0.456359933105527,0.474085826366769,0.333333333333333,0.483168316831683,TRUE,FALSE,10000,10000,10000,0,0,0,FALSE,0.027412850183709,0.526955525485748,0.0023350426639409,0.933899999999999,0.00531865961091208,0.00856924003300517,6.18090909090909e-06,-7.28484848484863e-05,100,100,"fb81578b1ade7d6ed28b198e3ac6e754",TRUE,15.89,13,19,0.267265079886505,0.152490724940413,0.456939305564785,2.06581299191266,0,0,0,4,158,0.0749971340756,0.00111408493648401,"2e91cec91465861785706a02012228b9",3.7035489574137,0.202758423639104,0.00769514586741014,0.18767593773898,0.217840909539228
"2020","education","queen","mean_rank",0,0.8,"both",4,"Isolation Buffer",100,100,TRUE,0.277755557714704,0.00579740846750188,0.00168373560386789,0.00411367286363399,0.076140714913257,0.0641379206369679,0.371837545218006,0.442988349481429,0.551761048129464,0.00410333474611552,0.0076140714913257,0.00379694746820979,0.290429010359765,0.386689826529369,0.421825927075699,0.456359933105527,0.474085826366769,0.333333333333333,0.483168316831683,TRUE,FALSE,10000,10000,10000,0,0,0,FALSE,0.027412850183709,0.526955525485748,0.0023350426639409,0.933899999999999,0.00531865961091208,0.00856924003300517,6.18090909090909e-06,-7.28484848484863e-05,100,100,"fb81578b1ade7d6ed28b198e3ac6e754",TRUE,15.89,13,19,0.267183933438603,0.152706398628355,0.458054716561069,-0.57021374142688,0,0,0,4,159,0.0749971340756,0.00111408493648401,"2e91cec91465861785706a02012228b9",3.7035489574137,0.202758423639104,0.00769514586741014,0.18767593773898,0.217840909539228
"2021","education","queen","mean_rank",0,0.8,"both",4,"Isolation Buffer",100,100,TRUE,0.277755557714704,0.00579740846750188,0.00168373560386789,0.00411367286363399,0.076140714913257,0.0641379206369679,0.371837545218006,0.442988349481429,0.551761048129464,0.00410333474611552,0.0076140714913257,0.00379694746820979,0.290429010359765,0.386689826529369,0.421825927075699,0.456359933105527,0.474085826366769,0.333333333333333,0.483168316831683,TRUE,FALSE,10000,10000,10000,0,0,0,FALSE,0.027412850183709,0.526955525485748,0.0023350426639409,0.933899999999999,0.00531865961091208,0.00856924003300517,6.18090909090909e-06,-7.28484848484863e-05,100,100,"fb81578b1ade7d6ed28b198e3ac6e754",TRUE,15.89,13,19,0.267083421758473,0.151851301708227,0.457408089505357,-0.341154745169432,0,0,0,4,160,0.0749971340756,0.00111408493648401,"2e91cec91465861785706a02012228b9",3.7035489574137,0.202758423639104,0.00769514586741014,0.18767593773898,0.217840909539228
"2018","education","queen","mean_rank",0.2,0.8,"both",4,"Isolation Buffer",100,100,TRUE,0.287703440713049,0.00544714879923866,0.00171981128874343,0.00372733751049524,0.0738048020066355,0.0610519247075408,0.3808818947596,0.454300980770627,0.542881062349384,0.00414706075280243,0.00738048020066355,0.00378354564516578,0.315726878800117,0.389774391242329,0.407529080452671,0.455861643779183,0.493002567475033,0.25,0.483324332433243,TRUE,FALSE,10000,10000,10000,0,0,0,FALSE,0.0256530828493801,0.536197111680598,0.00218729111556793,0.929399999999999,0.00507892346295291,0.0140035045053938,6.58e-06,-0.000179575757575759,100,100,"04643d18f03194ceaf4b4c0770692786",TRUE,15.89,13,19,0.267204467193486,0.152301084537376,0.455285313406502,-1.16356296041683,0,0,0,4,161,0.0757510156278693,0.00115862874857457,"612f320d9e368a4c0c6170ca00da95fb",3.79801430156932,0.21195242508518,0.00747087067010332,0.197309518571777,0.226595331598582
"2019","education","queen","mean_rank",0.2,0.8,"both",4,"Isolation Buffer",100,100,TRUE,0.287703440713049,0.00544714879923866,0.00171981128874343,0.00372733751049524,0.0738048020066355,0.0610519247075408,0.3808818947596,0.454300980770627,0.542881062349384,0.00414706075280243,0.00738048020066355,0.00378354564516578,0.315726878800117,0.389774391242329,0.407529080452671,0.455861643779183,0.493002567475033,0.25,0.483324332433243,TRUE,FALSE,10000,10000,10000,0,0,0,FALSE,0.0256530828493801,0.536197111680598,0.00218729111556793,0.929399999999999,0.00507892346295291,0.0140035045053938,6.58e-06,-0.000179575757575759,100,100,"04643d18f03194ceaf4b4c0770692786",TRUE,15.89,13,19,0.267265079886505,0.152490724940413,0.456939305564785,2.06581299191266,0,0,0,4,162,0.0757510156278693,0.00115862874857457,"612f320d9e368a4c0c6170ca00da95fb",3.79801430156932,0.21195242508518,0.00747087067010332,0.197309518571777,0.226595331598582
"2020","education","queen","mean_rank",0.2,0.8,"both",4,"Isolation Buffer",100,100,TRUE,0.287703440713049,0.00544714879923866,0.00171981128874343,0.00372733751049524,0.0738048020066355,0.0610519247075408,0.3808818947596,0.454300980770627,0.542881062349384,0.00414706075280243,0.00738048020066355,0.00378354564516578,0.315726878800117,0.389774391242329,0.407529080452671,0.455861643779183,0.493002567475033,0.25,0.483324332433243,TRUE,FALSE,10000,10000,10000,0,0,0,FALSE,0.0256530828493801,0.536197111680598,0.00218729111556793,0.929399999999999,0.00507892346295291,0.0140035045053938,6.58e-06,-0.000179575757575759,100,100,"04643d18f03194ceaf4b4c0770692786",TRUE,15.89,13,19,0.267183933438603,0.152706398628355,0.458054716561069,-0.57021374142688,0,0,0,4,163,0.0757510156278693,0.00115862874857457,"612f320d9e368a4c0c6170ca00da95fb",3.79801430156932,0.21195242508518,0.00747087067010332,0.197309518571777,0.226595331598582
"2021","education","queen","mean_rank",0.2,0.8,"both",4,"Isolation Buffer",100,100,TRUE,0.287703440713049,0.00544714879923866,0.00171981128874343,0.00372733751049524,0.0738048020066355,0.0610519247075408,0.3808818947596,0.454300980770627,0.542881062349384,0.00414706075280243,0.00738048020066355,0.00378354564516578,0.315726878800117,0.389774391242329,0.407529080452671,0.455861643779183,0.493002567475033,0.25,0.483324332433243,TRUE,FALSE,10000,10000,10000,0,0,0,FALSE,0.0256530828493801,0.536197111680598,0.00218729111556793,0.929399999999999,0.00507892346295291,0.0140035045053938,6.58e-06,-0.000179575757575759,100,100,"04643d18f03194ceaf4b4c0770692786",TRUE,15.89,13,19,0.267083421758473,0.151851301708227,0.457408089505357,-0.341154745169432,0,0,0,4,164,0.0757510156278693,0.00115862874857457,"612f320d9e368a4c0c6170ca00da95fb",3.79801430156932,0.21195242508518,0.00747087067010332,0.197309518571777,0.226595331598582
"2018","education","queen","mean_rank",0.5,0.8,"both",4,"Isolation Buffer",100,100,TRUE,0.290903422721186,0.00807993239726261,0.00188413377091861,0.006195798626344,0.0898884441808991,0.0787133954695387,0.386949853626118,0.476832661521209,0.736507214314987,0.00434066097607105,0.00898884441808991,0.0064071744964257,0.233186823636907,0.406413977023518,0.408642955065616,0.500942177886144,0.48377836820316,0.25,0.560744074407441,TRUE,FALSE,10000,10000,10000,0,0,0,FALSE,0.0308997547502395,0.539145180754429,0.00264849871711229,0.933399999999999,0.00578193601403155,0.0150298632881211,6.20909090909091e-06,8.0545454545453e-05,100,100,"034331576df0fe666e15cbbb3a6aa539",TRUE,15.89,13,19,0.267204467193486,0.152301084537376,0.455285313406502,-1.16356296041683,0,0,0,4,165,0.0797217401573523,0.00128455710598549,"7d6a4746e8d1b36fa0aba44b29c6c563",3.64898485842143,0.211181682563834,0.0090801657986605,0.193384557598459,0.228978807529208
"2019","education","queen","mean_rank",0.5,0.8,"both",4,"Isolation Buffer",100,100,TRUE,0.290903422721186,0.00807993239726261,0.00188413377091861,0.006195798626344,0.0898884441808991,0.0787133954695387,0.386949853626118,0.476832661521209,0.736507214314987,0.00434066097607105,0.00898884441808991,0.0064071744964257,0.233186823636907,0.406413977023518,0.408642955065616,0.500942177886144,0.48377836820316,0.25,0.560744074407441,TRUE,FALSE,10000,10000,10000,0,0,0,FALSE,0.0308997547502395,0.539145180754429,0.00264849871711229,0.933399999999999,0.00578193601403155,0.0150298632881211,6.20909090909091e-06,8.0545454545453e-05,100,100,"034331576df0fe666e15cbbb3a6aa539",TRUE,15.89,13,19,0.267265079886505,0.152490724940413,0.456939305564785,2.06581299191266,0,0,0,4,166,0.0797217401573523,0.00128455710598549,"7d6a4746e8d1b36fa0aba44b29c6c563",3.64898485842143,0.211181682563834,0.0090801657986605,0.193384557598459,0.228978807529208
"2020","education","queen","mean_rank",0.5,0.8,"both",4,"Isolation Buffer",100,100,TRUE,0.290903422721186,0.00807993239726261,0.00188413377091861,0.006195798626344,0.0898884441808991,0.0787133954695387,0.386949853626118,0.476832661521209,0.736507214314987,0.00434066097607105,0.00898884441808991,0.0064071744964257,0.233186823636907,0.406413977023518,0.408642955065616,0.500942177886144,0.48377836820316,0.25,0.560744074407441,TRUE,FALSE,10000,10000,10000,0,0,0,FALSE,0.0308997547502395,0.539145180754429,0.00264849871711229,0.933399999999999,0.00578193601403155,0.0150298632881211,6.20909090909091e-06,8.0545454545453e-05,100,100,"034331576df0fe666e15cbbb3a6aa539",TRUE,15.89,13,19,0.267183933438603,0.152706398628355,0.458054716561069,-0.57021374142688,0,0,0,4,167,0.0797217401573523,0.00128455710598549,"7d6a4746e8d1b36fa0aba44b29c6c563",3.64898485842143,0.211181682563834,0.0090801657986605,0.193384557598459,0.228978807529208
"2021","education","queen","mean_rank",0.5,0.8,"both",4,"Isolation Buffer",100,100,TRUE,0.290903422721186,0.00807993239726261,0.00188413377091861,0.006195798626344,0.0898884441808991,0.0787133954695387,0.386949853626118,0.476832661521209,0.736507214314987,0.00434066097607105,0.00898884441808991,0.0064071744964257,0.233186823636907,0.406413977023518,0.408642955065616,0.500942177886144,0.48377836820316,0.25,0.560744074407441,TRUE,FALSE,10000,10000,10000,0,0,0,FALSE,0.0308997547502395,0.539145180754429,0.00264849871711229,0.933399999999999,0.00578193601403155,0.0150298632881211,6.20909090909091e-06,8.0545454545453e-05,100,100,"034331576df0fe666e15cbbb3a6aa539",TRUE,15.89,13,19,0.267083421758473,0.151851301708227,0.457408089505357,-0.341154745169432,0,0,0,4,168,0.0797217401573523,0.00128455710598549,"7d6a4746e8d1b36fa0aba44b29c6c563",3.64898485842143,0.211181682563834,0.0090801657986605,0.193384557598459,0.228978807529208
"2018","education","queen","mean_rank",0,0.5,"control_only",4,"Isolation Buffer",100,100,TRUE,0.279242054207097,0.00724774749995248,0.00168444198816454,0.00556330551178794,0.0851337036663652,0.0745875694186903,0.384022588245615,0.475564546210462,0.566744015444846,0.00410419540003219,0.00851337036663652,0.00592815460136897,0.232409033037586,0.409360124304155,0.365140875560763,0.506322532842318,0.466611658662282,0.538461538461538,0.568184818481848,TRUE,FALSE,10000,10000,10000,0,0,0,FALSE,0.0304874220711851,0.528432385932909,0.00266696967975402,0.9328,0.0055321350329008,0.00112592377640009,6.26060606060606e-06,8.521212121212e-05,100,100,"d75de2e35fdae027a223dcfb5702a718",TRUE,15.89,13,19,0.267204467193486,0.152301084537376,0.455285313406502,-1.16356296041683,0,0,0,4,169,0.291314560861691,0.00939995962833679,"0dd60f1250552439401423f40b9ab1de",0.95855851963292,-0.0120725066545944,0.0126821416177981,-0.0369295042254786,0.0127844909162899
"2019","education","queen","mean_rank",0,0.5,"control_only",4,"Isolation Buffer",100,100,TRUE,0.279242054207097,0.00724774749995248,0.00168444198816454,0.00556330551178794,0.0851337036663652,0.0745875694186903,0.384022588245615,0.475564546210462,0.566744015444846,0.00410419540003219,0.00851337036663652,0.00592815460136897,0.232409033037586,0.409360124304155,0.365140875560763,0.506322532842318,0.466611658662282,0.538461538461538,0.568184818481848,TRUE,FALSE,10000,10000,10000,0,0,0,FALSE,0.0304874220711851,0.528432385932909,0.00266696967975402,0.9328,0.0055321350329008,0.00112592377640009,6.26060606060606e-06,8.521212121212e-05,100,100,"d75de2e35fdae027a223dcfb5702a718",TRUE,15.89,13,19,0.267265079886505,0.152490724940413,0.456939305564785,2.06581299191266,0,0,0,4,170,0.291314560861691,0.00939995962833679,"0dd60f1250552439401423f40b9ab1de",0.95855851963292,-0.0120725066545944,0.0126821416177981,-0.0369295042254786,0.0127844909162899
"2020","education","queen","mean_rank",0,0.5,"control_only",4,"Isolation Buffer",100,100,TRUE,0.279242054207097,0.00724774749995248,0.00168444198816454,0.00556330551178794,0.0851337036663652,0.0745875694186903,0.384022588245615,0.475564546210462,0.566744015444846,0.00410419540003219,0.00851337036663652,0.00592815460136897,0.232409033037586,0.409360124304155,0.365140875560763,0.506322532842318,0.466611658662282,0.538461538461538,0.568184818481848,TRUE,FALSE,10000,10000,10000,0,0,0,FALSE,0.0304874220711851,0.528432385932909,0.00266696967975402,0.9328,0.0055321350329008,0.00112592377640009,6.26060606060606e-06,8.521212121212e-05,100,100,"d75de2e35fdae027a223dcfb5702a718",TRUE,15.89,13,19,0.267183933438603,0.152706398628355,0.458054716561069,-0.57021374142688,0,0,0,4,171,0.291314560861691,0.00939995962833679,"0dd60f1250552439401423f40b9ab1de",0.95855851963292,-0.0120725066545944,0.0126821416177981,-0.0369295042254786,0.0127844909162899
"2021","education","queen","mean_rank",0,0.5,"control_only",4,"Isolation Buffer",100,100,TRUE,0.279242054207097,0.00724774749995248,0.00168444198816454,0.00556330551178794,0.0851337036663652,0.0745875694186903,0.384022588245615,0.475564546210462,0.566744015444846,0.00410419540003219,0.00851337036663652,0.00592815460136897,0.232409033037586,0.409360124304155,0.365140875560763,0.506322532842318,0.466611658662282,0.538461538461538,0.568184818481848,TRUE,FALSE,10000,10000,10000,0,0,0,FALSE,0.0304874220711851,0.528432385932909,0.00266696967975402,0.9328,0.0055321350329008,0.00112592377640009,6.26060606060606e-06,8.521212121212e-05,100,100,"d75de2e35fdae027a223dcfb5702a718",TRUE,15.89,13,19,0.267083421758473,0.151851301708227,0.457408089505357,-0.341154745169432,0,0,0,4,172,0.291314560861691,0.00939995962833679,"0dd60f1250552439401423f40b9ab1de",0.95855851963292,-0.0120725066545944,0.0126821416177981,-0.0369295042254786,0.0127844909162899
"2018","education","queen","mean_rank",0.2,0.5,"control_only",4,"Isolation Buffer",100,100,TRUE,0.282818325966065,0.00590478989135112,0.00176003566935131,0.00414475422199981,0.076842630689944,0.0643797656255427,0.381583206903535,0.453029218419065,0.575841012744446,0.00419527790420529,0.0076842630689944,0.0042001765055621,0.298069144158588,0.400644565689841,0.409872626791154,0.47391869716343,0.474611228413413,0.333333333333333,0.427710771077108,TRUE,FALSE,10000,10000,10000,0,0,0,FALSE,0.0271703152288527,0.531800048297242,0.00241928280548787,0.9316,0.00581635306882875,0.00265228149246404,6.3779797979798e-06,-5.25050505050519e-05,100,100,"9d4e1af5265c7bb5799c228ef94a873f",TRUE,15.89,13,19,0.267204467193486,0.152301084537376,0.455285313406502,-1.16356296041683,0,0,0,4,173,0.310117368630307,0.00974141840181621,"c843422616aa1553b3a3638fad96698c",0.911971900236309,-0.0272990426642419,0.0124073821329382,-0.0516175116448008,-0.00298057368368296
"2019","education","queen","mean_rank",0.2,0.5,"control_only",4,"Isolation Buffer",100,100,TRUE,0.282818325966065,0.00590478989135112,0.00176003566935131,0.00414475422199981,0.076842630689944,0.0643797656255427,0.381583206903535,0.453029218419065,0.575841012744446,0.00419527790420529,0.0076842630689944,0.0042001765055621,0.298069144158588,0.400644565689841,0.409872626791154,0.47391869716343,0.474611228413413,0.333333333333333,0.427710771077108,TRUE,FALSE,10000,10000,10000,0,0,0,FALSE,0.0271703152288527,0.531800048297242,0.00241928280548787,0.9316,0.00581635306882875,0.00265228149246404,6.3779797979798e-06,-5.25050505050519e-05,100,100,"9d4e1af5265c7bb5799c228ef94a873f",TRUE,15.89,13,19,0.267265079886505,0.152490724940413,0.456939305564785,2.06581299191266,0,0,0,4,174,0.310117368630307,0.00974141840181621,"c843422616aa1553b3a3638fad96698c",0.911971900236309,-0.0272990426642419,0.0124073821329382,-0.0516175116448008,-0.00298057368368296
"2020","education","queen","mean_rank",0.2,0.5,"control_only",4,"Isolation Buffer",100,100,TRUE,0.282818325966065,0.00590478989135112,0.00176003566935131,0.00414475422199981,0.076842630689944,0.0643797656255427,0.381583206903535,0.453029218419065,0.575841012744446,0.00419527790420529,0.0076842630689944,0.0042001765055621,0.298069144158588,0.400644565689841,0.409872626791154,0.47391869716343,0.474611228413413,0.333333333333333,0.427710771077108,TRUE,FALSE,10000,10000,10000,0,0,0,FALSE,0.0271703152288527,0.531800048297242,0.00241928280548787,0.9316,0.00581635306882875,0.00265228149246404,6.3779797979798e-06,-5.25050505050519e-05,100,100,"9d4e1af5265c7bb5799c228ef94a873f",TRUE,15.89,13,19,0.267183933438603,0.152706398628355,0.458054716561069,-0.57021374142688,0,0,0,4,175,0.310117368630307,0.00974141840181621,"c843422616aa1553b3a3638fad96698c",0.911971900236309,-0.0272990426642419,0.0124073821329382,-0.0516175116448008,-0.00298057368368296
"2021","education","queen","mean_rank",0.2,0.5,"control_only",4,"Isolation Buffer",100,100,TRUE,0.282818325966065,0.00590478989135112,0.00176003566935131,0.00414475422199981,0.076842630689944,0.0643797656255427,0.381583206903535,0.453029218419065,0.575841012744446,0.00419527790420529,0.0076842630689944,0.0042001765055621,0.298069144158588,0.400644565689841,0.409872626791154,0.47391869716343,0.474611228413413,0.333333333333333,0.427710771077108,TRUE,FALSE,10000,10000,10000,0,0,0,FALSE,0.0271703152288527,0.531800048297242,0.00241928280548787,0.9316,0.00581635306882875,0.00265228149246404,6.3779797979798e-06,-5.25050505050519e-05,100,100,"9d4e1af5265c7bb5799c228ef94a873f",TRUE,15.89,13,19,0.267083421758473,0.151851301708227,0.457408089505357,-0.341154745169432,0,0,0,4,176,0.310117368630307,0.00974141840181621,"c843422616aa1553b3a3638fad96698c",0.911971900236309,-0.0272990426642419,0.0124073821329382,-0.0516175116448008,-0.00298057368368296
"2018","education","queen","mean_rank",0.5,0.5,"control_only",4,"Isolation Buffer",100,100,TRUE,0.290113260085837,0.00847603549516386,0.00189260209952705,0.00658343339563681,0.092065387063564,0.0811383595818698,0.397505631233083,0.488414563575366,0.709411740043752,0.00435040469327515,0.0092065387063564,0.0065359353607011,0.223288600030864,0.415817247424552,0.396745176434757,0.542625718993486,0.457447174382952,0.333333333333333,0.553375337533753,TRUE,FALSE,10000,10000,10000,0,0,0,FALSE,0.0317342913027567,0.538389318835433,0.00270158950593643,0.9312,0.00512484088824705,0.0158177574186835,6.39838383838384e-06,9.00202020202006e-05,100,100,"fa2ab6ef8edf14a8cd1cfddafb940896",TRUE,15.89,13,19,0.267204467193486,0.152301084537376,0.455285313406502,-1.16356296041683,0,0,0,4,177,0.323355231421774,0.0102073714961828,"41da99612ef331d16cf24a6f62f4a4aa",0.897196741831658,-0.0332419713359365,0.0137459371383956,-0.060184008127192,-0.00629993454468111
"2019","education","queen","mean_rank",0.5,0.5,"control_only",4,"Isolation Buffer",100,100,TRUE,0.290113260085837,0.00847603549516386,0.00189260209952705,0.00658343339563681,0.092065387063564,0.0811383595818698,0.397505631233083,0.488414563575366,0.709411740043752,0.00435040469327515,0.0092065387063564,0.0065359353607011,0.223288600030864,0.415817247424552,0.396745176434757,0.542625718993486,0.457447174382952,0.333333333333333,0.553375337533753,TRUE,FALSE,10000,10000,10000,0,0,0,FALSE,0.0317342913027567,0.538389318835433,0.00270158950593643,0.9312,0.00512484088824705,0.0158177574186835,6.39838383838384e-06,9.00202020202006e-05,100,100,"fa2ab6ef8edf14a8cd1cfddafb940896",TRUE,15.89,13,19,0.267265079886505,0.152490724940413,0.456939305564785,2.06581299191266,0,0,0,4,178,0.323355231421774,0.0102073714961828,"41da99612ef331d16cf24a6f62f4a4aa",0.897196741831658,-0.0332419713359365,0.0137459371383956,-0.060184008127192,-0.00629993454468111
"2020","education","queen","mean_rank",0.5,0.5,"control_only",4,"Isolation Buffer",100,100,TRUE,0.290113260085837,0.00847603549516386,0.00189260209952705,0.00658343339563681,0.092065387063564,0.0811383595818698,0.397505631233083,0.488414563575366,0.709411740043752,0.00435040469327515,0.0092065387063564,0.0065359353607011,0.223288600030864,0.415817247424552,0.396745176434757,0.542625718993486,0.457447174382952,0.333333333333333,0.553375337533753,TRUE,FALSE,10000,10000,10000,0,0,0,FALSE,0.0317342913027567,0.538389318835433,0.00270158950593643,0.9312,0.00512484088824705,0.0158177574186835,6.39838383838384e-06,9.00202020202006e-05,100,100,"fa2ab6ef8edf14a8cd1cfddafb940896",TRUE,15.89,13,19,0.267183933438603,0.152706398628355,0.458054716561069,-0.57021374142688,0,0,0,4,179,0.323355231421774,0.0102073714961828,"41da99612ef331d16cf24a6f62f4a4aa",0.897196741831658,-0.0332419713359365,0.0137459371383956,-0.060184008127192,-0.00629993454468111
"2021","education","queen","mean_rank",0.5,0.5,"control_only",4,"Isolation Buffer",100,100,TRUE,0.290113260085837,0.00847603549516386,0.00189260209952705,0.00658343339563681,0.092065387063564,0.0811383595818698,0.397505631233083,0.488414563575366,0.709411740043752,0.00435040469327515,0.0092065387063564,0.0065359353607011,0.223288600030864,0.415817247424552,0.396745176434757,0.542625718993486,0.457447174382952,0.333333333333333,0.553375337533753,TRUE,FALSE,10000,10000,10000,0,0,0,FALSE,0.0317342913027567,0.538389318835433,0.00270158950593643,0.9312,0.00512484088824705,0.0158177574186835,6.39838383838384e-06,9.00202020202006e-05,100,100,"fa2ab6ef8edf14a8cd1cfddafb940896",TRUE,15.89,13,19,0.267083421758473,0.151851301708227,0.457408089505357,-0.341154745169432,0,0,0,4,180,0.323355231421774,0.0102073714961828,"41da99612ef331d16cf24a6f62f4a4aa",0.897196741831658,-0.0332419713359365,0.0137459371383956,-0.060184008127192,-0.00629993454468111
"2018","education","queen","mean_rank",0,0.8,"control_only",4,"Isolation Buffer",100,100,TRUE,0.280909914546042,0.00666695822226517,0.00176635586548827,0.0049006023567769,0.0816514434793725,0.0700043024161865,0.396256711525035,0.46406110179384,0.561971385605688,0.00420280366599282,0.00816514434793725,0.00463447721424116,0.264941793033785,0.381492273519051,0.384847475951723,0.464721221211577,0.499836389505693,0.176470588235294,0.580690069006901,TRUE,FALSE,10000,10000,10000,0,0,0,FALSE,0.0290667716770779,0.529801752928796,0.00251861754608244,0.929999999999999,0.00492070889163849,0.014832974739304,6.51232323232323e-06,-1.68888888888901e-05,100,100,"4d4863a3a3e4960a0b278c0960715461",TRUE,15.89,13,19,0.267204467193486,0.152301084537376,0.455285313406502,-1.16356296041683,0,0,0,4,181,0.296905211096469,0.00939428372244057,"ac322b5bea4c8163c656df36b45d9f48",0.946126588713762,-0.0159952965504274,0.012446772629094,-0.0403909709034517,0.00840037780259682
"2019","education","queen","mean_rank",0,0.8,"control_only",4,"Isolation Buffer",100,100,TRUE,0.280909914546042,0.00666695822226517,0.00176635586548827,0.0049006023567769,0.0816514434793725,0.0700043024161865,0.396256711525035,0.46406110179384,0.561971385605688,0.00420280366599282,0.00816514434793725,0.00463447721424116,0.264941793033785,0.381492273519051,0.384847475951723,0.464721221211577,0.499836389505693,0.176470588235294,0.580690069006901,TRUE,FALSE,10000,10000,10000,0,0,0,FALSE,0.0290667716770779,0.529801752928796,0.00251861754608244,0.929999999999999,0.00492070889163849,0.014832974739304,6.51232323232323e-06,-1.68888888888901e-05,100,100,"4d4863a3a3e4960a0b278c0960715461",TRUE,15.89,13,19,0.267265079886505,0.152490724940413,0.456939305564785,2.06581299191266,0,0,0,4,182,0.296905211096469,0.00939428372244057,"ac322b5bea4c8163c656df36b45d9f48",0.946126588713762,-0.0159952965504274,0.012446772629094,-0.0403909709034517,0.00840037780259682
"2020","education","queen","mean_rank",0,0.8,"control_only",4,"Isolation Buffer",100,100,TRUE,0.280909914546042,0.00666695822226517,0.00176635586548827,0.0049006023567769,0.0816514434793725,0.0700043024161865,0.396256711525035,0.46406110179384,0.561971385605688,0.00420280366599282,0.00816514434793725,0.00463447721424116,0.264941793033785,0.381492273519051,0.384847475951723,0.464721221211577,0.499836389505693,0.176470588235294,0.580690069006901,TRUE,FALSE,10000,10000,10000,0,0,0,FALSE,0.0290667716770779,0.529801752928796,0.00251861754608244,0.929999999999999,0.00492070889163849,0.014832974739304,6.51232323232323e-06,-1.68888888888901e-05,100,100,"4d4863a3a3e4960a0b278c0960715461",TRUE,15.89,13,19,0.267183933438603,0.152706398628355,0.458054716561069,-0.57021374142688,0,0,0,4,183,0.296905211096469,0.00939428372244057,"ac322b5bea4c8163c656df36b45d9f48",0.946126588713762,-0.0159952965504274,0.012446772629094,-0.0403909709034517,0.00840037780259682
"2021","education","queen","mean_rank",0,0.8,"control_only",4,"Isolation Buffer",100,100,TRUE,0.280909914546042,0.00666695822226517,0.00176635586548827,0.0049006023567769,0.0816514434793725,0.0700043024161865,0.396256711525035,0.46406110179384,0.561971385605688,0.00420280366599282,0.00816514434793725,0.00463447721424116,0.264941793033785,0.381492273519051,0.384847475951723,0.464721221211577,0.499836389505693,0.176470588235294,0.580690069006901,TRUE,FALSE,10000,10000,10000,0,0,0,FALSE,0.0290667716770779,0.529801752928796,0.00251861754608244,0.929999999999999,0.00492070889163849,0.014832974739304,6.51232323232323e-06,-1.68888888888901e-05,100,100,"4d4863a3a3e4960a0b278c0960715461",TRUE,15.89,13,19,0.267083421758473,0.151851301708227,0.457408089505357,-0.341154745169432,0,0,0,4,184,0.296905211096469,0.00939428372244057,"ac322b5bea4c8163c656df36b45d9f48",0.946126588713762,-0.0159952965504274,0.012446772629094,-0.0403909709034517,0.00840037780259682
"2018","education","queen","mean_rank",0.2,0.8,"control_only",4,"Isolation Buffer",100,100,TRUE,0.293235535048839,0.00772731285623125,0.00181553195156311,0.00591178090466814,0.087905135550952,0.0768881063927844,0.392523604791382,0.482121976865233,0.67328792697494,0.00426090595010393,0.0087905135550952,0.00592766843846922,0.234949973599047,0.410421684114466,0.435830050850259,0.468065512666055,0.524671837861632,0.538461538461538,0.547770777077708,TRUE,FALSE,10000,10000,10000,0,0,0,FALSE,0.0299776544941291,0.541358811543553,0.00247810615208673,0.9298,0.00566374083282545,0.0128907801544921,6.53171717171717e-06,-3.9070707070708e-05,100,100,"1585df1bcdd1e01e4f232e8396623c6f",TRUE,15.89,13,19,0.267204467193486,0.152301084537376,0.455285313406502,-1.16356296041683,0,0,0,4,185,0.30993447595088,0.0100085851145355,"0993633601da4a9819929a697dba4c90",0.946121060424762,-0.0166989409020406,0.013320844738875,-0.0428077965902356,0.00940991478615443
"2019","education","queen","mean_rank",0.2,0.8,"control_only",4,"Isolation Buffer",100,100,TRUE,0.293235535048839,0.00772731285623125,0.00181553195156311,0.00591178090466814,0.087905135550952,0.0768881063927844,0.392523604791382,0.482121976865233,0.67328792697494,0.00426090595010393,0.0087905135550952,0.00592766843846922,0.234949973599047,0.410421684114466,0.435830050850259,0.468065512666055,0.524671837861632,0.538461538461538,0.547770777077708,TRUE,FALSE,10000,10000,10000,0,0,0,FALSE,0.0299776544941291,0.541358811543553,0.00247810615208673,0.9298,0.00566374083282545,0.0128907801544921,6.53171717171717e-06,-3.9070707070708e-05,100,100,"1585df1bcdd1e01e4f232e8396623c6f",TRUE,15.89,13,19,0.267265079886505,0.152490724940413,0.456939305564785,2.06581299191266,0,0,0,4,186,0.30993447595088,0.0100085851145355,"0993633601da4a9819929a697dba4c90",0.946121060424762,-0.0166989409020406,0.013320844738875,-0.0428077965902356,0.00940991478615443
"2020","education","queen","mean_rank",0.2,0.8,"control_only",4,"Isolation Buffer",100,100,TRUE,0.293235535048839,0.00772731285623125,0.00181553195156311,0.00591178090466814,0.087905135550952,0.0768881063927844,0.392523604791382,0.482121976865233,0.67328792697494,0.00426090595010393,0.0087905135550952,0.00592766843846922,0.234949973599047,0.410421684114466,0.435830050850259,0.468065512666055,0.524671837861632,0.538461538461538,0.547770777077708,TRUE,FALSE,10000,10000,10000,0,0,0,FALSE,0.0299776544941291,0.541358811543553,0.00247810615208673,0.9298,0.00566374083282545,0.0128907801544921,6.53171717171717e-06,-3.9070707070708e-05,100,100,"1585df1bcdd1e01e4f232e8396623c6f",TRUE,15.89,13,19,0.267183933438603,0.152706398628355,0.458054716561069,-0.57021374142688,0,0,0,4,187,0.30993447595088,0.0100085851145355,"0993633601da4a9819929a697dba4c90",0.946121060424762,-0.0166989409020406,0.013320844738875,-0.0428077965902356,0.00940991478615443
"2021","education","queen","mean_rank",0.2,0.8,"control_only",4,"Isolation Buffer",100,100,TRUE,0.293235535048839,0.00772731285623125,0.00181553195156311,0.00591178090466814,0.087905135550952,0.0768881063927844,0.392523604791382,0.482121976865233,0.67328792697494,0.00426090595010393,0.0087905135550952,0.00592766843846922,0.234949973599047,0.410421684114466,0.435830050850259,0.468065512666055,0.524671837861632,0.538461538461538,0.547770777077708,TRUE,FALSE,10000,10000,10000,0,0,0,FALSE,0.0299776544941291,0.541358811543553,0.00247810615208673,0.9298,0.00566374083282545,0.0128907801544921,6.53171717171717e-06,-3.9070707070708e-05,100,100,"1585df1bcdd1e01e4f232e8396623c6f",TRUE,15.89,13,19,0.267083421758473,0.151851301708227,0.457408089505357,-0.341154745169432,0,0,0,4,188,0.30993447595088,0.0100085851145355,"0993633601da4a9819929a697dba4c90",0.946121060424762,-0.0166989409020406,0.013320844738875,-0.0428077965902356,0.00940991478615443
"2018","education","queen","mean_rank",0.5,0.8,"control_only",4,"Isolation Buffer",100,100,TRUE,0.288166001309072,0.00736409501936292,0.00168254751810195,0.00568154750126097,0.0858143054470694,0.0753760406313636,0.410371329455002,0.474770534601417,0.601601121540609,0.00410188678305722,0.00858143054470694,0.00575322567978108,0.228479876166442,0.402252070648616,0.422068602181824,0.482887261351586,0.494740285236503,0.25,0.532181218121812,TRUE,FALSE,10000,10000,10000,0,0,0,FALSE,0.0297794691452963,0.536565427717814,0.00233053945287655,0.932299999999999,0.00523000552187522,0.0162340101968576,6.32111111111111e-06,-8.89696969696987e-05,100,100,"ed2bd75532f4cf754791c688789b4252",TRUE,15.89,13,19,0.267204467193486,0.152301084537376,0.455285313406502,-1.16356296041683,0,0,0,4,189,0.3140498083333,0.0110905346294429,"ea98103eca44b022795a79e797d526ab",0.917580567357781,-0.0258838070242282,0.0140228709100705,-0.0533686340079663,0.00160101995950991
"2019","education","queen","mean_rank",0.5,0.8,"control_only",4,"Isolation Buffer",100,100,TRUE,0.288166001309072,0.00736409501936292,0.00168254751810195,0.00568154750126097,0.0858143054470694,0.0753760406313636,0.410371329455002,0.474770534601417,0.601601121540609,0.00410188678305722,0.00858143054470694,0.00575322567978108,0.228479876166442,0.402252070648616,0.422068602181824,0.482887261351586,0.494740285236503,0.25,0.532181218121812,TRUE,FALSE,10000,10000,10000,0,0,0,FALSE,0.0297794691452963,0.536565427717814,0.00233053945287655,0.932299999999999,0.00523000552187522,0.0162340101968576,6.32111111111111e-06,-8.89696969696987e-05,100,100,"ed2bd75532f4cf754791c688789b4252",TRUE,15.89,13,19,0.267265079886505,0.152490724940413,0.456939305564785,2.06581299191266,0,0,0,4,190,0.3140498083333,0.0110905346294429,"ea98103eca44b022795a79e797d526ab",0.917580567357781,-0.0258838070242282,0.0140228709100705,-0.0533686340079663,0.00160101995950991
"2020","education","queen","mean_rank",0.5,0.8,"control_only",4,"Isolation Buffer",100,100,TRUE,0.288166001309072,0.00736409501936292,0.00168254751810195,0.00568154750126097,0.0858143054470694,0.0753760406313636,0.410371329455002,0.474770534601417,0.601601121540609,0.00410188678305722,0.00858143054470694,0.00575322567978108,0.228479876166442,0.402252070648616,0.422068602181824,0.482887261351586,0.494740285236503,0.25,0.532181218121812,TRUE,FALSE,10000,10000,10000,0,0,0,FALSE,0.0297794691452963,0.536565427717814,0.00233053945287655,0.932299999999999,0.00523000552187522,0.0162340101968576,6.32111111111111e-06,-8.89696969696987e-05,100,100,"ed2bd75532f4cf754791c688789b4252",TRUE,15.89,13,19,0.267183933438603,0.152706398628355,0.458054716561069,-0.57021374142688,0,0,0,4,191,0.3140498083333,0.0110905346294429,"ea98103eca44b022795a79e797d526ab",0.917580567357781,-0.0258838070242282,0.0140228709100705,-0.0533686340079663,0.00160101995950991
"2021","education","queen","mean_rank",0.5,0.8,"control_only",4,"Isolation Buffer",100,100,TRUE,0.288166001309072,0.00736409501936292,0.00168254751810195,0.00568154750126097,0.0858143054470694,0.0753760406313636,0.410371329455002,0.474770534601417,0.601601121540609,0.00410188678305722,0.00858143054470694,0.00575322567978108,0.228479876166442,0.402252070648616,0.422068602181824,0.482887261351586,0.494740285236503,0.25,0.532181218121812,TRUE,FALSE,10000,10000,10000,0,0,0,FALSE,0.0297794691452963,0.536565427717814,0.00233053945287655,0.932299999999999,0.00523000552187522,0.0162340101968576,6.32111111111111e-06,-8.89696969696987e-05,100,100,"ed2bd75532f4cf754791c688789b4252",TRUE,15.89,13,19,0.267083421758473,0.151851301708227,0.457408089505357,-0.341154745169432,0,0,0,4,192,0.3140498083333,0.0110905346294429,"ea98103eca44b022795a79e797d526ab",0.917580567357781,-0.0258838070242282,0.0140228709100705,-0.0533686340079663,0.00160101995950991
"2018","education","queen","mean_rank",0,0.5,"both",5,"2x2 Blocking",100,100,TRUE,0.0745246775546565,0.000131279149159268,0.000112404209845871,1.88749393133967e-05,0.0114577113403711,0.00434452981499687,0.0896274947507137,0.0963134215826223,0.118777829096109,0.0010602085164998,0.00114577113403711,-4.85803031054428e-06,0.856222869859572,0.0987595993631685,0.0945440812338916,0.107444001506289,0.105252419540604,0.0526315789473684,-0.0477167716771677,TRUE,FALSE,10000,10000,10000,0,0,0,FALSE,0.0153743856616729,0.272972618511817,0.00275349181435449,0.9321,0.00264522011974893,0.00325992292214878,6.3170707070707e-06,0.000126464646464645,100,100,"abe1d1f3c65552e7e46f792c26f91da1",TRUE,28,28,28,0.499569183981382,0.437579784834145,0.546772133567148,-1.08762850958031,0,0,0,1,193,0.0739447455938411,0.000976284764408213,"d24fc8915c9581042d0922c6cad71eee",1.00784277444135,0.000579931960815475,0.00150529845306779,-0.00237045300719739,0.00353031692882834
"2019","education","queen","mean_rank",0,0.5,"both",5,"2x2 Blocking",100,100,TRUE,0.0761928572582001,0.000166866127323153,0.000121233652517045,4.56324748061074e-05,0.0129176672554743,0.00675518133036467,0.0915041554293914,0.100589064237568,0.120899738531602,0.00110106154467879,0.00129176672554743,3.02518153072639e-05,0.726532427292835,0.100870272193236,0.0983192877029401,0.108418930790662,0.110249923637609,0.111111111111111,0.041020102010201,TRUE,FALSE,10000,10000,10000,0,0,0,FALSE,0.0169539084375052,0.275916494428055,0.00250244325054979,0.9298,0.00302180561248814,0.00793381123628694,6.53050505050505e-06,-2.68282828282845e-05,100,100,"e0b3c662e320b616684d6478fde34040",TRUE,30.9999999999999,31,31,0.551429520517974,0.49943186733687,0.591913364235571,-0.247135479400268,0,0,0,1,194,0.0739447455938411,0.000976284764408213,"d24fc8915c9581042d0922c6cad71eee",1.0304025883963,0.00224811166435901,0.00161919523666763,-0.000925510999509537,0.00542173432822756
"2020","education","queen","mean_rank",0,0.5,"both",5,"2x2 Blocking",100,100,TRUE,0.0762765325112775,0.000171174037792326,0.000115482345012459,5.56916927798668e-05,0.0130833496396116,0.00746268669983316,0.0948386374869946,0.102024876033075,0.120162456458511,0.00107462712143543,0.00130833496396116,5.16330030052737e-05,0.674648717187861,0.0992831091824183,0.0988450351821668,0.108685171725726,0.109647899481853,0.0526315789473684,0.156027602760276,TRUE,FALSE,10000,10000,10000,0,0,0,FALSE,0.0171525228125403,0.276166619457917,0.00287579589334883,0.9335,0.0031741262299701,0.00292075477633243,6.18777777777778e-06,0.000208242424242423,100,100,"8b4180101ee4718bc2f7345619843068",TRUE,27,27,27,0.480417039153157,0.421823737571337,0.552645260363763,-4.34390620899296,0,0,0,1,195,0.0739447455938411,0.000976284764408213,"d24fc8915c9581042d0922c6cad71eee",1.03153417999765,0.00233178691743648,0.00163244366492043,-0.000867802665807572,0.00553137650068052
"2021","education","queen","mean_rank",0,0.5,"both",5,"2x2 Blocking",100,100,TRUE,0.0766164152446294,0.000195735542812452,0.000118932023781978,7.68035190304746e-05,0.0139905519123604,0.00876376169407148,0.0949271705701098,0.107247360090567,0.119875988998392,0.00109055959847217,0.00139905519123604,6.56182095936974e-05,0.60761587840965,0.10059145839801,0.0966036626041796,0.113192305694788,0.11057432506585,0.176470588235294,0.176321632163216,TRUE,FALSE,10000,10000,10000,0,0,0,FALSE,0.0182605148879517,0.276762535478014,0.00241418367741206,0.928999999999999,0.00279191654771164,0.00434904591957237,6.60424242424242e-06,-7.75959595959605e-05,100,100,"e713d0f427f92f2b6b229e8716d18be5",TRUE,28.9999999999999,29,29,0.503473759411384,0.39228380458974,0.614688862265601,-2.13434312239774,0,0,0,1,196,0.0739447455938411,0.000976284764408213,"d24fc8915c9581042d0922c6cad71eee",1.03613062198446,0.00267166965078829,0.00170601505542598,-0.000672119857846643,0.00601545915942321
"2018","education","queen","mean_rank",0.2,0.5,"both",5,"2x2 Blocking",100,100,TRUE,0.0755727197026908,0.000206946150366709,0.000115117542615995,9.18286077507144e-05,0.014385623044092,0.00958272444301277,0.0913602345068086,0.107535374761039,0.140746223820307,0.00107292843478023,0.0014385623044092,8.21348646802723e-05,0.556268103620224,0.100205973088198,0.093312152919139,0.116112698310995,0.108418216595578,0.25,0.0881488148814882,TRUE,FALSE,10000,10000,10000,0,0,0,FALSE,0.0190354708692319,0.274881818487757,0.00246010593514206,0.9322,0.00265614747176165,0.00356448699736889,6.32363636363636e-06,-2.71515151515161e-05,100,100,"5bdb1c22c7d3df9116e20d53b05da54a",TRUE,28,28,28,0.499569183981382,0.437579784834145,0.546772133567148,-1.08762850958031,0,0,0,1,197,0.076248736282043,0.00137984579125495,"c361e7920bc94937367580206aa4be86",0.991134061857082,-0.000676016579352276,0.00199334791526996,-0.00458297849328139,0.00323094533457684
"2019","education","queen","mean_rank",0.2,0.5,"both",5,"2x2 Blocking",100,100,TRUE,0.076662362342518,0.000196764241861541,0.000120506868518143,7.62573733433983e-05,0.0140272677974558,0.00873254678449525,0.0933716984526676,0.104750847511901,0.126990680571653,0.00109775620480206,0.00140272677974558,7.78714110443177e-05,0.612442928542581,0.0950225351886771,0.098580874874253,0.105042636134328,0.117114714280458,0.111111111111111,0.2200300030003,TRUE,FALSE,10000,10000,10000,0,0,0,FALSE,0.0182974635386055,0.27671901061562,0.00216703959494528,0.930299999999999,0.00289816114379896,0.00943141062780719,6.50272727272727e-06,-0.000180666666666668,100,100,"6b5099a38128b1536bc68d0bd67dfb80",TRUE,30.9999999999999,31,31,0.551429520517974,0.49943186733687,0.591913364235571,-0.247135479400268,0,0,0,1,198,0.076248736282043,0.00137984579125495,"c361e7920bc94937367580206aa4be86",1.00542469397716,0.000413626060474903,0.00196764245386691,-0.00344295314910425,0.00427020527005405
"2020","education","queen","mean_rank",0.2,0.5,"both",5,"2x2 Blocking",100,100,TRUE,0.0775262256008429,0.000208773088821314,0.000122124215458616,8.66488733626986e-05,0.0144489822763167,0.00930853765973467,0.093356309638059,0.107028435585714,0.139369102440017,0.00110509825562533,0.00144489822763167,7.81732701307279e-05,0.584961482095712,0.0993646758378307,0.101063191486796,0.117688002802115,0.109187603588547,0.25,0.136441644164416,TRUE,FALSE,10000,10000,10000,0,0,0,FALSE,0.018637541250505,0.2782692955299,0.00288633142430129,0.9318,0.00276329127181779,0.00961378001287083,6.33575757575757e-06,0.000199515151515151,100,100,"50826606385c3edef1a35ca628014f0f",TRUE,27,27,27,0.480417039153157,0.421823737571337,0.552645260363763,-4.34390620899296,0,0,0,1,199,0.076248736282043,0.00137984579125495,"c361e7920bc94937367580206aa4be86",1.01675423595316,0.00127748931879983,0.00199792524781513,-0.00263844416691782,0.00519342280451748
"2021","education","queen","mean_rank",0.2,0.5,"both",5,"2x2 Blocking",100,100,TRUE,0.0782282474576014,0.000208718132006223,0.0001239660374947,8.47520945115225e-05,0.014447080397306,0.00920609007730874,0.0977912028619361,0.109622774952844,0.135611460205212,0.00111340036597219,0.0014447080397306,0.000100946864489102,0.593939952907418,0.0990719843387714,0.0993463886526008,0.114314625287017,0.113948974313196,0.333333333333333,0.22996699669967,TRUE,FALSE,10000,10000,10000,0,0,0,FALSE,0.0184678563905399,0.279568260873751,0.00255325104701651,0.9319,0.00286619025544344,0.00835673199448573,6.34515151515151e-06,1.73939393939382e-05,100,100,"6f374d36c9757361d6fcc43c6c17dac7",TRUE,28.9999999999999,29,29,0.503473759411384,0.39228380458974,0.614688862265601,-2.13434312239774,0,0,0,1,200,0.076248736282043,0.00137984579125495,"c361e7920bc94937367580206aa4be86",1.02596123256701,0.00197951117555836,0.00199778770836799,-0.0019361527328429,0.00589517508395962
"2018","education","queen","mean_rank",0.5,0.5,"both",5,"2x2 Blocking",100,100,TRUE,0.0782886032629815,0.000239881932975913,0.000128292944523669,0.000111588988452244,0.0154881223192456,0.0105635689259002,0.0944641145051732,0.111447391061132,0.14412916952992,0.00113266475412484,0.00154881223192456,0.000105603669007473,0.534817036581704,0.097206656771751,0.103184381979797,0.111082850399153,0.122734579855857,0.176470588235294,0.165820582058206,TRUE,FALSE,10000,10000,10000,0,0,0,FALSE,0.0197833677875424,0.279466192578528,0.00270061721340388,0.9314,0.00310614995877314,0.0136839493072245,6.3810101010101e-06,9.12323232323217e-05,100,100,"5c9626e20e537871299deb9823c3249b",TRUE,28,28,28,0.499569183981382,0.437579784834145,0.546772133567148,-1.08762850958031,0,0,0,1,201,0.0776358075754377,0.00118433568419962,"9bb12b1bef60f74a0c4078eb671ec8a0",1.00840843559088,0.000652795687543853,0.00194973596741398,-0.00316868680858754,0.00447427818367525
"2019","education","queen","mean_rank",0.5,0.5,"both",5,"2x2 Blocking",100,100,TRUE,0.0794318627033053,0.000171191545570618,0.000130300639997129,4.08909055734889e-05,0.0130840187087384,0.0063945997195672,0.092781615197864,0.105499388844184,0.132858262471409,0.00114149305734695,0.00130840187087384,5.53305189338034e-05,0.761139456757687,0.104104613031942,0.100695365198277,0.115913276406434,0.107344566850609,0.176470588235294,0.0949414941494149,TRUE,FALSE,10000,10000,10000,0,0,0,FALSE,0.0164720028757351,0.281270837328085,0.00264765953440034,0.93,0.0031637850710369,0.017848775085797,6.50565656565657e-06,5.04444444444433e-05,100,100,"ec08ff1f275831d406352d59dea1d967",TRUE,30.9999999999999,31,31,0.551429520517974,0.49943186733687,0.591913364235571,-0.247135479400268,0,0,0,1,202,0.0776358075754377,0.00118433568419962,"9bb12b1bef60f74a0c4078eb671ec8a0",1.02313436523633,0.00179605512786764,0.00176481343732837,-0.00166297920929596,0.00525508946503124
"2020","education","queen","mean_rank",0.5,0.5,"both",5,"2x2 Blocking",100,100,TRUE,0.0790056785184036,0.000175514986319813,0.000127999284004941,4.75157023148721e-05,0.013248206909609,0.00689316344756688,0.0967716340857548,0.106369270071937,0.121462496037433,0.00113136768561304,0.0013248206909609,3.82025339900859e-05,0.729278374962854,0.102968685173505,0.102684971482527,0.112240513874502,0.117698042519875,0,0.0933453345334534,TRUE,FALSE,10000,10000,10000,0,0,0,FALSE,0.0167686768319103,0.280527436267213,0.00260184472242214,0.9309,0.00302486250333936,0.0176078397240669,6.42979797979798e-06,3.3979797979796e-05,100,100,"21922585f71c9ddebca9f3694b7bf08d",TRUE,27,27,27,0.480417039153157,0.421823737571337,0.552645260363763,-4.34390620899296,0,0,0,1,203,0.0776358075754377,0.00118433568419962,"9bb12b1bef60f74a0c4078eb671ec8a0",1.01764483407524,0.00136987094296594,0.00177702022387668,-0.00211308869583235,0.00485283058176423
"2021","education","queen","mean_rank",0.5,0.5,"both",5,"2x2 Blocking",100,100,TRUE,0.0781222983760067,0.000153275110722273,0.000123303868213252,2.99712425090214e-05,0.0123804325741176,0.0054745997578838,0.0935166216340723,0.103015286325258,0.118262764302839,0.00111042274928629,0.00123804325741176,1.72839676609502e-05,0.804461126351246,0.0976747825266205,0.0993302394958715,0.110469860717642,0.108484327578294,0.111111111111111,0.0081968196819682,TRUE,FALSE,10000,10000,10000,0,0,0,FALSE,0.0158475017139536,0.27919910332715,0.00231104069434294,0.9305,0.0024592360023671,0.0130445037208121,6.47888888888889e-06,-0.000113797979797981,100,100,"cfa2a65f4f79405ef125e325bf1054c2",TRUE,28.9999999999999,29,29,0.503473759411384,0.39228380458974,0.614688862265601,-2.13434312239774,0,0,0,1,204,0.0776358075754377,0.00118433568419962,"9bb12b1bef60f74a0c4078eb671ec8a0",1.00626631983053,0.00048649080056902,0.00171330152632026,-0.00287158019101868,0.00384456179215672
"2018","education","queen","mean_rank",0,0.8,"both",5,"2x2 Blocking",100,100,TRUE,0.0738033665454881,0.000146286125570124,0.000115935597410178,3.03505281599466e-05,0.012094880138725,0.00550913134350113,0.0884891073377641,0.0999121392038456,0.115622374945418,0.00107673393839972,0.0012094880138725,2.10394713134084e-05,0.79252626972202,0.093419931047854,0.0942043676804182,0.106951251451184,0.109725552057378,0.111111111111111,0.0520852085208521,TRUE,FALSE,10000,10000,10000,0,0,0,FALSE,0.0163879789023857,0.271599547196189,0.00219310213389549,0.937199999999999,0.00304415233994344,0.00608707715684761,5.89696969696969e-06,-0.000108727272727274,100,100,"3425e9f95e647a7f532163891b3a42ab",TRUE,28,28,28,0.499569183981382,0.437579784834145,0.546772133567148,-1.08762850958031,0,0,0,1,205,0.0749971340756,0.00111408493648401,"2e91cec91465861785706a02012228b9",0.984082491353489,-0.00119376753011194,0.00164439852268293,-0.00441678863457049,0.00202925357434661
"2019","education","queen","mean_rank",0,0.8,"both",5,"2x2 Blocking",100,100,TRUE,0.0778963601287441,0.000203898758368087,0.000127142459821737,7.67562985463497e-05,0.0142793122512286,0.00876106720362021,0.0965601905057266,0.106676046029582,0.124065907063773,0.00112757465305734,0.00142793122512286,8.89670442168672e-05,0.62355681240694,0.102850208369358,0.103956262469928,0.111926577747857,0.117486700732856,0.176470588235294,0.236687668766877,TRUE,FALSE,10000,10000,10000,0,0,0,FALSE,0.018331167499519,0.278734145626675,0.00254294428892291,0.9291,0.00280514090753073,0.01427011529427,6.58919191919192e-06,-1.22626262626279e-05,100,100,"cb263df28ae50fe4585ab9cab86509d6",TRUE,30.9999999999999,31,31,0.551429520517974,0.49943186733687,0.591913364235571,-0.247135479400268,0,0,0,1,206,0.0749971340756,0.00111408493648401,"2e91cec91465861785706a02012228b9",1.03865782458062,0.00289922605314406,0.00181112474152982,-0.000650578440254375,0.0064490305465425
"2020","education","queen","mean_rank",0,0.8,"both",5,"2x2 Blocking",100,100,TRUE,0.0768909846758943,0.000165044547444478,0.000125880974350531,3.91635730939469e-05,0.0128469664685667,0.00625808062379727,0.0942955147340301,0.100866867073384,0.110869527301735,0.00112196690838247,0.00128469664685667,3.00404050865821e-05,0.762709076426037,0.0924184069945836,0.105837974351472,0.105392419829921,0.114093507359076,0.111111111111111,0.11042304230423,TRUE,FALSE,10000,10000,10000,0,0,0,FALSE,0.0167080269848519,0.276998739503118,0.00238776341822512,0.9334,0.00280198542594035,0.0127547242062657,6.22222222222222e-06,-5.20808080808091e-05,100,100,"04e85fe8c7fc9ba937908d6803b49647",TRUE,27,27,27,0.480417039153157,0.421823737571337,0.552645260363763,-4.34390620899296,0,0,0,1,207,0.0749971340756,0.00111408493648401,"2e91cec91465861785706a02012228b9",1.0252523062866,0.00189385060029425,0.00170047955593278,-0.001439089329334,0.0052267905299225
"2021","education","queen","mean_rank",0,0.8,"both",5,"2x2 Blocking",100,100,TRUE,0.077361142757213,0.000156673963242295,0.000121653162222235,3.50208010200607e-05,0.0125169470416031,0.00591783752903548,0.0931325591369522,0.1043868167278,0.118655026355498,0.00110296492338712,0.00125169470416031,3.75843214351705e-05,0.776473382715791,0.093793183105943,0.104421429458398,0.103827992904173,0.115217438472409,0.111111111111111,0.0356915691569157,TRUE,FALSE,10000,10000,10000,0,0,0,FALSE,0.0161798890185551,0.277995024758339,0.0022368809453425,0.9292,0.0026774050879672,0.00893918155222356,6.59515151515151e-06,-0.000159151515151516,100,100,"3fd2a5f57f1f51716ba859ebbfde5864",TRUE,28.9999999999999,29,29,0.503473759411384,0.39228380458974,0.614688862265601,-2.13434312239774,0,0,0,1,208,0.0749971340756,0.00111408493648401,"2e91cec91465861785706a02012228b9",1.03152132025779,0.00236400868161303,0.00167568639014689,-0.000920336643074879,0.00564835400630094
"2018","education","queen","mean_rank",0.2,0.8,"both",5,"2x2 Blocking",100,100,TRUE,0.0750084311959847,0.000164909125777182,0.000118659198321661,4.6249927455521e-05,0.0128416948171642,0.00680072992078946,0.0897452630870096,0.100341953068132,0.124579574965533,0.0010893080295383,0.00128416948171642,3.35819863406956e-05,0.719542946834781,0.0935466015047782,0.0921280325425367,0.105075706764827,0.113773867787876,0.0526315789473684,0.115019501950195,TRUE,FALSE,10000,10000,10000,0,0,0,FALSE,0.0171203351575385,0.273679056134108,0.00234748952515385,0.9362,0.00237408921873802,0.0104021838826648,5.97818181818181e-06,-4.67474747474759e-05,100,100,"f5dab561f6d973abc329a5190f7699ff",TRUE,28,28,28,0.499569183981382,0.437579784834145,0.546772133567148,-1.08762850958031,0,0,0,1,209,0.0757510156278693,0.00115862874857457,"612f320d9e368a4c0c6170ca00da95fb",0.990197036624135,-0.00074258443188456,0.00172959874965129,-0.00413259798120109,0.00264742911743197
"2019","education","queen","mean_rank",0.2,0.8,"both",5,"2x2 Blocking",100,100,TRUE,0.0759074457790839,0.000133799304974709,0.000121438279368665,1.2361025606044e-05,0.0115671649497493,0.00351582502494706,0.0905671588718045,0.0969709476704777,0.116585064814888,0.00110199037821873,0.00115671649497493,-2.59655459603955e-05,0.907615173274775,0.100370663239923,0.0981847164414204,0.10880591336912,0.112100223540534,0.0526315789473684,-0.045004500450045,TRUE,FALSE,10000,10000,10000,0,0,0,FALSE,0.01523851162561,0.275240190346179,0.00224787217005978,0.937599999999999,0.00287656109226265,0.0122590129000228,5.85919191919192e-06,-8.06262626262644e-05,100,100,"a3c31edad2bbfa6e8a7c4e41c23afdb2",TRUE,30.9999999999999,31,31,0.551429520517974,0.49943186733687,0.591913364235571,-0.247135479400268,0,0,0,1,210,0.0757510156278693,0.00115862874857457,"612f320d9e368a4c0c6170ca00da95fb",1.00206505681697,0.000156430151214609,0.00163719688088225,-0.0030524757353146,0.00336533603774382
"2020","education","queen","mean_rank",0.2,0.8,"both",5,"2x2 Blocking",100,100,TRUE,0.0766919116795272,0.000158097863255691,0.000120927138795073,3.71707244606184e-05,0.0125736972786723,0.00609677984354187,0.092791623189687,0.100254038490307,0.109337846447064,0.00109966876283303,0.00125736972786723,5.88213881898188e-05,0.764887875805745,0.0979844914872858,0.0986705872272288,0.107438066794633,0.105613436632824,0.176470588235294,0.244572457245725,TRUE,FALSE,10000,10000,10000,0,0,0,FALSE,0.0163950760951351,0.276600324104971,0.00206549331305202,0.935799999999999,0.00264646251268885,0.013571012657572,6.02585858585858e-06,-0.000175959595959597,100,100,"d9886e3e4cc79edc2435c66bac0e45ee",TRUE,27,27,27,0.480417039153157,0.421823737571337,0.552645260363763,-4.34390620899296,0,0,0,1,211,0.0757510156278693,0.00115862874857457,"612f320d9e368a4c0c6170ca00da95fb",1.01242090345402,0.000940896051657897,0.00170979507824195,-0.00241030230169632,0.00429209440501212
"2021","education","queen","mean_rank",0.2,0.8,"both",5,"2x2 Blocking",100,100,TRUE,0.0754620841068958,0.000233620641632225,0.000122231570423339,0.000111389071208886,0.0152846537949744,0.010554102103395,0.0935363648401721,0.107135863607861,0.154335796510391,0.00110558387480706,0.00152846537949744,0.000120449262299427,0.523205353642342,0.0957337550444147,0.0976477581892121,0.112113534722393,0.118329146848736,0.176470588235294,0.216285628562856,TRUE,FALSE,10000,10000,10000,0,0,0,FALSE,0.0202547464410378,0.274571440507344,0.00237588898832594,0.9346,0.00275661458953273,0.00852104246074804,6.11757575757576e-06,-4.72727272727284e-05,100,100,"456080145eeb47fc65956136cb6541ca",TRUE,28.9999999999999,29,29,0.503473759411384,0.39228380458974,0.614688862265601,-2.13434312239774,0,0,0,1,212,0.0757510156278693,0.00115862874857457,"612f320d9e368a4c0c6170ca00da95fb",0.99618577363513,-0.000288931520973507,0.00191797471134156,-0.00404816195520296,0.00347029891325595
"2018","education","queen","mean_rank",0.5,0.8,"both",5,"2x2 Blocking",100,100,TRUE,0.0793697792138138,0.000175976356358822,0.000125320006067589,5.06563502912337e-05,0.0132656080282369,0.00711732746831517,0.0991010625951069,0.104664369047471,0.118992553420952,0.00111946418463294,0.00132656080282369,4.80771381992018e-05,0.71214115725897,0.103347729206127,0.10251314108236,0.114550838984809,0.115728750130734,0.0526315789473684,0.178985898589859,TRUE,FALSE,10000,10000,10000,0,0,0,FALSE,0.0167136763635196,0.280836549664283,0.00260882341218404,0.9311,0.00267234268879961,0.0223743510849929,6.4120202020202e-06,3.93939393939382e-05,100,100,"97764ba626f6559fff8b977fe75f83b0",TRUE,28,28,28,0.499569183981382,0.437579784834145,0.546772133567148,-1.08762850958031,0,0,0,1,213,0.0797217401573523,0.00128455710598549,"7d6a4746e8d1b36fa0aba44b29c6c563",0.995585132200529,-0.000351960943538496,0.00184657805741486,-0.00397125393607163,0.00326733204899464
"2019","education","queen","mean_rank",0.5,0.8,"both",5,"2x2 Blocking",100,100,TRUE,0.08238664411138,0.000177541909769509,0.000134150942344984,4.33909674245254e-05,0.0133244853472661,0.00658718205490978,0.0995960460758509,0.106860525829964,0.119166079946802,0.00115823547841095,0.00133244853472661,4.33660741677925e-05,0.755601550750146,0.102579089379351,0.107933104897691,0.108078847717027,0.121417722981212,0.0526315789473684,0.154143414341434,TRUE,FALSE,10000,10000,10000,0,0,0,FALSE,0.0161731133619819,0.286022513110192,0.0024384131286266,0.9256,0.00291260922498288,0.0240367657040231,6.89656565656565e-06,-9.50707070707082e-05,100,100,"ec7afeec874928b3a6dc9f04a70ab015",TRUE,30.9999999999999,31,31,0.551429520517974,0.49943186733687,0.591913364235571,-0.247135479400268,0,0,0,1,214,0.0797217401573523,0.00128455710598549,"7d6a4746e8d1b36fa0aba44b29c6c563",1.03342756880078,0.00266490395402764,0.00185081226931121,-0.000962688093822328,0.00629249600187762
"2020","education","queen","mean_rank",0.5,0.8,"both",5,"2x2 Blocking",100,100,TRUE,0.0794307467782069,0.000181835207139113,0.000128144866586112,5.36903405530008e-05,0.0134846285502832,0.00732736927914793,0.0971411050524131,0.103409597973885,0.115147335690347,0.00113201089476255,0.00134846285502832,7.34222701451723e-05,0.704730775751666,0.102383152166271,0.0976120816866256,0.109911390504054,0.113214850284117,0,0.321236123612361,TRUE,FALSE,10000,10000,10000,0,0,0,FALSE,0.016976585386936,0.281326982251786,0.00264849871711229,0.9334,0.00281363064209373,0.0169078631207556,6.20909090909091e-06,8.05454545454533e-05,100,100,"dbfe8c6882e0b1816c2bfabf1d798be5",TRUE,27,27,27,0.480417039153157,0.421823737571337,0.552645260363763,-4.34390620899296,0,0,0,1,215,0.0797217401573523,0.00128455710598549,"7d6a4746e8d1b36fa0aba44b29c6c563",0.99634988676149,-0.000290993379145399,0.0018623745675693,-0.00394124753158123,0.00335926077329044
"2021","education","queen","mean_rank",0.5,0.8,"both",5,"2x2 Blocking",100,100,TRUE,0.0783427243348444,0.000155077074774651,0.000123565996192882,3.15110785817695e-05,0.0124529946107212,0.00561347295190504,0.0934417803384801,0.102883380259285,0.122265636033667,0.0011116024297962,0.00124529946107212,4.46031843806481e-05,0.796803759501141,0.0957740995550212,0.0994418487814597,0.111372524024084,0.106147617480909,0.176470588235294,0.0632223222322232,TRUE,FALSE,10000,10000,10000,0,0,0,FALSE,0.0158955342904542,0.279116559583683,0.0025595730388903,0.9321,0.00280559513757467,0.0208966624371635,6.32737373737374e-06,2.24040404040391e-05,100,100,"aaf2201df67897c0ee260e5a517a0d75",TRUE,28.9999999999999,29,29,0.503473759411384,0.39228380458974,0.614688862265601,-2.13434312239774,0,0,0,1,216,0.0797217401573523,0.00128455710598549,"7d6a4746e8d1b36fa0aba44b29c6c563",0.982702135957067,-0.00137901582250795,0.00178909410213223,-0.00488564026268712,0.00212760861767123
"2018","education","queen","mean_rank",0,0.5,"control_only",5,"2x2 Blocking",100,100,TRUE,0.294808546027219,0.006185914440452,0.0019031279565982,0.0042827864838538,0.0786505844889407,0.0654430017943385,0.401207134121674,0.455613006777144,0.533409894092907,0.00436248548031762,0.00786505844889407,0.00387026492478164,0.307655072652305,0.393246708380147,0.420600823421147,0.459858368248502,0.506642679944596,0.176470588235294,0.4996699669967,TRUE,FALSE,10000,10000,10000,0,0,0,FALSE,0.0266785293536501,0.542486553550607,0.0023697589699709,0.9302,0.00620434724288916,0.0227351103802912,6.50222222222222e-06,-8.86464646464663e-05,100,100,"8f2d981e86bf473d3505a1f5cbecad11",TRUE,28,28,28,0.499569183981382,0.437579784834145,0.546772133567148,-1.08762850958031,0,0,0,1,217,0.291314560861691,0.00939995962833679,"0dd60f1250552439401423f40b9ab1de",1.01199385693318,0.00349398516552785,0.0122563610186255,-0.020528482430978,0.0275164527620337
"2019","education","queen","mean_rank",0,0.5,"control_only",5,"2x2 Blocking",100,100,TRUE,0.418252550695085,0.0218124982315229,0.00416492019315205,0.0176475780383708,0.147690548890316,0.132844187070307,0.624285287045946,0.753147562696118,1.08938587062016,0.00645361928932289,0.0147690548890316,0.0185288149167445,0.190941915453453,0.598686708738731,0.647922155866164,0.751741596023713,0.779907249351641,0.428571428571429,0.628166816681668,TRUE,FALSE,10000,10000,10000,0,0,0,FALSE,0.0353113325058921,0.646523205390269,0.00257642772030961,0.9322,0.00637301545467217,0.0161336786560759,6.31777777777778e-06,3.20202020202007e-05,100,100,"4099b990de04acb963486ecb55bcca4f",TRUE,30.9999999999999,31,31,0.551429520517974,0.49943186733687,0.591913364235571,-0.247135479400268,0,0,0,1,218,0.291314560861691,0.00939995962833679,"0dd60f1250552439401423f40b9ab1de",1.43574200155982,0.126937989833393,0.0175066908160735,0.0926248758338894,0.161251103832897
"2020","education","queen","mean_rank",0,0.5,"control_only",5,"2x2 Blocking",100,100,TRUE,0.308702678181856,0.00784062167774271,0.00200006365843891,0.0058405580193038,0.0885472849823342,0.0764235436191217,0.439445327997673,0.49527293035773,0.540238168288798,0.00447220712673162,0.00885472849823342,0.00607266263276694,0.255089932998109,0.423636574326104,0.458381413228713,0.490570460089181,0.533895739252206,0.428571428571429,0.592163216321632,TRUE,FALSE,10000,10000,10000,0,0,0,FALSE,0.0286836789054908,0.555099052249537,0.00268047560984044,0.9313,0.00602288507742282,0.0238268834202386,6.39080808080808e-06,7.941414141414e-05,100,100,"e593c93a1f01bc3ea995476c6fb24c37",TRUE,27,27,27,0.480417039153157,0.421823737571337,0.552645260363763,-4.34390620899296,0,0,0,1,219,0.291314560861691,0.00939995962833679,"0dd60f1250552439401423f40b9ab1de",1.05968845933664,0.0173881173201643,0.012913770084363,-0.0079228720451872,0.0426991066855157
"2021","education","queen","mean_rank",0,0.5,"control_only",5,"2x2 Blocking",100,100,TRUE,0.353137914820659,0.0121158496482727,0.00277547080613713,0.00934037884213556,0.110072020278873,0.0966456354013753,0.505661958801869,0.560351509735545,0.751918212799313,0.00526827372688353,0.0110072020278873,0.0103234880887491,0.229077686395095,0.530268059521324,0.48570653316458,0.581396709000933,0.574274435641152,0.25,0.746618661866187,TRUE,FALSE,10000,10000,10000,0,0,0,FALSE,0.0311696976335077,0.594055954018798,0.00247041075388877,0.9291,0.00721859475791709,0.0153439993311675,6.59282828282828e-06,-4.89898989898997e-05,100,100,"380971e22bacc391120daf63363594c2",TRUE,28.9999999999999,29,29,0.503473759411384,0.39228380458974,0.614688862265601,-2.13434312239774,0,0,0,1,220,0.291314560861691,0.00939995962833679,"0dd60f1250552439401423f40b9ab1de",1.21222198360459,0.0618233539589672,0.014474727544831,0.0334528879710985,0.0901938199468359
"2018","education","queen","mean_rank",0.2,0.5,"control_only",5,"2x2 Blocking",100,100,TRUE,0.305151230511616,0.00698293351265574,0.0021299321814239,0.00485300133123184,0.0835639486420773,0.0696634863557075,0.42105732372084,0.48101168938142,0.594207095388606,0.00461511882991533,0.00835639486420773,0.00520261081000763,0.305019685145742,0.431658143667555,0.423825370184246,0.484304054055101,0.504490700746146,0.333333333333333,0.559111911191119,TRUE,FALSE,10000,10000,10000,0,0,0,FALSE,0.0273844377104343,0.551013839669275,0.00241786281787462,0.9282,0.00615459269008615,0.0391788081051347,6.67333333333333e-06,-8.27272727272737e-05,100,100,"dd8cd4280c404e2ab3b5b8dd0e1f02bd",TRUE,28,28,28,0.499569183981382,0.437579784834145,0.546772133567148,-1.08762850958031,0,0,0,1,221,0.310117368630307,0.00974141840181621,"c843422616aa1553b3a3638fad96698c",0.983986262554,-0.00496613811869018,0.0128345069093363,-0.0301217716609893,0.0201894954236089
"2019","education","queen","mean_rank",0.2,0.5,"control_only",5,"2x2 Blocking",100,100,TRUE,0.431516077622004,0.0241459313353542,0.00408253314282085,0.0200633981925333,0.155389611413872,0.141645325346562,0.625383269345277,0.802317943555822,0.966698787817567,0.00638947035584394,0.0155389611413872,0.0185979483493346,0.169077476702804,0.612042964182778,0.630823918520027,0.776973964434395,0.871589385352367,0.428571428571429,0.52960096009601,TRUE,FALSE,10000,10000,10000,0,0,0,FALSE,0.0360101556980663,0.655670134672399,0.00236822398613071,0.927399999999999,0.00588730808760284,0.0401590851574366,6.74484848484848e-06,-0.000113636363636365,100,100,"3c5408b31b8ce8e9fbf3f080d905905f",TRUE,30.9999999999999,31,31,0.551429520517974,0.49943186733687,0.591913364235571,-0.247135479400268,0,0,0,1,222,0.310117368630307,0.00974141840181621,"c843422616aa1553b3a3638fad96698c",1.39146052840535,0.121398708991697,0.0183399712604133,0.0854523653212874,0.157345052662108
"2020","education","queen","mean_rank",0.2,0.5,"control_only",5,"2x2 Blocking",100,100,TRUE,0.323477148197824,0.00851002309034951,0.00222068473698079,0.00628933835336872,0.092249786397311,0.0793053488320222,0.435760595411569,0.517315179538016,0.59122985965299,0.00471241417638644,0.0092249786397311,0.00637025669504717,0.260949319808436,0.481438349951851,0.435369229063197,0.570069494336033,0.513703433954801,0.333333333333333,0.636135613561356,TRUE,FALSE,10000,10000,10000,0,0,0,FALSE,0.0285181772224897,0.568265765431153,0.00250768515736821,0.9288,0.00630513570188345,0.0234769682192946,6.6169696969697e-06,-3.28484848484866e-05,100,100,"e9d69e1c288a54d0c32531edcf148a6f",TRUE,27,27,27,0.480417039153157,0.421823737571337,0.552645260363763,-4.34390620899296,0,0,0,1,223,0.310117368630307,0.00974141840181621,"c843422616aa1553b3a3638fad96698c",1.0430797527611,0.013359779567517,0.0134162387941904,-0.0129360484690961,0.0396556076041302
"2021","education","queen","mean_rank",0.2,0.5,"control_only",5,"2x2 Blocking",100,100,TRUE,0.366399730633415,0.0148707207478138,0.0029271737481365,0.0119435469996773,0.121945564691029,0.109286536223257,0.487633439853579,0.615910296590222,0.91357504252425,0.00541033617082756,0.0121945564691029,0.0122793197960995,0.196841417290876,0.50615289195659,0.517287499608371,0.634307630100439,0.625265743834337,0.333333333333333,0.645952595259526,TRUE,FALSE,10000,10000,10000,0,0,0,FALSE,0.0332821109011774,0.604564683993508,0.00268950447916235,0.9267,0.0060003431024145,0.030021217517695,6.7889898989899e-06,4.44444444444433e-05,100,100,"c2320c3fba9033d2c0426c3abed30ba8",TRUE,28.9999999999999,29,29,0.503473759411384,0.39228380458974,0.614688862265601,-2.13434312239774,0,0,0,1,224,0.310117368630307,0.00974141840181621,"c843422616aa1553b3a3638fad96698c",1.1814872938323,0.0562823620031086,0.0156077685771343,0.0256911355919253,0.0868735884142919
"2018","education","queen","mean_rank",0.5,0.5,"control_only",5,"2x2 Blocking",100,100,TRUE,0.312817719349181,0.0072957559522873,0.00203762667826939,0.00525812927401791,0.0854151974316474,0.0725129593522283,0.448361867870589,0.495908122950674,0.614271135304103,0.00451400784034475,0.00854151974316474,0.00497952173373413,0.279289314444594,0.454229926500964,0.455033935408245,0.517428916630919,0.517918936828981,0.333333333333333,0.491413141314131,TRUE,FALSE,10000,10000,10000,0,0,0,FALSE,0.0273051020285405,0.557884235362473,0.00238282999558902,0.928299999999999,0.00532956567975802,0.0397856668061383,6.66636363636363e-06,-9.88484848484848e-05,100,100,"fac4eadf96044d5425b04e3bf560786e",TRUE,28,28,28,0.499569183981382,0.437579784834145,0.546772133567148,-1.08762850958031,0,0,0,1,225,0.323355231421774,0.0102073714961828,"41da99612ef331d16cf24a6f62f4a4aa",0.967411963535395,-0.0105375120725935,0.0133096954279187,-0.036624515111314,0.0155494909661271
"2019","education","queen","mean_rank",0.5,0.5,"control_only",5,"2x2 Blocking",100,100,TRUE,0.456023427257328,0.0238788670651697,0.00471020227963839,0.0191686647855313,0.154527884425982,0.138450947217891,0.68165714594855,0.806579180437365,1.01567559390568,0.00686309134402158,0.0154527884425982,0.0193338344312926,0.197254009865016,0.655456300660186,0.706641766481504,0.793712473173798,0.836941711014143,0.666666666666667,0.567332733273327,TRUE,FALSE,10000,10000,10000,0,0,0,FALSE,0.0338859530431062,0.673721946900866,0.00258783088451867,0.925099999999999,0.00682859053012003,0.0460669677907592,6.9320202020202e-06,-2.3515151515153e-05,100,100,"87ea15518651ab43371a26ade85809de",TRUE,30.9999999999999,31,31,0.551429520517974,0.49943186733687,0.591913364235571,-0.247135479400268,0,0,0,1,226,0.323355231421774,0.0102073714961828,"41da99612ef331d16cf24a6f62f4a4aa",1.41028622067508,0.132668195835554,0.0185196950167324,0.0963695936027589,0.16896679806835
"2020","education","queen","mean_rank",0.5,0.5,"control_only",5,"2x2 Blocking",100,100,TRUE,0.323564919362053,0.00885663409035257,0.00222287424954665,0.00663375984080592,0.094109691798202,0.0814478964787055,0.448411218092498,0.519199612403187,0.641274823089867,0.00471473673660221,0.0094109691798202,0.00707661619054418,0.250984090216395,0.449731600785091,0.467738986543767,0.52475681582686,0.54589814715485,0.333333333333333,0.662406240624063,TRUE,FALSE,10000,10000,10000,0,0,0,FALSE,0.0290852580631271,0.567019791261076,0.00243864095286077,0.9335,0.00614191611727439,0.0453152919034813,6.2110101010101e-06,-2.64040404040423e-05,100,100,"39a5316f86baf7782b19790ebdc6c3c3",TRUE,27,27,27,0.480417039153157,0.421823737571337,0.552645260363763,-4.34390620899296,0,0,0,1,227,0.323355231421774,0.0102073714961828,"41da99612ef331d16cf24a6f62f4a4aa",1.00064847548424,0.00020968794027848,0.0138836873259452,-0.0270023392185741,0.0274217150991311
"2021","education","queen","mean_rank",0.5,0.5,"control_only",5,"2x2 Blocking",100,100,TRUE,0.365475329302152,0.0109748568891242,0.00292122228104367,0.00805363460808057,0.104760951165614,0.089742044817803,0.518624559787946,0.55836796817616,0.633064048028454,0.00540483328239055,0.0104760951165614,0.00901372272941527,0.266174065917753,0.5154970726417,0.527575018440982,0.605918634234739,0.565352506396811,0.25,0.720792079207921,TRUE,FALSE,10000,10000,10000,0,0,0,FALSE,0.0286643017370414,0.603886257115396,0.00250855103253417,0.9301,0.00647037274566186,0.0282261894224023,6.50414141414141e-06,-2.1131313131315e-05,100,100,"24acfbf6a1227ac883993ef6ff2ebea1",TRUE,28.9999999999999,29,29,0.503473759411384,0.39228380458974,0.614688862265601,-2.13434312239774,0,0,0,1,228,0.323355231421774,0.0102073714961828,"41da99612ef331d16cf24a6f62f4a4aa",1.13025952199746,0.042120097880378,0.0146266538125549,0.0134518564077703,0.0707883393529857
"2018","education","queen","mean_rank",0,0.8,"control_only",5,"2x2 Blocking",100,100,TRUE,0.297043608228046,0.0082568782478969,0.00185328399188525,0.00640359425601164,0.0908673662427656,0.0800224609469844,0.414327514709203,0.492546034655114,0.559662395019528,0.0043049785038781,0.00908673662427656,0.00707083235084892,0.224453351041878,0.428332986059063,0.410406613129111,0.525304855237167,0.475963420873669,0.428571428571429,0.69950195019502,TRUE,FALSE,10000,10000,10000,0,0,0,FALSE,0.0305905812230119,0.544857093197714,0.00256109193884013,0.9308,0.00497981541648096,0.0132044015458305,6.44060606060606e-06,1.1858585858585e-05,100,100,"34db0c5354a21e5bc51acbc04ddabc64",TRUE,28,28,28,0.499569183981382,0.437579784834145,0.546772133567148,-1.08762850958031,0,0,0,1,229,0.296905211096469,0.00939428372244057,"ac322b5bea4c8163c656df36b45d9f48",1.00046613237627,0.000138397131576595,0.0130698641590753,-0.025478536620211,0.0257553308833642
"2019","education","queen","mean_rank",0,0.8,"control_only",5,"2x2 Blocking",100,100,TRUE,0.428060008058015,0.0250469669193768,0.004239452279931,0.0208075146394458,0.158262335757365,0.144248100990778,0.617736778226772,0.820678869223867,0.977859592823104,0.00651110764765182,0.0158262335757365,0.0193812778734863,0.169260106166838,0.601299706996349,0.649260514665606,0.834970026544062,0.84594723287056,0.666666666666667,0.503138313831383,TRUE,FALSE,10000,10000,10000,0,0,0,FALSE,0.0369719975653309,0.653983211045874,0.00250613388922201,0.928899999999999,0.00664582535300101,0.0191302830126055,6.60838383838384e-06,-3.27676767676782e-05,100,100,"546c6953f6e7bd7c693dbf9f69692a78",TRUE,30.9999999999999,31,31,0.551429520517974,0.49943186733687,0.591913364235571,-0.247135479400268,0,0,0,1,230,0.296905211096469,0.00939428372244057,"ac322b5bea4c8163c656df36b45d9f48",1.44173962618302,0.131154796961546,0.0184044080549058,0.0950821571739308,0.167227436749161
"2020","education","queen","mean_rank",0,0.8,"control_only",5,"2x2 Blocking",100,100,TRUE,0.315478289506267,0.00904025793190132,0.00211377412932203,0.00692648380257929,0.095080270991943,0.0832254997136052,0.463044686033006,0.513027890639115,0.565114665961335,0.00459757993875259,0.0095080270991943,0.00657992011456177,0.233817900467522,0.457822380951223,0.469981003825774,0.533369994049645,0.544968832659397,0.25,0.503810381038104,TRUE,FALSE,10000,10000,10000,0,0,0,FALSE,0.0301384514099993,0.561267536884992,0.00235640112515383,0.927299999999999,0.00529611557067823,0.0213785300084172,6.7540404040404e-06,-0.000120141414141415,100,100,"a4137c326a24c4b5cc4c53b1f14c8611",TRUE,27,27,27,0.480417039153157,0.421823737571337,0.552645260363763,-4.34390620899296,0,0,0,1,231,0.296905211096469,0.00939428372244057,"ac322b5bea4c8163c656df36b45d9f48",1.06255558244063,0.0185730784097979,0.0133661941470534,-0.00762466211842677,0.0447708189380226
"2021","education","queen","mean_rank",0,0.8,"control_only",5,"2x2 Blocking",100,100,TRUE,0.344098890160446,0.0107657411409212,0.00271820536775784,0.00804753577316336,0.10375808952039,0.0897080585742627,0.481974871902061,0.557930872862885,0.643236743713257,0.0052136411151496,0.010375808952039,0.00840263404263522,0.252486599127466,0.509390497278041,0.47341927873562,0.581461756821265,0.568034234817583,0.428571428571429,0.633111311131113,TRUE,FALSE,10000,10000,10000,0,0,0,FALSE,0.0301535670376645,0.586053538718391,0.0024847819651111,0.932599999999999,0.00650370436267912,0.025300986464903,6.28747474747475e-06,-1.13333333333344e-05,100,100,"5f222fd3b9012ce3ebed3981ca98bbd8",TRUE,28.9999999999999,29,29,0.503473759411384,0.39228380458974,0.614688862265601,-2.13434312239774,0,0,0,1,232,0.296905211096469,0.00939428372244057,"ac322b5bea4c8163c656df36b45d9f48",1.15895200656698,0.0471936790639769,0.01399678456171,0.0197599813230252,0.0746273768049285
"2018","education","queen","mean_rank",0.2,0.8,"control_only",5,"2x2 Blocking",100,100,TRUE,0.303623352413566,0.00749847895063781,0.00199717244539002,0.00550130650524778,0.0865937581505608,0.0741707928044981,0.41189223093091,0.489507497718914,0.629672145934687,0.00446897353470573,0.00865937581505608,0.00567392154084708,0.26634367563573,0.424675964824637,0.439428610096172,0.480365723727781,0.525066461134049,0.333333333333333,0.52990099009901,TRUE,FALSE,10000,10000,10000,0,0,0,FALSE,0.0285201245102554,0.550715264912557,0.00226744638995349,0.9301,0.00578589486900503,0.018331650385551,6.51565656565656e-06,-0.000137434343434345,100,100,"17a61d8e066ae4f40fa807d52635add1",TRUE,28,28,28,0.499569183981382,0.437579784834145,0.546772133567148,-1.08762850958031,0,0,0,1,233,0.30993447595088,0.0100085851145355,"0993633601da4a9819929a697dba4c90",0.979637232941088,-0.00631112353731378,0.0132346728520685,-0.0322510823273681,0.0196288352527405
"2019","education","queen","mean_rank",0.2,0.8,"control_only",5,"2x2 Blocking",100,100,TRUE,0.444567876879935,0.0223916210946768,0.00421710367085285,0.018174517423824,0.14963830089478,0.134812897839279,0.62136210028874,0.775994410916011,1.02781823767037,0.00649392305994832,0.014963830089478,0.0186264736854968,0.188334004627087,0.631278668974924,0.683146859283754,0.742775375257297,0.831565499438224,0.538461538461538,0.611425142514252,TRUE,FALSE,10000,10000,10000,0,0,0,FALSE,0.0336592697486313,0.66629761148807,0.00279196176640199,0.9223,0.00616368396488273,0.024806648407781,7.16070707070707e-06,6.34343434343423e-05,100,100,"8451e9042db8e884284694c94e2e6c96",TRUE,30.9999999999999,31,31,0.551429520517974,0.49943186733687,0.591913364235571,-0.247135479400268,0,0,0,1,234,0.30993447595088,0.0100085851145355,"0993633601da4a9819929a697dba4c90",1.43439311007915,0.134633400929055,0.018002443915804,0.0993486108540789,0.169918191004031
"2020","education","queen","mean_rank",0.2,0.8,"control_only",5,"2x2 Blocking",100,100,TRUE,0.314943690576532,0.00806280698401471,0.0021092845608023,0.00595352242321242,0.0897931343924173,0.0771590722029005,0.463502033470815,0.50995184529846,0.570041268266142,0.00459269480893548,0.00897931343924173,0.0058841113605769,0.261606728895303,0.439861227552038,0.46860196976749,0.529146145304774,0.539685194300573,0.25,0.596867686768677,TRUE,FALSE,10000,10000,10000,0,0,0,FALSE,0.0285108535522788,0.560973600526904,0.00234609066622358,0.9303,0.00599317555269669,0.0158842717306482,6.49464646464646e-06,-9.9050505050506e-05,100,100,"d07a1684d3667819aa0e7280caed7452",TRUE,27,27,27,0.480417039153157,0.421823737571337,0.552645260363763,-4.34390620899296,0,0,0,1,235,0.30993447595088,0.0100085851145355,"0993633601da4a9819929a697dba4c90",1.01616217302152,0.00500921462565207,0.0134461833185127,-0.0213453046786328,0.0313637339299369
"2021","education","queen","mean_rank",0.2,0.8,"control_only",5,"2x2 Blocking",100,100,TRUE,0.368752813908475,0.0136573833082918,0.00293468633323965,0.0107226969750522,0.116864807826359,0.103550456179836,0.51628907236467,0.607841708851817,0.761648335633401,0.00541727452990861,0.0116864807826359,0.0110150196718657,0.214879107292677,0.526015125297192,0.510768952959302,0.615637270211156,0.656742857495554,0.25,0.723660366036604,TRUE,FALSE,10000,10000,10000,0,0,0,FALSE,0.0316919094359413,0.606677196390867,0.00261503037045152,0.927,0.00571441536885978,0.0263741025969087,6.76707070707071e-06,7.13131313131131e-06,100,100,"3c4d56c2abe8e3086c49b8f683bc627d",TRUE,28.9999999999999,29,29,0.503473759411384,0.39228380458974,0.614688862265601,-2.13434312239774,0,0,0,1,236,0.30993447595088,0.0100085851145355,"0993633601da4a9819929a697dba4c90",1.18977668675658,0.0588183379575953,0.0153865398669688,0.0286607198183364,0.0889759560968541
"2018","education","queen","mean_rank",0.5,0.8,"control_only",5,"2x2 Blocking",100,100,TRUE,0.323862533017482,0.00907182994436602,0.00230656582277061,0.00676526412159541,0.095246154485974,0.0822512256540619,0.465838145234754,0.538430668778073,0.62485035821533,0.00480267198835254,0.0095246154485974,0.00659144114225472,0.254255848810646,0.462630431543375,0.462896415410751,0.560860340728811,0.568594471523267,0.333333333333333,0.476711671167117,TRUE,FALSE,10000,10000,10000,0,0,0,FALSE,0.0294094391217624,0.56797294417948,0.00260876533357383,0.9268,0.00580005448930714,0.0356267834301025,6.78464646464647e-06,2.1010101010088e-06,100,100,"98a9100b4f51b7e11c11c639c2865098",TRUE,28,28,28,0.499569183981382,0.437579784834145,0.546772133567148,-1.08762850958031,0,0,0,1,237,0.3140498083333,0.0110905346294429,"ea98103eca44b022795a79e797d526ab",1.03124575918788,0.00981272468418143,0.0146191059169339,-0.018840722913009,0.0384661722813719
"2019","education","queen","mean_rank",0.5,0.8,"control_only",5,"2x2 Blocking",100,100,TRUE,0.439357546942995,0.0252538002761687,0.0045113064732507,0.020742493802918,0.15891444325853,0.144022546161766,0.625840205045017,0.80557710395363,1.14974753861593,0.0067166259931983,0.015891444325853,0.0217047845216429,0.178638716704666,0.639202179112842,0.638267907846226,0.818886868185712,0.832690683602283,0.538461538461538,0.60052805280528,TRUE,FALSE,10000,10000,10000,0,0,0,FALSE,0.0361697310912811,0.661508216347007,0.00226280865967563,0.929699999999999,0.00669204800210746,0.0420050788404905,6.55060606060606e-06,-0.000143030303030305,100,100,"73a463478d354a4ed7a4f2df663f2df2",TRUE,30.9999999999999,31,31,0.551429520517974,0.49943186733687,0.591913364235571,-0.247135479400268,0,0,0,1,238,0.3140498083333,0.0110905346294429,"ea98103eca44b022795a79e797d526ab",1.39900593881817,0.125307738609694,0.0193788018496644,0.087325286984352,0.163290190235037
"2020","education","queen","mean_rank",0.5,0.8,"control_only",5,"2x2 Blocking",100,100,TRUE,0.324710491644589,0.00821595023530913,0.00232925385812635,0.00588669637718278,0.0906418790367297,0.0767248093981522,0.44190124057966,0.50876891797854,0.627049944919574,0.00482623441010313,0.00906418790367297,0.00615978954012584,0.283503890775297,0.485597062310498,0.454538851969667,0.540757668896424,0.517826419320564,0.25,0.565148514851485,TRUE,FALSE,10000,10000,10000,0,0,0,FALSE,0.027914675185778,0.568497931941784,0.00261804152261598,0.9312,0.00522639071812372,0.0389947819907159,6.40282828282828e-06,4.51313131313113e-05,100,100,"e330c8860753b0243fdc29d5011c67ae",TRUE,27,27,27,0.480417039153157,0.421823737571337,0.552645260363763,-4.34390620899296,0,0,0,1,239,0.3140498083333,0.0110905346294429,"ea98103eca44b022795a79e797d526ab",1.03394583606934,0.0106606833112886,0.0143233885906919,-0.0174131583264676,0.0387345249490447
"2021","education","queen","mean_rank",0.5,0.8,"control_only",5,"2x2 Blocking",100,100,TRUE,0.372228335216275,0.0109115633562184,0.00317259348290285,0.00773896987331552,0.104458428842379,0.0879714150921509,0.506796398666204,0.582854692489908,0.703567655172069,0.00563257799138445,0.0104458428842379,0.00785034464167144,0.290755172226978,0.53909410780854,0.543052122248147,0.607652975854763,0.616511086976626,0.25,0.5200600060006,TRUE,FALSE,10000,10000,10000,0,0,0,FALSE,0.0280629976172249,0.608191269917255,0.0027244497173973,0.924599999999999,0.00600115319394164,0.0482878288258151,6.96767676767676e-06,4.54949494949479e-05,100,100,"29d248783c2dc04dcf2107d531e920c1",TRUE,28.9999999999999,29,29,0.503473759411384,0.39228380458974,0.614688862265601,-2.13434312239774,0,0,0,1,240,0.3140498083333,0.0110905346294429,"ea98103eca44b022795a79e797d526ab",1.18525254701391,0.0581785268829741,0.0152353402301706,0.0283172600318397,0.0880397937341085
"2018","education","queen","mean_rank",0,0.5,"both",6,"Balanced Quartiles",100,100,TRUE,0.0743308773235206,0.000128786005162806,0.000108235436708799,2.05505684540066e-05,0.0113483921840411,0.0045332734810517,0.0900434671547665,0.0979028375178318,0.107136350354627,0.00104036261326904,0.00113483921840411,1.15112139736471e-05,0.840428558770594,0.0957024696957853,0.0956295635423871,0.102461994379114,0.102640075042317,0.111111111111111,0.0135013501350135,TRUE,FALSE,10000,10000,10000,0,0,0,FALSE,0.015267399757234,0.272377876593892,0.00255840859626732,0.931999999999999,0.00279396612221218,0.0118814841548987,6.33616161616162e-06,2.09292929292912e-05,100,100,"e2a724c16855b2170682cd5367e746b5",TRUE,28.9999999999999,29,29,0.485274677532023,0.338697072247593,0.664359913449033,0.411566529699583,0,0,0,1,241,0.0739447455938411,0.000976284764408213,"d24fc8915c9581042d0922c6cad71eee",1.00522189543799,0.000386131729679523,0.00149699431957628,-0.00254797713668999,0.00332024059604904
"2019","education","queen","mean_rank",0,0.5,"both",6,"Balanced Quartiles",100,100,TRUE,0.0745603322699814,0.000139749799706512,0.000109776432149347,2.99733675571642e-05,0.0118215819460219,0.00547479383695534,0.0865551759437949,0.0977425743634309,0.107642766791287,0.00104774248815893,0.00118215819460219,5.48233231341503e-05,0.785521212766593,0.09321707532031,0.0940328906139532,0.101859961110756,0.105053134988883,0.176470588235294,0.196903690369037,TRUE,FALSE,10000,10000,10000,0,0,0,FALSE,0.0158550553439277,0.272987662785989,0.00253261552829114,0.935,0.00259866922003458,0.00616994624163954,6.07474747474747e-06,3.39393939393925e-05,100,100,"aefadd9706f6c56fa27fd45e1a255223",TRUE,28.9999999999999,29,29,0.496893680985595,0.333415196678908,0.675772252933602,0.250788849275531,0,0,0,1,242,0.0739447455938411,0.000976284764408213,"d24fc8915c9581042d0922c6cad71eee",1.00832495495382,0.000615586676140298,0.00153317642112078,-0.00238943910925643,0.00362061246153702
"2020","education","queen","mean_rank",0,0.5,"both",6,"Balanced Quartiles",100,100,TRUE,0.0725855603924362,8.52625187438667e-05,0.000106987534374971,-2.17250156311043e-05,0.00923377055941216,NA,0.0858100151349496,0.0903480213792892,0.096515449565418,0.00103434778665095,0.000923377055941216,-8.0033133901295e-06,1.25480147609019,0.0874015819406106,0.0925062083956185,0.100105472268994,0.0968611591732974,0.0526315789473684,-0.0472247224722472,TRUE,FALSE,10000,10000,10000,0,0,0,FALSE,0.012721222388433,0.269405891139383,0.00226120107532044,0.934099999999999,0.00253320779444985,0.00245483437953441,6.16676767676768e-06,-0.000105373737373739,100,100,"15a9c2643f670ffc19dbb4e21842b7ba",TRUE,28.9999999999999,29,29,0.506067384172184,0.376723963233359,0.640716991347905,-0.416545098693267,0,0,0,1,243,0.0739447455938411,0.000976284764408213,"d24fc8915c9581042d0922c6cad71eee",0.981618907597972,-0.00135918520140485,0.00134378462882051,-0.00399300307389304,0.00127463267108334
"2021","education","queen","mean_rank",0,0.5,"both",6,"Balanced Quartiles",100,100,TRUE,0.072490743808584,9.79460778779061e-05,0.00010349689097813,-5.55081310022361e-06,0.00989677108343454,NA,0.0851521548492127,0.0900284891662002,0.107039647086725,0.00101733421734516,0.000989677108343454,-9.4299891183003e-06,1.05667213246806,0.0906328051782027,0.0891466166391646,0.102691403735485,0.0936407171241411,0.0526315789473684,-0.0293309330933093,TRUE,FALSE,10000,10000,10000,0,0,0,FALSE,0.0136524617674879,0.269078311821462,0.00226280865967563,0.934699999999999,0.00270654933285267,0.00935980319751393,6.1140404040404e-06,-9.93737373737389e-05,100,100,"8ece02c5641c6437a122d2bb6b33a7ee",TRUE,28.9999999999999,29,29,0.498010855541633,0.354419554195092,0.647821665671514,0.272977372552784,0,0,0,1,244,0.0739447455938411,0.000976284764408213,"d24fc8915c9581042d0922c6cad71eee",0.980336644969428,-0.00145400178525702,0.00139017722610992,-0.00417874914843246,0.00127074557791841
"2018","education","queen","mean_rank",0.2,0.5,"both",6,"Balanced Quartiles",100,100,TRUE,0.0743548387859567,0.00011446754291902,0.000110765880774609,3.70166214441166e-06,0.010698950552228,0.00192397041152188,0.0885698852458328,0.0955184675656233,0.106197957728787,0.00105245370812501,0.0010698950552228,-1.89934737434526e-05,0.967661906161204,0.0941240402317883,0.0960346062078535,0.101586536468758,0.108912277905702,0.0526315789473684,-0.0845964596459646,TRUE,FALSE,10000,10000,10000,0,0,0,FALSE,0.0143890441118793,0.272476900319544,0.00212811862660165,0.934199999999999,0.00283183444587255,0.0105440778738693,6.16383838383838e-06,-0.000163494949494951,100,100,"c814234705daaa5ecc8767fa7942988f",TRUE,28.9999999999999,29,29,0.485274677532023,0.338697072247593,0.664359913449033,0.411566529699583,0,0,0,1,245,0.076248736282043,0.00137984579125495,"c361e7920bc94937367580206aa4be86",0.975161588395631,-0.00189389749608637,0.00174603832627872,-0.00531613261559266,0.00152833762341992
"2019","education","queen","mean_rank",0.2,0.5,"both",6,"Balanced Quartiles",100,100,TRUE,0.0748513878478404,0.000114048321299282,0.000110996314425407,3.05200687387484e-06,0.010679340864458,0.00174699939149241,0.0901778197990445,0.0963614690381653,0.105511270729942,0.00105354788417711,0.0010679340864458,1.54085377162214e-07,0.97323935294176,0.0909742509741538,0.0923295031884543,0.110794582563432,0.0997182920836932,0,-0.0072967296729673,TRUE,FALSE,10000,10000,10000,0,0,0,FALSE,0.0142673919235368,0.273273208052547,0.00227580599553058,0.9335,0.00279125901814167,0.0131583284846342,6.21868686868686e-06,-0.000103939393939395,100,100,"20689e5bfe68a6f800c5261650be079f",TRUE,28.9999999999999,29,29,0.496893680985595,0.333415196678908,0.675772252933602,0.250788849275531,0,0,0,1,246,0.076248736282043,0.00137984579125495,"c361e7920bc94937367580206aa4be86",0.981673815169423,-0.00139734843420267,0.00174483741954281,-0.00481722977650658,0.00202253290810124
"2020","education","queen","mean_rank",0.2,0.5,"both",6,"Balanced Quartiles",100,100,TRUE,0.0758624744457674,0.000165461032295392,0.000113310998804745,5.21500334906474e-05,0.012863165718259,0.0072214980087685,0.0884277174897285,0.102530662820423,0.129184651978804,0.0010644763914937,0.0012863165718259,7.15804010192383e-05,0.684819846901803,0.0970697257608863,0.0960164700680044,0.114227439201143,0.10393466025311,0.25,0.130789078907891,TRUE,FALSE,10000,10000,10000,0,0,0,FALSE,0.0169559005453409,0.275150892735588,0.00253827269670307,0.9304,0.00269607434239756,0.0124282208129759,6.47656565656565e-06,-3.37373737373887e-06,100,100,"1eed7f56b757a0c5badd0972469cb018",TRUE,28.9999999999999,29,29,0.506067384172184,0.376723963233359,0.640716991347905,-0.416545098693267,0,0,0,1,247,0.076248736282043,0.00137984579125495,"c361e7920bc94937367580206aa4be86",0.994934187042171,-0.000386261836275645,0.00188642114348783,-0.00408364727751179,0.0033111236049605
"2021","education","queen","mean_rank",0.2,0.5,"both",6,"Balanced Quartiles",100,100,TRUE,0.0732326045100639,0.000127251944142547,0.000110172337027328,1.70796071152186e-05,0.0112806003449527,0.00413274813111307,0.0866401842525879,0.0949012932672524,0.11353504618368,0.0010496301111693,0.00112806003449527,5.62998343870572e-05,0.86578116955065,0.0880141238445816,0.0898673164594757,0.0959556352045416,0.102373847448373,0.25,0.21035703570357,TRUE,FALSE,10000,10000,10000,0,0,0,FALSE,0.0154037950997666,0.270461203144902,0.00242462118253303,0.932,0.00277152079280056,0.00912918963961743,6.34282828282828e-06,-4.64040404040419e-05,100,100,"9fa43a4d24a3899edf0961b655b8923c",TRUE,28.9999999999999,29,29,0.498010855541633,0.354419554195092,0.647821665671514,0.272977372552784,0,0,0,1,248,0.076248736282043,0.00137984579125495,"c361e7920bc94937367580206aa4be86",0.960443517898808,-0.00301613177197915,0.00178227210298244,-0.00650938509382474,0.000477121549866438
"2018","education","queen","mean_rank",0.5,0.5,"both",6,"Balanced Quartiles",100,100,TRUE,0.0769474432100072,0.000160316014039049,0.00012458870927039,3.57273047686594e-05,0.0126615960304793,0.00597723219966059,0.0939686811555547,0.099665892650657,0.112472185037362,0.00111619312518215,0.00126615960304793,-1.49681877324774e-05,0.777144504354025,0.100369271388755,0.102162452514924,0.10904699809717,0.112308321036374,0.0526315789473684,-0.0503570357035704,TRUE,FALSE,10000,10000,10000,0,0,0,FALSE,0.0164548625688873,0.276790511486052,0.00237588898832594,0.9346,0.0028942918765561,0.0182881371740483,6.11757575757576e-06,-4.72727272727286e-05,100,100,"fe2d471616228622523af4cf39868d57",TRUE,28.9999999999999,29,29,0.485274677532023,0.338697072247593,0.664359913449033,0.411566529699583,0,0,0,1,249,0.0776358075754377,0.00118433568419962,"9bb12b1bef60f74a0c4078eb671ec8a0",0.991133416564752,-0.00068836436543046,0.00173372753143598,-0.00408647032704497,0.00270974159618405
"2019","education","queen","mean_rank",0.5,0.5,"both",6,"Balanced Quartiles",100,100,TRUE,0.0785734443522431,0.000148224802473032,0.000123420180626786,2.48046218462463e-05,0.0121747608795012,0.00498042386210715,0.094036402397269,0.102865532070965,0.120076679446428,0.00111094635616121,0.00121747608795012,1.31951409101833e-05,0.832655389432823,0.105383393785581,0.100152670436197,0.115124306176987,0.109009048648157,0.111111111111111,-0.0324152415241524,TRUE,FALSE,10000,10000,10000,0,0,0,FALSE,0.0154947526863173,0.27927164055837,0.00261331091517904,0.9317,0.00267655778326682,0.0240996915349468,6.35949494949495e-06,4.69898989898976e-05,100,100,"49a348151fa41cbf7ecedc72e4803528",TRUE,28.9999999999999,29,29,0.496893680985595,0.333415196678908,0.675772252933602,0.250788849275531,0,0,0,1,250,0.0776358075754377,0.00118433568419962,"9bb12b1bef60f74a0c4078eb671ec8a0",1.01207737519693,0.000937636776805445,0.00169849905434148,-0.00239142136970387,0.00426669492331476
"2020","education","queen","mean_rank",0.5,0.5,"both",6,"Balanced Quartiles",100,100,TRUE,0.0773868912074743,0.000148702482212495,0.000124572288329965,2.413019388253e-05,0.0121943627226885,0.00491224937096337,0.0943841576602884,0.099995559131871,0.108554864077901,0.00111611956496589,0.00121943627226885,3.92808512309559e-05,0.837728371957853,0.101102744940987,0.100230684394001,0.10764349381169,0.109946726980346,0.111111111111111,0.157983798379838,TRUE,FALSE,10000,10000,10000,0,0,0,FALSE,0.0157576593818654,0.276882411684067,0.00271888271764768,0.9304,0.00272616470092674,0.0268890555336062,6.4670707070707e-06,9.25252525252511e-05,100,100,"290bb50469b15d1c1293df45b193cef3",TRUE,28.9999999999999,29,29,0.506067384172184,0.376723963233359,0.640716991347905,-0.416545098693267,0,0,0,1,251,0.0776358075754377,0.00118433568419962,"9bb12b1bef60f74a0c4078eb671ec8a0",0.996793794310422,-0.000248916367963342,0.0016999046546773,-0.00358072949113085,0.00308289675520416
"2021","education","queen","mean_rank",0.5,0.5,"both",6,"Balanced Quartiles",100,100,TRUE,0.075181052620283,0.000137842073702049,0.00011565897453702,2.21830991650293e-05,0.0117406164106511,0.00470989375305105,0.0940388064403618,0.0993038991335549,0.115150367671578,0.00107544862516542,0.00117406164106511,2.09183182891164e-05,0.839068735914559,0.0959221762740211,0.0987793709114097,0.103279940536795,0.109449003825745,0.0526315789473684,0.0135253525352535,TRUE,FALSE,10000,10000,10000,0,0,0,FALSE,0.015616456542514,0.273040310764647,0.00246795625585383,0.9349,0.00306530102564618,0.0251006238533609,6.08676767676768e-06,4.04040404039237e-07,100,100,"0ab57dcbd3af920a23a01a0e084ab54c",TRUE,28.9999999999999,29,29,0.498010855541633,0.354419554195092,0.647821665671514,0.272977372552784,0,0,0,1,252,0.0776358075754377,0.00118433568419962,"9bb12b1bef60f74a0c4078eb671ec8a0",0.968381149989721,-0.00245475495515468,0.00166765456551682,-0.00572335790356764,0.000813847993258279
"2018","education","queen","mean_rank",0,0.8,"both",6,"Balanced Quartiles",100,100,TRUE,0.0764622159178571,0.00012484089543154,0.000117268855960958,7.57203947058224e-06,0.0111732222492681,0.00275173390257529,0.090828122018761,0.0975856424725584,0.10701238817867,0.00108290745662295,0.00111732222492681,-6.74837164318712e-06,0.939346482221168,0.0989088001186516,0.094138391074998,0.10836590202423,0.106439182678011,0.0526315789473684,-0.0298229822982298,TRUE,FALSE,10000,10000,10000,0,0,0,FALSE,0.0146127366505719,0.276378690907132,0.0024256832839304,0.9293,0.00285482954399505,0.00877696589472165,6.57767676767677e-06,-6.93737373737393e-05,100,100,"c45dfe416fa22e1c7df356647bfe1b41",TRUE,28.9999999999999,29,29,0.485274677532023,0.338697072247593,0.664359913449033,0.411566529699583,0,0,0,1,253,0.0749971340756,0.00111408493648401,"2e91cec91465861785706a02012228b9",1.01953517104774,0.00146508184225708,0.00157784479592131,-0.0016274939577487,0.00455765764226285
"2019","education","queen","mean_rank",0,0.8,"both",6,"Balanced Quartiles",100,100,TRUE,0.0738235573296225,0.000138538010801439,0.000109724907368308,2.8813103433131e-05,0.0117702171093587,0.00536778384746731,0.0908611464224448,0.0970177774085038,0.107738681700257,0.0010474965745448,0.00117702171093587,2.10757753282328e-05,0.792020231368649,0.0926996300134471,0.0981316645309413,0.101888082843165,0.108133943528457,0.0526315789473684,0.0702190219021902,TRUE,FALSE,10000,10000,10000,0,0,0,FALSE,0.0159437143577416,0.271435348774013,0.00225224915642703,0.9359,0.00270988691929841,0.0120999489896562,6.0089898989899e-06,-9.36363636363643e-05,100,100,"f5225e760e5ddee8442ea47970777c77",TRUE,28.9999999999999,29,29,0.496893680985595,0.333415196678908,0.675772252933602,0.250788849275531,0,0,0,1,254,0.0749971340756,0.00111408493648401,"2e91cec91465861785706a02012228b9",0.984351712096166,-0.00117357674597746,0.00162066818124962,-0.00435008638122672,0.00200293288927181
"2020","education","queen","mean_rank",0,0.8,"both",6,"Balanced Quartiles",100,100,TRUE,0.0737131826024033,0.000133385127826544,0.000105722651951943,2.76624758746015e-05,0.011549247933374,0.00525951289328218,0.0865895947594384,0.0951753593733016,0.117340656179017,0.00102821521070223,0.0011549247933374,-2.45368158077275e-06,0.792611992616042,0.0885160058707861,0.0983786616801395,0.0996524726477239,0.108534764744545,0.0526315789473684,-0.0548814881488149,TRUE,FALSE,10000,10000,10000,0,0,0,FALSE,0.0156678188698876,0.2713605744442,0.00255595956402469,0.9318,0.0026916649047051,0.0087533559117204,6.35373737373737e-06,1.79191919191914e-05,100,100,"c43fd08f739a4967e86a1aa2cfbefb9f",TRUE,28.9999999999999,29,29,0.506067384172184,0.376723963233359,0.640716991347905,-0.416545098693267,0,0,0,1,255,0.0749971340756,0.00111408493648401,"2e91cec91465861785706a02012228b9",0.98287999282876,-0.00128395147319668,0.00160469203399469,-0.00442914785982627,0.00186124491343291
"2021","education","queen","mean_rank",0,0.8,"both",6,"Balanced Quartiles",100,100,TRUE,0.0727142357001196,0.000132541464474671,0.000106895573982984,2.56458904916875e-05,0.0115126653940203,0.00506417717814923,0.0871453012022649,0.0933404566843616,0.100893590595862,0.00103390315785853,0.00115126653940203,4.07813067796608e-05,0.80650666119214,0.0914216007062921,0.0958777088370429,0.0965374495923597,0.102775537441759,0.176470588235294,0.167572757275728,TRUE,FALSE,10000,10000,10000,0,0,0,FALSE,0.0158327530822157,0.269218432681838,0.00235753680734358,0.9376,0.00252226779717028,0.0153515863823292,5.85414141414141e-06,-2.96161616161634e-05,100,100,"3dcff9ef46c9ac07cf4c3a6c5d3370d8",TRUE,28.9999999999999,29,29,0.498010855541633,0.354419554195092,0.647821665671514,0.272977372552784,0,0,0,1,256,0.0749971340756,0.00111408493648401,"2e91cec91465861785706a02012228b9",0.969560191817741,-0.00228289837548042,0.00160206113817397,-0.0054229382063014,0.00085714145534057
"2018","education","queen","mean_rank",0.2,0.8,"both",6,"Balanced Quartiles",100,100,TRUE,0.0751103559006464,0.000132222890161356,0.000119171328291625,1.30515618697312e-05,0.0114988212509525,0.00361269454420536,0.0891314502355863,0.0955593868641729,0.115578070856909,0.00109165621095483,0.00114988212509525,9.11117758166845e-06,0.901291207189588,0.0955713546220475,0.0957242076790762,0.111874024352846,0.101534546108459,0.0526315789473684,0.0554455445544554,TRUE,FALSE,10000,10000,10000,0,0,0,FALSE,0.0153092354750159,0.273397493002408,0.00238928584909526,0.9322,0.00256458535415644,0.019083152796246,6.3270707070707e-06,-6.1838383838385e-05,100,100,"636a803f2427e523b3b10271159d1463",TRUE,28.9999999999999,29,29,0.485274677532023,0.338697072247593,0.664359913449033,0.411566529699583,0,0,0,1,257,0.0757510156278693,0.00115862874857457,"612f320d9e368a4c0c6170ca00da95fb",0.991542559239467,-0.000640659727222895,0.00163237540983594,-0.00384011553050133,0.00255879607605554
"2019","education","queen","mean_rank",0.2,0.8,"both",6,"Balanced Quartiles",100,100,TRUE,0.075928010052419,0.000208276275640238,0.000115458699778045,9.28175758621932e-05,0.0144317800579221,0.00963418786728768,0.095495529551502,0.10604376894639,0.115686700377075,0.0010745170998083,0.00144317800579221,8.88694258119236e-05,0.554353583590482,0.0983698129160576,0.100640955283075,0.111687093133754,0.110948567719041,0.0526315789473684,0.246744674467447,TRUE,FALSE,10000,10000,10000,0,0,0,FALSE,0.0190071885829205,0.274698905634346,0.00249443825784929,0.934,0.00281088279102198,0.0216453527509166,6.16444444444444e-06,5.77777777777642e-06,100,100,"3fdede2a068d610ff1971c47bb0e9108",TRUE,28.9999999999999,29,29,0.496893680985595,0.333415196678908,0.675772252933602,0.250788849275531,0,0,0,1,258,0.0757510156278693,0.00115862874857457,"612f320d9e368a4c0c6170ca00da95fb",1.00233652873275,0.000176994424549715,0.00185072508315683,-0.00345042673843768,0.00380441558753711
"2020","education","queen","mean_rank",0.2,0.8,"both",6,"Balanced Quartiles",100,100,TRUE,0.0753355386444698,0.000147687593675545,0.000114548371534554,3.31392221409906e-05,0.0121526784568483,0.00575666762467581,0.0923741208276923,0.0991767596597204,0.109019432460666,0.00107027272942253,0.00121526784568483,2.40442570434382e-05,0.775612688132801,0.101250499148073,0.0941354591463617,0.109399717895143,0.105235720709802,0.111111111111111,0.0481008100810081,TRUE,FALSE,10000,10000,10000,0,0,0,FALSE,0.0161314018264345,0.274041722274236,0.00238841902825812,0.9365,0.00298810253342368,0.015384183353057,5.94979797979798e-06,-2.45252525252539e-05,100,100,"0cae05b142914e401e5793522bc4e3c4",TRUE,28.9999999999999,29,29,0.506067384172184,0.376723963233359,0.640716991347905,-0.416545098693267,0,0,0,1,259,0.0757510156278693,0.00115862874857457,"612f320d9e368a4c0c6170ca00da95fb",0.994515228872434,-0.000415476983399499,0.00167907608933572,-0.00370646611849751,0.00287551215169851
"2021","education","queen","mean_rank",0.2,0.8,"both",6,"Balanced Quartiles",100,100,TRUE,0.0750060843651778,0.000139789382612194,0.000111283806870638,2.85055757415558e-05,0.011823256007217,0.00533906131651958,0.089559265222382,0.0963627518466774,0.113284056076434,0.00105491140324976,0.0011823256007217,1.92187339534913e-05,0.796081968395007,0.0996853363764042,0.094407127636745,0.106560652200772,0.10305123663882,0.111111111111111,0.043972397239724,TRUE,FALSE,10000,10000,10000,0,0,0,FALSE,0.0157630625665697,0.273376056887348,0.00267564775504753,0.9345,0.00254124054471639,0.0164807732192087,6.11121212121212e-06,0.000104787878787877,100,100,"e46d331c9cb6c53c419ac59b53a52d2c",TRUE,28.9999999999999,29,29,0.498010855541633,0.354419554195092,0.647821665671514,0.272977372552784,0,0,0,1,260,0.0757510156278693,0.00115862874857457,"612f320d9e368a4c0c6170ca00da95fb",0.990166055774736,-0.000744931262691539,0.0016553895019437,-0.0039894946865012,0.00249963216111812
"2018","education","queen","mean_rank",0.5,0.8,"both",6,"Balanced Quartiles",100,100,TRUE,0.0794028425622618,0.000173909820647672,0.00012998596322949,4.39238574181818e-05,0.013187487275735,0.00662750763244991,0.0967630762802166,0.105913561214374,0.118053877805894,0.00114011386812673,0.0013187487275735,2.1102005995379e-05,0.747433139459282,0.108500912499169,0.100058038025638,0.120421204434932,0.108678012831222,0.111111111111111,0.018037803780378,TRUE,FALSE,10000,10000,10000,0,0,0,FALSE,0.0166083314528624,0.279797614559383,0.00273798569327264,0.9328,0.00282091738563889,0.0334086433298438,6.25676767676767e-06,0.000123979797979796,100,100,"b7b216238da8d12ad0c30e54aadf1766",TRUE,28.9999999999999,29,29,0.485274677532023,0.338697072247593,0.664359913449033,0.411566529699583,0,0,0,1,261,0.0797217401573523,0.00128455710598549,"7d6a4746e8d1b36fa0aba44b29c6c563",0.995999866605256,-0.000318897595090545,0.00184097397184603,-0.00392720657990876,0.00328941138972767
"2019","education","queen","mean_rank",0.5,0.8,"both",6,"Balanced Quartiles",100,100,TRUE,0.0796765883449087,0.000186456339911792,0.000129577281445312,5.68790584664809e-05,0.0136549016807809,0.00754182063340682,0.0960536184788194,0.105823789342336,0.113732416156695,0.00113832017220689,0.00136549016807809,7.13456404474538e-05,0.694947039648054,0.100342739952666,0.100809692891663,0.106061233627415,0.116668194387136,0.111111111111111,0.221866186618662,TRUE,FALSE,10000,10000,10000,0,0,0,FALSE,0.017137909597322,0.280899947002622,0.00283655787990667,0.9288,0.00294362536246191,0.0277814347871504,6.59939393939394e-06,0.000144666666666666,100,100,"54db08bd7450ff44a6f44ad3b67d6a44",TRUE,28.9999999999999,29,29,0.496893680985595,0.333415196678908,0.675772252933602,0.250788849275531,0,0,0,1,262,0.0797217401573523,0.00128455710598549,"7d6a4746e8d1b36fa0aba44b29c6c563",0.999433632377385,-4.51518124436612e-05,0.00187474007735893,-0.00371964236406715,0.00362933873917983
"2020","education","queen","mean_rank",0.5,0.8,"both",6,"Balanced Quartiles",100,100,TRUE,0.0769449287275214,0.000132075424489077,0.000114545989804176,1.75294346849015e-05,0.0114924072538819,0.00418681677231061,0.0932945574129519,0.0980373236258066,0.110447175525038,0.00107026160261955,0.00114924072538819,3.0543664174159e-05,0.86727708994529,0.0909482924314364,0.102702442680438,0.105678356542445,0.108810805346684,0,0.148418841884188,TRUE,FALSE,10000,10000,10000,0,0,0,FALSE,0.0149358865411118,0.275860878900441,0.00228590322090712,0.9363,0.0028903066157554,0.0290809941335808,5.97222222222222e-06,-7.46868686868697e-05,100,100,"f2bd9a836fa4f45925ce5cf5961c362d",TRUE,28.9999999999999,29,29,0.506067384172184,0.376723963233359,0.640716991347905,-0.416545098693267,0,0,0,1,263,0.0797217401573523,0.00128455710598549,"7d6a4746e8d1b36fa0aba44b29c6c563",0.96516870524464,-0.00277681142983098,0.0017236128345509,-0.00615509258555075,0.00060146972588879
"2021","education","queen","mean_rank",0.5,0.8,"both",6,"Balanced Quartiles",100,100,TRUE,0.0785299200195802,0.000164939925774569,0.000126319343475837,3.8620582298732e-05,0.0128428939797294,0.00621454602515196,0.0944463880161391,0.102674166736879,0.126641898118171,0.00112391878476978,0.00128428939797294,3.01949706499708e-05,0.765850614292646,0.103992853974633,0.0964964485667792,0.11575135147605,0.11195233002397,0.0526315789473684,0.110867086708671,TRUE,FALSE,10000,10000,10000,0,0,0,FALSE,0.0163541411687765,0.278659982784158,0.00262041326064528,0.9311,0.0027339802143803,0.0296400744653787,6.41141414141414e-06,4.55151515151499e-05,100,100,"ec65ce9f89a5900dafe7c0beefee4612",TRUE,28.9999999999999,29,29,0.498010855541633,0.354419554195092,0.647821665671514,0.272977372552784,0,0,0,1,264,0.0797217401573523,0.00128455710598549,"7d6a4746e8d1b36fa0aba44b29c6c563",0.985050249337009,-0.00119182013777218,0.00181644879264006,-0.00475205977134669,0.00236841949580233
"2018","education","queen","mean_rank",0,0.5,"control_only",6,"Balanced Quartiles",100,100,TRUE,0.28139751209463,0.00917316929196367,0.00185033487531328,0.00732283441665039,0.0957766636084368,0.0855735614348871,0.391470754978092,0.4782591190002,0.766774266408138,0.00430155190055087,0.00957766636084368,0.00755374793647236,0.201711624022278,0.394142489482457,0.416952429631335,0.492339191544136,0.503898129723408,0.176470588235294,0.61011701170117,TRUE,FALSE,10000,10000,10000,0,0,0,FALSE,0.034036073345321,0.530266279545834,0.00254437386872259,0.929699999999999,0.00553161351636784,0.0146691810013229,6.53707070707071e-06,-6.32323232323316e-06,100,100,"45a63f615354932500432f08a392e6df",TRUE,28.9999999999999,29,29,0.485274677532023,0.338697072247593,0.664359913449033,0.411566529699583,0,0,0,1,265,0.291314560861691,0.00939995962833679,"0dd60f1250552439401423f40b9ab1de",0.965957593270561,-0.00991704876706151,0.0134197963447289,-0.0362198496027301,0.0163857520686071
"2019","education","queen","mean_rank",0,0.5,"control_only",6,"Balanced Quartiles",100,100,TRUE,0.294928563464585,0.0128376264280983,0.0020970885441479,0.0107405378839504,0.113303249856738,0.103636566345815,0.439122781047686,0.55030618486883,0.694723001540754,0.00457939793438821,0.0113303249856738,0.0101038932170558,0.163354850360648,0.420219090015491,0.456215557714623,0.543325896012956,0.600262340918275,0.333333333333333,0.670615061506151,TRUE,FALSE,10000,10000,10000,0,0,0,FALSE,0.0384171843261778,0.542375013803232,0.00271343458972706,0.9303,0.00496483757570926,0.0275301265258365,6.47606060606061e-06,8.8666666666665e-05,100,100,"1b0975e6fff42936ed0a2f6fffa1cc3f",TRUE,28.9999999999999,29,29,0.496893680985595,0.333415196678908,0.675772252933602,0.250788849275531,0,0,0,1,266,0.291314560861691,0.00939995962833679,"0dd60f1250552439401423f40b9ab1de",1.01240584264722,0.00361400260289318,0.0147219395901269,-0.0252409989937555,0.0324690041995418
"2020","education","queen","mean_rank",0,0.5,"control_only",6,"Balanced Quartiles",100,100,TRUE,0.279380466776376,0.00857363404245733,0.0017482864925152,0.00682534754994212,0.0925939201160493,0.082615661650453,0.386251652814576,0.495283988265513,0.666864703367562,0.0041812515979252,0.00925939201160493,0.00684355755080743,0.203914289303409,0.3933486867584,0.399602392378873,0.503467498668585,0.5098627663597,0.333333333333333,0.567104710471047,TRUE,FALSE,10000,10000,10000,0,0,0,FALSE,0.033142589095237,0.528161123201865,0.00242151551176889,0.9293,0.00574298575468037,0.0206469056887465,6.57787878787878e-06,-7.14141414141424e-05,100,100,"bccc11560960d80cfb34b6080ff76704",TRUE,28.9999999999999,29,29,0.506067384172184,0.376723963233359,0.640716991347905,-0.416545098693267,0,0,0,1,267,0.291314560861691,0.00939995962833679,"0dd60f1250552439401423f40b9ab1de",0.959033650600865,-0.0119340940853157,0.0131945284659564,-0.0377953698785903,0.0139271817079589
"2021","education","queen","mean_rank",0,0.5,"control_only",6,"Balanced Quartiles",100,100,TRUE,0.277968442088613,0.00782976096945503,0.0017540785337734,0.00607568243568163,0.0884859365631343,0.0779466640445993,0.403243682531254,0.460954466852505,0.63975233954368,0.00418817207594603,0.00884859365631343,0.0062826802168966,0.224027085962944,0.414835596509854,0.411720861301759,0.475360912905574,0.474867789595759,0.176470588235294,0.55047104710471,TRUE,FALSE,10000,10000,10000,0,0,0,FALSE,0.0318330872016493,0.52685812949868,0.00220522794808843,0.9316,0.00537232340503725,0.0197219032997633,6.38787878787879e-06,-0.000152484848484849,100,100,"9cf8114e5b767ff83c9f36134b236865",TRUE,28.9999999999999,29,29,0.498010855541633,0.354419554195092,0.647821665671514,0.272977372552784,0,0,0,1,268,0.291314560861691,0.00939995962833679,"0dd60f1250552439401423f40b9ab1de",0.954186571609736,-0.0133461187730782,0.0129095643113512,-0.0386488648233265,0.0119566272771701
"2018","education","queen","mean_rank",0.2,0.5,"control_only",6,"Balanced Quartiles",100,100,TRUE,0.294236353684843,0.0117446546072904,0.00197551363654741,0.00976914097074298,0.108372757680565,0.098838964840507,0.41678874911737,0.538945852189754,0.902788534274192,0.00444467505735505,0.0108372757680565,0.00970345733688763,0.168205341289571,0.413153155785897,0.412687024720357,0.57805908247911,0.5285763159326,0.538461538461538,0.627182718271827,TRUE,FALSE,10000,10000,10000,0,0,0,FALSE,0.0368318721746542,0.541247065787783,0.00269237606750782,0.9294,0.00580916367302461,0.0358882635545039,6.55535353535354e-06,6.93535353535339e-05,100,100,"c8d1bf5297f287a43e1f3e2bbf4ddd8c",TRUE,28.9999999999999,29,29,0.485274677532023,0.338697072247593,0.664359913449033,0.411566529699583,0,0,0,1,269,0.310117368630307,0.00974141840181621,"c843422616aa1553b3a3638fad96698c",0.948790307954678,-0.0158810149454637,0.0145719517756595,-0.0444420404257564,0.012680010534829
"2019","education","queen","mean_rank",0.2,0.5,"control_only",6,"Balanced Quartiles",100,100,TRUE,0.305161861455103,0.0154742802109834,0.00217567638252197,0.0132986038284614,0.124395659936283,0.11531957261654,0.438559547160247,0.594210938139118,0.812786601230667,0.00466441462835581,0.0124395659936283,0.012696851405224,0.140599520808581,0.45773660482442,0.468347507852565,0.598786579328932,0.629146587438363,0.538461538461538,0.508634863486349,TRUE,FALSE,10000,10000,10000,0,0,0,FALSE,0.0407638291833479,0.5519351077063,0.00224506192126253,0.9301,0.00519154844978005,0.0230108308484981,6.51666666666667e-06,-0.000147636363636365,100,100,"1bda0e39bee3ea9a0859e6baf914767f",TRUE,28.9999999999999,29,29,0.496893680985595,0.333415196678908,0.675772252933602,0.250788849275531,0,0,0,1,270,0.310117368630307,0.00974141840181621,"c843422616aa1553b3a3638fad96698c",0.98402054294124,-0.00495550717520366,0.0157999378033294,-0.0359233852697293,0.026012370919322
"2020","education","queen","mean_rank",0.2,0.5,"control_only",6,"Balanced Quartiles",100,100,TRUE,0.293262463539775,0.0108928502610677,0.00194134731904816,0.00895150294201958,0.104368818432843,0.0946123826040735,0.425640505134755,0.52986476060209,0.739457090186526,0.00440607230881219,0.0104368818432843,0.009132894221592,0.178222161557361,0.415328819587083,0.442419038509288,0.552393998387839,0.5484321681112,0.333333333333333,0.59949594959496,TRUE,FALSE,10000,10000,10000,0,0,0,FALSE,0.0355888773397989,0.53992140198465,0.00272546910057366,0.9231,0.00550318872509874,0.041801234655264,7.09606060606061e-06,3.32121212121199e-05,100,100,"52de61953e9cf40b740696a33254236f",TRUE,28.9999999999999,29,29,0.506067384172184,0.376723963233359,0.640716991347905,-0.416545098693267,0,0,0,1,271,0.310117368630307,0.00974141840181621,"c843422616aa1553b3a3638fad96698c",0.945649915820662,-0.0168549050905318,0.0142766850175354,-0.0448372077249013,0.0111273975438376
"2021","education","queen","mean_rank",0.2,0.5,"control_only",6,"Balanced Quartiles",100,100,TRUE,0.285412639908182,0.00685204099754913,0.00180707137252962,0.00504496962501951,0.082777055985032,0.0710279496045008,0.389766959419461,0.447157439377087,0.631296025389344,0.00425096621079211,0.0082777055985032,0.00497350748073574,0.263727460646541,0.404011322098793,0.40927953256228,0.491060831091715,0.443875850689113,0.176470588235294,0.548982898289829,TRUE,FALSE,10000,10000,10000,0,0,0,FALSE,0.0290025893778431,0.532819372895285,0.00285819749655144,0.9282,0.00515996240218203,0.0389378450309958,6.65010101010101e-06,0.000151919191919191,100,100,"d58dd0361a4813c3fa417b057c693905",TRUE,28.9999999999999,29,29,0.498010855541633,0.354419554195092,0.647821665671514,0.272977372552784,0,0,0,1,272,0.310117368630307,0.00974141840181621,"c843422616aa1553b3a3638fad96698c",0.920337487605942,-0.0247047287221243,0.0127834127859009,-0.0497602177824901,0.000350760338241461
"2018","education","queen","mean_rank",0.5,0.5,"control_only",6,"Balanced Quartiles",100,100,TRUE,0.302624587385149,0.00917402724044953,0.00202982551670044,0.00714420172374909,0.0957811424052226,0.0845233797463701,0.407207409695834,0.506217220432919,0.785812804894865,0.0045053584948375,0.00957811424052226,0.00729019932150297,0.22125784712636,0.425288440509287,0.458354352221727,0.491126027693578,0.553627432579579,0.428571428571429,0.554035403540354,TRUE,FALSE,10000,10000,10000,0,0,0,FALSE,0.0316501521680135,0.54884907511537,0.0031311243018985,0.9279,0.00552090625945095,0.0372730483077516,6.65969696969697e-06,0.00031442424242424,100,100,"45f9b7b30e166fad3970b136145b1188",TRUE,28.9999999999999,29,29,0.485274677532023,0.338697072247593,0.664359913449033,0.411566529699583,0,0,0,1,273,0.323355231421774,0.0102073714961828,"41da99612ef331d16cf24a6f62f4a4aa",0.935888948060392,-0.0207306440366254,0.0139975249692787,-0.0481657929764117,0.00670450490316083
"2019","education","queen","mean_rank",0.5,0.5,"control_only",6,"Balanced Quartiles",100,100,TRUE,0.310966567870039,0.0164306580877168,0.00232343048572582,0.0141072276019909,0.128182128581627,0.118773850665839,0.445769027337969,0.61816609987978,0.846937310404459,0.00482019759525044,0.0128182128581627,0.0146895304544814,0.141408242647491,0.435722898169454,0.494786375594209,0.646041040809788,0.60690660011602,0.538461538461538,0.701194119411941,TRUE,FALSE,10000,10000,10000,0,0,0,FALSE,0.0412205496750369,0.55507595493442,0.00228839849605956,0.9334,0.00534613920722829,0.053453270467587,6.22686868686869e-06,-9.90101010101024e-05,100,100,"8672352d7a2f281bdf69a00840689dfc",TRUE,28.9999999999999,29,29,0.496893680985595,0.333415196678908,0.675772252933602,0.250788849275531,0,0,0,1,274,0.323355231421774,0.0102073714961828,"41da99612ef331d16cf24a6f62f4a4aa",0.961687140494797,-0.0123886635517347,0.0163858784853987,-0.0445049853831162,0.0197276582796468
"2020","education","queen","mean_rank",0.5,0.5,"control_only",6,"Balanced Quartiles",100,100,TRUE,0.297660243478894,0.00981527204822145,0.00213990442528475,0.0076753676229367,0.0990720548299138,0.0876091754494739,0.421339887995671,0.509575600726139,0.689656689961999,0.00462591009995304,0.00990720548299138,0.00813294848932755,0.218017841458863,0.419984675238229,0.433518572607489,0.513588489041083,0.555866886333103,0.25,0.603444344434444,TRUE,FALSE,10000,10000,10000,0,0,0,FALSE,0.0332836033700747,0.543008169894286,0.00262851496269108,0.928,0.00592188528520121,0.052937424445783,6.68e-06,2.29090909090897e-05,100,100,"0cca042fb0392142b113b1eeb3f144ec",TRUE,28.9999999999999,29,29,0.506067384172184,0.376723963233359,0.640716991347905,-0.416545098693267,0,0,0,1,275,0.323355231421774,0.0102073714961828,"41da99612ef331d16cf24a6f62f4a4aa",0.920536346884198,-0.0256949879428797,0.0142247373734386,-0.0535754731948193,0.00218549730905994
"2021","education","queen","mean_rank",0.5,0.5,"control_only",6,"Balanced Quartiles",100,100,TRUE,0.301081612210576,0.00657547082903012,0.00207713857264104,0.00449833225638909,0.0810892769053352,0.0670696075461091,0.396809037243294,0.474163532323069,0.529477617557786,0.00455756357349082,0.00810892769053352,0.00402844821085691,0.315891991105892,0.437252790191773,0.426678077320509,0.480018571246898,0.523284295109629,0.176470588235294,0.442592259225923,TRUE,FALSE,10000,10000,10000,0,0,0,FALSE,0.026932656667396,0.54642017613964,0.00244948974278318,0.924,0.00567282514566914,0.0500659896346872,7.03333333333333e-06,-0.000103333333333334,100,100,"5890c45ac441c389e78e4d2b2e7ead61",TRUE,28.9999999999999,29,29,0.498010855541633,0.354419554195092,0.647821665671514,0.272977372552784,0,0,0,1,276,0.323355231421774,0.0102073714961828,"41da99612ef331d16cf24a6f62f4a4aa",0.93111718306439,-0.0222736192111979,0.0130363008998483,-0.0478247689749007,0.00327753055250485
"2018","education","queen","mean_rank",0,0.8,"control_only",6,"Balanced Quartiles",100,100,TRUE,0.289548799821901,0.0114759574355562,0.00194958273544472,0.00952637470011152,0.107125895261399,0.097603149027639,0.410336567572607,0.516534337412236,0.916037964232991,0.0044154079488137,0.0107125895261399,0.0100045569325869,0.16988410303826,0.421780958503341,0.379651071104746,0.546679496294137,0.515236171646071,0.428571428571429,0.659405940594059,TRUE,FALSE,10000,10000,10000,0,0,0,FALSE,0.0369975269547969,0.537822214738871,0.00262734262952689,0.926899999999999,0.00592186778798915,0.0172065439666602,6.7750505050505e-06,1.27878787878779e-05,100,100,"3701302027e05494ede7026f5ccd874b",TRUE,28.9999999999999,29,29,0.485274677532023,0.338697072247593,0.664359913449033,0.411566529699583,0,0,0,1,277,0.296905211096469,0.00939428372244057,"ac322b5bea4c8163c656df36b45d9f48",0.975223030786828,-0.00735641127456749,0.0142482329084443,-0.0352829477751183,0.0205701252259833
"2019","education","queen","mean_rank",0,0.8,"control_only",6,"Balanced Quartiles",100,100,TRUE,0.300233338705741,0.0134356687974514,0.00211022775399985,0.0113254410434515,0.115912332378619,0.106421055451689,0.42624205994824,0.553033133744436,0.850975218917517,0.00459372153487762,0.0115912332378619,0.0113557890833979,0.157061608604116,0.421213409483734,0.449938863583775,0.564335863102607,0.582109396052017,0.333333333333333,0.615301530153015,TRUE,FALSE,10000,10000,10000,0,0,0,FALSE,0.038607415445033,0.54722025896566,0.00249725101386757,0.9269,0.00543142937265412,0.0279879774777804,6.78171717171717e-06,-5.45454545454554e-05,100,100,"24b9cbfb863bf89518470ab6ed7047cc",TRUE,28.9999999999999,29,29,0.496893680985595,0.333415196678908,0.675772252933602,0.250788849275531,0,0,0,1,278,0.296905211096469,0.00939428372244057,"ac322b5bea4c8163c656df36b45d9f48",1.01120939439554,0.00332812760927198,0.0149200956643121,-0.0259152598927798,0.0325715151113238
"2020","education","queen","mean_rank",0,0.8,"control_only",6,"Balanced Quartiles",100,100,TRUE,0.281176729393789,0.00931811670914641,0.00185311633798426,0.00746500037116214,0.096530392670632,0.0864002336290947,0.405649490905805,0.500044502797165,0.649552239245673,0.00430478377852392,0.0096530392670632,0.00781358656539661,0.198872411220746,0.406070439211295,0.406161680357791,0.521797159882872,0.486505658093094,0.666666666666667,0.565808580858086,TRUE,FALSE,10000,10000,10000,0,0,0,FALSE,0.0343308611913758,0.529830720160697,0.00246232213632382,0.9276,0.00567275436023369,0.0213573726798636,6.7230303030303e-06,-6.6000000000002e-05,100,100,"1f91d62a1603e6869ef8779ed8ceb8ed",TRUE,28.9999999999999,29,29,0.506067384172184,0.376723963233359,0.640716991347905,-0.416545098693267,0,0,0,1,279,0.296905211096469,0.00939428372244057,"ac322b5bea4c8163c656df36b45d9f48",0.94702524201379,-0.01572848170268,0.0134697339895477,-0.0421291603221935,0.0106721969168334
"2021","education","queen","mean_rank",0,0.8,"control_only",6,"Balanced Quartiles",100,100,TRUE,0.27148219211777,0.00750741702140501,0.0016173300135387,0.00589008700786631,0.0866453519896192,0.0767469022688624,0.366534134854262,0.450838365198693,0.724604240024061,0.00402160417437955,0.00866453519896192,0.00495884784706812,0.215430954338543,0.357171486830543,0.395391668073017,0.503139469947387,0.442028331284638,0.111111111111111,0.562844284428443,TRUE,FALSE,10000,10000,10000,0,0,0,FALSE,0.031915666848613,0.520696041817574,0.0026743072358873,0.928599999999999,0.0053813310782363,0.0189162404637263,6.62565656565656e-06,5.26262626262612e-05,100,100,"491118b78d5155efb016af17937b4060",TRUE,28.9999999999999,29,29,0.498010855541633,0.354419554195092,0.647821665671514,0.272977372552784,0,0,0,1,280,0.296905211096469,0.00939428372244057,"ac322b5bea4c8163c656df36b45d9f48",0.914373281341841,-0.0254230189786986,0.0127799349322194,-0.0504716914458486,-0.000374346511548534
"2018","education","queen","mean_rank",0.2,0.8,"control_only",6,"Balanced Quartiles",100,100,TRUE,0.289240096067375,0.00914762462003038,0.00181816291606689,0.00732946170396349,0.0956432152326048,0.0856122754280219,0.388152881997289,0.491849315074035,0.816534948069889,0.00426399216236016,0.00956432152326048,0.00733362694911022,0.198757928051146,0.39591315660961,0.42251766722043,0.523704527408878,0.497287327789573,0.333333333333333,0.546654665466547,TRUE,FALSE,10000,10000,10000,0,0,0,FALSE,0.0330670666110988,0.5365016433802,0.00263043568999356,0.929,0.00534095709637151,0.0374977695032551,6.59333333333334e-06,3.25858585858573e-05,100,100,"2f901804ced82395096a2613c31b0cfc",TRUE,28.9999999999999,29,29,0.485274677532023,0.338697072247593,0.664359913449033,0.411566529699583,0,0,0,1,281,0.30993447595088,0.0100085851145355,"0993633601da4a9819929a697dba4c90",0.933229822787494,-0.0206943798835054,0.0138436997293067,-0.0478280313529464,0.0064392715859357
"2019","education","queen","mean_rank",0.2,0.8,"control_only",6,"Balanced Quartiles",100,100,TRUE,0.304834038548234,0.0146508601079308,0.00218665507148416,0.0124642050364467,0.121040737390066,0.11164320416598,0.472842727211991,0.568696585082584,0.756601983648615,0.00467616837965033,0.0121040737390066,0.0127304562772181,0.149250969252001,0.465690644213339,0.478989151942525,0.600838187849105,0.569622446481932,0.428571428571429,0.736705670567057,TRUE,FALSE,10000,10000,10000,0,0,0,FALSE,0.039707093724349,0.551303615222005,0.00272556175286616,0.9284,0.00585269859772417,0.0299726940961526,6.64020202020202e-06,7.88484848484836e-05,100,100,"9f033539b532e3660ad045ff534f79f7",TRUE,28.9999999999999,29,29,0.496893680985595,0.333415196678908,0.675772252933602,0.250788849275531,0,0,0,1,282,0.30993447595088,0.0100085851145355,"0993633601da4a9819929a697dba4c90",0.983543497744169,-0.00510043740264554,0.0157060617939129,-0.0358843185187148,0.0256834437134237
"2020","education","queen","mean_rank",0.2,0.8,"control_only",6,"Balanced Quartiles",100,100,TRUE,0.285963497854411,0.00817587846735626,0.00174634060444735,0.00642953786290891,0.0904205644052074,0.0801843991241994,0.406339553303757,0.484839782056181,0.634232428856669,0.00417892402951687,0.00904205644052074,0.00653599553439554,0.213596693177369,0.413326445243033,0.400772625244152,0.499093846283149,0.504360721577167,0.25,0.5799699969997,TRUE,FALSE,10000,10000,10000,0,0,0,FALSE,0.0316196175678485,0.53403347153673,0.00259157531749757,0.9303,0.00541942192803668,0.027780373158759,6.48252525252525e-06,2.33737373737359e-05,100,100,"dd85c2baee755599ebd91197f2039b26",TRUE,28.9999999999999,29,29,0.506067384172184,0.376723963233359,0.640716991347905,-0.416545098693267,0,0,0,1,283,0.30993447595088,0.0100085851145355,"0993633601da4a9819929a697dba4c90",0.922657916571154,-0.0239709780964688,0.0134881637248539,-0.0504077789971824,0.00246582280424487
"2021","education","queen","mean_rank",0.2,0.8,"control_only",6,"Balanced Quartiles",100,100,TRUE,0.276052811722448,0.00607870305161521,0.00171335461048777,0.00436534844112745,0.0779660378088768,0.0660707835667736,0.364755764557936,0.443379596832852,0.555120356415902,0.00413926878867243,0.00779660378088768,0.00454205415952276,0.28186187019491,0.397687711408598,0.376122907883133,0.470817427214383,0.462681732678878,0.25,0.563948394839484,TRUE,FALSE,10000,10000,10000,0,0,0,FALSE,0.0282431601846049,0.524091301580221,0.00277206483227637,0.9325,0.00577116849756136,0.0371634138690037,6.28111111111111e-06,0.000140323232323231,100,100,"caad5127ba136724d6427ca491c90b81",TRUE,28.9999999999999,29,29,0.498010855541633,0.354419554195092,0.647821665671514,0.272977372552784,0,0,0,1,284,0.30993447595088,0.0100085851145355,"0993633601da4a9819929a697dba4c90",0.890681202455834,-0.0338816642284315,0.0126869541857395,-0.058748094432481,-0.00901523402438199
"2018","education","queen","mean_rank",0.5,0.8,"control_only",6,"Balanced Quartiles",100,100,TRUE,0.30409155134791,0.00782567745132007,0.00209691490179048,0.00572876254952959,0.0884628591631543,0.0756885892954122,0.424841426625162,0.491901266978966,0.761299618564007,0.00457920833964833,0.00884628591631543,0.00588617908502527,0.267953147166417,0.451775969579566,0.397565987431761,0.519866001934347,0.501718582971906,0.25,0.507146714671467,TRUE,FALSE,10000,10000,10000,0,0,0,FALSE,0.0290908638438114,0.549486035550339,0.00231662851505537,0.9287,0.00571810708809132,0.0464397252692257,6.63484848484848e-06,-0.000126808080808083,100,100,"fe6a8f6dccc70d4e44b2e8dbe13ebd4f",TRUE,28.9999999999999,29,29,0.485274677532023,0.338697072247593,0.664359913449033,0.411566529699583,0,0,0,1,285,0.3140498083333,0.0110905346294429,"ea98103eca44b022795a79e797d526ab",0.968290835653616,-0.00995825698539093,0.0141864982599679,-0.037763793574928,0.0178472796041461
"2019","education","queen","mean_rank",0.5,0.8,"control_only",6,"Balanced Quartiles",100,100,TRUE,0.320843421030719,0.0131369393704356,0.00239521285621704,0.0107417265142185,0.114616488213675,0.103642300795662,0.462548260341,0.574977708399401,0.773057491318948,0.00489409118858348,0.0114616488213675,0.0109990044568316,0.182326551769541,0.478749417807667,0.464248508367765,0.559045624691126,0.632972985178724,0.333333333333333,0.634599459945995,TRUE,FALSE,10000,10000,10000,0,0,0,FALSE,0.0357234964785834,0.563442305464217,0.00273887096107395,0.9256,0.00618882981298545,0.0581049863943379,6.8810101010101e-06,6.20404040404026e-05,100,100,"578cfe38335933371b4db141bf20a2e4",TRUE,28.9999999999999,29,29,0.496893680985595,0.333415196678908,0.675772252933602,0.250788849275531,0,0,0,1,286,0.3140498083333,0.0110905346294429,"ea98103eca44b022795a79e797d526ab",1.02163227780164,0.00679361269741829,0.015948960846125,-0.0244663505609866,0.0380535759558232
"2020","education","queen","mean_rank",0.5,0.8,"control_only",6,"Balanced Quartiles",100,100,TRUE,0.298503875948051,0.00893813707149515,0.00201891537293878,0.00691922169855636,0.0945417213271217,0.083181859191511,0.425717299602875,0.515371780450747,0.758803658343331,0.00449323421706323,0.00945417213271217,0.00679999426014152,0.225876528496901,0.446907783300979,0.395534026168864,0.514414390541813,0.556258536079377,0.25,0.438643864386439,TRUE,FALSE,10000,10000,10000,0,0,0,FALSE,0.0316718572001306,0.544171016394047,0.00262226288275272,0.926499999999999,0.0054284887109648,0.0488034923414432,6.80979797979798e-06,6.64646464646401e-06,100,100,"8b631759455acc4647ec039e0ec016a6",TRUE,28.9999999999999,29,29,0.506067384172184,0.376723963233359,0.640716991347905,-0.416545098693267,0,0,0,1,287,0.3140498083333,0.0110905346294429,"ea98103eca44b022795a79e797d526ab",0.950498513379921,-0.0155459323852494,0.0145733087897644,-0.0441096176131875,0.0130177528426888
"2021","education","queen","mean_rank",0.5,0.8,"control_only",6,"Balanced Quartiles",100,100,TRUE,0.294313354001097,0.00735086194412772,0.0019173486311483,0.00543351331297942,0.0857371678102777,0.07371236879235,0.398292614209159,0.485985703477372,0.587333584598646,0.00437875396790948,0.00857371678102777,0.00567890010012615,0.260833171092268,0.401059217722069,0.447836647839244,0.470180474213687,0.528474681626651,0.428571428571429,0.533069306930693,TRUE,FALSE,10000,10000,10000,0,0,0,FALSE,0.0291312530147573,0.540394512864045,0.00283527562659927,0.9296,0.00622721067642133,0.0478238901337791,6.53010101010101e-06,0.000150868686868686,100,100,"8ed66f080a2da54563dafa7a24f138ed",TRUE,28.9999999999999,29,29,0.498010855541633,0.354419554195092,0.647821665671514,0.272977372552784,0,0,0,1,288,0.3140498083333,0.0110905346294429,"ea98103eca44b022795a79e797d526ab",0.937155018699271,-0.0197364543322037,0.0140181517258214,-0.0472120317148136,0.00773912305040616
"2018","education","queen","mean_rank",0,0.5,"both",7,"Balanced Halves",100,100,TRUE,0.0721971502566398,0.000119836040911736,0.000102591068294697,1.72449726170394e-05,0.0109469649178088,0.00415270666156898,0.0871764097939691,0.0932092262465667,0.114242204524289,0.0010128724909617,0.00109469649178088,1.94028522702685e-05,0.856095274127581,0.0929306359675427,0.0880624018552531,0.105211900884276,0.0977755180409717,0.111111111111111,0.058049804980498,TRUE,FALSE,10000,10000,10000,0,0,0,FALSE,0.0151625997409808,0.268503483948462,0.0025389690105166,0.9359,0.00284474767739294,0.0101503381312189,5.99525252525253e-06,4.51111111111093e-05,100,100,"aa28123ac90be92fb9a21f8841354279",TRUE,28.9999999999999,29,29,0.500496686819403,0.346835046452679,0.66996954057187,0.379454269907968,0,0,0,1,289,0.0739447455938411,0.000976284764408213,"d24fc8915c9581042d0922c6cad71eee",0.976366199881188,-0.00174759533720124,0.0014667966288252,-0.00462251672969863,0.00112732605529614
"2019","education","queen","mean_rank",0,0.5,"both",7,"Balanced Halves",100,100,TRUE,0.073811903989403,0.000132324845825635,0.00010996177810881,2.23630677168252e-05,0.0115032537060449,0.00472896053238185,0.0878317829210192,0.094172107258664,0.11643201401512,0.001048626616622,0.00115032537060449,3.38574517205088e-05,0.83099872456082,0.0898236755933162,0.0936729283081286,0.0982358417309513,0.105983238490084,0.111111111111111,0.101110111011101,TRUE,FALSE,10000,10000,10000,0,0,0,FALSE,0.0155845508438536,0.271513161328041,0.00257760361654782,0.936799999999999,0.00270979022765321,0.00961806711644065,5.91393939393939e-06,7.3010101010099e-05,100,100,"77c85efc47892e1d509e66d4f308fe25",TRUE,28.9999999999999,29,29,0.505344590875523,0.34749297552939,0.664370261381774,-0.392636811442227,0,0,0,1,290,0.0739447455938411,0.000976284764408213,"d24fc8915c9581042d0922c6cad71eee",0.998203501771881,-0.00013284160443805,0.00150876784147594,-0.00309002657373088,0.00282434336485478
"2020","education","queen","mean_rank",0,0.5,"both",7,"Balanced Halves",100,100,TRUE,0.0729392522664052,0.000174741193911323,0.000104573419101416,7.01677748099071e-05,0.0132189709853424,0.00837662072735223,0.0871816902222898,0.0977745591922203,0.121460746049997,0.00102261145652401,0.00132189709853424,6.77643132697878e-05,0.598447433949,0.0941507806446912,0.0953969541378398,0.104207816568019,0.103276193331315,0.0526315789473684,0.223042304230423,TRUE,FALSE,10000,10000,10000,0,0,0,FALSE,0.0181232608980704,0.270052820919692,0.00266990333877162,0.932699999999999,0.00274814443582263,0.00327508468931096,6.26919191919192e-06,8.59191919191906e-05,100,100,"a7301afd44aa05b9846a77df4941e148",TRUE,28.9999999999999,29,29,0.492143962502697,0.33044607514511,0.651453345227921,0.925947027784773,0,0,0,1,291,0.0739447455938411,0.000976284764408213,"d24fc8915c9581042d0922c6cad71eee",0.986402099035423,-0.00100549332743589,0.00164333316169571,-0.00422642632435949,0.0022154396694877
"2021","education","queen","mean_rank",0,0.5,"both",7,"Balanced Halves",100,100,TRUE,0.0745659932660957,0.00011453578700607,0.000116515118344817,-1.97933133874635e-06,0.0107021393658497,NA,0.088153941615921,0.0945498782413746,0.106409976661675,0.00107942168935415,0.00107021393658497,-2.00202037317496e-05,1.0172813352969,0.0940745567625422,0.0892064328541229,0.105609068748513,0.105491003213954,0.0526315789473684,-0.0798799879987999,TRUE,FALSE,10000,10000,10000,0,0,0,FALSE,0.0143525740046916,0.272785603826685,0.00242670329642684,0.929,0.00245060471054241,0.0124099802984007,6.60363636363636e-06,-7.14747474747486e-05,100,100,"7012d6a20818197293a4221eb0927ab7",TRUE,28.9999999999999,29,29,0.494090795062701,0.338069932551647,0.647222873549911,0.867899090015387,0,0,0,1,292,0.0739447455938411,0.000976284764408213,"d24fc8915c9581042d0922c6cad71eee",1.00840151206506,0.000621247672254618,0.00144861651629281,-0.00221804069967928,0.00346053604418852
"2018","education","queen","mean_rank",0.2,0.5,"both",7,"Balanced Halves",100,100,TRUE,0.0722695401318938,9.07787870604869e-05,0.000109034012778646,-1.82552257181589e-05,0.00952779025065555,NA,0.0832517468652476,0.088334161600107,0.0979884486164281,0.0010441935298528,0.000952779025065555,-2.83639147092854e-05,1.20109572191128,0.0861067419389063,0.0918703619578079,0.0969492844156625,0.101252235908416,0,-0.121884188418842,TRUE,FALSE,10000,10000,10000,0,0,0,FALSE,0.0131836873920425,0.268684476208899,0.00225128470618063,0.9368,0.00228103882680707,0.00884264531932099,5.92969696969697e-06,-8.61414141414148e-05,100,100,"30e6558ff60cdb6c7f3ad69320f1ad35",TRUE,28.9999999999999,29,29,0.500496686819403,0.346835046452679,0.66996954057187,0.379454269907968,0,0,0,1,293,0.076248736282043,0.00137984579125495,"c361e7920bc94937367580206aa4be86",0.947812956067491,-0.00397919615014927,0.00167683102256872,-0.00726578495438397,-0.000692607345914578
"2019","education","queen","mean_rank",0.2,0.5,"both",7,"Balanced Halves",100,100,TRUE,0.0734349543574862,0.000148014958644004,0.000111962125111368,3.6052833532636e-05,0.012166139841544,0.00600440118018741,0.0851843837703398,0.0975844020396835,0.125073605259283,0.0010581215672661,0.0012166139841544,4.01292007113073e-05,0.756424392082235,0.0970515127250492,0.0879137464392987,0.113164190515349,0.094865167000301,0.176470588235294,0.127716771677168,TRUE,FALSE,10000,10000,10000,0,0,0,FALSE,0.0165672327953231,0.270622434684472,0.00263425377086053,0.9351,0.00247019844100532,0.0140873064471218,6.06070707070707e-06,8.78585858585846e-05,100,100,"61ea6f382e8b494bdffbd7fb28976b9d",TRUE,28.9999999999999,29,29,0.505344590875523,0.34749297552939,0.664370261381774,-0.392636811442227,0,0,0,1,294,0.076248736282043,0.00137984579125495,"c361e7920bc94937367580206aa4be86",0.963097330372155,-0.00281378192455689,0.00183959886771112,-0.00641939570527069,0.000791831856156903
"2020","education","queen","mean_rank",0.2,0.5,"both",7,"Balanced Halves",100,100,TRUE,0.073691347000401,0.000111340771202697,0.000111441382185969,-1.00610983271926e-07,0.0105518136451843,NA,0.0864796897025115,0.0953505211860307,0.109848380962059,0.00105565800421334,0.00105518136451843,4.20146684191895e-06,1.00090363109744,0.0931811967411655,0.0899215778402484,0.10110051987821,0.100491147930219,0.25,-0.0598379837983798,TRUE,FALSE,10000,10000,10000,0,0,0,FALSE,0.014318931699168,0.27121588105494,0.00225224915642703,0.934099999999999,0.00287013717143072,0.0115452528769973,6.16717171717171e-06,-0.000109454545454547,100,100,"9a6661fe066dc626a1204007dbf33a9c",TRUE,28.9999999999999,29,29,0.492143962502697,0.33044607514511,0.651453345227921,0.925947027784773,0,0,0,1,295,0.076248736282043,0.00137984579125495,"c361e7920bc94937367580206aa4be86",0.966459912565865,-0.00255738928164201,0.00173706134597226,-0.00596202951974764,0.000847250956463627
"2021","education","queen","mean_rank",0.2,0.5,"both",7,"Balanced Halves",100,100,TRUE,0.0760077746749517,0.000131497098977945,0.000114643901265706,1.68531977122395e-05,0.0114672184499095,0.00410526463364295,0.0913492941627763,0.0974579402255424,0.111415614505493,0.00107071892327401,0.00114672184499095,3.00125285473228e-05,0.871835973240245,0.0928405922425015,0.0957457584565739,0.10352084217991,0.104568539865206,0.176470588235294,0.142190219021902,TRUE,FALSE,10000,10000,10000,0,0,0,FALSE,0.015086901963581,0.275498762731513,0.00235862911733305,0.9315,0.0027639969232423,0.0104022309317285,6.38959595959595e-06,-8.26464646464659e-05,100,100,"da512e20e335af1a735a816ecb41f449",TRUE,28.9999999999999,29,29,0.494090795062701,0.338069932551647,0.647222873549911,0.867899090015387,0,0,0,1,296,0.076248736282043,0.00137984579125495,"c361e7920bc94937367580206aa4be86",0.996839795400673,-0.000240961607091375,0.00179414196690882,-0.00375747986223266,0.00327555664804991
"2018","education","queen","mean_rank",0.5,0.5,"both",7,"Balanced Halves",100,100,TRUE,0.0771091715651959,0.000130111415277765,0.000121484793066576,8.62662221118861e-06,0.0114066390877315,0.0029371112017063,0.0922206201308989,0.0981779023044591,0.106375745334915,0.00110220140204309,0.00114066390877315,1.59486456297691e-05,0.933698190948332,0.0973656521718868,0.0999250607129212,0.103974223998355,0.107338289068787,0.0526315789473684,0.0293189318931893,TRUE,FALSE,10000,10000,10000,0,0,0,FALSE,0.0147928435180855,0.27690338941434,0.0024751492149694,0.9307,0.0027004193862069,0.0208250929420835,6.45363636363636e-06,-3.27272727272743e-05,100,100,"543df8afcf034849fc9f6bc6ca5847dd",TRUE,28.9999999999999,29,29,0.500496686819403,0.346835046452679,0.66996954057187,0.379454269907968,0,0,0,1,297,0.0776358075754377,0.00118433568419962,"9bb12b1bef60f74a0c4078eb671ec8a0",0.993216583601194,-0.000526636010241763,0.0016443129767919,-0.00374948944475389,0.00269621742427036
"2019","education","queen","mean_rank",0.5,0.5,"both",7,"Balanced Halves",100,100,TRUE,0.0771974714404663,0.000170734722681443,0.000120339750720049,5.03949719613935e-05,0.0130665497619472,0.00709894160853528,0.0945422005935811,0.103527773711374,0.122728184392109,0.00109699476170148,0.00130665497619472,5.68596223571479e-05,0.70483466297936,0.100704075045845,0.0972160360039928,0.112301589523353,0.110292184165644,0.111111111111111,0.180942094209421,TRUE,FALSE,10000,10000,10000,0,0,0,FALSE,0.0169261369810849,0.277056429170429,0.00271962564268754,0.932399999999999,0.00286122648445646,0.0209094833938429,6.29272727272727e-06,0.000110363636363634,100,100,"c08412c3d7aa787909585bef05f523f3",TRUE,28.9999999999999,29,29,0.505344590875523,0.34749297552939,0.664370261381774,-0.392636811442227,0,0,0,1,298,0.0776358075754377,0.00118433568419962,"9bb12b1bef60f74a0c4078eb671ec8a0",0.994353943770786,-0.000438336134971351,0.00176351870976268,-0.0038948328061062,0.0030181605361635
"2020","education","queen","mean_rank",0.5,0.5,"both",7,"Balanced Halves",100,100,TRUE,0.0750353492302768,0.00014221911684261,0.000116897307177225,2.53218096653851e-05,0.0119255656822899,0.00503207806630472,0.091601921422967,0.0973161249342832,0.106781064532234,0.00108119058068975,0.00119255656822899,1.10217067247571e-05,0.821952138168541,0.0981182686063155,0.0974336665626264,0.103799526210757,0.109695678254323,0.0526315789473684,0.0321632163216322,TRUE,FALSE,10000,10000,10000,0,0,0,FALSE,0.0158932633813583,0.273071969450709,0.00235753680734359,0.9324,0.00284402939052528,0.0216113102469011,6.31111111111111e-06,-7.53131313131327e-05,100,100,"444560b6532ab289306e691a4724bf3c",TRUE,28.9999999999999,29,29,0.492143962502697,0.33044607514511,0.651453345227921,0.925947027784773,0,0,0,1,299,0.0776358075754377,0.00118433568419962,"9bb12b1bef60f74a0c4078eb671ec8a0",0.966504394990236,-0.0026004583451609,0.0016807266825081,-0.00589468264287678,0.000693765952554981
"2021","education","queen","mean_rank",0.5,0.5,"both",7,"Balanced Halves",100,100,TRUE,0.0766933344236971,0.000164188661900814,0.000120394599976944,4.37940619238702e-05,0.0128136123673543,0.00661770820782166,0.0915210983980637,0.101972935972405,0.116111200915758,0.00109724473102833,0.00128136123673543,5.11207451441662e-05,0.733269877366282,0.0981893369593568,0.0983062773024673,0.102064384557173,0.110428592480484,0.176470588235294,0.146858685868587,TRUE,FALSE,10000,10000,10000,0,0,0,FALSE,0.0167075958603712,0.275959558192471,0.00258220405424857,0.9333,0.0026405284103434,0.0232305115293084,6.22131313131313e-06,4.46464646464641e-05,100,100,"a4560b6638df8d972d75fc90db50bc1e",TRUE,28.9999999999999,29,29,0.494090795062701,0.338069932551647,0.647222873549911,0.867899090015387,0,0,0,1,300,0.0776358075754377,0.00118433568419962,"9bb12b1bef60f74a0c4078eb671ec8a0",0.98786032912938,-0.000942473151740605,0.00174486034738507,-0.00436239943261533,0.00247745312913412
"2018","education","queen","mean_rank",0,0.8,"both",7,"Balanced Halves",100,100,TRUE,0.0729807947799938,0.000117962484177852,0.000104218444596804,1.37440395810482e-05,0.0108610535482453,0.00370729545370317,0.0875670097869835,0.0918238798861363,0.0983295133265724,0.00102087435366358,0.00108610535482453,3.28331815009366e-05,0.883488045569418,0.0921024246817308,0.0874742736735511,0.0995079494017714,0.0992760557349758,0.111111111111111,0.209276927692769,TRUE,FALSE,10000,10000,10000,0,0,0,FALSE,0.0148820707981967,0.269951550688088,0.00223480277303019,0.933399999999999,0.002682708289479,0.0103419080004769,6.22929292929293e-06,-0.000123494949494951,100,100,"bd9ffadc7ca12c62c43a6db0200bf31d",TRUE,28.9999999999999,29,29,0.500496686819403,0.346835046452679,0.66996954057187,0.379454269907968,0,0,0,1,301,0.0749971340756,0.00111408493648401,"2e91cec91465861785706a02012228b9",0.97311444869915,-0.00201633929560624,0.00155589526880156,-0.0050658940224573,0.00103321543124483
"2019","education","queen","mean_rank",0,0.8,"both",7,"Balanced Halves",100,100,TRUE,0.0726609308619585,0.000141321985254752,0.000107264897927824,3.40570873269272e-05,0.0118878923806851,0.00583584503966026,0.0878795503920981,0.0940591245905215,0.11072465013215,0.00103568768423606,0.00118878923806851,1.29901902416214e-05,0.75901069274158,0.0912710939591718,0.0943763762134138,0.0988729192441316,0.106782293859916,0.0526315789473684,0.0817041704170417,TRUE,FALSE,10000,10000,10000,0,0,0,FALSE,0.0163607763342171,0.269305010619118,0.00262466929133727,0.936,0.00255642204755291,0.0116508419178776,5.9820202020202e-06,9.06868686868674e-05,100,100,"e169f5ec96ceea11a203f271f17737c2",TRUE,28.9999999999999,29,29,0.505344590875523,0.34749297552939,0.664370261381774,-0.392636811442227,0,0,0,1,302,0.0749971340756,0.00111408493648401,"2e91cec91465861785706a02012228b9",0.968849433482531,-0.00233620321364154,0.00162923451296862,-0.00552950285906003,0.000857096431776945
"2020","education","queen","mean_rank",0,0.8,"both",7,"Balanced Halves",100,100,TRUE,0.0732854644532903,0.000168401063424817,0.000110772197370911,5.76288660539055e-05,0.0129769435316956,0.00759136786448302,0.0887206054220384,0.097217250152237,0.135416631662726,0.00105248371660046,0.00129769435316956,5.83923639044193e-05,0.657787992059598,0.0939574207287778,0.091630988702652,0.106453729899921,0.100398026864421,0.176470588235294,0.141350135013501,TRUE,FALSE,10000,10000,10000,0,0,0,FALSE,0.0177073907199793,0.270554819121111,0.00251482473233095,0.9367,0.0028502026917222,0.00924955694253599,5.92595959595959e-06,3.98383838383828e-05,100,100,"6b34f86268370c26509121dfbf36fc43",TRUE,28.9999999999999,29,29,0.492143962502697,0.33044607514511,0.651453345227921,0.925947027784773,0,0,0,1,303,0.0749971340756,0.00111408493648401,"2e91cec91465861785706a02012228b9",0.977176866244192,-0.00171166962230972,0.00171032040271662,-0.00506389761163429,0.00164055836701486
"2021","education","queen","mean_rank",0,0.8,"both",7,"Balanced Halves",100,100,TRUE,0.073599997966034,0.000138842320883637,0.000110006748587765,2.8835572295872e-05,0.011783137141001,0.00536987637621873,0.0905636179246269,0.0973837850404785,0.102698327748361,0.00104884102030653,0.0011783137141001,4.71668000943597e-05,0.792314244588011,0.0928122490897577,0.0939987709764029,0.101655514336469,0.102063432100099,0.333333333333333,0.172157215721572,TRUE,FALSE,10000,10000,10000,0,0,0,FALSE,0.0160096976448815,0.271179310101875,0.00258548786010445,0.9339,0.00297864969435024,0.00786000882347892,6.16858585858586e-06,5.16161616161604e-05,100,100,"b6efd995d6887c8b1ed0a36f9ce196f4",TRUE,28.9999999999999,29,29,0.494090795062701,0.338069932551647,0.647222873549911,0.867899090015387,0,0,0,1,304,0.0749971340756,0.00111408493648401,"2e91cec91465861785706a02012228b9",0.981370806674324,-0.00139713610956596,0.00162160675089152,-0.00457548534131333,0.00178121312218141
"2018","education","queen","mean_rank",0.2,0.8,"both",7,"Balanced Halves",100,100,TRUE,0.0748957760356159,0.000139156129605716,0.000113626307265799,2.55298223399162e-05,0.0117964456344153,0.00505270445800229,0.0902829383342908,0.0981994814764645,0.109700442225258,0.00106595641217547,0.00117964456344153,4.69624538409285e-05,0.816538283924307,0.0997694107607404,0.0924725268194696,0.108826417671454,0.099043499815547,0.176470588235294,0.166276627662766,TRUE,FALSE,10000,10000,10000,0,0,0,FALSE,0.0157504818813889,0.273148323198506,0.00243924147839015,0.9336,0.00302412885634981,0.0169047203307326,6.20222222222222e-06,-2.52323232323248e-05,100,100,"fbcfb19f83b06536b26b793890b1558e",TRUE,28.9999999999999,29,29,0.500496686819403,0.346835046452679,0.66996954057187,0.379454269907968,0,0,0,1,305,0.0757510156278693,0.00115862874857457,"612f320d9e368a4c0c6170ca00da95fb",0.988709859727098,-0.000855239592253448,0.00165347569473538,-0.00409605195393479,0.00238557276942789
"2019","education","queen","mean_rank",0.2,0.8,"both",7,"Balanced Halves",100,100,TRUE,0.0747214892306509,0.000175188286117267,0.000111419838998189,6.37684471190775e-05,0.013235871188451,0.00798551483118512,0.0888605641154424,0.100296052322968,0.138636785713276,0.00105555596250596,0.0013235871188451,5.0653146628306e-05,0.636000508182422,0.090205097202992,0.0964597248918012,0.0997870058681785,0.112587078797384,0.0526315789473684,0.061050105010501,TRUE,FALSE,10000,10000,10000,0,0,0,FALSE,0.0177136073233155,0.272962183217713,0.00268694937981663,0.9355,0.00257312600040226,0.0145991699651309,6.02272727272727e-06,0.000119696969696968,100,100,"9ea01b0bc979d5bd81ffc73f0f489d8a",TRUE,28.9999999999999,29,29,0.505344590875523,0.34749297552939,0.664370261381774,-0.392636811442227,0,0,0,1,306,0.0757510156278693,0.00115862874857457,"612f320d9e368a4c0c6170ca00da95fb",0.986409074668042,-0.00102952639721839,0.00175906322745834,-0.00447729032303673,0.00241823752859996
"2020","education","queen","mean_rank",0.2,0.8,"both",7,"Balanced Halves",100,100,TRUE,0.0740173887651168,0.000115959264955132,0.000110783834406777,5.17543054835564e-06,0.0107684383712371,0.00227495726297345,0.0873291957557807,0.0937658245595047,0.113616714571029,0.00105253899883461,0.00107684383712371,2.21128121122156e-05,0.955368546442941,0.0928061067606232,0.0939619109559885,0.100917388543941,0.102516290779563,0.111111111111111,0.0124452445244524,TRUE,FALSE,10000,10000,10000,0,0,0,FALSE,0.0145485250843003,0.271586510059191,0.00242595394128836,0.9356,0.00296812979491259,0.0160672436648476,6.02727272727273e-06,-1.42020202020213e-05,100,100,"e4dc8e3d0028473362d9d629dcdcddc6",TRUE,28.9999999999999,29,29,0.492143962502697,0.33044607514511,0.651453345227921,0.925947027784773,0,0,0,1,307,0.0757510156278693,0.00115862874857457,"612f320d9e368a4c0c6170ca00da95fb",0.97711414364041,-0.00173362686275247,0.00158177534010832,-0.00483390652936478,0.00136665280385985
"2021","education","queen","mean_rank",0.2,0.8,"both",7,"Balanced Halves",100,100,TRUE,0.0762217489091441,0.00011840491884584,0.000114290775075632,4.11414377020835e-06,0.0108814024301025,0.00202833522135971,0.0909263314637895,0.0959302574822619,0.10432168172781,0.00106906863706514,0.00108814024301025,2.5913276517592e-05,0.96525360761773,0.0917012446223408,0.0972775879681719,0.103745500971107,0.104806942072018,0.0526315789473684,0.131569156915692,TRUE,FALSE,10000,10000,10000,0,0,0,FALSE,0.0142759810498091,0.275523246562442,0.00228342733714922,0.9309,0.00259839348137994,0.0175695621128043,6.44535353535353e-06,-0.000123131313131315,100,100,"2732294720fa74b59bb2755541741e1e",TRUE,28.9999999999999,29,29,0.494090795062701,0.338069932551647,0.647222873549911,0.867899090015387,0,0,0,1,308,0.0757510156278693,0.00115862874857457,"612f320d9e368a4c0c6170ca00da95fb",1.00621421742498,0.000470733281274796,0.00158948726496373,-0.00264466175805412,0.00358612832060371
"2018","education","queen","mean_rank",0.5,0.8,"both",7,"Balanced Halves",100,100,TRUE,0.0780341336980045,0.00018404168303086,0.000125108187666991,5.89334953638691e-05,0.013566196336146,0.00767681544417143,0.0943248995285934,0.102808928137261,0.11956600528358,0.00111851771406174,0.0013566196336146,8.39092846937308e-05,0.679781805983664,0.100172848500525,0.0975188143597129,0.110318135953645,0.109550923172399,0.176470588235294,0.291953195319532,TRUE,FALSE,10000,10000,10000,0,0,0,FALSE,0.0173849515503661,0.27796008087671,0.0027816135133001,0.932,0.0029072412275289,0.0277907743148262,6.32424242424242e-06,0.00014131313131313,100,100,"68568898067b98fead51e4e19d8d54ea",TRUE,28.9999999999999,29,29,0.500496686819403,0.346835046452679,0.66996954057187,0.379454269907968,0,0,0,1,309,0.0797217401573523,0.00128455710598549,"7d6a4746e8d1b36fa0aba44b29c6c563",0.978831289231559,-0.00168760645934779,0.00186828900035472,-0.00534945290004303,0.00197423998134745
"2019","education","queen","mean_rank",0.5,0.8,"both",7,"Balanced Halves",100,100,TRUE,0.0792047105874706,0.000210548086346801,0.000128201536164243,8.23465501825578e-05,0.0145102751988651,0.00907449999628397,0.0952773475858586,0.109177859460228,0.137914342411768,0.00113226117201043,0.00145102751988651,7.41329492597698e-05,0.608894330927701,0.100463230352987,0.099647391478247,0.110892085188107,0.124566910326674,0.111111111111111,0.139357935793579,TRUE,FALSE,10000,10000,10000,0,0,0,FALSE,0.0183199649253696,0.279875488747131,0.00266287609379578,0.93,0.00275814053417237,0.0295706169368377,6.50484848484848e-06,5.86060606060591e-05,100,100,"c9d0c80ed2bc56afaca410eb41fa5a7e",TRUE,28.9999999999999,29,29,0.505344590875523,0.34749297552939,0.664370261381774,-0.392636811442227,0,0,0,1,310,0.0797217401573523,0.00128455710598549,"7d6a4746e8d1b36fa0aba44b29c6c563",0.993514572450861,-0.000517029569881755,0.00193792874533762,-0.00431536991074349,0.00328131077097997
"2020","education","queen","mean_rank",0.5,0.8,"both",7,"Balanced Halves",100,100,TRUE,0.0790183286482472,0.000156278238878552,0.000126995270018474,2.92829688600778e-05,0.0125011295041109,0.00541137402699885,0.0936782542880783,0.10395060577566,0.122273922645886,0.00112692178086358,0.00125011295041109,3.75814541550387e-05,0.812622863744744,0.103556939900158,0.0998779484899192,0.109462531965586,0.110517404841819,0.111111111111111,0.0632463246324633,TRUE,FALSE,10000,10000,10000,0,0,0,FALSE,0.0158205440661243,0.279702877491115,0.00241399538884682,0.9303,0.00293073395074918,0.0280112293810428,6.49141414141414e-06,-6.64040404040414e-05,100,100,"68bbd38b6558ac1b2ab4df428e35fd0e",TRUE,28.9999999999999,29,29,0.492143962502697,0.33044607514511,0.651453345227921,0.925947027784773,0,0,0,1,311,0.0797217401573523,0.00128455710598549,"7d6a4746e8d1b36fa0aba44b29c6c563",0.991176666393423,-0.000703411509105162,0.00179244786460397,-0.00421660932372895,0.00280978630551862
"2021","education","queen","mean_rank",0.5,0.8,"both",7,"Balanced Halves",100,100,TRUE,0.0779344357491783,0.000133254208423943,0.000117961546199635,1.52926622243076e-05,0.0115435786662518,0.00391058336112498,0.0930044970435955,0.0981904167451658,0.105843899931511,0.00108610103673477,0.00115435786662518,1.31391893662254e-05,0.88523692868555,0.0992534546786715,0.098652289109174,0.104819610519468,0.107764213735146,0,0.0595139513951395,TRUE,FALSE,10000,10000,10000,0,0,0,FALSE,0.0148119102361929,0.278068662134689,0.00261809939544786,0.9329,0.00294870652048285,0.0247437848318053,6.25444444444444e-06,5.99999999999983e-05,100,100,"46469a2466b7590297aa00fede10afda",TRUE,28.9999999999999,29,29,0.494090795062701,0.338069932551647,0.647222873549911,0.867899090015387,0,0,0,1,312,0.0797217401573523,0.00128455710598549,"7d6a4746e8d1b36fa0aba44b29c6c563",0.977580715064093,-0.00178730440817401,0.00172702896408174,-0.00517228117777422,0.0015976723614262
"2018","education","queen","mean_rank",0,0.5,"control_only",7,"Balanced Halves",100,100,TRUE,0.285149312648475,0.0082352508763313,0.00182148926745887,0.00641376160887243,0.0907482830489442,0.080085963869285,0.411323228723079,0.469741286443318,0.582841020833672,0.00426789089300426,0.00907482830489442,0.00676281563446361,0.221182000987239,0.424123496061337,0.455826881038239,0.482794324828592,0.499473494218586,0.428571428571429,0.687776777677768,TRUE,FALSE,10000,10000,10000,0,0,0,FALSE,0.0318248296676823,0.533203792741941,0.00275378527364305,0.9285,0.00499370669785711,0.0290349453948963,6.63e-06,9.53333333333318e-05,100,100,"f2ae898c57b0eec140db237b9ba5363b",TRUE,28.9999999999999,29,29,0.500496686819403,0.346835046452679,0.66996954057187,0.379454269907968,0,0,0,1,313,0.291314560861691,0.00939995962833679,"0dd60f1250552439401423f40b9ab1de",0.978836457075885,-0.00616524821321618,0.0130656706593146,-0.0317739627054728,0.0194434662790404
"2019","education","queen","mean_rank",0,0.5,"control_only",7,"Balanced Halves",100,100,TRUE,0.284388743450873,0.00694633294614651,0.00175523068712032,0.00519110225902619,0.0833446635732997,0.0720493043618479,0.410091464766341,0.456230761014921,0.528336647177468,0.00418954733488037,0.00833446635732997,0.00539775419695175,0.25268450284895,0.426174503099455,0.413587126730252,0.474311023073125,0.474767616764513,0.25,0.582634263426343,TRUE,FALSE,10000,10000,10000,0,0,0,FALSE,0.0293065972168822,0.532766476724975,0.00229384331891199,0.9347,0.00557675110231795,0.0234227395692606,6.11262626262626e-06,-8.50909090909103e-05,100,100,"bcf8e38778ac58cb78ebe58ed4a0b490",TRUE,28.9999999999999,29,29,0.505344590875523,0.34749297552939,0.664370261381774,-0.392636811442227,0,0,0,1,314,0.291314560861691,0.00939995962833679,"0dd60f1250552439401423f40b9ab1de",0.976225639424501,-0.00692581741081894,0.0125627453399258,-0.0315487982770734,0.0176971634554356
"2020","education","queen","mean_rank",0,0.5,"control_only",7,"Balanced Halves",100,100,TRUE,0.300189685670315,0.00947026866752041,0.00195993223321897,0.00751033643430144,0.0973153054124602,0.0866621972621364,0.45573752083629,0.501653987005695,0.576986315448937,0.0044271121887964,0.00973153054124602,0.00749238714038387,0.206956349606092,0.468763991139009,0.44256104474818,0.544075245085896,0.512090585304701,0.25,0.662334233423342,TRUE,FALSE,10000,10000,10000,0,0,0,FALSE,0.0324179377433165,0.5473034278334,0.00258611287417618,0.9317,0.00536395441985978,0.0254684815433784,6.36090909090909e-06,3.27070707070689e-05,100,100,"1384ecd7a9f51535d5ffe7490f662c02",TRUE,28.9999999999999,29,29,0.492143962502697,0.33044607514511,0.651453345227921,0.925947027784773,0,0,0,1,315,0.291314560861691,0.00939995962833679,"0dd60f1250552439401423f40b9ab1de",1.03046577823769,0.0088751248086234,0.0135300379781272,-0.017643749628506,0.0353939992457528
"2021","education","queen","mean_rank",0,0.5,"control_only",7,"Balanced Halves",100,100,TRUE,0.280523230961547,0.00872818533058871,0.00177250454698945,0.00695568078359926,0.0934247575891354,0.0834007241191542,0.381491536968224,0.482015253429902,0.65174129221494,0.00421011228708861,0.00934247575891354,0.00708621347311216,0.203078243627292,0.39744112439041,0.418093901664718,0.480838075322474,0.517076713923868,0.25,0.636795679567957,TRUE,FALSE,10000,10000,10000,0,0,0,FALSE,0.0333037507335503,0.529243509522556,0.00242201602310175,0.932499999999999,0.00566104527174831,0.0206043342477991,6.29929292929293e-06,-4.33131313131321e-05,100,100,"2378f49b7f710b72c832d4e2ba617aa1",TRUE,28.9999999999999,29,29,0.494090795062701,0.338069932551647,0.647222873549911,0.867899090015387,0,0,0,1,316,0.291314560861691,0.00939995962833679,"0dd60f1250552439401423f40b9ab1de",0.962956434899017,-0.0107913299001443,0.0132529654915513,-0.0367671422635847,0.0151844824632962
"2018","education","queen","mean_rank",0.2,0.5,"control_only",7,"Balanced Halves",100,100,TRUE,0.28963975518484,0.00933209120042418,0.00187878140838844,0.00745330979203574,0.0966027494454696,0.0863325534896064,0.43320847919891,0.500657023779776,0.730521662155068,0.00433449121395861,0.00966027494454696,0.00708024123763075,0.201324801487478,0.418021091535381,0.420256197842546,0.51828315152755,0.535691734010607,0.333333333333333,0.535553555355536,TRUE,FALSE,10000,10000,10000,0,0,0,FALSE,0.0333527244503505,0.537483552028929,0.0021460793474745,0.9298,0.00541598439942791,0.0274077814353135,6.54707070707071e-06,-0.000194141414141415,100,100,"77992d4c4434b89eeff142d8a1b078fe",TRUE,28.9999999999999,29,29,0.500496686819403,0.346835046452679,0.66996954057187,0.379454269907968,0,0,0,1,317,0.310117368630307,0.00974141840181621,"c843422616aa1553b3a3638fad96698c",0.933968182640302,-0.0204776134454664,0.0137191889149281,-0.0473672237187255,0.00641199682779257
"2019","education","queen","mean_rank",0.2,0.5,"control_only",7,"Balanced Halves",100,100,TRUE,0.296431428810532,0.00890819018262079,0.00195785266195961,0.00695033752066118,0.0943832092197589,0.0833686842924918,0.419850417669797,0.495724964192582,0.649380813849044,0.00442476288851686,0.00943832092197589,0.00661935475606138,0.219781192568075,0.446150792217036,0.414643482838616,0.542577659699831,0.50422831235815,0.25,0.589150915091509,TRUE,FALSE,10000,10000,10000,0,0,0,FALSE,0.0318398118574955,0.543621271521704,0.00249330416447044,0.931599999999999,0.00634143853617675,0.0301221174497727,6.37434343434343e-06,-1.57777777777786e-05,100,100,"b3ea23d9cce6c34a1aa1ff6703d59771",TRUE,28.9999999999999,29,29,0.505344590875523,0.34749297552939,0.664370261381774,-0.392636811442227,0,0,0,1,318,0.310117368630307,0.00974141840181621,"c843422616aa1553b3a3638fad96698c",0.955868515587433,-0.0136859398197746,0.0135638170993807,-0.0402710213345607,0.0128991416950115
"2020","education","queen","mean_rank",0.2,0.5,"control_only",7,"Balanced Halves",100,100,TRUE,0.300321918590588,0.00949205108139908,0.00199449306678536,0.00749755801461372,0.0974271578226476,0.0865884404214195,0.467916557952923,0.51689275784253,0.56998644161073,0.00446597477241572,0.00974271578226476,0.00682171100093017,0.210122454007209,0.41680196334433,0.433281318181969,0.533679054969951,0.553127261490148,0.333333333333333,0.561632163216322,TRUE,FALSE,10000,10000,10000,0,0,0,FALSE,0.0324409081694315,0.546520898465699,0.0023977261956051,0.9322,0.00525543095074509,0.0404577079285606,6.32666666666666e-06,-5.77575757575774e-05,100,100,"ea2f595840bc68118026480e47d21520",TRUE,28.9999999999999,29,29,0.492143962502697,0.33044607514511,0.651453345227921,0.925947027784773,0,0,0,1,319,0.310117368630307,0.00974141840181621,"c843422616aa1553b3a3638fad96698c",0.968413732894155,-0.0097954500397186,0.0137773634376551,-0.0367990823775225,0.0172081822980853
"2021","education","queen","mean_rank",0.2,0.5,"control_only",7,"Balanced Halves",100,100,TRUE,0.295087650040612,0.0104454185164489,0.00182880587138955,0.00861661264505935,0.102202830276118,0.0928257111206768,0.440613121551504,0.502157870214524,0.760568695635311,0.0042764539882823,0.0102202830276118,0.00846785099879776,0.175082105950053,0.455499357445355,0.439048590374123,0.514230542400323,0.531714165160654,0.25,0.620774077407741,TRUE,FALSE,10000,10000,10000,0,0,0,FALSE,0.0346347365815044,0.542096326284045,0.00256383157076129,0.9245,0.00523260082132569,0.0349173749006731,6.98474747474747e-06,-4.11515151515163e-05,100,100,"cf283877d2a5b5496a0da6e7a209b066",TRUE,28.9999999999999,29,29,0.494090795062701,0.338069932551647,0.647222873549911,0.867899090015387,0,0,0,1,320,0.310117368630307,0.00974141840181621,"c843422616aa1553b3a3638fad96698c",0.951535385921542,-0.0150297185896946,0.0141191153279422,-0.0427031846324613,0.0126437474530721
"2018","education","queen","mean_rank",0.5,0.5,"control_only",7,"Balanced Halves",100,100,TRUE,0.302562290859422,0.00951410697052513,0.00197802007256554,0.00753608689795959,0.0975402838345528,0.0868106381612276,0.40789245967442,0.515569438249465,0.796121297624972,0.00444749375779836,0.00975402838345528,0.00671904285427398,0.207903913493245,0.425377541609783,0.401346243222616,0.500635961913922,0.565362163329783,0.333333333333333,0.569372937293729,TRUE,FALSE,10000,10000,10000,0,0,0,FALSE,0.0322380834562997,0.547419386883847,0.00278059654961254,0.9284,0.00515770542801652,0.0537987520592777,6.63717171717171e-06,0.000109454545454544,100,100,"795cea8b9418c975873d6b7a63286b28",TRUE,28.9999999999999,29,29,0.500496686819403,0.346835046452679,0.66996954057187,0.379454269907968,0,0,0,1,321,0.323355231421774,0.0102073714961828,"41da99612ef331d16cf24a6f62f4a4aa",0.935696291441069,-0.0207929405623515,0.0141184808873454,-0.0484651631015485,0.00687928197684541
"2019","education","queen","mean_rank",0.5,0.5,"control_only",7,"Balanced Halves",100,100,TRUE,0.316034056100292,0.00971722281335309,0.00223916507401797,0.00747805773933512,0.0985759748283175,0.0864757638840798,0.462494403115514,0.530319185977399,0.634055493485207,0.00473198169271392,0.00985759748283175,0.00767934082360203,0.230432616090781,0.437940316961121,0.469727981384407,0.541505972140753,0.549793767571539,0.538461538461538,0.56969696969697,TRUE,FALSE,10000,10000,10000,0,0,0,FALSE,0.0311915671509259,0.558430008447444,0.00290773958513301,0.9264,0.0061113641253863,0.0647300684819679,6.80262626262626e-06,0.000165232323232322,100,100,"7a10962ea727da0e11e61a1ebc0d59e1",TRUE,28.9999999999999,29,29,0.505344590875523,0.34749297552939,0.664370261381774,-0.392636811442227,0,0,0,1,322,0.323355231421774,0.0102073714961828,"41da99612ef331d16cf24a6f62f4a4aa",0.97735872313155,-0.00732117532148197,0.0141902311818595,-0.0351340284379265,0.0204916777949626
"2020","education","queen","mean_rank",0.5,0.5,"control_only",7,"Balanced Halves",100,100,TRUE,0.316115173330587,0.0110634149751953,0.00223999201975958,0.00882342295543571,0.105182769383561,0.0939330770039804,0.469284510984282,0.536238459136547,0.638673233177691,0.0047328553958045,0.0105182769383561,0.00897619571283551,0.202468408243002,0.495212822880384,0.476265881664688,0.579470644416307,0.537864846264179,0.333333333333333,0.636687668766877,TRUE,FALSE,10000,10000,10000,0,0,0,FALSE,0.0332735592143066,0.560095830859102,0.00261935299282286,0.9274,0.0054911647092972,0.0490696809123383,6.73232323232323e-06,1.28686868686857e-05,100,100,"0f71488eb83545930a3a80343143f32d",TRUE,28.9999999999999,29,29,0.492143962502697,0.33044607514511,0.651453345227921,0.925947027784773,0,0,0,1,323,0.323355231421774,0.0102073714961828,"41da99612ef331d16cf24a6f62f4a4aa",0.977609584173562,-0.00724005809118744,0.0146568953947635,-0.0359675730649238,0.021487456882549
"2021","education","queen","mean_rank",0.5,0.5,"control_only",7,"Balanced Halves",100,100,TRUE,0.292766287666347,0.00851547842813501,0.00192572934789789,0.00658974908023712,0.0922793499550957,0.0811772694800528,0.403891750739403,0.488096003815977,0.680472053404709,0.00438831328405105,0.00922793499550957,0.00647733808185381,0.226144586490327,0.416584145064657,0.429243035986881,0.531766124014077,0.494306419728948,0.25,0.528160816081608,TRUE,FALSE,10000,10000,10000,0,0,0,FALSE,0.031519800551716,0.538860332970046,0.00210233155800839,0.933799999999999,0.00619828722627296,0.0489472084776797,6.2e-06,-0.000178020202020204,100,100,"1b2d6e674f14f55c752dde78e249bb0a",TRUE,28.9999999999999,29,29,0.494090795062701,0.338069932551647,0.647222873549911,0.867899090015387,0,0,0,1,324,0.323355231421774,0.0102073714961828,"41da99612ef331d16cf24a6f62f4a4aa",0.905401426100547,-0.0305889437554274,0.0137602767829152,-0.0575590862499413,-0.00361880126091358
"2018","education","queen","mean_rank",0,0.8,"control_only",7,"Balanced Halves",100,100,TRUE,0.28112541300604,0.0096012350122649,0.00187997808663006,0.00772125692563484,0.097985891904217,0.0878706829701172,0.39135364555947,0.506979542147446,0.666238651907236,0.00433587140795257,0.0097985891904217,0.00772223924187773,0.195805860832332,0.432133276128624,0.397397409507261,0.54635862223348,0.513001793947828,0.333333333333333,0.546450645064506,TRUE,FALSE,10000,10000,10000,0,0,0,FALSE,0.0348548681019143,0.529227085337829,0.00250252397843183,0.928,0.00583524333229785,0.0323126159706478,6.68646464646465e-06,-4.23838383838396e-05,100,100,"cc282ead2f3b36e672a7dedb5a0cb789",TRUE,28.9999999999999,29,29,0.500496686819403,0.346835046452679,0.66996954057187,0.379454269907968,0,0,0,1,325,0.296905211096469,0.00939428372244057,"ac322b5bea4c8163c656df36b45d9f48",0.946852404401545,-0.015779798090429,0.0135744214160443,-0.0423856640658757,0.0108260678850177
"2019","education","queen","mean_rank",0,0.8,"control_only",7,"Balanced Halves",100,100,TRUE,0.293584486821387,0.00889774390819095,0.00182907363146776,0.00706867027672319,0.0943278533000245,0.0840753844875133,0.436132332679055,0.509142723157029,0.557040342667458,0.00427676704002891,0.00943278533000245,0.00714682507855896,0.205566000813305,0.461962371322375,0.42677088627367,0.523939647359498,0.51259090925413,0.428571428571429,0.592271227122712,TRUE,FALSE,10000,10000,10000,0,0,0,FALSE,0.0321297130925764,0.541425331437594,0.00249239246548777,0.930099999999999,0.00532959217691532,0.0210498764623235,6.50494949494949e-06,-2.92929292929307e-05,100,100,"02a32f7afefd0ee4631b298ecd2cb887",TRUE,28.9999999999999,29,29,0.505344590875523,0.34749297552939,0.664370261381774,-0.392636811442227,0,0,0,1,326,0.296905211096469,0.00939428372244057,"ac322b5bea4c8163c656df36b45d9f48",0.988815540613726,-0.00332072427508162,0.0133127760343071,-0.0294137653023235,0.0227723167521603
"2020","education","queen","mean_rank",0,0.8,"control_only",7,"Balanced Halves",100,100,TRUE,0.293387028512795,0.0093325009185987,0.00194560143885345,0.00738689947974525,0.0966048700563212,0.0859470737125194,0.426789908671361,0.493040874053836,0.606567772585685,0.00441089723169046,0.00966048700563212,0.00744909296955005,0.208475890420335,0.437598869912802,0.438440220422441,0.520809339071764,0.508042245933386,0.428571428571429,0.66988298829883,TRUE,FALSE,10000,10000,10000,0,0,0,FALSE,0.032927451000823,0.541061367118439,0.00259251058071343,0.931899999999999,0.00512389990020157,0.0252908189808179,6.34313131313131e-06,3.77979797979779e-05,100,100,"fffdcf34902c7db3c81d6cf5c9d6ddf7",TRUE,28.9999999999999,29,29,0.492143962502697,0.33044607514511,0.651453345227921,0.925947027784773,0,0,0,1,327,0.296905211096469,0.00939428372244057,"ac322b5bea4c8163c656df36b45d9f48",0.988150485568505,-0.0035181825836737,0.0134750723873269,-0.0299293244628344,0.0228929592954869
"2021","education","queen","mean_rank",0,0.8,"control_only",7,"Balanced Halves",100,100,TRUE,0.280670646206328,0.0071915153014015,0.00168984483347427,0.00550167046792722,0.0848028024383717,0.0741732463084044,0.39595909461021,0.455659220567396,0.523563701953233,0.00411077223094916,0.00848028024383717,0.00549683533660562,0.234977576025591,0.42843979720348,0.397297141040549,0.481456924033374,0.469925755588105,0.428571428571429,0.60979297929793,TRUE,FALSE,10000,10000,10000,0,0,0,FALSE,0.0302143468099015,0.529470590860689,0.00231298486590357,0.9306,0.00514515928672716,0.0182082294570561,6.47010101010101e-06,-0.000112020202020204,100,100,"ad6107f83c2c5dd0f9667d4149bb362b",TRUE,28.9999999999999,29,29,0.494090795062701,0.338069932551647,0.647222873549911,0.867899090015387,0,0,0,1,328,0.296905211096469,0.00939428372244057,"ac322b5bea4c8163c656df36b45d9f48",0.945320714209809,-0.0162345648901409,0.012655738606329,-0.0410398125585458,0.00857068277826397
"2018","education","queen","mean_rank",0.2,0.8,"control_only",7,"Balanced Halves",100,100,TRUE,0.28404725971444,0.00781406107761017,0.0018588598176215,0.00595520125998867,0.0883971779957379,0.0771699504988093,0.3875005019683,0.46957685404544,0.592706256541184,0.00431144966063794,0.00883971779957379,0.00575941979256939,0.237886522662043,0.398428618295144,0.421933448134097,0.475056463356806,0.516775652710325,0.25,0.588718871887189,TRUE,FALSE,10000,10000,10000,0,0,0,FALSE,0.0311205882023315,0.53082963112342,0.00248167017725701,0.9327,0.0047506303667823,0.0476147291897566,6.27888888888889e-06,-1.20202020202029e-05,100,100,"84f7011ba90f0373ebd96c256399c43c",TRUE,28.9999999999999,29,29,0.500496686819403,0.346835046452679,0.66996954057187,0.379454269907968,0,0,0,1,329,0.30993447595088,0.0100085851145355,"0993633601da4a9819929a697dba4c90",0.916475196387825,-0.0258872162364397,0.0133533661213569,-0.0520598138342993,0.000285381361419926
"2019","education","queen","mean_rank",0.2,0.8,"control_only",7,"Balanced Halves",100,100,TRUE,0.297816175995123,0.00852644118621158,0.00198058398714716,0.00654585719906442,0.0923387306941761,0.0809064719232301,0.41104646434377,0.502903086585115,0.59317554490709,0.00445037525063579,0.00923387306941761,0.0065916527248471,0.232287298286891,0.421253144298072,0.438884780171218,0.501495151756055,0.543328286247458,0.428571428571429,0.61998199819982,TRUE,FALSE,10000,10000,10000,0,0,0,FALSE,0.0310052771262795,0.544829026871252,0.00227848966456184,0.9298,0.0056118820684825,0.0312651159225042,6.54121212121212e-06,-0.000134969696969699,100,100,"732d1fe30f09d35fdfa5fdd072cf247f",TRUE,28.9999999999999,29,29,0.505344590875523,0.34749297552939,0.664370261381774,-0.392636811442227,0,0,0,1,330,0.30993447595088,0.0100085851145355,"0993633601da4a9819929a697dba4c90",0.960900445429384,-0.0121182999557567,0.0136174956529098,-0.0388085914354599,0.0145719915239465
"2020","education","queen","mean_rank",0.2,0.8,"control_only",7,"Balanced Halves",100,100,TRUE,0.312895626397176,0.0119728144697416,0.00227633666241643,0.00969647780732516,0.109420356742891,0.0984706951703153,0.47509242856011,0.542092122480235,0.621845582823274,0.00477109700427106,0.0109420356742891,0.00993705973159321,0.190125443618067,0.483051627750392,0.465749879765513,0.578472791030365,0.575008377014224,0.333333333333333,0.71056705670567,TRUE,FALSE,10000,10000,10000,0,0,0,FALSE,0.0349702416754134,0.558466654433395,0.00257295569532416,0.926899999999999,0.00612437770472737,0.0317902859871863,6.77787878787879e-06,-1.57777777777784e-05,100,100,"7e104fe0ac993525c8bc0903e1e01e7a",TRUE,28.9999999999999,29,29,0.492143962502697,0.33044607514511,0.651453345227921,0.925947027784773,0,0,0,1,331,0.30993447595088,0.0100085851145355,"0993633601da4a9819929a697dba4c90",1.00955411764765,0.00296115044629647,0.0148290229176543,-0.026103734472306,0.032026035364899
"2021","education","queen","mean_rank",0.2,0.8,"control_only",7,"Balanced Halves",100,100,TRUE,0.298993002920289,0.0117966051322577,0.00202907986265135,0.00976752526960632,0.108612177642554,0.0988307911007816,0.429705871369112,0.533749299850495,0.748545206517761,0.00450453089971792,0.0108612177642554,0.00980002796421555,0.17200540663202,0.470463203773271,0.447951925063424,0.581357313166499,0.522349807310636,0.25,0.716015601560156,TRUE,FALSE,10000,10000,10000,0,0,0,FALSE,0.0363259931107852,0.545443286568627,0.00278712769856008,0.9236,0.0061345814147324,0.0385308195799563,7.04989898989899e-06,7.18181818181814e-05,100,100,"d920182e31b8b910199639c6403aa249",TRUE,28.9999999999999,29,29,0.494090795062701,0.338069932551647,0.647222873549911,0.867899090015387,0,0,0,1,332,0.30993447595088,0.0100085851145355,"0993633601da4a9819929a697dba4c90",0.964697463884833,-0.0109414730305913,0.0147694897446553,-0.0398896729301157,0.0180067268689331
"2018","education","queen","mean_rank",0.5,0.8,"control_only",7,"Balanced Halves",100,100,TRUE,0.303549962624529,0.00827776118019759,0.00205458688423711,0.00622317429596048,0.0909822025464189,0.0788870984126079,0.431992978911358,0.502641575476554,0.644496684251533,0.00453275510505157,0.00909822025464189,0.00609535623850021,0.248205624626158,0.437770797202075,0.422369475994922,0.521855506453619,0.527245614839734,0.333333333333333,0.540978097809781,TRUE,FALSE,10000,10000,10000,0,0,0,FALSE,0.0299727273097898,0.548956876165867,0.00269867157742995,0.931,0.00583019841355085,0.0468648133970624,6.4159595959596e-06,8.66868686868671e-05,100,100,"d14578513fd4104a3b9baaf78c3a2512",TRUE,28.9999999999999,29,29,0.500496686819403,0.346835046452679,0.66996954057187,0.379454269907968,0,0,0,1,333,0.3140498083333,0.0110905346294429,"ea98103eca44b022795a79e797d526ab",0.96656630435632,-0.0104998457087716,0.0143449492912609,-0.038615946319643,0.0176162549020998
"2019","education","queen","mean_rank",0.5,0.8,"control_only",7,"Balanced Halves",100,100,TRUE,0.309016919600097,0.00842311415703652,0.00214080447286525,0.00628230968417127,0.0917775253372879,0.0792610224774528,0.425935729434998,0.494930566956431,0.675258104185924,0.00462688283065959,0.00917775253372879,0.00608932405729412,0.254158311635473,0.423665646106036,0.447541297435683,0.507942509825996,0.532961424792375,0.176470588235294,0.502082208220822,TRUE,FALSE,10000,10000,10000,0,0,0,FALSE,0.0296998382664801,0.554025965310748,0.00242045158154131,0.928,0.00580557272819939,0.0455208673202923,6.69050505050505e-06,-8.31919191919203e-05,100,100,"7e9ad003462bfeb76eb68640fd5d659e",TRUE,28.9999999999999,29,29,0.505344590875523,0.34749297552939,0.664370261381774,-0.392636811442227,0,0,0,1,334,0.3140498083333,0.0110905346294429,"ea98103eca44b022795a79e797d526ab",0.983974234023854,-0.00503288873320307,0.0143955236076093,-0.0332481150041173,0.0231823375377112
"2020","education","queen","mean_rank",0.5,0.8,"control_only",7,"Balanced Halves",100,100,TRUE,0.31366085673953,0.0105057766834424,0.00221435054975598,0.00829142613368642,0.102497691112739,0.0910572684286456,0.439701691038793,0.546665590878897,0.699628815763346,0.00470568863159897,0.0102497691112739,0.00844449211254909,0.210774568742347,0.480942950449931,0.455049492730003,0.570504576573739,0.544490704842064,0.333333333333333,0.553639363936394,TRUE,FALSE,10000,10000,10000,0,0,0,FALSE,0.0326778713092195,0.557713012648271,0.00305959329178097,0.9285,0.00574305857541513,0.0511571330541463,6.61222222222222e-06,0.000274888888888886,100,100,"b0d847e267ee662850c478e2bcde0e7b",TRUE,28.9999999999999,29,29,0.492143962502697,0.33044607514511,0.651453345227921,0.925947027784773,0,0,0,1,335,0.3140498083333,0.0110905346294429,"ea98103eca44b022795a79e797d526ab",0.99876149711463,-0.000388951593770726,0.0151015802219932,-0.0299880488288773,0.0292101456413359
"2021","education","queen","mean_rank",0.5,0.8,"control_only",7,"Balanced Halves",100,100,TRUE,0.297326950083566,0.00798977800482605,0.00196472609152974,0.0060250519132963,0.0893855581446245,0.0776212078835179,0.40896573932828,0.479066238056522,0.600497791236547,0.00443252308683186,0.00893855581446245,0.00645589388353326,0.245904966363645,0.406284695885085,0.435577574732654,0.474286969991064,0.515333722797785,0.428571428571429,0.648676867686769,TRUE,FALSE,10000,10000,10000,0,0,0,FALSE,0.0300630528512474,0.543574707362894,0.00226726819112893,0.9303,0.00595473500427269,0.0430521497594533,6.49828282828283e-06,-0.000135777777777779,100,100,"aa3ca46b8ea9a5fc6a9884541d215e65",TRUE,28.9999999999999,29,29,0.494090795062701,0.338069932551647,0.647222873549911,0.867899090015387,0,0,0,1,336,0.3140498083333,0.0110905346294429,"ea98103eca44b022795a79e797d526ab",0.946750936297384,-0.0167228582497341,0.0142442177186089,-0.0446415249782076,0.0111958084787393
"2018","education","queen","mean_rank",0,0.5,"both",8,"Incidence-Guided Saturation Regions",100,100,TRUE,0.0708379842740249,9.42040644145676e-05,9.93054694187911e-05,-5.10140500422351e-06,0.00970587782812908,NA,0.0812084584480685,0.0862996253151388,0.0922613140477987,0.000996521296404603,0.000970587782812908,4.1440354112265e-06,1.05415270599975,0.0876372720455886,0.0847070806588971,0.0941593470191812,0.0934723609535002,0,-0.0114611461146115,TRUE,FALSE,10000,10000,10000,0,0,0,FALSE,0.0137015161111636,0.265991598936632,0.00238522387404053,0.9374,0.00270840857615388,0.00929804114632543,5.87050505050505e-06,-1.81212121212128e-05,100,100,"ddb015fe87b4ca59ca7a80491c36a42b",TRUE,28.9999999999999,29,29,0.531776757380275,0.397256064278417,0.673031574443865,3.43536340489722,0,0,0,1,337,0.0739447455938411,0.000976284764408213,"d24fc8915c9581042d0922c6cad71eee",0.957985367386605,-0.00310676131981616,0.00137665267419247,-0.0058050005612334,-0.000408522078398921
"2019","education","queen","mean_rank",0,0.5,"both",8,"Incidence-Guided Saturation Regions",100,100,TRUE,0.0734378873046043,0.000142815557806272,0.000107803626413268,3.50119313930047e-05,0.0119505463392379,0.00591708808393155,0.0911072625113875,0.0959466622046842,0.101529996421355,0.00103828525181314,0.00119505463392379,4.36026089638752e-05,0.754845116800944,0.0953447758056442,0.0956318210935483,0.103128442900824,0.105005010928185,0.111111111111111,0.178073807380738,TRUE,FALSE,10000,10000,10000,0,0,0,FALSE,0.0162729985540974,0.270840798306202,0.00247922682636455,0.935699999999999,0.0030892043099274,0.00911862256393873,6.01585858585858e-06,1.30707070707062e-05,100,100,"ae5dad6f795124422973ef6da8837859",TRUE,28.9999999999999,29,29,0.450668736811486,0.272277382897279,0.586272159524756,4.3376261103781,0,0,0,2,338,0.0739447455938411,0.000976284764408213,"d24fc8915c9581042d0922c6cad71eee",0.993145445492222,-0.000506858289236758,0.00154314209302913,-0.00353141679157385,0.00251770021310034
"2020","education","queen","mean_rank",0,0.5,"both",8,"Incidence-Guided Saturation Regions",100,100,TRUE,0.0744684357603122,0.000132163066923252,0.000109746581321547,2.24164856017049e-05,0.0114962196796709,0.00473460511570974,0.090541362239942,0.0968314631887612,0.104778680157875,0.00104760002539875,0.00114962196796709,3.98724804757021e-05,0.830387670901113,0.0952139592550073,0.0929025357566281,0.10626691997153,0.0983334229573035,0.111111111111111,0.164296429642964,TRUE,FALSE,10000,10000,10000,0,0,0,FALSE,0.0154377080199095,0.272701746434122,0.00247320999447432,0.9338,0.00314099088955469,0.0101090678151886,6.1830303030303e-06,-6.62626262626354e-06,100,100,"17801674a946f1cca9eb2aedb9678d4b",TRUE,28.9999999999999,29,29,0.47900833297685,0.274854437535772,0.653646422865086,7.20865677853573,0,0,0,4,339,0.0739447455938411,0.000976284764408213,"d24fc8915c9581042d0922c6cad71eee",1.00708218227361,0.000523690166471122,0.00150823161697669,-0.00243244380280319,0.00347982413574543
"2021","education","queen","mean_rank",0,0.5,"both",8,"Incidence-Guided Saturation Regions",100,100,TRUE,0.0725964895930684,0.000113818439486854,0.000104627857547779,9.19058193907549e-06,0.0106685725140177,0.00303159725871948,0.0863756761877304,0.0919533696698286,0.100171939419829,0.00102287759554982,0.00106685725140177,3.67090450060284e-05,0.919252258416906,0.0907639372160989,0.0915400367031481,0.0997648463226052,0.0991063523397456,0.176470588235294,0.145946594659466,TRUE,FALSE,10000,10000,10000,0,0,0,FALSE,0.0146957140404711,0.269408007777091,0.00269640613791878,0.9361,0.00239609543516354,0.00397680005121817,5.96939393939394e-06,0.000130121212121211,100,100,"97d349c541962958079fa60a1c7e76f0",TRUE,28.9999999999999,29,29,0.517550747014038,0.324903770520107,0.650253930210886,5.78369469209822,0,0,0,1,340,0.0739447455938411,0.000976284764408213,"d24fc8915c9581042d0922c6cad71eee",0.981766709859571,-0.00134825600077271,0.0014461384221727,-0.0041826873082312,0.00148617530668578
"2018","education","queen","mean_rank",0.2,0.5,"both",8,"Incidence-Guided Saturation Regions",100,100,TRUE,0.0733658934716971,0.000118253223112718,0.00010991135059028,8.34187252243776e-06,0.0108744297833366,0.00288822999818881,0.0881655529189629,0.0948621701431642,0.104788119795349,0.00104838614350954,0.00108744297833366,-6.1317848410939e-06,0.929457546248136,0.0949723096667849,0.0919674336732874,0.10978956434209,0.0977220063590541,0,-0.0601020102010201,TRUE,FALSE,10000,10000,10000,0,0,0,FALSE,0.0148221868074594,0.270566176249601,0.00254008271558629,0.934499999999999,0.00265257788200815,0.0126426951781159,6.11828282828283e-06,3.33737373737367e-05,100,100,"de93e27c0b7413abe0ed53b26faa4a66",TRUE,28.9999999999999,29,29,0.531776757380275,0.397256064278417,0.673031574443865,3.43536340489722,0,0,0,1,341,0.076248736282043,0.00137984579125495,"c361e7920bc94937367580206aa4be86",0.96219159882621,-0.00288284281034597,0.00175684565024113,-0.00632626028481858,0.000560574664126646
"2019","education","queen","mean_rank",0.2,0.5,"both",8,"Incidence-Guided Saturation Regions",100,100,TRUE,0.0748467494098157,0.000154137749194002,0.000113078624026184,4.10591251678176e-05,0.0124152224786349,0.0064077394740905,0.090209703149789,0.0972388929061592,0.117289035120746,0.00106338433327835,0.00124152224786349,2.79130645247803e-05,0.733620573918336,0.0910246700725427,0.0991256155566032,0.102670309108175,0.112739022719798,0.0526315789473684,0.0998979897989799,TRUE,FALSE,10000,10000,10000,0,0,0,FALSE,0.016587523942632,0.273126905677266,0.0022768931516965,0.9374,0.00279305511539402,0.0157620685500849,5.87555555555555e-06,-6.91313131313143e-05,100,100,"6226af440d48367f2351fcfe164fc1fa",TRUE,28.9999999999999,29,29,0.450668736811486,0.272277382897279,0.586272159524756,4.3376261103781,0,0,0,2,342,0.076248736282043,0.00137984579125495,"c361e7920bc94937367580206aa4be86",0.981612982187122,-0.00140198687222733,0.00185616591380836,-0.00504007206329171,0.00223609831883705
"2020","education","queen","mean_rank",0.2,0.5,"both",8,"Incidence-Guided Saturation Regions",100,100,TRUE,0.0739591007939548,0.000123361413250083,0.00011201165942282,1.13497538272629e-05,0.0111068183225478,0.00336893957014115,0.0886059959411211,0.093331106917454,0.105869236182513,0.0010583556085873,0.00111068183225478,-5.29577976595735e-07,0.907995915998026,0.0968548218831061,0.0943041109520024,0.106211950684804,0.101416985878883,0.0526315789473684,0.0139093909390939,TRUE,FALSE,10000,10000,10000,0,0,0,FALSE,0.0150175140088447,0.27133544266611,0.00230280900053159,0.9351,0.00307237372973413,0.0183351669515375,6.0770707070707e-06,-7.74141414141427e-05,100,100,"87eee249160534bce7426191921aa8b2",TRUE,28.9999999999999,29,29,0.47900833297685,0.274854437535772,0.653646422865086,7.20865677853573,0,0,0,4,343,0.076248736282043,0.00137984579125495,"c361e7920bc94937367580206aa4be86",0.969971495925927,-0.00228963548808826,0.00177132395121413,-0.00576143043246795,0.00118215945629142
"2021","education","queen","mean_rank",0.2,0.5,"both",8,"Incidence-Guided Saturation Regions",100,100,TRUE,0.0730433543039622,0.000116430861718769,0.000106498038919923,9.93282279884628e-06,0.0107903133281091,0.00315163811356036,0.0863968475085692,0.0914161477159872,0.107441338308303,0.00103197887051975,0.00107903133281091,-2.95738031715148e-07,0.914689089711984,0.0925210954016176,0.0916580547698308,0.100760669791648,0.101445399960591,0.0526315789473684,0.0145574557455746,TRUE,FALSE,10000,10000,10000,0,0,0,FALSE,0.0147724778399502,0.26997429332643,0.00243814385435836,0.9357,0.00274198292066018,0.0125393479438546,6.01787878787879e-06,-7.33333333333445e-06,100,100,"dc7bc914cfa7fdcc1d31351919112376",TRUE,28.9999999999999,29,29,0.517550747014038,0.324903770520107,0.650253930210886,5.78369469209822,0,0,0,1,344,0.076248736282043,0.00137984579125495,"c361e7920bc94937367580206aa4be86",0.957961506847481,-0.00320538197808087,0.00175165151352422,-0.00663861894458834,0.000227854988426595
"2018","education","queen","mean_rank",0.5,0.5,"both",8,"Incidence-Guided Saturation Regions",100,100,TRUE,0.0750911480698747,0.000134001338897327,0.000116155845303126,1.78454935942017e-05,0.0115758947342021,0.00422439268939355,0.091148164699539,0.0958770733284668,0.103938829736147,0.00107775621224434,0.00115758947342021,3.83243545070667e-05,0.866826005314208,0.0973623641248676,0.0912387058781057,0.107398023414322,0.0978514257600593,0.0526315789473684,0.177257725772577,TRUE,FALSE,10000,10000,10000,0,0,0,FALSE,0.0154157913838664,0.273010962152863,0.00284438131243071,0.9352,0.00274288429637817,0.0235831001830309,6.04040404040404e-06,0.0002050101010101,100,100,"dbf3e1ff1850c381f24c5cdbce89ec8c",TRUE,28.9999999999999,29,29,0.531776757380275,0.397256064278417,0.673031574443865,3.43536340489722,0,0,0,1,345,0.0776358075754377,0.00118433568419962,"9bb12b1bef60f74a0c4078eb671ec8a0",0.967223120554387,-0.00254465950556293,0.00165609915217715,-0.00579061384383014,0.000701294832704279
"2019","education","queen","mean_rank",0.5,0.5,"both",8,"Incidence-Guided Saturation Regions",100,100,TRUE,0.078104513947799,0.000168930542921006,0.000127097512356351,4.18330305646544e-05,0.012997328299347,0.00646784589833852,0.0941119418360307,0.103046165929049,0.124195335085418,0.00112737532506416,0.0012997328299347,2.64422250057904e-05,0.752365499800613,0.0997925633398997,0.105203973897302,0.113452306328808,0.111011644932993,0.0526315789473684,0.0363276327632763,TRUE,FALSE,10000,10000,10000,0,0,0,FALSE,0.0166409438358886,0.277584288484607,0.00247922682636455,0.9307,0.00287506227929684,0.0324264819907013,6.45343434343434e-06,-3.06868686868698e-05,100,100,"c842e9080385005ba13da027b6d580c0",TRUE,28.9999999999999,29,29,0.450668736811486,0.272277382897279,0.586272159524756,4.3376261103781,0,0,0,2,346,0.0776358075754377,0.00118433568419962,"9bb12b1bef60f74a0c4078eb671ec8a0",1.00603724475856,0.000468706372361335,0.00175839598557283,-0.00297774975936141,0.00391516250408409
"2020","education","queen","mean_rank",0.5,0.5,"both",8,"Incidence-Guided Saturation Regions",100,100,TRUE,0.0797670921377851,0.000140064124455552,0.000127009817344319,1.30543071112328e-05,0.0118348690088041,0.00361307446798883,0.0957306167628152,0.0993167194253724,0.10395155954432,0.00112698632353866,0.00118348690088041,-3.27916757505611e-06,0.906797638853085,0.102308456143663,0.10197179741637,0.110617468415443,0.112791979992807,0,0.0267626762676268,TRUE,FALSE,10000,10000,10000,0,0,0,FALSE,0.0148367812986855,0.280808522516147,0.00248264684430455,0.9291,0.00306575514728436,0.0302269055657993,6.59222222222222e-06,-4.2868686868688e-05,100,100,"d697a0bdb129e4856a45596b9e3a6dd0",TRUE,28.9999999999999,29,29,0.47900833297685,0.274854437535772,0.653646422865086,7.20865677853573,0,0,0,4,347,0.0776358075754377,0.00118433568419962,"9bb12b1bef60f74a0c4078eb671ec8a0",1.02745233969875,0.00213128456234743,0.00167430351412882,-0.00115035032534505,0.00541291945003991
"2021","education","queen","mean_rank",0.5,0.5,"both",8,"Incidence-Guided Saturation Regions",100,100,TRUE,0.0753993627995895,0.000125074762108946,0.000118498081692303,6.57668041664326e-06,0.0111836828508746,0.00256450393188298,0.0909325494041333,0.0957570067761533,0.108037733107802,0.00108856824173914,0.00111836828508746,1.84313157984309e-05,0.94741800579309,0.095751663075198,0.0926753421459605,0.102958842163733,0.101873441823312,0.0526315789473684,0.046948694869487,TRUE,FALSE,10000,10000,10000,0,0,0,FALSE,0.0148325959737892,0.273256892101281,0.00225493846362766,0.936899999999999,0.00244368778359659,0.0270191361582545,5.92070707070707e-06,-8.35959595959617e-05,100,100,"64e76e23efe2e61484efaccec8bf9f8f",TRUE,28.9999999999999,29,29,0.517550747014038,0.324903770520107,0.650253930210886,5.78369469209822,0,0,0,1,348,0.0776358075754377,0.00118433568419962,"9bb12b1bef60f74a0c4078eb671ec8a0",0.971193127943249,-0.00223644477584814,0.00162892560725101,-0.00542913896606011,0.000956249414363832
"2018","education","queen","mean_rank",0,0.8,"both",8,"Incidence-Guided Saturation Regions",100,100,TRUE,0.074884312081128,9.50221913942722e-05,0.000106811191108554,-1.1788999714282e-05,0.0097479326728426,NA,0.0870099082889063,0.0920681545409294,0.0986297100320339,0.00103349499809411,0.00097479326728426,-2.59261899338295e-05,1.12406575286573,0.094442807120675,0.0986523968751495,0.101464651695392,0.103630621044111,0,-0.106618661866187,TRUE,FALSE,10000,10000,10000,0,0,0,FALSE,0.0130173228569983,0.273282918578293,0.00257415279776913,0.93,0.00244840601208224,0.0141689270750419,6.50949494949495e-06,1.16767676767667e-05,100,100,"758bc719e8468dd749999aac45cf53c4",TRUE,28.9999999999999,29,29,0.531776757380275,0.397256064278417,0.673031574443865,3.43536340489722,0,0,0,1,349,0.0749971340756,0.00111408493648401,"2e91cec91465861785706a02012228b9",0.998495649255633,-0.000112821994472018,0.0014803402175322,-0.00301428882083514,0.0027886448318911
"2019","education","queen","mean_rank",0,0.8,"both",8,"Incidence-Guided Saturation Regions",100,100,TRUE,0.0736748256163134,0.000125189206373561,0.000104865516642114,2.03236897314467e-05,0.0111887982542166,0.00450818031265906,0.0891878348965188,0.0945411093689902,0.102015676882372,0.00102403865474949,0.00111887982542166,1.80530394294038e-06,0.837656213980609,0.0971821641235936,0.0916189113706096,0.104262165178515,0.100554893288076,0.0526315789473684,-0.0245784578457846,TRUE,FALSE,10000,10000,10000,0,0,0,FALSE,0.0151867319136744,0.27091540582182,0.00259517812393475,0.9382,0.0027535627913189,0.0167232922808797,5.78929292929293e-06,9.45656565656553e-05,100,100,"6b71b97cc4e492c578aec24edff31627",TRUE,28.9999999999999,29,29,0.450668736811486,0.272277382897279,0.586272159524756,4.3376261103781,0,0,0,2,350,0.0749971340756,0.00111408493648401,"2e91cec91465861785706a02012228b9",0.98236854680402,-0.00132230845928659,0.00157894816553178,-0.00441704686372888,0.0017724299451557
"2020","education","queen","mean_rank",0,0.8,"both",8,"Incidence-Guided Saturation Regions",100,100,TRUE,0.0755591948001457,0.000101201974029608,0.000110527142937679,-9.32516890807082e-06,0.0100599191860376,NA,0.0892413046355903,0.0920866219741775,0.0959626559670623,0.00105131889994273,0.00100599191860376,-3.79259082225626e-05,1.09214414044278,0.0941249064372957,0.095502603589754,0.106527350041409,0.104765220896561,0,-0.135205520552055,TRUE,FALSE,10000,10000,10000,0,0,0,FALSE,0.0133139576363223,0.274647069848461,0.00229119967693694,0.9327,0.00271442419375583,0.0113217412000181,6.2879797979798e-06,-0.000103838383838385,100,100,"0809b182e907478d1ff86173f263a4e9",TRUE,28.9999999999999,29,29,0.47900833297685,0.274854437535772,0.653646422865086,7.20865677853573,0,0,0,4,351,0.0749971340756,0.00111408493648401,"2e91cec91465861785706a02012228b9",1.00749442937352,0.000562060724545663,0.00150106794849422,-0.00238003245450301,0.00350415390359434
"2021","education","queen","mean_rank",0,0.8,"both",8,"Incidence-Guided Saturation Regions",100,100,TRUE,0.0720930241825816,0.00010017851829496,0.000107049654131195,-6.87113583623517e-06,0.010008921934702,NA,0.0849267211401558,0.0909717046243907,0.107435920238479,0.00103464802774274,0.0010008921934702,-1.42817618268886e-05,1.06858891460147,0.0908571454234931,0.08987078044593,0.102428813174798,0.0983941818625514,0.0526315789473684,-0.110807080708071,TRUE,FALSE,10000,10000,10000,0,0,0,FALSE,0.0138833431503076,0.268235625681496,0.00226933888828861,0.9396,0.00255962268194822,0.0119445928284802,5.6810101010101e-06,-5.31111111111125e-05,100,100,"83b1a84c374fe8e19bb80fdfe4eceeaf",TRUE,28.9999999999999,29,29,0.517550747014038,0.324903770520107,0.650253930210886,5.78369469209822,0,0,0,1,352,0.0749971340756,0.00111408493648401,"2e91cec91465861785706a02012228b9",0.961277055065985,-0.00290410989301843,0.00149765497650499,-0.00583951364696821,3.12938609313583e-05
"2018","education","queen","mean_rank",0.2,0.8,"both",8,"Incidence-Guided Saturation Regions",100,100,TRUE,0.0743544135622845,9.25261309831445e-05,0.000108222915930459,-1.56967849473141e-05,0.00961905042003339,NA,0.0867345654136632,0.093769047816576,0.10109318646806,0.00104030243645999,0.000961905042003339,-1.98794284134808e-05,1.16964704760187,0.0898389419555431,0.0910841768011485,0.0949410640335266,0.104771292742434,0.111111111111111,-0.0812241224122412,TRUE,FALSE,10000,10000,10000,0,0,0,FALSE,0.0129367578321034,0.272172729980669,0.00224634383077493,0.936199999999999,0.00284129652011611,0.0166258418479863,5.98282828282828e-06,-9.36767676767698e-05,100,100,"59cbf172e71eddc86bf96e3d1752df4a",TRUE,28.9999999999999,29,29,0.531776757380275,0.397256064278417,0.673031574443865,3.43536340489722,0,0,0,1,353,0.0757510156278693,0.00115862874857457,"612f320d9e368a4c0c6170ca00da95fb",0.981563256228197,-0.00139660206558484,0.00150588242796539,-0.004348131624397,0.00155492749322732
"2019","education","queen","mean_rank",0.2,0.8,"both",8,"Incidence-Guided Saturation Regions",100,100,TRUE,0.0763871640877372,0.000137797606156757,0.000116651634065325,2.11459720914321e-05,0.011738722509573,0.00459847497453581,0.0922289877934003,0.0990949455502785,0.110154678740696,0.00108005386007053,0.00117387225095731,9.0987063533276e-06,0.846543255131902,0.0958099293452065,0.0965225368576761,0.109172173098291,0.103985047807878,0.0526315789473684,0.0426042604260426,TRUE,FALSE,10000,10000,10000,0,0,0,FALSE,0.0153674019054957,0.275305680401711,0.00240370085030932,0.934,0.00295717973520437,0.0243710161111186,6.16888888888889e-06,-3.91111111111131e-05,100,100,"8b12293b437e468c3be830965fdba607",TRUE,28.9999999999999,29,29,0.450668736811486,0.272277382897279,0.586272159524756,4.3376261103781,0,0,0,2,354,0.0757510156278693,0.00115862874857457,"612f320d9e368a4c0c6170ca00da95fb",1.00839788687446,0.000636148459867938,0.00164936249459937,-0.00259660202954682,0.0038688989492827
"2020","education","queen","mean_rank",0.2,0.8,"both",8,"Incidence-Guided Saturation Regions",100,100,TRUE,0.0767573889807738,0.00013795753422736,0.000118342589232777,1.96149449945836e-05,0.0117455325220852,0.00442887626769856,0.090488756714622,0.099215100354375,0.11391655135663,0.00108785380098971,0.00117455325220852,4.8966335548075e-06,0.85781896505734,0.0941570891931438,0.100339212838249,0.0986697673831835,0.116885103271629,0.111111111111111,0.00715271527152715,TRUE,FALSE,10000,10000,10000,0,0,0,FALSE,0.0153021522462511,0.276241406095353,0.00234195377297407,0.9351,0.00260028950511021,0.0211677712392207,6.07525252525252e-06,-5.90505050505065e-05,100,100,"f664639e2765fa1f59ffca2ad287fd3e",TRUE,28.9999999999999,29,29,0.47900833297685,0.274854437535772,0.653646422865086,7.20865677853573,0,0,0,4,355,0.0757510156278693,0.00115862874857457,"612f320d9e368a4c0c6170ca00da95fb",1.01328527867994,0.0010063733529045,0.00164984724120056,-0.00222732723984859,0.00424007394565759
"2021","education","queen","mean_rank",0.2,0.8,"both",8,"Incidence-Guided Saturation Regions",100,100,TRUE,0.0749035572442873,0.000107856801326791,0.000112447940836623,-4.59113950983223e-06,0.0103854129107509,NA,0.089931938753311,0.0954580815743069,0.103539930565213,0.00106041473413294,0.00103854129107509,-4.66432183297776e-06,1.04256699117121,0.097902911385275,0.0940845800083968,0.105410745257936,0.102082974573487,0.111111111111111,-0.0632583258325833,TRUE,FALSE,10000,10000,10000,0,0,0,FALSE,0.0138650463246763,0.272368682361902,0.00214077773085607,0.937299999999999,0.00303420999288803,0.0268115294738786,5.89040404040404e-06,-0.000130747474747476,100,100,"88b50956854f497c84e3a874b9002e25",TRUE,28.9999999999999,29,29,0.517550747014038,0.324903770520107,0.650253930210886,5.78369469209822,0,0,0,1,356,0.0757510156278693,0.00115862874857457,"612f320d9e368a4c0c6170ca00da95fb",0.98881258057654,-0.000847458383582037,0.00155595263112069,-0.00389712554057858,0.00220220877341451
"2018","education","queen","mean_rank",0.5,0.8,"both",8,"Incidence-Guided Saturation Regions",100,100,TRUE,0.0771169731903642,0.0001317097984155,0.000119853981951143,1.18558164643565e-05,0.0114764889411135,0.00344322762308223,0.0913452024671994,0.0985338483452927,0.118174042428921,0.0010947784339817,0.00114764889411135,-3.4091188798605e-06,0.909985311594241,0.0955088568716138,0.0982109506011925,0.104230182179417,0.111633115594582,0.111111111111111,-0.00859285928592859,TRUE,FALSE,10000,10000,10000,0,0,0,FALSE,0.014881923481078,0.276304374244289,0.00248573709166695,0.9377,0.00263327136788879,0.0278004669715513,5.83909090909091e-06,3.39797979797968e-05,100,100,"0bf79da2d5f5b1d79964ffc26907b169",TRUE,28.9999999999999,29,29,0.531776757380275,0.397256064278417,0.673031574443865,3.43536340489722,0,0,0,1,357,0.0797217401573523,0.00128455710598549,"7d6a4746e8d1b36fa0aba44b29c6c563",0.967326767305293,-0.00260476696698814,0.0017225518693766,-0.00598096863096628,0.000771434696990001
"2019","education","queen","mean_rank",0.5,0.8,"both",8,"Incidence-Guided Saturation Regions",100,100,TRUE,0.0812122708237182,0.000185498915995426,0.000136128198965429,4.93707170299973e-05,0.0136197986767583,0.00702642989219968,0.0982408553315399,0.107667931770301,0.120809527249674,0.00116673989802967,0.00136197986767583,6.57465136700214e-05,0.733849026744638,0.104263641415833,0.101462795906243,0.114557736707345,0.112810901431109,0.25,0.206732673267327,TRUE,FALSE,10000,10000,10000,0,0,0,FALSE,0.0167706167289938,0.281926949959481,0.00258425692189918,0.9322,0.00293642022099704,0.0415868453992689,6.31737373737374e-06,3.61010101010088e-05,100,100,"692c96d78e29322dd5fd6e0287c69d65",TRUE,28.9999999999999,29,29,0.450668736811486,0.272277382897279,0.586272159524756,4.3376261103781,0,0,0,2,358,0.0797217401573523,0.00128455710598549,"7d6a4746e8d1b36fa0aba44b29c6c563",1.01869666496772,0.00149053066636581,0.00187218485158173,-0.00217895164273437,0.005160012975466
"2020","education","queen","mean_rank",0.5,0.8,"both",8,"Incidence-Guided Saturation Regions",100,100,TRUE,0.0804168870813864,0.000143171856333954,0.000133765852474164,9.40600385979004e-06,0.0119654442597822,0.0030669209086297,0.0946699333530725,0.102949423437683,0.116916843471762,0.00115657188481376,0.00119654442597822,3.74238726792785e-06,0.934302703753103,0.0973898404332929,0.101150842979894,0.109251602197059,0.115582598667011,0.111111111111111,-0.0168496849684968,TRUE,FALSE,10000,10000,10000,0,0,0,FALSE,0.01487926814137,0.281523680308098,0.00246707613309047,0.931199999999999,0.002722695866973,0.0340779181754171,6.41050505050505e-06,-3.24040404040413e-05,100,100,"fa19259617e12811ddf23f44f67c57f4",TRUE,28.9999999999999,29,29,0.47900833297685,0.274854437535772,0.653646422865086,7.20865677853573,0,0,0,4,359,0.0797217401573523,0.00128455710598549,"7d6a4746e8d1b36fa0aba44b29c6c563",1.00871966571053,0.000695146924034107,0.00175550719789962,-0.00274564718384915,0.00413594103191736
"2021","education","queen","mean_rank",0.5,0.8,"both",8,"Incidence-Guided Saturation Regions",100,100,TRUE,0.0789734948908501,0.000113294532583615,0.000125332997515466,-1.20384649318514e-05,0.0106439904445473,NA,0.0933383349375256,0.0988708949249205,0.114476910108876,0.00111952220842405,0.00106439904445473,4.74638168962487e-07,1.10625812788421,0.0952841003236698,0.096275208857266,0.103973655417672,0.106259410972987,0.0526315789473684,0.00588058805880588,TRUE,FALSE,10000,10000,10000,0,0,0,FALSE,0.0134779275746356,0.278715296182904,0.00254685387222444,0.932799999999999,0.00260082133741423,0.0359343646740309,6.26686868686869e-06,2.19595959595944e-05,100,100,"4520d0da7d76c14c4342b996ef8571d4",TRUE,28.9999999999999,29,29,0.517550747014038,0.324903770520107,0.650253930210886,5.78369469209822,0,0,0,1,360,0.0797217401573523,0.00128455710598549,"7d6a4746e8d1b36fa0aba44b29c6c563",0.990614288335586,-0.000748245266502259,0.00166824227388409,-0.00401800012331508,0.00252150959031057
"2018","education","queen","mean_rank",0,0.5,"control_only",8,"Incidence-Guided Saturation Regions",100,100,TRUE,0.235920994073085,0.00406671394763047,0.00124781643196914,0.00281889751566134,0.0637707922769545,0.0530932906840529,0.30831551628308,0.37400807267302,0.533997676111447,0.00353244452464456,0.00637707922769545,0.00262104012775507,0.306836538797176,0.30239095804596,0.33240676904997,0.389892737260664,0.403086622854633,0.25,0.331233123312331,TRUE,FALSE,10000,10000,10000,0,0,0,FALSE,0.0270305711992715,0.484911425996856,0.00244445362716365,0.926199999999999,0.00455549210573759,0.0279625286907545,6.84464646464647e-06,-8.69292929292942e-05,100,100,"33f9842bc4b025e331785d6d5e4a6464",TRUE,28.9999999999999,29,29,0.531776757380275,0.397256064278417,0.673031574443865,3.43536340489722,0,0,0,1,361,0.291314560861691,0.00939995962833679,"0dd60f1250552439401423f40b9ab1de",0.809849646290404,-0.0553935667886063,0.0113589779685791,-0.0776571636070214,-0.0331299699701912
"2019","education","queen","mean_rank",0,0.5,"control_only",8,"Incidence-Guided Saturation Regions",100,100,TRUE,0.199009725314557,0.00208286579639605,0.000877325819379061,0.00120553997701699,0.0456384245608462,0.0347208867544737,0.263564399791148,0.285844628126715,0.313808896811266,0.00296196863484248,0.00456384245608462,0.00114690809720961,0.421210920500536,0.283193360114512,0.26343981442201,0.309671930926281,0.310951894893904,0.176470588235294,0.434335433543354,TRUE,FALSE,10000,10000,10000,0,0,0,FALSE,0.0229327609435718,0.44477374464175,0.00251468414788744,0.928599999999999,0.00451910738772262,0.0344389516668533,6.63393939393939e-06,-3.10303030303038e-05,100,100,"912a2e63a139da1130a9ed80d7012b3c",TRUE,28.9999999999999,29,29,0.450668736811486,0.272277382897279,0.586272159524756,4.3376261103781,0,0,0,2,362,0.291314560861691,0.00939995962833679,"0dd60f1250552439401423f40b9ab1de",0.683143762968448,-0.0923048355471347,0.0104493013631688,-0.112785466218946,-0.0718242048753238
"2020","education","queen","mean_rank",0,0.5,"control_only",8,"Incidence-Guided Saturation Regions",100,100,TRUE,0.213821026298649,0.00277760111991332,0.00100461370034194,0.00177298741957137,0.0527029517191715,0.0421068571561851,0.272817283265421,0.322923645605069,0.407242090282959,0.00316956416616219,0.00527029517191715,0.00191598168147415,0.361683934075205,0.275916165346664,0.294059935852749,0.332573396057968,0.340612068355704,0.25,0.493441344134413,TRUE,FALSE,10000,10000,10000,0,0,0,FALSE,0.0246481614233579,0.4611633866006,0.00234798430638501,0.9261,0.00546251602481352,0.0339021703982824,6.85787878787878e-06,-0.000134484848484849,100,100,"b85e8178250f7c0b9a251b7c711b7589",TRUE,28.9999999999999,29,29,0.47900833297685,0.274854437535772,0.653646422865086,7.20865677853573,0,0,0,4,363,0.291314560861691,0.00939995962833679,"0dd60f1250552439401423f40b9ab1de",0.733986745002305,-0.0774935345630428,0.0107766067114605,-0.0986156837175053,-0.0563713854085803
"2021","education","queen","mean_rank",0,0.5,"control_only",8,"Incidence-Guided Saturation Regions",100,100,TRUE,0.229669015066476,0.00435629126225767,0.00115528149936388,0.00320100976289379,0.0660022064953716,0.0565774669183218,0.319017864073221,0.367997691983312,0.507382030521982,0.00339894321718366,0.00660022064953716,0.00300484672130467,0.265198406124284,0.316513603884771,0.34558843268859,0.377452948268061,0.40613454270002,0.25,0.426834683468347,TRUE,FALSE,10000,10000,10000,0,0,0,FALSE,0.0287379673206103,0.478181132434885,0.0023948387263556,0.928899999999999,0.00485091264415393,0.0318091126843808,6.61383838383839e-06,-8.78585858585873e-05,100,100,"5294c4d3ae39b4cbcf5bf478bc984c8e",TRUE,28.9999999999999,29,29,0.517550747014038,0.324903770520107,0.650253930210886,5.78369469209822,0,0,0,1,364,0.291314560861691,0.00939995962833679,"0dd60f1250552439401423f40b9ab1de",0.788388381229997,-0.061645545795215,0.0114857369653383,-0.084157590247278,-0.039133501343152
"2018","education","queen","mean_rank",0.2,0.5,"control_only",8,"Incidence-Guided Saturation Regions",100,100,TRUE,0.242303797575594,0.00467522638515017,0.00136275979924495,0.00331246658590522,0.068375627128021,0.0575540318822688,0.318984690606493,0.377426174426476,0.639385536519612,0.00369155766478725,0.0068375627128021,0.00312158485721538,0.291485307229926,0.324142034858288,0.346528468477497,0.390170258453252,0.42488388143809,0.176470588235294,0.388298829882988,TRUE,FALSE,10000,10000,10000,0,0,0,FALSE,0.0282189663604795,0.490473788045744,0.00260184472242214,0.9291,0.00502410952736107,0.0417044459938274,6.58616161616161e-06,1.83434343434336e-05,100,100,"6a8466744b913814f1157a9a8f2f3938",TRUE,28.9999999999999,29,29,0.531776757380275,0.397256064278417,0.673031574443865,3.43536340489722,0,0,0,1,365,0.310117368630307,0.00974141840181621,"c843422616aa1553b3a3638fad96698c",0.781329335553746,-0.0678135710547129,0.0119015753718046,-0.0911406587834498,-0.0444864833259759
"2019","education","queen","mean_rank",0.2,0.5,"control_only",8,"Incidence-Guided Saturation Regions",100,100,TRUE,0.212469732270761,0.00185463376739747,0.00107037723023271,0.000784256537164754,0.0430654590988819,0.0280045806461149,0.267995659528781,0.299763583865491,0.334322864088646,0.00327166200918236,0.00430654590988819,0.000714181764115047,0.577136709709934,0.276690905686887,0.283901256289003,0.322078510876916,0.320104681386011,0.111111111111111,0.218289828982898,TRUE,FALSE,10000,10000,10000,0,0,0,FALSE,0.020268985440242,0.459027016244186,0.00244492878580885,0.9261,0.00499642383567255,0.0419991741433238,6.85323232323232e-06,-8.75555555555566e-05,100,100,"cb29bfa5ed638c3e7ea418402092640b",TRUE,28.9999999999999,29,29,0.450668736811486,0.272277382897279,0.586272159524756,4.3376261103781,0,0,0,2,366,0.310117368630307,0.00974141840181621,"c843422616aa1553b3a3638fad96698c",0.685126838297304,-0.0976476363595452,0.0106508952747278,-0.118523391098012,-0.0767718816210788
"2020","education","queen","mean_rank",0.2,0.5,"control_only",8,"Incidence-Guided Saturation Regions",100,100,TRUE,0.22117711905119,0.00283701504516235,0.00108789003316677,0.00174912501199558,0.053263637175491,0.0418225419121744,0.288258136955222,0.326466192549353,0.468146383221181,0.00329831780331545,0.0053263637175491,0.00152758973579152,0.383462905853046,0.296896887117491,0.301073996715544,0.381050221985191,0.324344070925683,0.111111111111111,0.387830783078308,TRUE,FALSE,10000,10000,10000,0,0,0,FALSE,0.0240818930113487,0.468000138492548,0.00285515659674197,0.9236,0.00434315118056224,0.046400317047903,7.0460606060606e-06,0.000110585858585858,100,100,"b7fa0b17a0b246abda6459cef529ff05",TRUE,28.9999999999999,29,29,0.47900833297685,0.274854437535772,0.653646422865086,7.20865677853573,0,0,0,4,367,0.310117368630307,0.00974141840181621,"c843422616aa1553b3a3638fad96698c",0.713204552289548,-0.0889402495791161,0.0111024944463335,-0.11070113869393,-0.0671793604643024
"2021","education","queen","mean_rank",0.2,0.5,"control_only",8,"Incidence-Guided Saturation Regions",100,100,TRUE,0.238223482780103,0.00467355259441231,0.00124657600350595,0.00342697659090635,0.0683633863585787,0.0585403842736478,0.327780906820121,0.392983724084268,0.48595764056807,0.00353068832312618,0.00683633863585787,0.00284940448519796,0.266729854500056,0.319694694570637,0.373612334462988,0.393064726722831,0.435657480574163,0.25,0.40974497449745,TRUE,FALSE,10000,10000,10000,0,0,0,FALSE,0.0286971651832002,0.486465249659839,0.00234091840735618,0.9243,0.00504031154540437,0.0396868196444824,7.01282828282828e-06,-0.00015329292929293,100,100,"5f7c8497e2d2325028676188b5c43f22",TRUE,28.9999999999999,29,29,0.517550747014038,0.324903770520107,0.650253930210886,5.78369469209822,0,0,0,1,368,0.310117368630307,0.00974141840181621,"c843422616aa1553b3a3638fad96698c",0.768172011236467,-0.0718938858502032,0.011900872170701,-0.0952195953047772,-0.0485681763956292
"2018","education","queen","mean_rank",0.5,0.5,"control_only",8,"Incidence-Guided Saturation Regions",100,100,TRUE,0.253088902288658,0.0035756082641102,0.00150728355261624,0.00206832471149396,0.059796390059185,0.0454788380622676,0.314876168197235,0.378318781614119,0.446451289963977,0.00388237498525869,0.0059796390059185,0.00191205140147568,0.421546053505202,0.357336145034475,0.322274064517083,0.418442870057895,0.392069414651828,0.176470588235294,0.292757275727573,TRUE,FALSE,10000,10000,10000,0,0,0,FALSE,0.023626634561394,0.499292335883664,0.0028125979219766,0.9278,0.00525982993893856,0.0616122197010718,6.68727272727273e-06,0.000122343434343433,100,100,"dba86105416f29f278a21752a0a7527b",TRUE,28.9999999999999,29,29,0.531776757380275,0.397256064278417,0.673031574443865,3.43536340489722,0,0,0,1,369,0.323355231421774,0.0102073714961828,"41da99612ef331d16cf24a6f62f4a4aa",0.782696173418446,-0.0702663291331155,0.0118298992177528,-0.093452931599911,-0.0470797266663201
"2019","education","queen","mean_rank",0.5,0.5,"control_only",8,"Incidence-Guided Saturation Regions",100,100,TRUE,0.230667233600927,0.00204723655554814,0.00117926228800974,0.000867974267538404,0.045246398260504,0.0294614030137467,0.283900739068466,0.322613782360163,0.375176689146692,0.0034340388582684,0.0045246398260504,0.00104118441321442,0.576026392657879,0.287163248590354,0.314861260609987,0.321233893840507,0.352696748411373,0.176470588235294,0.321452145214521,TRUE,FALSE,10000,10000,10000,0,0,0,FALSE,0.0196154423643819,0.475667828955108,0.00252470620352971,0.9264,0.00485023892486244,0.0663878761375948,6.82343434343434e-06,-4.49292929292946e-05,100,100,"07fa190afd20364342fa66a4d142a447",TRUE,28.9999999999999,29,29,0.450668736811486,0.272277382897279,0.586272159524756,4.3376261103781,0,0,0,2,370,0.323355231421774,0.0102073714961828,"41da99612ef331d16cf24a6f62f4a4aa",0.713355502512504,-0.0926879978208474,0.0111652495904286,-0.114571887018088,-0.0708041086236073
"2020","education","queen","mean_rank",0.5,0.5,"control_only",8,"Incidence-Guided Saturation Regions",100,100,TRUE,0.230298110251044,0.00265399659759339,0.00118587035132438,0.00146812624626901,0.0515169544673731,0.0383161355863168,0.287525018963354,0.32495631263682,0.438227331563898,0.00344364683340842,0.00515169544673731,0.00190460059279432,0.446824367597047,0.29218263610146,0.31499564507826,0.322940478161407,0.348417518210751,0.333333333333333,0.526156615661566,TRUE,FALSE,10000,10000,10000,0,0,0,FALSE,0.0223696818055586,0.475874636871293,0.00246256825778341,0.9258,0.00530393847454759,0.0619793532852588,6.87818181818182e-06,-8.13939393939412e-05,100,100,"9b3d6dfbb380acd395ed0d9eff84e5e5",TRUE,28.9999999999999,29,29,0.47900833297685,0.274854437535772,0.653646422865086,7.20865677853573,0,0,0,4,371,0.323355231421774,0.0102073714961828,"41da99612ef331d16cf24a6f62f4a4aa",0.712213961216698,-0.0930571211707303,0.0114337394948905,-0.115467250580716,-0.0706469917607449
"2021","education","queen","mean_rank",0.5,0.5,"control_only",8,"Incidence-Guided Saturation Regions",100,100,TRUE,0.243675416566975,0.00340093549155721,0.00143091745610727,0.00197001803544993,0.0583175401706657,0.0443848852138871,0.307939398500564,0.364127881820631,0.482201526421667,0.0037827469596938,0.00583175401706657,0.00217059535400276,0.420742310361226,0.33116922263057,0.336974557469237,0.396969681273786,0.372042866885678,0.25,0.35973597359736,TRUE,FALSE,10000,10000,10000,0,0,0,FALSE,0.0239324676211796,0.488724418498726,0.0028286235364769,0.9267,0.00513444984397473,0.0694540087400067,6.78131313131313e-06,0.000121979797979796,100,100,"45513d4af7550d782325ecb126a90ab1",TRUE,28.9999999999999,29,29,0.517550747014038,0.324903770520107,0.650253930210886,5.78369469209822,0,0,0,1,372,0.323355231421774,0.0102073714961828,"41da99612ef331d16cf24a6f62f4a4aa",0.75358427168643,-0.0796798148547992,0.0117558405814581,-0.102721262394457,-0.0566383673151413
"2018","education","queen","mean_rank",0,0.8,"control_only",8,"Incidence-Guided Saturation Regions",100,100,TRUE,0.2326656078421,0.0039687313033604,0.00122356019384194,0.00274517110951846,0.0629978674508939,0.0523943805146932,0.287728697070254,0.367049078937998,0.547919525424224,0.00349794252931911,0.00629978674508939,0.00269464039328685,0.30830008390992,0.308251088505937,0.314893482844775,0.36585793895945,0.406015941303403,0.333333333333333,0.343114311431143,TRUE,FALSE,10000,10000,10000,0,0,0,FALSE,0.0270765705491151,0.480839901933951,0.00253562496031924,0.9307,0.00462862669495391,0.0381915769542035,6.45060606060606e-06,-2.12121212121317e-06,100,100,"bbf2ef314b3b524e35a811ea631ca5c8",TRUE,28.9999999999999,29,29,0.531776757380275,0.397256064278417,0.673031574443865,3.43536340489722,0,0,0,1,373,0.296905211096469,0.00939428372244057,"ac322b5bea4c8163c656df36b45d9f48",0.783635985986463,-0.0642396032543685,0.0113110512195514,-0.0864092636446893,-0.0420699428640477
"2019","education","queen","mean_rank",0,0.8,"control_only",8,"Incidence-Guided Saturation Regions",100,100,TRUE,0.206934831022934,0.0021721847192304,0.00096356984387169,0.0012086148753587,0.0466067025140204,0.0347651387938939,0.266550264431159,0.301392822249025,0.36942939982022,0.0031041421421573,0.00466067025140204,0.00120599521952003,0.443594798978736,0.280002741457309,0.28792273062484,0.317852474391482,0.329712047173456,0.176470588235294,0.341374137413741,TRUE,FALSE,10000,10000,10000,0,0,0,FALSE,0.0225224058625757,0.452970626412451,0.00271194514410717,0.9283,0.00521439830032441,0.0418621861641942,6.64959595959596e-06,7.05050505050493e-05,100,100,"daa23fcb8cb582d335c60dfe186ad1f2",TRUE,28.9999999999999,29,29,0.450668736811486,0.272277382897279,0.586272159524756,4.3376261103781,0,0,0,2,374,0.296905211096469,0.00939428372244057,"ac322b5bea4c8163c656df36b45d9f48",0.696972714822771,-0.089970380073535,0.0104868686389225,-0.110524642605823,-0.0694161175412469
"2020","education","queen","mean_rank",0,0.8,"control_only",8,"Incidence-Guided Saturation Regions",100,100,TRUE,0.209673827918866,0.00237635133957214,0.00094954943540416,0.00142680190416798,0.0487478342039125,0.03777303144001,0.268898881858662,0.305395689849327,0.422491311958189,0.00308147600250945,0.00487478342039125,0.00157772252894279,0.399582931863571,0.262212039001079,0.276807672109086,0.314788230658436,0.326211070676088,0.111111111111111,0.4994899489949,TRUE,FALSE,10000,10000,10000,0,0,0,FALSE,0.0232493653059912,0.456382174264224,0.00243665195037632,0.9261,0.0050963147481631,0.0372711541641085,6.85363636363636e-06,-9.16363636363647e-05,100,100,"111dd3b3d841ba8b07d59c3a18e12f83",TRUE,28.9999999999999,29,29,0.47900833297685,0.274854437535772,0.653646422865086,7.20865677853573,0,0,0,4,375,0.296905211096469,0.00939428372244057,"ac322b5bea4c8163c656df36b45d9f48",0.706197870844172,-0.0872313831776033,0.0105837649281073,-0.107975562436694,-0.066487203918513
"2021","education","queen","mean_rank",0,0.8,"control_only",8,"Incidence-Guided Saturation Regions",100,100,TRUE,0.22785526083401,0.00424546540660367,0.00114484604283864,0.00310061936376502,0.0651572360264282,0.0556832054013149,0.312851468059685,0.370520251527474,0.474255643694959,0.00338355736295196,0.00651572360264282,0.00320373723438847,0.269663260253606,0.334467893248392,0.323566033300859,0.38384419716643,0.384280284991972,0.428571428571429,0.477659765976598,TRUE,FALSE,10000,10000,10000,0,0,0,FALSE,0.0285958883669991,0.476577364308669,0.00277113549275237,0.9276,0.00479974721252702,0.0270051228957204,6.70686868686869e-06,9.72323232323216e-05,100,100,"1790fa27d8562f42653c4d1e45b2564d",TRUE,28.9999999999999,29,29,0.517550747014038,0.324903770520107,0.650253930210886,5.78369469209822,0,0,0,1,376,0.296905211096469,0.00939428372244057,"ac322b5bea4c8163c656df36b45d9f48",0.767434360591188,-0.0690499502624586,0.0114327258658532,-0.0914580929595308,-0.0466418075653863
"2018","education","queen","mean_rank",0.2,0.8,"control_only",8,"Incidence-Guided Saturation Regions",100,100,TRUE,0.239966484379839,0.00427187172240344,0.00133528693715601,0.00293658478524742,0.0653595572384287,0.05419026467224,0.301695342119411,0.382713145685402,0.57834055649947,0.00365415781973906,0.00653595572384287,0.00284856832383238,0.312576552838238,0.341833411602359,0.321112450881413,0.408334702025148,0.394887083005704,0.25,0.374329432943294,TRUE,FALSE,10000,10000,10000,0,0,0,FALSE,0.0272369524466476,0.487783751075595,0.00249951510449042,0.9243,0.00429326455007087,0.0450943074728965,7.00515151515151e-06,-7.5757575757577e-05,100,100,"82e8bc22a33026cf5a55fcb4ef166e80",TRUE,28.9999999999999,29,29,0.531776757380275,0.397256064278417,0.673031574443865,3.43536340489722,0,0,0,1,377,0.30993447595088,0.0100085851145355,"0993633601da4a9819929a697dba4c90",0.7742490848868,-0.0699679915710414,0.0119536811576575,-0.0933972066400501,-0.0465387765020327
"2019","education","queen","mean_rank",0.2,0.8,"control_only",8,"Incidence-Guided Saturation Regions",100,100,TRUE,0.209512359154808,0.00177975387112297,0.000948707093116216,0.000831046778006759,0.0421871292116799,0.0288278819549192,0.267046486861048,0.296771863209308,0.346840482604701,0.00308010891547071,0.00421871292116799,0.000769346391332388,0.533055221010762,0.266522617676466,0.281471898558092,0.311589395901434,0.331699416315506,0.0526315789473684,0.274959495949595,TRUE,FALSE,10000,10000,10000,0,0,0,FALSE,0.0201358666294755,0.454832044283998,0.0025790727329054,0.9257,0.00474316879215181,0.0513825908965957,6.88090909090909e-06,-2.29292929292942e-05,100,100,"e6ee0dbb6b2d29388af8436f6c1dd5fb",TRUE,28.9999999999999,29,29,0.450668736811486,0.272277382897279,0.586272159524756,4.3376261103781,0,0,0,2,378,0.30993447595088,0.0100085851145355,"0993633601da4a9819929a697dba4c90",0.675989202272588,-0.100422116796072,0.0108613679942322,-0.121710398064767,-0.079133835527377
"2020","education","queen","mean_rank",0.2,0.8,"control_only",8,"Incidence-Guided Saturation Regions",100,100,TRUE,0.21526648182957,0.00267492979640987,0.000991342874976805,0.00168358692143306,0.0517197234757676,0.0410315356943055,0.275952569214865,0.31819992306621,0.426495316363734,0.00314855978977183,0.00517197234757676,0.00186410942053437,0.370605193567071,0.280776773434445,0.295478258912638,0.334560418758882,0.342913404377923,0.25,0.480612061206121,TRUE,FALSE,10000,10000,10000,0,0,0,FALSE,0.0240259064189635,0.462361134983108,0.00234413086131075,0.927999999999999,0.00467604161376265,0.0385831917640579,6.69414141414141e-06,-0.000119919191919193,100,100,"de4c9ead6925310f6d0ee3279375db84",TRUE,28.9999999999999,29,29,0.47900833297685,0.274854437535772,0.653646422865086,7.20865677853573,0,0,0,4,379,0.30993447595088,0.0100085851145355,"0993633601da4a9819929a697dba4c90",0.694554812494259,-0.09466799412131,0.0112659253485455,-0.116749207804459,-0.0725867804381608
"2021","education","queen","mean_rank",0.2,0.8,"control_only",8,"Incidence-Guided Saturation Regions",100,100,TRUE,0.238308489836881,0.00438638443865874,0.0012664604469085,0.00311992399175025,0.0662297851322103,0.0558562797879545,0.324471489572456,0.379253561872765,0.499291358987468,0.0035587363584684,0.00662297851322103,0.00345494715015142,0.288725364732452,0.327478937882769,0.334419514967925,0.388119022622148,0.398811374935943,0.428571428571429,0.566240624062406,TRUE,FALSE,10000,10000,10000,0,0,0,FALSE,0.027791617989583,0.486452804574711,0.00246205547697796,0.9233,0.00465740931944434,0.0408920378347599,7.09262626262626e-06,-0.000103090909090909,100,100,"03102756e691bba35e7cdf5a1b7a916a",TRUE,28.9999999999999,29,29,0.517550747014038,0.324903770520107,0.650253930210886,5.78369469209822,0,0,0,1,380,0.30993447595088,0.0100085851145355,"0993633601da4a9819929a697dba4c90",0.768899584680762,-0.0716259861139986,0.0120014840907902,-0.0951488949319473,-0.0481030772960499
"2018","education","queen","mean_rank",0.5,0.8,"control_only",8,"Incidence-Guided Saturation Regions",100,100,TRUE,0.253173868892418,0.00322432647046682,0.00138289405153757,0.00184143241892925,0.0567831530514713,0.0429119146500042,0.31227907516891,0.372928846116127,0.50845222543486,0.00371872834654209,0.00567831530514713,0.00230279041352099,0.428893930004971,0.345208775786999,0.318787488514295,0.399503386561682,0.369645237258227,0.25,0.404128412841284,TRUE,FALSE,10000,10000,10000,0,0,0,FALSE,0.0224285204866859,0.499119677502099,0.00245317769598551,0.928899999999999,0.00601622368691106,0.0636664465995955,6.6110101010101e-06,-5.92929292929307e-05,100,100,"c09faebd68c54be6ba005472612647ac",TRUE,28.9999999999999,29,29,0.531776757380275,0.397256064278417,0.673031574443865,3.43536340489722,0,0,0,1,381,0.3140498083333,0.0110905346294429,"ea98103eca44b022795a79e797d526ab",0.806158329584858,-0.0608759394408823,0.012459663842638,-0.0852968805724527,-0.0364549983093119
"2019","education","queen","mean_rank",0.5,0.8,"control_only",8,"Incidence-Guided Saturation Regions",100,100,TRUE,0.23529623360843,0.00268035591750042,0.00137647094679844,0.00130388497070198,0.051772153881217,0.0361093474145127,0.302635676644954,0.338296375900111,0.414317707584567,0.00371008213763313,0.0051772153881217,0.00141292174114634,0.513540361491275,0.318691673774753,0.30116819943593,0.363888203776588,0.3567992114735,0.111111111111111,0.389342934293429,TRUE,FALSE,10000,10000,10000,0,0,0,FALSE,0.0220029675304425,0.478898036997037,0.0026739295035395,0.919599999999999,0.00540907343323033,0.0771550631443921,7.39676767676767e-06,-2.468686868687e-05,100,100,"2cf8a2c8bffc6c2c15ab3e6ab2c6f7e3",TRUE,28.9999999999999,29,29,0.450668736811486,0.272277382897279,0.586272159524756,4.3376261103781,0,0,0,2,382,0.3140498083333,0.0110905346294429,"ea98103eca44b022795a79e797d526ab",0.749232215288318,-0.0787535747248702,0.0122394247226688,-0.102742847181301,-0.0547643022684394
"2020","education","queen","mean_rank",0.5,0.8,"control_only",8,"Incidence-Guided Saturation Regions",100,100,TRUE,0.231512890581268,0.00364890505583711,0.00122489055052235,0.00242401450531476,0.0604061673658999,0.0492342818096777,0.297025944171506,0.352954772581414,0.518883366280099,0.00349984364011073,0.00604061673658999,0.00273633446857126,0.335687153208579,0.301678925599254,0.318676778125018,0.350190280003665,0.374721952128471,0.25,0.487788778877888,TRUE,FALSE,10000,10000,10000,0,0,0,FALSE,0.0260919239590659,0.476602462477627,0.00289897230135791,0.926,0.00518180381638416,0.0660528829161133,6.83757575757575e-06,0.000156646464646463,100,100,"249944e2f13e698b8545761f696a16de",TRUE,28.9999999999999,29,29,0.47900833297685,0.274854437535772,0.653646422865086,7.20865677853573,0,0,0,4,383,0.3140498083333,0.0110905346294429,"ea98103eca44b022795a79e797d526ab",0.737185263095476,-0.0825369177520325,0.0126288957920019,-0.107289553504356,-0.0577842819997088
"2021","education","queen","mean_rank",0.5,0.8,"control_only",8,"Incidence-Guided Saturation Regions",100,100,TRUE,0.246200582711024,0.00351158058048748,0.00133889350670956,0.00217268707377793,0.0592585907737223,0.046612091497571,0.326869387513797,0.364645955693589,0.45079171137311,0.00365908937675695,0.00592585907737223,0.00197924853378078,0.381279448391211,0.335368441643148,0.363305390398756,0.383902819754636,0.401981873999612,0.111111111111111,0.357275727572757,TRUE,FALSE,10000,10000,10000,0,0,0,FALSE,0.0240692325425064,0.492333901282929,0.00247694419098463,0.9281,0.00461876242373154,0.0617082843591905,6.6790909090909e-06,-5.43838383838399e-05,100,100,"9053a355157ffac829e6666fb713f378",TRUE,28.9999999999999,29,29,0.517550747014038,0.324903770520107,0.650253930210886,5.78369469209822,0,0,0,1,384,0.3140498083333,0.0110905346294429,"ea98103eca44b022795a79e797d526ab",0.783953933987859,-0.0678492256222764,0.0125744090983134,-0.0924950674549706,-0.0432033837895822
"2018","education","queen","mean_rank",0,0.5,"both",9,"Simple Random Sampling",100,100,TRUE,0.0739447455938411,9.53131941215599e-05,0.000110853884152276,-1.55406900307162e-05,0.00976284764408212,NA,0.0854161406071291,0.0922060178749766,0.109481915182658,0.0010528717118067,0.000976284764408213,-2.65274650274705e-05,1.16304867520121,0.0914876182508629,0.093116423760844,0.102478233160799,0.102660590855825,0.111111111111111,-0.1396699669967,TRUE,FALSE,10000,10000,10000,0,0,0,FALSE,0.013202895710409,0.271773989655565,0.00252700565408104,0.9309,0.00277565849572111,0.00914571705980361,6.43363636363636e-06,-4.78787878788059e-06,100,100,"d24fc8915c9581042d0922c6cad71eee",TRUE,28.9999999999999,29,29,0.49545586285622,0.314508582213638,0.68561367828357,-0.794663480317001,0,0,0,4,385,0.0739447455938411,0.000976284764408213,"d24fc8915c9581042d0922c6cad71eee",1,0,0,0,0
"2019","education","queen","mean_rank",0,0.5,"both",9,"Simple Random Sampling",100,100,TRUE,0.0739447455938411,9.53131941215599e-05,0.000110853884152276,-1.55406900307162e-05,0.00976284764408212,NA,0.0854161406071291,0.0922060178749766,0.109481915182658,0.0010528717118067,0.000976284764408213,-2.65274650274705e-05,1.16304867520121,0.0914876182508629,0.093116423760844,0.102478233160799,0.102660590855825,0.111111111111111,-0.1396699669967,TRUE,FALSE,10000,10000,10000,0,0,0,FALSE,0.013202895710409,0.271773989655565,0.00252700565408104,0.9309,0.00277565849572111,0.00914571705980361,6.43363636363636e-06,-4.78787878788059e-06,100,100,"d24fc8915c9581042d0922c6cad71eee",TRUE,28.9999999999999,29,29,0.495425228099387,0.313306121476637,0.685744901068121,0.341582496836179,0,0,0,4,386,0.0739447455938411,0.000976284764408213,"d24fc8915c9581042d0922c6cad71eee",1,0,0,0,0
"2020","education","queen","mean_rank",0,0.5,"both",9,"Simple Random Sampling",100,100,TRUE,0.0739447455938411,9.53131941215599e-05,0.000110853884152276,-1.55406900307162e-05,0.00976284764408212,NA,0.0854161406071291,0.0922060178749766,0.109481915182658,0.0010528717118067,0.000976284764408213,-2.65274650274705e-05,1.16304867520121,0.0914876182508629,0.093116423760844,0.102478233160799,0.102660590855825,0.111111111111111,-0.1396699669967,TRUE,FALSE,10000,10000,10000,0,0,0,FALSE,0.013202895710409,0.271773989655565,0.00252700565408104,0.9309,0.00277565849572111,0.00914571705980361,6.43363636363636e-06,-4.78787878788059e-06,100,100,"d24fc8915c9581042d0922c6cad71eee",TRUE,28.9999999999999,29,29,0.495469723288464,0.312882563010975,0.685599752948953,0.587777775973607,0,0,0,4,387,0.0739447455938411,0.000976284764408213,"d24fc8915c9581042d0922c6cad71eee",1,0,0,0,0
"2021","education","queen","mean_rank",0,0.5,"both",9,"Simple Random Sampling",100,100,TRUE,0.0739447455938411,9.53131941215599e-05,0.000110853884152276,-1.55406900307162e-05,0.00976284764408212,NA,0.0854161406071291,0.0922060178749766,0.109481915182658,0.0010528717118067,0.000976284764408213,-2.65274650274705e-05,1.16304867520121,0.0914876182508629,0.093116423760844,0.102478233160799,0.102660590855825,0.111111111111111,-0.1396699669967,TRUE,FALSE,10000,10000,10000,0,0,0,FALSE,0.013202895710409,0.271773989655565,0.00252700565408104,0.9309,0.00277565849572111,0.00914571705980361,6.43363636363636e-06,-4.78787878788059e-06,100,100,"d24fc8915c9581042d0922c6cad71eee",TRUE,28.9999999999999,29,29,0.495456847939106,0.312797009934478,0.686800807024632,0.0205442551530072,0,0,0,4,388,0.0739447455938411,0.000976284764408213,"d24fc8915c9581042d0922c6cad71eee",1,0,0,0,0
"2018","education","queen","mean_rank",0.2,0.5,"both",9,"Simple Random Sampling",100,100,TRUE,0.076248736282043,0.0001903974407644,0.000116953545751942,7.3443895012458e-05,0.0137984579125495,0.00856994136575379,0.0922283465485385,0.104166306005153,0.124369791581226,0.00108145062648251,0.00137984579125495,7.85817076561058e-05,0.614260072416948,0.0994892053242974,0.0992593166874969,0.109812725952649,0.112728097989775,0.176470588235294,0.182430243024302,TRUE,FALSE,10000,10000,10000,0,0,0,FALSE,0.0180966381678893,0.275948888812,0.00277841608827691,0.9324,0.00273819913211575,0.0100472406891381,6.28949494949495e-06,0.000143010101010099,100,100,"c361e7920bc94937367580206aa4be86",TRUE,28.9999999999999,29,29,0.49545586285622,0.314508582213638,0.68561367828357,-0.794663480317001,0,0,0,4,389,0.076248736282043,0.00137984579125495,"c361e7920bc94937367580206aa4be86",1,0,0,0,0
"2019","education","queen","mean_rank",0.2,0.5,"both",9,"Simple Random Sampling",100,100,TRUE,0.076248736282043,0.0001903974407644,0.000116953545751942,7.3443895012458e-05,0.0137984579125495,0.00856994136575379,0.0922283465485385,0.104166306005153,0.124369791581226,0.00108145062648251,0.00137984579125495,7.85817076561058e-05,0.614260072416948,0.0994892053242974,0.0992593166874969,0.109812725952649,0.112728097989775,0.176470588235294,0.182430243024302,TRUE,FALSE,10000,10000,10000,0,0,0,FALSE,0.0180966381678893,0.275948888812,0.00277841608827691,0.9324,0.00273819913211575,0.0100472406891381,6.28949494949495e-06,0.000143010101010099,100,100,"c361e7920bc94937367580206aa4be86",TRUE,28.9999999999999,29,29,0.495425228099387,0.313306121476637,0.685744901068121,0.341582496836179,0,0,0,4,390,0.076248736282043,0.00137984579125495,"c361e7920bc94937367580206aa4be86",1,0,0,0,0
"2020","education","queen","mean_rank",0.2,0.5,"both",9,"Simple Random Sampling",100,100,TRUE,0.076248736282043,0.0001903974407644,0.000116953545751942,7.3443895012458e-05,0.0137984579125495,0.00856994136575379,0.0922283465485385,0.104166306005153,0.124369791581226,0.00108145062648251,0.00137984579125495,7.85817076561058e-05,0.614260072416948,0.0994892053242974,0.0992593166874969,0.109812725952649,0.112728097989775,0.176470588235294,0.182430243024302,TRUE,FALSE,10000,10000,10000,0,0,0,FALSE,0.0180966381678893,0.275948888812,0.00277841608827691,0.9324,0.00273819913211575,0.0100472406891381,6.28949494949495e-06,0.000143010101010099,100,100,"c361e7920bc94937367580206aa4be86",TRUE,28.9999999999999,29,29,0.495469723288464,0.312882563010975,0.685599752948953,0.587777775973607,0,0,0,4,391,0.076248736282043,0.00137984579125495,"c361e7920bc94937367580206aa4be86",1,0,0,0,0
"2021","education","queen","mean_rank",0.2,0.5,"both",9,"Simple Random Sampling",100,100,TRUE,0.076248736282043,0.0001903974407644,0.000116953545751942,7.3443895012458e-05,0.0137984579125495,0.00856994136575379,0.0922283465485385,0.104166306005153,0.124369791581226,0.00108145062648251,0.00137984579125495,7.85817076561058e-05,0.614260072416948,0.0994892053242974,0.0992593166874969,0.109812725952649,0.112728097989775,0.176470588235294,0.182430243024302,TRUE,FALSE,10000,10000,10000,0,0,0,FALSE,0.0180966381678893,0.275948888812,0.00277841608827691,0.9324,0.00273819913211575,0.0100472406891381,6.28949494949495e-06,0.000143010101010099,100,100,"c361e7920bc94937367580206aa4be86",TRUE,28.9999999999999,29,29,0.495456847939106,0.312797009934478,0.686800807024632,0.0205442551530072,0,0,0,4,392,0.076248736282043,0.00137984579125495,"c361e7920bc94937367580206aa4be86",1,0,0,0,0
"2018","education","queen","mean_rank",0.5,0.5,"both",9,"Simple Random Sampling",100,100,TRUE,0.0776358075754377,0.000140265101286859,0.000122328796843584,1.79363044432752e-05,0.0118433568419962,0.00423512744120826,0.0900790709762376,0.101336717537704,0.120358358110523,0.0011060234936184,0.00118433568419962,1.00101293102662e-05,0.872125680025046,0.102580149952218,0.0970008467694715,0.108513011159134,0.110468251676102,0.111111111111111,-0.0551695169516952,TRUE,FALSE,10000,10000,10000,0,0,0,FALSE,0.0152550185434578,0.278112318800139,0.00237348569480297,0.9327,0.003132310846882,0.0170101648154116,6.28414141414141e-06,-6.5070707070708e-05,100,100,"9bb12b1bef60f74a0c4078eb671ec8a0",TRUE,28.9999999999999,29,29,0.49545586285622,0.314508582213638,0.68561367828357,-0.794663480317001,0,0,0,4,393,0.0776358075754377,0.00118433568419962,"9bb12b1bef60f74a0c4078eb671ec8a0",1,0,0,0,0
"2019","education","queen","mean_rank",0.5,0.5,"both",9,"Simple Random Sampling",100,100,TRUE,0.0776358075754377,0.000140265101286859,0.000122328796843584,1.79363044432752e-05,0.0118433568419962,0.00423512744120826,0.0900790709762376,0.101336717537704,0.120358358110523,0.0011060234936184,0.00118433568419962,1.00101293102662e-05,0.872125680025046,0.102580149952218,0.0970008467694715,0.108513011159134,0.110468251676102,0.111111111111111,-0.0551695169516952,TRUE,FALSE,10000,10000,10000,0,0,0,FALSE,0.0152550185434578,0.278112318800139,0.00237348569480297,0.9327,0.003132310846882,0.0170101648154116,6.28414141414141e-06,-6.5070707070708e-05,100,100,"9bb12b1bef60f74a0c4078eb671ec8a0",TRUE,28.9999999999999,29,29,0.495425228099387,0.313306121476637,0.685744901068121,0.341582496836179,0,0,0,4,394,0.0776358075754377,0.00118433568419962,"9bb12b1bef60f74a0c4078eb671ec8a0",1,0,0,0,0
"2020","education","queen","mean_rank",0.5,0.5,"both",9,"Simple Random Sampling",100,100,TRUE,0.0776358075754377,0.000140265101286859,0.000122328796843584,1.79363044432752e-05,0.0118433568419962,0.00423512744120826,0.0900790709762376,0.101336717537704,0.120358358110523,0.0011060234936184,0.00118433568419962,1.00101293102662e-05,0.872125680025046,0.102580149952218,0.0970008467694715,0.108513011159134,0.110468251676102,0.111111111111111,-0.0551695169516952,TRUE,FALSE,10000,10000,10000,0,0,0,FALSE,0.0152550185434578,0.278112318800139,0.00237348569480297,0.9327,0.003132310846882,0.0170101648154116,6.28414141414141e-06,-6.5070707070708e-05,100,100,"9bb12b1bef60f74a0c4078eb671ec8a0",TRUE,28.9999999999999,29,29,0.495469723288464,0.312882563010975,0.685599752948953,0.587777775973607,0,0,0,4,395,0.0776358075754377,0.00118433568419962,"9bb12b1bef60f74a0c4078eb671ec8a0",1,0,0,0,0
"2021","education","queen","mean_rank",0.5,0.5,"both",9,"Simple Random Sampling",100,100,TRUE,0.0776358075754377,0.000140265101286859,0.000122328796843584,1.79363044432752e-05,0.0118433568419962,0.00423512744120826,0.0900790709762376,0.101336717537704,0.120358358110523,0.0011060234936184,0.00118433568419962,1.00101293102662e-05,0.872125680025046,0.102580149952218,0.0970008467694715,0.108513011159134,0.110468251676102,0.111111111111111,-0.0551695169516952,TRUE,FALSE,10000,10000,10000,0,0,0,FALSE,0.0152550185434578,0.278112318800139,0.00237348569480297,0.9327,0.003132310846882,0.0170101648154116,6.28414141414141e-06,-6.5070707070708e-05,100,100,"9bb12b1bef60f74a0c4078eb671ec8a0",TRUE,28.9999999999999,29,29,0.495456847939106,0.312797009934478,0.686800807024632,0.0205442551530072,0,0,0,4,396,0.0776358075754377,0.00118433568419962,"9bb12b1bef60f74a0c4078eb671ec8a0",1,0,0,0,0
"2018","education","queen","mean_rank",0,0.8,"both",9,"Simple Random Sampling",100,100,TRUE,0.0749971340756,0.000124118524570057,0.000114256555065511,9.86196950454555e-06,0.0111408493648401,0.00314037728697454,0.0904358056265144,0.0969717021184212,0.107438137240888,0.00106890857918492,0.00111408493648401,-8.38141006590076e-06,0.920543935414096,0.0935734939344305,0.101128560454422,0.102847455875113,0.109740088171457,0.0526315789473684,-0.0155775577557756,TRUE,FALSE,10000,10000,10000,0,0,0,FALSE,0.0148550334651583,0.273788553860496,0.00221735578260834,0.9325,0.00257406939640069,0.00607962585841522,6.30878787878788e-06,-0.000139212121212123,100,100,"2e91cec91465861785706a02012228b9",TRUE,28.9999999999999,29,29,0.49545586285622,0.314508582213638,0.68561367828357,-0.794663480317001,0,0,0,4,397,0.0749971340756,0.00111408493648401,"2e91cec91465861785706a02012228b9",1,0,0,0,0
"2019","education","queen","mean_rank",0,0.8,"both",9,"Simple Random Sampling",100,100,TRUE,0.0749971340756,0.000124118524570057,0.000114256555065511,9.86196950454555e-06,0.0111408493648401,0.00314037728697454,0.0904358056265144,0.0969717021184212,0.107438137240888,0.00106890857918492,0.00111408493648401,-8.38141006590076e-06,0.920543935414096,0.0935734939344305,0.101128560454422,0.102847455875113,0.109740088171457,0.0526315789473684,-0.0155775577557756,TRUE,FALSE,10000,10000,10000,0,0,0,FALSE,0.0148550334651583,0.273788553860496,0.00221735578260834,0.9325,0.00257406939640069,0.00607962585841522,6.30878787878788e-06,-0.000139212121212123,100,100,"2e91cec91465861785706a02012228b9",TRUE,28.9999999999999,29,29,0.495425228099387,0.313306121476637,0.685744901068121,0.341582496836179,0,0,0,4,398,0.0749971340756,0.00111408493648401,"2e91cec91465861785706a02012228b9",1,0,0,0,0
"2020","education","queen","mean_rank",0,0.8,"both",9,"Simple Random Sampling",100,100,TRUE,0.0749971340756,0.000124118524570057,0.000114256555065511,9.86196950454555e-06,0.0111408493648401,0.00314037728697454,0.0904358056265144,0.0969717021184212,0.107438137240888,0.00106890857918492,0.00111408493648401,-8.38141006590076e-06,0.920543935414096,0.0935734939344305,0.101128560454422,0.102847455875113,0.109740088171457,0.0526315789473684,-0.0155775577557756,TRUE,FALSE,10000,10000,10000,0,0,0,FALSE,0.0148550334651583,0.273788553860496,0.00221735578260834,0.9325,0.00257406939640069,0.00607962585841522,6.30878787878788e-06,-0.000139212121212123,100,100,"2e91cec91465861785706a02012228b9",TRUE,28.9999999999999,29,29,0.495469723288464,0.312882563010975,0.685599752948953,0.587777775973607,0,0,0,4,399,0.0749971340756,0.00111408493648401,"2e91cec91465861785706a02012228b9",1,0,0,0,0
"2021","education","queen","mean_rank",0,0.8,"both",9,"Simple Random Sampling",100,100,TRUE,0.0749971340756,0.000124118524570057,0.000114256555065511,9.86196950454555e-06,0.0111408493648401,0.00314037728697454,0.0904358056265144,0.0969717021184212,0.107438137240888,0.00106890857918492,0.00111408493648401,-8.38141006590076e-06,0.920543935414096,0.0935734939344305,0.101128560454422,0.102847455875113,0.109740088171457,0.0526315789473684,-0.0155775577557756,TRUE,FALSE,10000,10000,10000,0,0,0,FALSE,0.0148550334651583,0.273788553860496,0.00221735578260834,0.9325,0.00257406939640069,0.00607962585841522,6.30878787878788e-06,-0.000139212121212123,100,100,"2e91cec91465861785706a02012228b9",TRUE,28.9999999999999,29,29,0.495456847939106,0.312797009934478,0.686800807024632,0.0205442551530072,0,0,0,4,400,0.0749971340756,0.00111408493648401,"2e91cec91465861785706a02012228b9",1,0,0,0,0
"2018","education","queen","mean_rank",0.2,0.8,"both",9,"Simple Random Sampling",100,100,TRUE,0.0757510156278693,0.000134242057702348,0.000113235302119902,2.10067555824465e-05,0.0115862874857457,0.00458331273015998,0.0903494314009093,0.0989929329469311,0.119817149052397,0.00106412077378417,0.00115862874857457,2.31705956858816e-05,0.843515840400597,0.0949848309018497,0.0936745480525987,0.107873968725572,0.102515576421006,0.0526315789473684,0.0599339933993399,TRUE,FALSE,10000,10000,10000,0,0,0,FALSE,0.0152952239514041,0.275067704716653,0.00268574613901469,0.9333,0.0029868537733729,0.00942196634366997,6.21585858585858e-06,9.97373737373714e-05,100,100,"612f320d9e368a4c0c6170ca00da95fb",TRUE,28.9999999999999,29,29,0.49545586285622,0.314508582213638,0.68561367828357,-0.794663480317001,0,0,0,4,401,0.0757510156278693,0.00115862874857457,"612f320d9e368a4c0c6170ca00da95fb",1,0,0,0,0
"2019","education","queen","mean_rank",0.2,0.8,"both",9,"Simple Random Sampling",100,100,TRUE,0.0757510156278693,0.000134242057702348,0.000113235302119902,2.10067555824465e-05,0.0115862874857457,0.00458331273015998,0.0903494314009093,0.0989929329469311,0.119817149052397,0.00106412077378417,0.00115862874857457,2.31705956858816e-05,0.843515840400597,0.0949848309018497,0.0936745480525987,0.107873968725572,0.102515576421006,0.0526315789473684,0.0599339933993399,TRUE,FALSE,10000,10000,10000,0,0,0,FALSE,0.0152952239514041,0.275067704716653,0.00268574613901469,0.9333,0.0029868537733729,0.00942196634366997,6.21585858585858e-06,9.97373737373714e-05,100,100,"612f320d9e368a4c0c6170ca00da95fb",TRUE,28.9999999999999,29,29,0.495425228099387,0.313306121476637,0.685744901068121,0.341582496836179,0,0,0,4,402,0.0757510156278693,0.00115862874857457,"612f320d9e368a4c0c6170ca00da95fb",1,0,0,0,0
"2020","education","queen","mean_rank",0.2,0.8,"both",9,"Simple Random Sampling",100,100,TRUE,0.0757510156278693,0.000134242057702348,0.000113235302119902,2.10067555824465e-05,0.0115862874857457,0.00458331273015998,0.0903494314009093,0.0989929329469311,0.119817149052397,0.00106412077378417,0.00115862874857457,2.31705956858816e-05,0.843515840400597,0.0949848309018497,0.0936745480525987,0.107873968725572,0.102515576421006,0.0526315789473684,0.0599339933993399,TRUE,FALSE,10000,10000,10000,0,0,0,FALSE,0.0152952239514041,0.275067704716653,0.00268574613901469,0.9333,0.0029868537733729,0.00942196634366997,6.21585858585858e-06,9.97373737373714e-05,100,100,"612f320d9e368a4c0c6170ca00da95fb",TRUE,28.9999999999999,29,29,0.495469723288464,0.312882563010975,0.685599752948953,0.587777775973607,0,0,0,4,403,0.0757510156278693,0.00115862874857457,"612f320d9e368a4c0c6170ca00da95fb",1,0,0,0,0
"2021","education","queen","mean_rank",0.2,0.8,"both",9,"Simple Random Sampling",100,100,TRUE,0.0757510156278693,0.000134242057702348,0.000113235302119902,2.10067555824465e-05,0.0115862874857457,0.00458331273015998,0.0903494314009093,0.0989929329469311,0.119817149052397,0.00106412077378417,0.00115862874857457,2.31705956858816e-05,0.843515840400597,0.0949848309018497,0.0936745480525987,0.107873968725572,0.102515576421006,0.0526315789473684,0.0599339933993399,TRUE,FALSE,10000,10000,10000,0,0,0,FALSE,0.0152952239514041,0.275067704716653,0.00268574613901469,0.9333,0.0029868537733729,0.00942196634366997,6.21585858585858e-06,9.97373737373714e-05,100,100,"612f320d9e368a4c0c6170ca00da95fb",TRUE,28.9999999999999,29,29,0.495456847939106,0.312797009934478,0.686800807024632,0.0205442551530072,0,0,0,4,404,0.0757510156278693,0.00115862874857457,"612f320d9e368a4c0c6170ca00da95fb",1,0,0,0,0
"2018","education","queen","mean_rank",0.5,0.8,"both",9,"Simple Random Sampling",100,100,TRUE,0.0797217401573523,0.000165008695853782,0.000123643457577044,4.13652382767388e-05,0.0128455710598549,0.00643158132007508,0.0953389690859417,0.105625567264703,0.117314417023564,0.0011119507973694,0.00128455710598549,4.85429019103503e-05,0.74931479784924,0.0967545040924283,0.10149590853173,0.112244742981824,0.113048639342053,0.111111111111111,0.150591059105911,TRUE,FALSE,10000,10000,10000,0,0,0,FALSE,0.0161130088662148,0.280856525131518,0.00251000020121533,0.932699999999999,0.00274088611942885,0.0290060760600471,6.27747474747474e-06,2.26262626262482e-06,100,100,"7d6a4746e8d1b36fa0aba44b29c6c563",TRUE,28.9999999999999,29,29,0.49545586285622,0.314508582213638,0.68561367828357,-0.794663480317001,0,0,0,4,405,0.0797217401573523,0.00128455710598549,"7d6a4746e8d1b36fa0aba44b29c6c563",1,0,0,0,0
"2019","education","queen","mean_rank",0.5,0.8,"both",9,"Simple Random Sampling",100,100,TRUE,0.0797217401573523,0.000165008695853782,0.000123643457577044,4.13652382767388e-05,0.0128455710598549,0.00643158132007508,0.0953389690859417,0.105625567264703,0.117314417023564,0.0011119507973694,0.00128455710598549,4.85429019103503e-05,0.74931479784924,0.0967545040924283,0.10149590853173,0.112244742981824,0.113048639342053,0.111111111111111,0.150591059105911,TRUE,FALSE,10000,10000,10000,0,0,0,FALSE,0.0161130088662148,0.280856525131518,0.00251000020121533,0.932699999999999,0.00274088611942885,0.0290060760600471,6.27747474747474e-06,2.26262626262482e-06,100,100,"7d6a4746e8d1b36fa0aba44b29c6c563",TRUE,28.9999999999999,29,29,0.495425228099387,0.313306121476637,0.685744901068121,0.341582496836179,0,0,0,4,406,0.0797217401573523,0.00128455710598549,"7d6a4746e8d1b36fa0aba44b29c6c563",1,0,0,0,0
"2020","education","queen","mean_rank",0.5,0.8,"both",9,"Simple Random Sampling",100,100,TRUE,0.0797217401573523,0.000165008695853782,0.000123643457577044,4.13652382767388e-05,0.0128455710598549,0.00643158132007508,0.0953389690859417,0.105625567264703,0.117314417023564,0.0011119507973694,0.00128455710598549,4.85429019103503e-05,0.74931479784924,0.0967545040924283,0.10149590853173,0.112244742981824,0.113048639342053,0.111111111111111,0.150591059105911,TRUE,FALSE,10000,10000,10000,0,0,0,FALSE,0.0161130088662148,0.280856525131518,0.00251000020121533,0.932699999999999,0.00274088611942885,0.0290060760600471,6.27747474747474e-06,2.26262626262482e-06,100,100,"7d6a4746e8d1b36fa0aba44b29c6c563",TRUE,28.9999999999999,29,29,0.495469723288464,0.312882563010975,0.685599752948953,0.587777775973607,0,0,0,4,407,0.0797217401573523,0.00128455710598549,"7d6a4746e8d1b36fa0aba44b29c6c563",1,0,0,0,0
"2021","education","queen","mean_rank",0.5,0.8,"both",9,"Simple Random Sampling",100,100,TRUE,0.0797217401573523,0.000165008695853782,0.000123643457577044,4.13652382767388e-05,0.0128455710598549,0.00643158132007508,0.0953389690859417,0.105625567264703,0.117314417023564,0.0011119507973694,0.00128455710598549,4.85429019103503e-05,0.74931479784924,0.0967545040924283,0.10149590853173,0.112244742981824,0.113048639342053,0.111111111111111,0.150591059105911,TRUE,FALSE,10000,10000,10000,0,0,0,FALSE,0.0161130088662148,0.280856525131518,0.00251000020121533,0.932699999999999,0.00274088611942885,0.0290060760600471,6.27747474747474e-06,2.26262626262482e-06,100,100,"7d6a4746e8d1b36fa0aba44b29c6c563",TRUE,28.9999999999999,29,29,0.495456847939106,0.312797009934478,0.686800807024632,0.0205442551530072,0,0,0,4,408,0.0797217401573523,0.00128455710598549,"7d6a4746e8d1b36fa0aba44b29c6c563",1,0,0,0,0
"2018","education","queen","mean_rank",0,0.5,"control_only",9,"Simple Random Sampling",100,100,TRUE,0.291314560861691,0.00883592410143615,0.00189180430417832,0.00694411979725783,0.0939995962833679,0.0833313854274476,0.400222181701163,0.474544138223866,0.748638032930648,0.00434948767578243,0.00939995962833679,0.00661009322177049,0.214103729554539,0.42383344628035,0.4405134710194,0.489064785727438,0.533590596904814,0.176470588235294,0.592811281128113,TRUE,FALSE,10000,10000,10000,0,0,0,FALSE,0.0322673868430478,0.538583431699457,0.0024283469041446,0.9339,0.00606644579335063,0.0352483752891885,6.17646464646465e-06,-2.79595959595979e-05,100,100,"0dd60f1250552439401423f40b9ab1de",TRUE,28.9999999999999,29,29,0.49545586285622,0.314508582213638,0.68561367828357,-0.794663480317001,0,0,0,4,409,0.291314560861691,0.00939995962833679,"0dd60f1250552439401423f40b9ab1de",1,0,0,0,0
"2019","education","queen","mean_rank",0,0.5,"control_only",9,"Simple Random Sampling",100,100,TRUE,0.291314560861691,0.00883592410143615,0.00189180430417832,0.00694411979725783,0.0939995962833679,0.0833313854274476,0.400222181701163,0.474544138223866,0.748638032930648,0.00434948767578243,0.00939995962833679,0.00661009322177049,0.214103729554539,0.42383344628035,0.4405134710194,0.489064785727438,0.533590596904814,0.176470588235294,0.592811281128113,TRUE,FALSE,10000,10000,10000,0,0,0,FALSE,0.0322673868430478,0.538583431699457,0.0024283469041446,0.9339,0.00606644579335063,0.0352483752891885,6.17646464646465e-06,-2.79595959595979e-05,100,100,"0dd60f1250552439401423f40b9ab1de",TRUE,28.9999999999999,29,29,0.495425228099387,0.313306121476637,0.685744901068121,0.341582496836179,0,0,0,4,410,0.291314560861691,0.00939995962833679,"0dd60f1250552439401423f40b9ab1de",1,0,0,0,0
"2020","education","queen","mean_rank",0,0.5,"control_only",9,"Simple Random Sampling",100,100,TRUE,0.291314560861691,0.00883592410143615,0.00189180430417832,0.00694411979725783,0.0939995962833679,0.0833313854274476,0.400222181701163,0.474544138223866,0.748638032930648,0.00434948767578243,0.00939995962833679,0.00661009322177049,0.214103729554539,0.42383344628035,0.4405134710194,0.489064785727438,0.533590596904814,0.176470588235294,0.592811281128113,TRUE,FALSE,10000,10000,10000,0,0,0,FALSE,0.0322673868430478,0.538583431699457,0.0024283469041446,0.9339,0.00606644579335063,0.0352483752891885,6.17646464646465e-06,-2.79595959595979e-05,100,100,"0dd60f1250552439401423f40b9ab1de",TRUE,28.9999999999999,29,29,0.495469723288464,0.312882563010975,0.685599752948953,0.587777775973607,0,0,0,4,411,0.291314560861691,0.00939995962833679,"0dd60f1250552439401423f40b9ab1de",1,0,0,0,0
"2021","education","queen","mean_rank",0,0.5,"control_only",9,"Simple Random Sampling",100,100,TRUE,0.291314560861691,0.00883592410143615,0.00189180430417832,0.00694411979725783,0.0939995962833679,0.0833313854274476,0.400222181701163,0.474544138223866,0.748638032930648,0.00434948767578243,0.00939995962833679,0.00661009322177049,0.214103729554539,0.42383344628035,0.4405134710194,0.489064785727438,0.533590596904814,0.176470588235294,0.592811281128113,TRUE,FALSE,10000,10000,10000,0,0,0,FALSE,0.0322673868430478,0.538583431699457,0.0024283469041446,0.9339,0.00606644579335063,0.0352483752891885,6.17646464646465e-06,-2.79595959595979e-05,100,100,"0dd60f1250552439401423f40b9ab1de",TRUE,28.9999999999999,29,29,0.495456847939106,0.312797009934478,0.686800807024632,0.0205442551530072,0,0,0,4,412,0.291314560861691,0.00939995962833679,"0dd60f1250552439401423f40b9ab1de",1,0,0,0,0
"2018","education","queen","mean_rank",0.2,0.5,"control_only",9,"Simple Random Sampling",100,100,TRUE,0.310117368630307,0.00948952324792435,0.00213291416847833,0.00735660907944602,0.0974141840181621,0.0857706772705336,0.422451439976906,0.503838739887103,0.690580776986701,0.00461834837195975,0.00974141840181621,0.00731659385622187,0.224765155503978,0.458204848147774,0.419542584579669,0.535235511971347,0.528421208134105,0.25,0.611845184518452,TRUE,FALSE,10000,10000,10000,0,0,0,FALSE,0.0314120374645286,0.555585094348007,0.00275431708891017,0.926399999999999,0.00509644180232863,0.0379812001998725,6.81131313131313e-06,7.74949494949485e-05,100,100,"c843422616aa1553b3a3638fad96698c",TRUE,28.9999999999999,29,29,0.49545586285622,0.314508582213638,0.68561367828357,-0.794663480317001,0,0,0,4,413,0.310117368630307,0.00974141840181621,"c843422616aa1553b3a3638fad96698c",1,0,0,0,0
"2019","education","queen","mean_rank",0.2,0.5,"control_only",9,"Simple Random Sampling",100,100,TRUE,0.310117368630307,0.00948952324792435,0.00213291416847833,0.00735660907944602,0.0974141840181621,0.0857706772705336,0.422451439976906,0.503838739887103,0.690580776986701,0.00461834837195975,0.00974141840181621,0.00731659385622187,0.224765155503978,0.458204848147774,0.419542584579669,0.535235511971347,0.528421208134105,0.25,0.611845184518452,TRUE,FALSE,10000,10000,10000,0,0,0,FALSE,0.0314120374645286,0.555585094348007,0.00275431708891017,0.926399999999999,0.00509644180232863,0.0379812001998725,6.81131313131313e-06,7.74949494949485e-05,100,100,"c843422616aa1553b3a3638fad96698c",TRUE,28.9999999999999,29,29,0.495425228099387,0.313306121476637,0.685744901068121,0.341582496836179,0,0,0,4,414,0.310117368630307,0.00974141840181621,"c843422616aa1553b3a3638fad96698c",1,0,0,0,0
"2020","education","queen","mean_rank",0.2,0.5,"control_only",9,"Simple Random Sampling",100,100,TRUE,0.310117368630307,0.00948952324792435,0.00213291416847833,0.00735660907944602,0.0974141840181621,0.0857706772705336,0.422451439976906,0.503838739887103,0.690580776986701,0.00461834837195975,0.00974141840181621,0.00731659385622187,0.224765155503978,0.458204848147774,0.419542584579669,0.535235511971347,0.528421208134105,0.25,0.611845184518452,TRUE,FALSE,10000,10000,10000,0,0,0,FALSE,0.0314120374645286,0.555585094348007,0.00275431708891017,0.926399999999999,0.00509644180232863,0.0379812001998725,6.81131313131313e-06,7.74949494949485e-05,100,100,"c843422616aa1553b3a3638fad96698c",TRUE,28.9999999999999,29,29,0.495469723288464,0.312882563010975,0.685599752948953,0.587777775973607,0,0,0,4,415,0.310117368630307,0.00974141840181621,"c843422616aa1553b3a3638fad96698c",1,0,0,0,0
"2021","education","queen","mean_rank",0.2,0.5,"control_only",9,"Simple Random Sampling",100,100,TRUE,0.310117368630307,0.00948952324792435,0.00213291416847833,0.00735660907944602,0.0974141840181621,0.0857706772705336,0.422451439976906,0.503838739887103,0.690580776986701,0.00461834837195975,0.00974141840181621,0.00731659385622187,0.224765155503978,0.458204848147774,0.419542584579669,0.535235511971347,0.528421208134105,0.25,0.611845184518452,TRUE,FALSE,10000,10000,10000,0,0,0,FALSE,0.0314120374645286,0.555585094348007,0.00275431708891017,0.926399999999999,0.00509644180232863,0.0379812001998725,6.81131313131313e-06,7.74949494949485e-05,100,100,"c843422616aa1553b3a3638fad96698c",TRUE,28.9999999999999,29,29,0.495456847939106,0.312797009934478,0.686800807024632,0.0205442551530072,0,0,0,4,416,0.310117368630307,0.00974141840181621,"c843422616aa1553b3a3638fad96698c",1,0,0,0,0
"2018","education","queen","mean_rank",0.5,0.5,"control_only",9,"Simple Random Sampling",100,100,TRUE,0.323355231421774,0.0104190432861086,0.00246866684385772,0.00795037644225084,0.102073714961828,0.0891648834589652,0.449534266903946,0.53903656322982,0.782536352241466,0.00496856804709135,0.0102073714961828,0.00786854832382661,0.236937958319948,0.454296513295885,0.474518883005858,0.54109461136851,0.588663782077359,0.25,0.53030903090309,TRUE,FALSE,10000,10000,10000,0,0,0,FALSE,0.031567052282722,0.566304663107085,0.00264527404014683,0.9285,0.00597729995187706,0.0515195105270267,6.63585858585858e-06,3.61616161616154e-05,100,100,"41da99612ef331d16cf24a6f62f4a4aa",TRUE,28.9999999999999,29,29,0.49545586285622,0.314508582213638,0.68561367828357,-0.794663480317001,0,0,0,4,417,0.323355231421774,0.0102073714961828,"41da99612ef331d16cf24a6f62f4a4aa",1,0,0,0,0
"2019","education","queen","mean_rank",0.5,0.5,"control_only",9,"Simple Random Sampling",100,100,TRUE,0.323355231421774,0.0104190432861086,0.00246866684385772,0.00795037644225084,0.102073714961828,0.0891648834589652,0.449534266903946,0.53903656322982,0.782536352241466,0.00496856804709135,0.0102073714961828,0.00786854832382661,0.236937958319948,0.454296513295885,0.474518883005858,0.54109461136851,0.588663782077359,0.25,0.53030903090309,TRUE,FALSE,10000,10000,10000,0,0,0,FALSE,0.031567052282722,0.566304663107085,0.00264527404014683,0.9285,0.00597729995187706,0.0515195105270267,6.63585858585858e-06,3.61616161616154e-05,100,100,"41da99612ef331d16cf24a6f62f4a4aa",TRUE,28.9999999999999,29,29,0.495425228099387,0.313306121476637,0.685744901068121,0.341582496836179,0,0,0,4,418,0.323355231421774,0.0102073714961828,"41da99612ef331d16cf24a6f62f4a4aa",1,0,0,0,0
"2020","education","queen","mean_rank",0.5,0.5,"control_only",9,"Simple Random Sampling",100,100,TRUE,0.323355231421774,0.0104190432861086,0.00246866684385772,0.00795037644225084,0.102073714961828,0.0891648834589652,0.449534266903946,0.53903656322982,0.782536352241466,0.00496856804709135,0.0102073714961828,0.00786854832382661,0.236937958319948,0.454296513295885,0.474518883005858,0.54109461136851,0.588663782077359,0.25,0.53030903090309,TRUE,FALSE,10000,10000,10000,0,0,0,FALSE,0.031567052282722,0.566304663107085,0.00264527404014683,0.9285,0.00597729995187706,0.0515195105270267,6.63585858585858e-06,3.61616161616154e-05,100,100,"41da99612ef331d16cf24a6f62f4a4aa",TRUE,28.9999999999999,29,29,0.495469723288464,0.312882563010975,0.685599752948953,0.587777775973607,0,0,0,4,419,0.323355231421774,0.0102073714961828,"41da99612ef331d16cf24a6f62f4a4aa",1,0,0,0,0
"2021","education","queen","mean_rank",0.5,0.5,"control_only",9,"Simple Random Sampling",100,100,TRUE,0.323355231421774,0.0104190432861086,0.00246866684385772,0.00795037644225084,0.102073714961828,0.0891648834589652,0.449534266903946,0.53903656322982,0.782536352241466,0.00496856804709135,0.0102073714961828,0.00786854832382661,0.236937958319948,0.454296513295885,0.474518883005858,0.54109461136851,0.588663782077359,0.25,0.53030903090309,TRUE,FALSE,10000,10000,10000,0,0,0,FALSE,0.031567052282722,0.566304663107085,0.00264527404014683,0.9285,0.00597729995187706,0.0515195105270267,6.63585858585858e-06,3.61616161616154e-05,100,100,"41da99612ef331d16cf24a6f62f4a4aa",TRUE,28.9999999999999,29,29,0.495456847939106,0.312797009934478,0.686800807024632,0.0205442551530072,0,0,0,4,420,0.323355231421774,0.0102073714961828,"41da99612ef331d16cf24a6f62f4a4aa",1,0,0,0,0
"2018","education","queen","mean_rank",0,0.8,"control_only",9,"Simple Random Sampling",100,100,TRUE,0.296905211096469,0.00882525666577119,0.00182901566907878,0.00699624099669241,0.0939428372244057,0.083643535295278,0.409175382483612,0.499735317243212,0.585000492381652,0.00427669927523409,0.00939428372244057,0.00733304801672485,0.20724787259419,0.415062021313838,0.393930754679173,0.513530051747428,0.513732472075936,0.428571428571429,0.708718871887189,TRUE,FALSE,10000,10000,10000,0,0,0,FALSE,0.0316406831922806,0.544029593561518,0.00247367962943686,0.9289,0.00622948251267179,0.0306106586952723,6.61e-06,-4.90909090909107e-05,100,100,"ac322b5bea4c8163c656df36b45d9f48",TRUE,28.9999999999999,29,29,0.49545586285622,0.314508582213638,0.68561367828357,-0.794663480317001,0,0,0,4,421,0.296905211096469,0.00939428372244057,"ac322b5bea4c8163c656df36b45d9f48",1,0,0,0,0
"2019","education","queen","mean_rank",0,0.8,"control_only",9,"Simple Random Sampling",100,100,TRUE,0.296905211096469,0.00882525666577119,0.00182901566907878,0.00699624099669241,0.0939428372244057,0.083643535295278,0.409175382483612,0.499735317243212,0.585000492381652,0.00427669927523409,0.00939428372244057,0.00733304801672485,0.20724787259419,0.415062021313838,0.393930754679173,0.513530051747428,0.513732472075936,0.428571428571429,0.708718871887189,TRUE,FALSE,10000,10000,10000,0,0,0,FALSE,0.0316406831922806,0.544029593561518,0.00247367962943686,0.9289,0.00622948251267179,0.0306106586952723,6.61e-06,-4.90909090909107e-05,100,100,"ac322b5bea4c8163c656df36b45d9f48",TRUE,28.9999999999999,29,29,0.495425228099387,0.313306121476637,0.685744901068121,0.341582496836179,0,0,0,4,422,0.296905211096469,0.00939428372244057,"ac322b5bea4c8163c656df36b45d9f48",1,0,0,0,0
"2020","education","queen","mean_rank",0,0.8,"control_only",9,"Simple Random Sampling",100,100,TRUE,0.296905211096469,0.00882525666577119,0.00182901566907878,0.00699624099669241,0.0939428372244057,0.083643535295278,0.409175382483612,0.499735317243212,0.585000492381652,0.00427669927523409,0.00939428372244057,0.00733304801672485,0.20724787259419,0.415062021313838,0.393930754679173,0.513530051747428,0.513732472075936,0.428571428571429,0.708718871887189,TRUE,FALSE,10000,10000,10000,0,0,0,FALSE,0.0316406831922806,0.544029593561518,0.00247367962943686,0.9289,0.00622948251267179,0.0306106586952723,6.61e-06,-4.90909090909107e-05,100,100,"ac322b5bea4c8163c656df36b45d9f48",TRUE,28.9999999999999,29,29,0.495469723288464,0.312882563010975,0.685599752948953,0.587777775973607,0,0,0,4,423,0.296905211096469,0.00939428372244057,"ac322b5bea4c8163c656df36b45d9f48",1,0,0,0,0
"2021","education","queen","mean_rank",0,0.8,"control_only",9,"Simple Random Sampling",100,100,TRUE,0.296905211096469,0.00882525666577119,0.00182901566907878,0.00699624099669241,0.0939428372244057,0.083643535295278,0.409175382483612,0.499735317243212,0.585000492381652,0.00427669927523409,0.00939428372244057,0.00733304801672485,0.20724787259419,0.415062021313838,0.393930754679173,0.513530051747428,0.513732472075936,0.428571428571429,0.708718871887189,TRUE,FALSE,10000,10000,10000,0,0,0,FALSE,0.0316406831922806,0.544029593561518,0.00247367962943686,0.9289,0.00622948251267179,0.0306106586952723,6.61e-06,-4.90909090909107e-05,100,100,"ac322b5bea4c8163c656df36b45d9f48",TRUE,28.9999999999999,29,29,0.495456847939106,0.312797009934478,0.686800807024632,0.0205442551530072,0,0,0,4,424,0.296905211096469,0.00939428372244057,"ac322b5bea4c8163c656df36b45d9f48",1,0,0,0,0
"2018","education","queen","mean_rank",0.2,0.8,"control_only",9,"Simple Random Sampling",100,100,TRUE,0.30993447595088,0.0100171775994902,0.00223460904538181,0.00778256855410837,0.100085851145355,0.0882188673363491,0.421309367037525,0.51904096009403,0.672723652900165,0.00472716516041254,0.0100085851145355,0.00688757258361624,0.223077710581425,0.443269217753407,0.46030058705042,0.548552677796722,0.556653230549685,0.176470588235294,0.545574557455746,TRUE,FALSE,10000,10000,10000,0,0,0,FALSE,0.0322925840496742,0.556084071071822,0.00246543785936369,0.9268,0.00527232433092028,0.0265514943283545,6.79191919191919e-06,-7.13535353535367e-05,100,100,"0993633601da4a9819929a697dba4c90",TRUE,28.9999999999999,29,29,0.49545586285622,0.314508582213638,0.68561367828357,-0.794663480317001,0,0,0,4,425,0.30993447595088,0.0100085851145355,"0993633601da4a9819929a697dba4c90",1,0,0,0,0
"2019","education","queen","mean_rank",0.2,0.8,"control_only",9,"Simple Random Sampling",100,100,TRUE,0.30993447595088,0.0100171775994902,0.00223460904538181,0.00778256855410837,0.100085851145355,0.0882188673363491,0.421309367037525,0.51904096009403,0.672723652900165,0.00472716516041254,0.0100085851145355,0.00688757258361624,0.223077710581425,0.443269217753407,0.46030058705042,0.548552677796722,0.556653230549685,0.176470588235294,0.545574557455746,TRUE,FALSE,10000,10000,10000,0,0,0,FALSE,0.0322925840496742,0.556084071071822,0.00246543785936369,0.9268,0.00527232433092028,0.0265514943283545,6.79191919191919e-06,-7.13535353535367e-05,100,100,"0993633601da4a9819929a697dba4c90",TRUE,28.9999999999999,29,29,0.495425228099387,0.313306121476637,0.685744901068121,0.341582496836179,0,0,0,4,426,0.30993447595088,0.0100085851145355,"0993633601da4a9819929a697dba4c90",1,0,0,0,0
"2020","education","queen","mean_rank",0.2,0.8,"control_only",9,"Simple Random Sampling",100,100,TRUE,0.30993447595088,0.0100171775994902,0.00223460904538181,0.00778256855410837,0.100085851145355,0.0882188673363491,0.421309367037525,0.51904096009403,0.672723652900165,0.00472716516041254,0.0100085851145355,0.00688757258361624,0.223077710581425,0.443269217753407,0.46030058705042,0.548552677796722,0.556653230549685,0.176470588235294,0.545574557455746,TRUE,FALSE,10000,10000,10000,0,0,0,FALSE,0.0322925840496742,0.556084071071822,0.00246543785936369,0.9268,0.00527232433092028,0.0265514943283545,6.79191919191919e-06,-7.13535353535367e-05,100,100,"0993633601da4a9819929a697dba4c90",TRUE,28.9999999999999,29,29,0.495469723288464,0.312882563010975,0.685599752948953,0.587777775973607,0,0,0,4,427,0.30993447595088,0.0100085851145355,"0993633601da4a9819929a697dba4c90",1,0,0,0,0
"2021","education","queen","mean_rank",0.2,0.8,"control_only",9,"Simple Random Sampling",100,100,TRUE,0.30993447595088,0.0100171775994902,0.00223460904538181,0.00778256855410837,0.100085851145355,0.0882188673363491,0.421309367037525,0.51904096009403,0.672723652900165,0.00472716516041254,0.0100085851145355,0.00688757258361624,0.223077710581425,0.443269217753407,0.46030058705042,0.548552677796722,0.556653230549685,0.176470588235294,0.545574557455746,TRUE,FALSE,10000,10000,10000,0,0,0,FALSE,0.0322925840496742,0.556084071071822,0.00246543785936369,0.9268,0.00527232433092028,0.0265514943283545,6.79191919191919e-06,-7.13535353535367e-05,100,100,"0993633601da4a9819929a697dba4c90",TRUE,28.9999999999999,29,29,0.495456847939106,0.312797009934478,0.686800807024632,0.0205442551530072,0,0,0,4,428,0.30993447595088,0.0100085851145355,"0993633601da4a9819929a697dba4c90",1,0,0,0,0
"2018","education","queen","mean_rank",0.5,0.8,"control_only",9,"Simple Random Sampling",100,100,TRUE,0.3140498083333,0.0122999958366871,0.00233498815046767,0.00996500768621948,0.110905346294429,0.0998248851049651,0.443306635738411,0.543755451954721,0.950078543998372,0.0048321715102712,0.0110905346294429,0.0105050502691526,0.189836499253366,0.44421136888521,0.449561537643971,0.521065468463434,0.596129935898627,0.333333333333333,0.685724572457246,TRUE,FALSE,10000,10000,10000,0,0,0,FALSE,0.0353145721957343,0.558579882210513,0.00230905114099215,0.930399999999999,0.00601644651795033,0.0451477964355932,6.48767676767677e-06,-0.000115595959595961,100,100,"ea98103eca44b022795a79e797d526ab",TRUE,28.9999999999999,29,29,0.49545586285622,0.314508582213638,0.68561367828357,-0.794663480317001,0,0,0,4,429,0.3140498083333,0.0110905346294429,"ea98103eca44b022795a79e797d526ab",1,0,0,0,0
"2019","education","queen","mean_rank",0.5,0.8,"control_only",9,"Simple Random Sampling",100,100,TRUE,0.3140498083333,0.0122999958366871,0.00233498815046767,0.00996500768621948,0.110905346294429,0.0998248851049651,0.443306635738411,0.543755451954721,0.950078543998372,0.0048321715102712,0.0110905346294429,0.0105050502691526,0.189836499253366,0.44421136888521,0.449561537643971,0.521065468463434,0.596129935898627,0.333333333333333,0.685724572457246,TRUE,FALSE,10000,10000,10000,0,0,0,FALSE,0.0353145721957343,0.558579882210513,0.00230905114099215,0.930399999999999,0.00601644651795033,0.0451477964355932,6.48767676767677e-06,-0.000115595959595961,100,100,"ea98103eca44b022795a79e797d526ab",TRUE,28.9999999999999,29,29,0.495425228099387,0.313306121476637,0.685744901068121,0.341582496836179,0,0,0,4,430,0.3140498083333,0.0110905346294429,"ea98103eca44b022795a79e797d526ab",1,0,0,0,0
"2020","education","queen","mean_rank",0.5,0.8,"control_only",9,"Simple Random Sampling",100,100,TRUE,0.3140498083333,0.0122999958366871,0.00233498815046767,0.00996500768621948,0.110905346294429,0.0998248851049651,0.443306635738411,0.543755451954721,0.950078543998372,0.0048321715102712,0.0110905346294429,0.0105050502691526,0.189836499253366,0.44421136888521,0.449561537643971,0.521065468463434,0.596129935898627,0.333333333333333,0.685724572457246,TRUE,FALSE,10000,10000,10000,0,0,0,FALSE,0.0353145721957343,0.558579882210513,0.00230905114099215,0.930399999999999,0.00601644651795033,0.0451477964355932,6.48767676767677e-06,-0.000115595959595961,100,100,"ea98103eca44b022795a79e797d526ab",TRUE,28.9999999999999,29,29,0.495469723288464,0.312882563010975,0.685599752948953,0.587777775973607,0,0,0,4,431,0.3140498083333,0.0110905346294429,"ea98103eca44b022795a79e797d526ab",1,0,0,0,0
"2021","education","queen","mean_rank",0.5,0.8,"control_only",9,"Simple Random Sampling",100,100,TRUE,0.3140498083333,0.0122999958366871,0.00233498815046767,0.00996500768621948,0.110905346294429,0.0998248851049651,0.443306635738411,0.543755451954721,0.950078543998372,0.0048321715102712,0.0110905346294429,0.0105050502691526,0.189836499253366,0.44421136888521,0.449561537643971,0.521065468463434,0.596129935898627,0.333333333333333,0.685724572457246,TRUE,FALSE,10000,10000,10000,0,0,0,FALSE,0.0353145721957343,0.558579882210513,0.00230905114099215,0.930399999999999,0.00601644651795033,0.0451477964355932,6.48767676767677e-06,-0.000115595959595961,100,100,"ea98103eca44b022795a79e797d526ab",TRUE,28.9999999999999,29,29,0.495456847939106,0.312797009934478,0.686800807024632,0.0205442551530072,0,0,0,4,432,0.3140498083333,0.0110905346294429,"ea98103eca44b022795a79e797d526ab",1,0,0,0,0
