"Year","Model","Neighbor","Summary","Rho","Gamma","Regime","Design_ID","Design","N_Draws","N_Unique","Complete","Mean_MSE","Variance_Raw","Variance_MC_Noise","Variance_Corrected","SD_Raw","SD_Corrected","Q90_Estimated","Worst10_Mean_Estimated","Sampled_Max_Estimated","SE_Mean_MSE_Noise","SE_Mean_MSE_Joint","Variance_Split_Half","Variance_Noise_Fraction","Q90_Half1","Q90_Half2","Worst10_Half1","Worst10_Half2","Tail_Half_Jaccard","Tail_Half_Rank_Cor","Tail_Boundary_Uncertain","No_Sampled_Allocation_Variation","N_Independent_Fits","N_Valid_Est","N_Valid_CI","N_Aliased","N_Warn","N_Bound","Proven_Singleton","Relative_MCSE_MSE","SD","MCSE_Coverage","Coverage","MCSE_Bias","Bias","Coverage_Variance_Noise","Coverage_Variance_Allocation","J","R","Source_ID","Precision_OK","Mean_Treated","Min_Treated","Max_Treated","Mean_Population_Share","Min_Population_Share","Max_Population_Share","Mean_Incidence_Difference","N_Unidentified_Allocations","Fail_Rate_Est","Fail_Rate_CI","Tail_Draws","Worst10_Select1_Evaluate2","Worst10_Select2_Evaluate1","Tail_Refinement","Source_Reporting_Uses"
"2018","education","queen","mean_rank",0,0.8,"both",1,"Checkerboard (graph adaptation)",100,1,TRUE,0.206736170181883,0,0,0,0,0,0.206736170181883,0.206736170181883,0.206736170181883,0.00898168318274966,0.00898168318274966,0,NA,0.207134370347576,0.206337970016189,0.207134370347576,0.206337970016189,1,NA,FALSE,TRUE,1000,1000,1000,0,0,0,TRUE,0.0434451464146199,0.454594313596173,0.00785529793869758,0.934,0.0143827275857809,-0.00895434128828471,6.17057057057065e-05,0,100,1000,"37586c604b4349a0bfdaff187b0947fe",TRUE,27,27,27,0.503966288284889,0.503966288284889,0.503966288284889,-19.5536701450524,0,0,0,10,0.206337970016189,0.207134370347576,"Same allocations, extended independent outcome prefix",4
"2019","education","queen","mean_rank",0,0.8,"both",1,"Checkerboard (graph adaptation)",100,1,TRUE,0.206736170181883,0,0,0,0,0,0.206736170181883,0.206736170181883,0.206736170181883,0.00898168318274966,0.00898168318274966,0,NA,0.207134370347576,0.206337970016189,0.207134370347576,0.206337970016189,1,NA,FALSE,TRUE,1000,1000,1000,0,0,0,TRUE,0.0434451464146199,0.454594313596173,0.00785529793869758,0.934,0.0143827275857809,-0.00895434128828471,6.17057057057065e-05,0,100,1000,"37586c604b4349a0bfdaff187b0947fe",TRUE,27,27,27,0.504182396758149,0.504182396758149,0.504182396758149,-11.9988555901808,0,0,0,10,0.206337970016189,0.207134370347576,"Same allocations, extended independent outcome prefix",4
"2020","education","queen","mean_rank",0,0.8,"both",1,"Checkerboard (graph adaptation)",100,1,TRUE,0.206736170181883,0,0,0,0,0,0.206736170181883,0.206736170181883,0.206736170181883,0.00898168318274966,0.00898168318274966,0,NA,0.207134370347576,0.206337970016189,0.207134370347576,0.206337970016189,1,NA,FALSE,TRUE,1000,1000,1000,0,0,0,TRUE,0.0434451464146199,0.454594313596173,0.00785529793869758,0.934,0.0143827275857809,-0.00895434128828471,6.17057057057065e-05,0,100,1000,"37586c604b4349a0bfdaff187b0947fe",TRUE,27,27,27,0.504106224456118,0.504106224456118,0.504106224456118,-21.3607615436613,0,0,0,10,0.206337970016189,0.207134370347576,"Same allocations, extended independent outcome prefix",4
"2021","education","queen","mean_rank",0,0.8,"both",1,"Checkerboard (graph adaptation)",100,1,TRUE,0.206736170181883,0,0,0,0,0,0.206736170181883,0.206736170181883,0.206736170181883,0.00898168318274966,0.00898168318274966,0,NA,0.207134370347576,0.206337970016189,0.207134370347576,0.206337970016189,1,NA,FALSE,TRUE,1000,1000,1000,0,0,0,TRUE,0.0434451464146199,0.454594313596173,0.00785529793869758,0.934,0.0143827275857809,-0.00895434128828471,6.17057057057065e-05,0,100,1000,"37586c604b4349a0bfdaff187b0947fe",TRUE,27,27,27,0.506549694568102,0.506549694568102,0.506549694568102,-13.2758284292323,0,0,0,10,0.206337970016189,0.207134370347576,"Same allocations, extended independent outcome prefix",4
"2018","education","queen","mean_rank",0.5,0.8,"both",1,"Checkerboard (graph adaptation)",100,1,TRUE,0.209738484876742,0,0,0,0,0,0.209738484876742,0.209738484876742,0.209738484876742,0.00908100305242408,0.00908100305242408,0,NA,0.203716706310304,0.21576026344318,0.203716706310304,0.21576026344318,1,NA,FALSE,TRUE,1000,1000,1000,0,0,0,TRUE,0.0432967896080719,0.457608921073221,0.00745483565040673,0.941,0.0144781055454774,0.0182362340121071,5.55745745745751e-05,0,100,1000,"1b4519bd86c81a14bc7c8a6fd70e8d09",TRUE,27,27,27,0.503966288284889,0.503966288284889,0.503966288284889,-19.5536701450524,0,0,0,10,0.21576026344318,0.203716706310304,"Same allocations, extended independent outcome prefix",4
"2019","education","queen","mean_rank",0.5,0.8,"both",1,"Checkerboard (graph adaptation)",100,1,TRUE,0.209738484876742,0,0,0,0,0,0.209738484876742,0.209738484876742,0.209738484876742,0.00908100305242408,0.00908100305242408,0,NA,0.203716706310304,0.21576026344318,0.203716706310304,0.21576026344318,1,NA,FALSE,TRUE,1000,1000,1000,0,0,0,TRUE,0.0432967896080719,0.457608921073221,0.00745483565040673,0.941,0.0144781055454774,0.0182362340121071,5.55745745745751e-05,0,100,1000,"1b4519bd86c81a14bc7c8a6fd70e8d09",TRUE,27,27,27,0.504182396758149,0.504182396758149,0.504182396758149,-11.9988555901808,0,0,0,10,0.21576026344318,0.203716706310304,"Same allocations, extended independent outcome prefix",4
"2020","education","queen","mean_rank",0.5,0.8,"both",1,"Checkerboard (graph adaptation)",100,1,TRUE,0.209738484876742,0,0,0,0,0,0.209738484876742,0.209738484876742,0.209738484876742,0.00908100305242408,0.00908100305242408,0,NA,0.203716706310304,0.21576026344318,0.203716706310304,0.21576026344318,1,NA,FALSE,TRUE,1000,1000,1000,0,0,0,TRUE,0.0432967896080719,0.457608921073221,0.00745483565040673,0.941,0.0144781055454774,0.0182362340121071,5.55745745745751e-05,0,100,1000,"1b4519bd86c81a14bc7c8a6fd70e8d09",TRUE,27,27,27,0.504106224456118,0.504106224456118,0.504106224456118,-21.3607615436613,0,0,0,10,0.21576026344318,0.203716706310304,"Same allocations, extended independent outcome prefix",4
"2021","education","queen","mean_rank",0.5,0.8,"both",1,"Checkerboard (graph adaptation)",100,1,TRUE,0.209738484876742,0,0,0,0,0,0.209738484876742,0.209738484876742,0.209738484876742,0.00908100305242408,0.00908100305242408,0,NA,0.203716706310304,0.21576026344318,0.203716706310304,0.21576026344318,1,NA,FALSE,TRUE,1000,1000,1000,0,0,0,TRUE,0.0432967896080719,0.457608921073221,0.00745483565040673,0.941,0.0144781055454774,0.0182362340121071,5.55745745745751e-05,0,100,1000,"1b4519bd86c81a14bc7c8a6fd70e8d09",TRUE,27,27,27,0.506549694568102,0.506549694568102,0.506549694568102,-13.2758284292323,0,0,0,10,0.21576026344318,0.203716706310304,"Same allocations, extended independent outcome prefix",4
"2018","education","queen","mean_rank",0,0.8,"control_only",1,"Checkerboard (graph adaptation)",100,1,TRUE,0.908840451772513,0,0,0,0,0,0.908840451772513,0.908840451772513,0.908840451772513,0.0415220394755962,0.0415220394755962,0,NA,0.90926174195737,0.908419161587655,0.90926174195737,0.908419161587655,1,NA,FALSE,TRUE,1000,1000,1000,0,0,0,TRUE,0.0456868302842547,0.953209566068351,0.00801893405031515,0.931,0.0301582160420515,-0.0152307231705388,6.43033033033038e-05,0,100,1000,"a4946688fe37a3794fa02f90e84f8f30",TRUE,27,27,27,0.503966288284889,0.503966288284889,0.503966288284889,-19.5536701450524,0,0,0,10,0.908419161587655,0.90926174195737,"Same allocations, extended independent outcome prefix",4
"2019","education","queen","mean_rank",0,0.8,"control_only",1,"Checkerboard (graph adaptation)",100,1,TRUE,0.908840451772513,0,0,0,0,0,0.908840451772513,0.908840451772513,0.908840451772513,0.0415220394755962,0.0415220394755962,0,NA,0.90926174195737,0.908419161587655,0.90926174195737,0.908419161587655,1,NA,FALSE,TRUE,1000,1000,1000,0,0,0,TRUE,0.0456868302842547,0.953209566068351,0.00801893405031515,0.931,0.0301582160420515,-0.0152307231705388,6.43033033033038e-05,0,100,1000,"a4946688fe37a3794fa02f90e84f8f30",TRUE,27,27,27,0.504182396758149,0.504182396758149,0.504182396758149,-11.9988555901808,0,0,0,10,0.908419161587655,0.90926174195737,"Same allocations, extended independent outcome prefix",4
"2020","education","queen","mean_rank",0,0.8,"control_only",1,"Checkerboard (graph adaptation)",100,1,TRUE,0.908840451772513,0,0,0,0,0,0.908840451772513,0.908840451772513,0.908840451772513,0.0415220394755962,0.0415220394755962,0,NA,0.90926174195737,0.908419161587655,0.90926174195737,0.908419161587655,1,NA,FALSE,TRUE,1000,1000,1000,0,0,0,TRUE,0.0456868302842547,0.953209566068351,0.00801893405031515,0.931,0.0301582160420515,-0.0152307231705388,6.43033033033038e-05,0,100,1000,"a4946688fe37a3794fa02f90e84f8f30",TRUE,27,27,27,0.504106224456118,0.504106224456118,0.504106224456118,-21.3607615436613,0,0,0,10,0.908419161587655,0.90926174195737,"Same allocations, extended independent outcome prefix",4
"2021","education","queen","mean_rank",0,0.8,"control_only",1,"Checkerboard (graph adaptation)",100,1,TRUE,0.908840451772513,0,0,0,0,0,0.908840451772513,0.908840451772513,0.908840451772513,0.0415220394755962,0.0415220394755962,0,NA,0.90926174195737,0.908419161587655,0.90926174195737,0.908419161587655,1,NA,FALSE,TRUE,1000,1000,1000,0,0,0,TRUE,0.0456868302842547,0.953209566068351,0.00801893405031515,0.931,0.0301582160420515,-0.0152307231705388,6.43033033033038e-05,0,100,1000,"a4946688fe37a3794fa02f90e84f8f30",TRUE,27,27,27,0.506549694568102,0.506549694568102,0.506549694568102,-13.2758284292323,0,0,0,10,0.908419161587655,0.90926174195737,"Same allocations, extended independent outcome prefix",4
"2018","education","queen","mean_rank",0.5,0.8,"control_only",1,"Checkerboard (graph adaptation)",100,1,TRUE,0.955477877410203,0,0,0,0,0,0.955477877410203,0.955477877410203,0.955477877410203,0.0433373747388493,0.0433373747388493,0,NA,0.919854248571995,0.991101506248411,0.919854248571995,0.991101506248411,1,NA,FALSE,TRUE,1000,1000,1000,0,0,0,TRUE,0.0453567536867668,0.977120574410803,0.0079648879112916,0.932,0.0309147268672096,0.0267069368012454,6.34394394394391e-05,0,100,1000,"386381f5e313bf70dcd7a70fd69046ef",TRUE,27,27,27,0.503966288284889,0.503966288284889,0.503966288284889,-19.5536701450524,0,0,0,10,0.991101506248411,0.919854248571995,"Same allocations, extended independent outcome prefix",4
"2019","education","queen","mean_rank",0.5,0.8,"control_only",1,"Checkerboard (graph adaptation)",100,1,TRUE,0.955477877410203,0,0,0,0,0,0.955477877410203,0.955477877410203,0.955477877410203,0.0433373747388493,0.0433373747388493,0,NA,0.919854248571995,0.991101506248411,0.919854248571995,0.991101506248411,1,NA,FALSE,TRUE,1000,1000,1000,0,0,0,TRUE,0.0453567536867668,0.977120574410803,0.0079648879112916,0.932,0.0309147268672096,0.0267069368012454,6.34394394394391e-05,0,100,1000,"386381f5e313bf70dcd7a70fd69046ef",TRUE,27,27,27,0.504182396758149,0.504182396758149,0.504182396758149,-11.9988555901808,0,0,0,10,0.991101506248411,0.919854248571995,"Same allocations, extended independent outcome prefix",4
"2020","education","queen","mean_rank",0.5,0.8,"control_only",1,"Checkerboard (graph adaptation)",100,1,TRUE,0.955477877410203,0,0,0,0,0,0.955477877410203,0.955477877410203,0.955477877410203,0.0433373747388493,0.0433373747388493,0,NA,0.919854248571995,0.991101506248411,0.919854248571995,0.991101506248411,1,NA,FALSE,TRUE,1000,1000,1000,0,0,0,TRUE,0.0453567536867668,0.977120574410803,0.0079648879112916,0.932,0.0309147268672096,0.0267069368012454,6.34394394394391e-05,0,100,1000,"386381f5e313bf70dcd7a70fd69046ef",TRUE,27,27,27,0.504106224456118,0.504106224456118,0.504106224456118,-21.3607615436613,0,0,0,10,0.991101506248411,0.919854248571995,"Same allocations, extended independent outcome prefix",4
"2021","education","queen","mean_rank",0.5,0.8,"control_only",1,"Checkerboard (graph adaptation)",100,1,TRUE,0.955477877410203,0,0,0,0,0,0.955477877410203,0.955477877410203,0.955477877410203,0.0433373747388493,0.0433373747388493,0,NA,0.919854248571995,0.991101506248411,0.919854248571995,0.991101506248411,1,NA,FALSE,TRUE,1000,1000,1000,0,0,0,TRUE,0.0453567536867668,0.977120574410803,0.0079648879112916,0.932,0.0309147268672096,0.0267069368012454,6.34394394394391e-05,0,100,1000,"386381f5e313bf70dcd7a70fd69046ef",TRUE,27,27,27,0.506549694568102,0.506549694568102,0.506549694568102,-13.2758284292323,0,0,0,10,0.991101506248411,0.919854248571995,"Same allocations, extended independent outcome prefix",4
"2018","education","queen","mean_rank",0,0.8,"both",2,"High Incidence Focus",100,1,TRUE,0.0700862080814062,0,0,0,0,0,0.0700862080814062,0.0700862080814062,0.0700862080814062,0.00311132855653052,0.00311132855653052,0,NA,0.0658552913018213,0.0743171248609911,0.0658552913018213,0.0743171248609911,1,NA,FALSE,TRUE,1000,1000,1000,0,0,0,TRUE,0.0443928790228837,0.26408300430001,0.00817819557621868,0.928,0.00835521650245652,0.0186111504557689,6.68828828828828e-05,0,100,1000,"328e5e1791275cce63de92b733d949cd",TRUE,29,29,29,0.222331266315861,0.222331266315861,0.222331266315861,53.4219564460164,0,0,0,10,0.0743171248609911,0.0658552913018213,"Same allocations, extended independent outcome prefix",1
"2019","education","queen","mean_rank",0,0.8,"both",2,"High Incidence Focus",100,1,TRUE,0.0708126437377973,0,0,0,0,0,0.0708126437377973,0.0708126437377973,0.0708126437377973,0.00323405584722856,0.00323405584722856,0,NA,0.0660579213573503,0.0755673661182443,0.0660579213573503,0.0755673661182443,1,NA,FALSE,TRUE,1000,1000,1000,0,0,0,TRUE,0.0456705988721945,0.266045870866742,0.00762982399628031,0.938,0.00841731885233682,0.0056778809915651,5.82142142142148e-05,0,100,1000,"664c5821f9cb57f9a075246f775f919d",TRUE,29,29,29,0.235017910676067,0.235017910676067,0.235017910676067,50.0672756676011,0,0,0,10,0.0755673661182443,0.0660579213573503,"Same allocations, extended independent outcome prefix",1
"2020","education","queen","mean_rank",0,0.8,"both",2,"High Incidence Focus",100,1,TRUE,0.0755262456686293,0,0,0,0,0,0.0755262456686293,0.0755262456686293,0.0755262456686293,0.00315676076109285,0.00315676076109285,0,NA,0.0770928166906399,0.0739596746466186,0.0770928166906399,0.0739596746466186,1,NA,FALSE,TRUE,1000,1000,1000,0,0,0,TRUE,0.041796871182279,0.27391886556686,0.00812557844248792,0.929,0.00866640938134131,0.0222418694176922,6.60250250250245e-05,0,100,1000,"343f6af7a98a22a237909145a92be1ac",TRUE,29,29,29,0.233336934599855,0.233336934599855,0.233336934599855,65.9989237607368,0,0,0,10,0.0739596746466186,0.0770928166906399,"Same allocations, extended independent outcome prefix",1
"2021","education","queen","mean_rank",0,0.8,"both",2,"High Incidence Focus",100,1,TRUE,0.072799844692446,0,0,0,0,0,0.072799844692446,0.072799844692446,0.072799844692446,0.0032146711829014,0.0032146711829014,0,NA,0.073119660227578,0.0724800291573141,0.073119660227578,0.0724800291573141,1,NA,FALSE,TRUE,1000,1000,1000,0,0,0,TRUE,0.0441576653972583,0.269751244412348,0.00843458014024064,0.923,0.00853455168327222,0.00584044779412139,7.11421421421418e-05,0,100,1000,"8f287e3c0762c56d3176750589e6a756",TRUE,29,29,29,0.223989677404995,0.223989677404995,0.223989677404995,63.6592646906665,0,0,0,10,0.0724800291573141,0.073119660227578,"Same allocations, extended independent outcome prefix",1
"2018","education","queen","mean_rank",0.5,0.8,"both",2,"High Incidence Focus",100,1,TRUE,0.0751142371648143,0,0,0,0,0,0.0751142371648143,0.0751142371648143,0.0751142371648143,0.00328041377422129,0.00328041377422129,0,NA,0.0788969148106187,0.07133155951901,0.0788969148106187,0.07133155951901,1,NA,FALSE,TRUE,1000,1000,1000,0,0,0,TRUE,0.0436723302803896,0.272777268441649,0.00828206451270416,0.926,0.00863029084669721,0.0265856913832811,6.85925925925937e-05,0,100,1000,"3badd73313c6dd58b6f535ccedcb9099",TRUE,29,29,29,0.222331266315861,0.222331266315861,0.222331266315861,53.4219564460164,0,0,0,10,0.07133155951901,0.0788969148106187,"Same allocations, extended independent outcome prefix",1
"2019","education","queen","mean_rank",0.5,0.8,"both",2,"High Incidence Focus",100,1,TRUE,0.0706757768729566,0,0,0,0,0,0.0706757768729566,0.0706757768729566,0.0706757768729566,0.00324224290687226,0.00324224290687226,0,NA,0.0732905255182078,0.0680610282277053,0.0732905255182078,0.0680610282277053,1,NA,FALSE,TRUE,1000,1000,1000,0,0,0,TRUE,0.0458748817533391,0.265101262755666,0.00733517585370681,0.943,0.00838743277428749,0.0199273018321037,5.38048048048034e-05,0,100,1000,"c3dcbe9721e832aa7d1d2a641113597c",TRUE,29,29,29,0.235017910676067,0.235017910676067,0.235017910676067,50.0672756676011,0,0,0,10,0.0680610282277053,0.0732905255182078,"Same allocations, extended independent outcome prefix",1
"2020","education","queen","mean_rank",0.5,0.8,"both",2,"High Incidence Focus",100,1,TRUE,0.0724854246514837,0,0,0,0,0,0.0724854246514837,0.0724854246514837,0.0724854246514837,0.00322199506234444,0.00322199506234444,0,NA,0.0777697877144792,0.0672010615884883,0.0777697877144792,0.0672010615884883,1,NA,FALSE,TRUE,1000,1000,1000,0,0,0,TRUE,0.0444502474509334,0.268580246655275,0.00739531545579293,0.942,0.00849750295380109,0.0187103115440501,5.46906906906897e-05,0,100,1000,"aa18670ebf45fc96edbcb23f3bec2f95",TRUE,29,29,29,0.233336934599855,0.233336934599855,0.233336934599855,65.9989237607368,0,0,0,10,0.0672010615884883,0.0777697877144792,"Same allocations, extended independent outcome prefix",1
"2021","education","queen","mean_rank",0.5,0.8,"both",2,"High Incidence Focus",100,1,TRUE,0.0704257471353705,0,0,0,0,0,0.0704257471353705,0.0704257471353705,0.0704257471353705,0.00301121870232347,0.00301121870232347,0,NA,0.0695949236356114,0.0712565706351297,0.0695949236356114,0.0712565706351297,1,NA,FALSE,TRUE,1000,1000,1000,0,0,0,TRUE,0.04275735543899,0.263868170014252,0.00745483565040673,0.941,0.00834841944645357,0.0282725306384169,5.55745745745751e-05,0,100,1000,"a21caad647f7d91a2036b1574919055c",TRUE,29,29,29,0.223989677404995,0.223989677404995,0.223989677404995,63.6592646906665,0,0,0,10,0.0712565706351297,0.0695949236356114,"Same allocations, extended independent outcome prefix",1
"2018","education","queen","mean_rank",0,0.8,"control_only",2,"High Incidence Focus",100,1,TRUE,0.219591060590112,0,0,0,0,0,0.219591060590112,0.219591060590112,0.219591060590112,0.0100612065935361,0.0100612065935361,0,NA,0.222630920516806,0.216551200663418,0.222630920516806,0.216551200663418,1,NA,FALSE,TRUE,1000,1000,1000,0,0,0,TRUE,0.04581792431121,0.46846287352092,0.00858333697775365,0.92,0.0148215094038524,0.0115584048481823,7.36736736736732e-05,0,100,1000,"1868e1e1f674b79aa4354d40cef95611",TRUE,29,29,29,0.222331266315861,0.222331266315861,0.222331266315861,53.4219564460164,0,0,0,10,0.216551200663418,0.222630920516806,"Same allocations, extended independent outcome prefix",1
"2019","education","queen","mean_rank",0,0.8,"control_only",2,"High Incidence Focus",100,1,TRUE,0.406067906888824,0,0,0,0,0,0.406067906888824,0.406067906888824,0.406067906888824,0.0179379426377256,0.0179379426377256,0,NA,0.431386056283023,0.380749757494625,0.431386056283023,0.380749757494625,1,NA,FALSE,TRUE,1000,1000,1000,0,0,0,TRUE,0.0441747361301241,0.637146750749431,0.0079648879112916,0.932,0.0201584310980516,0.0105794564258639,6.34394394394391e-05,0,100,1000,"e4dc9f9b380716be65e6699a089fd61a",TRUE,29,29,29,0.235017910676067,0.235017910676067,0.235017910676067,50.0672756676011,0,0,0,10,0.380749757494625,0.431386056283023,"Same allocations, extended independent outcome prefix",1
"2020","education","queen","mean_rank",0,0.8,"control_only",2,"High Incidence Focus",100,1,TRUE,0.267414433179146,0,0,0,0,0,0.267414433179146,0.267414433179146,0.267414433179146,0.0122109887444744,0.0122109887444744,0,NA,0.260943412880522,0.273885453477771,0.260943412880522,0.273885453477771,1,NA,FALSE,TRUE,1000,1000,1000,0,0,0,TRUE,0.0456631626023491,0.513721783147756,0.00843458014024065,0.923,0.0162534379355641,0.0591976578813422,7.1142142142142e-05,0,100,1000,"4b1e43a246810252f554a6120cb0bdd2",TRUE,29,29,29,0.233336934599855,0.233336934599855,0.233336934599855,65.9989237607368,0,0,0,10,0.273885453477771,0.260943412880522,"Same allocations, extended independent outcome prefix",1
"2021","education","queen","mean_rank",0,0.8,"control_only",2,"High Incidence Focus",100,1,TRUE,0.358694163459366,0,0,0,0,0,0.358694163459366,0.358694163459366,0.358694163459366,0.0161745824608763,0.0161745824608763,0,NA,0.311707929547726,0.405680397371005,0.311707929547726,0.405680397371005,1,NA,FALSE,TRUE,1000,1000,1000,0,0,0,TRUE,0.0450929624973077,0.598739748508381,0.00828206451270415,0.926,0.0189432873223857,-0.0143135256134259,6.85925925925935e-05,0,100,1000,"3e5857302b84154efa75f4f9a4f21962",TRUE,29,29,29,0.223989677404995,0.223989677404995,0.223989677404995,63.6592646906665,0,0,0,10,0.405680397371005,0.311707929547726,"Same allocations, extended independent outcome prefix",1
"2018","education","queen","mean_rank",0.5,0.8,"control_only",2,"High Incidence Focus",100,1,TRUE,0.222777096691161,0,0,0,0,0,0.222777096691161,0.222777096691161,0.222777096691161,0.0103550447053072,0.0103550447053072,0,NA,0.224656788170886,0.220897405211436,0.224656788170886,0.220897405211436,1,NA,FALSE,TRUE,1000,1000,1000,0,0,0,TRUE,0.0464816395361438,0.471520513234104,0.00785529793869758,0.934,0.014918248843249,0.0211069251812873,6.17057057057064e-05,0,100,1000,"7915b218af0259ee7502418233365e06",TRUE,29,29,29,0.222331266315861,0.222331266315861,0.222331266315861,53.4219564460164,0,0,0,10,0.220897405211436,0.224656788170886,"Same allocations, extended independent outcome prefix",1
"2019","education","queen","mean_rank",0.5,0.8,"control_only",2,"High Incidence Focus",100,1,TRUE,0.442909838482749,0,0,0,0,0,0.442909838482749,0.442909838482749,0.442909838482749,0.0190157554227198,0.0190157554227198,0,NA,0.44598982409536,0.439829852870138,0.44598982409536,0.439829852870138,1,NA,FALSE,TRUE,1000,1000,1000,0,0,0,TRUE,0.0429336938819445,0.665439400660855,0.00812557844248792,0.929,0.0210535709275334,0.010012119199827,6.60250250250244e-05,0,100,1000,"ac41bf01edb54aca658abc7dfc5feb2f",TRUE,29,29,29,0.235017910676067,0.235017910676067,0.235017910676067,50.0672756676011,0,0,0,10,0.439829852870138,0.44598982409536,"Same allocations, extended independent outcome prefix",1
"2020","education","queen","mean_rank",0.5,0.8,"control_only",2,"High Incidence Focus",100,1,TRUE,0.25461915752877,0,0,0,0,0,0.25461915752877,0.25461915752877,0.25461915752877,0.0117702194119401,0.0117702194119401,0,NA,0.280237470386579,0.22900084467096,0.280237470386579,0.22900084467096,1,NA,FALSE,TRUE,1000,1000,1000,0,0,0,TRUE,0.0462267628491788,0.504180213803028,0.007799733061832,0.935,0.0159515560410449,0.0205297232885098,6.08358358358353e-05,0,100,1000,"f5893618e3598f30db69a602dc58e6bb",TRUE,29,29,29,0.233336934599855,0.233336934599855,0.233336934599855,65.9989237607368,0,0,0,10,0.22900084467096,0.280237470386579,"Same allocations, extended independent outcome prefix",1
"2021","education","queen","mean_rank",0.5,0.8,"control_only",2,"High Incidence Focus",100,1,TRUE,0.374637004569595,0,0,0,0,0,0.374637004569595,0.374637004569595,0.374637004569595,0.0169934403675933,0.0169934403675933,0,NA,0.371643138656321,0.377630870482868,0.371643138656321,0.377630870482868,1,NA,FALSE,TRUE,1000,1000,1000,0,0,0,TRUE,0.0453597486642206,0.610640066871348,0.00843458014024063,0.923,0.0193197967332594,0.0419012326900981,7.11421421421416e-05,0,100,1000,"1c05cef1fb42240c52b8d2354bb0c609",TRUE,29,29,29,0.223989677404995,0.223989677404995,0.223989677404995,63.6592646906665,0,0,0,10,0.377630870482868,0.371643138656321,"Same allocations, extended independent outcome prefix",1
"2018","education","queen","mean_rank",0,0.8,"both",3,"Saturation Regions",100,100,TRUE,0.0745703887949842,4.00737721691398e-05,2.76418641973565e-05,1.24319079717833e-05,0.00633038483578525,0.00352589108904165,0.083019154440773,0.0869171292608608,0.0949817157364954,0.00052575530617728,0.000633038483578525,1.61350489617062e-05,0.68977445099723,0.084315541766065,0.0857845949983496,0.0882376051427876,0.0908151233964833,0.25,0.228154815481548,TRUE,FALSE,40000,40000,40000,0,0,0,FALSE,0.00848914017759693,0.272682687627327,0.00122912878729512,0.9334,0.00129929680393202,0.0146472066730145,1.55425751879699e-06,-4.34999430394171e-06,100,400,"50f0f843fd322d6d6b4e490d8f43fb70",TRUE,29.03,28,30,0.491635585156093,0.322822927045663,0.649500767007145,1.59123467292792,0,0,0,10,0.0812296639769761,0.0807707991558,"Same allocations, extended independent outcome prefix",4
"2019","education","queen","mean_rank",0,0.8,"both",3,"Saturation Regions",100,100,TRUE,0.0745703887949842,4.00737721691398e-05,2.76418641973565e-05,1.24319079717833e-05,0.00633038483578525,0.00352589108904165,0.083019154440773,0.0869171292608608,0.0949817157364954,0.00052575530617728,0.000633038483578525,1.61350489617062e-05,0.68977445099723,0.084315541766065,0.0857845949983496,0.0882376051427876,0.0908151233964833,0.25,0.228154815481548,TRUE,FALSE,40000,40000,40000,0,0,0,FALSE,0.00848914017759693,0.272682687627327,0.00122912878729512,0.9334,0.00129929680393202,0.0146472066730145,1.55425751879699e-06,-4.34999430394171e-06,100,400,"50f0f843fd322d6d6b4e490d8f43fb70",TRUE,29.03,28,30,0.491534701072885,0.32188766739931,0.650900423662404,1.61599247858238,0,0,0,10,0.0812296639769761,0.0807707991558,"Same allocations, extended independent outcome prefix",4
"2020","education","queen","mean_rank",0,0.8,"both",3,"Saturation Regions",100,100,TRUE,0.0745703887949842,4.00737721691398e-05,2.76418641973565e-05,1.24319079717833e-05,0.00633038483578525,0.00352589108904165,0.083019154440773,0.0869171292608608,0.0949817157364954,0.00052575530617728,0.000633038483578525,1.61350489617062e-05,0.68977445099723,0.084315541766065,0.0857845949983496,0.0882376051427876,0.0908151233964833,0.25,0.228154815481548,TRUE,FALSE,40000,40000,40000,0,0,0,FALSE,0.00848914017759693,0.272682687627327,0.00122912878729512,0.9334,0.00129929680393202,0.0146472066730145,1.55425751879699e-06,-4.34999430394171e-06,100,400,"50f0f843fd322d6d6b4e490d8f43fb70",TRUE,29.03,28,30,0.491423592625564,0.321153402400629,0.65209345473973,1.55845209267789,0,0,0,10,0.0812296639769761,0.0807707991558,"Same allocations, extended independent outcome prefix",4
"2021","education","queen","mean_rank",0,0.8,"both",3,"Saturation Regions",100,100,TRUE,0.0745703887949842,4.00737721691398e-05,2.76418641973565e-05,1.24319079717833e-05,0.00633038483578525,0.00352589108904165,0.083019154440773,0.0869171292608608,0.0949817157364954,0.00052575530617728,0.000633038483578525,1.61350489617062e-05,0.68977445099723,0.084315541766065,0.0857845949983496,0.0882376051427876,0.0908151233964833,0.25,0.228154815481548,TRUE,FALSE,40000,40000,40000,0,0,0,FALSE,0.00848914017759693,0.272682687627327,0.00122912878729512,0.9334,0.00129929680393202,0.0146472066730145,1.55425751879699e-06,-4.34999430394171e-06,100,400,"50f0f843fd322d6d6b4e490d8f43fb70",TRUE,29.03,28,30,0.491315364211366,0.318808270750489,0.654058130442397,1.67934726612577,0,0,0,10,0.0812296639769761,0.0807707991558,"Same allocations, extended independent outcome prefix",4
"2018","education","queen","mean_rank",0.5,0.8,"both",3,"Saturation Regions",100,100,TRUE,0.0794893249916843,4.53057500649835e-05,3.19451468583601e-05,1.33606032066234e-05,0.00673095461765889,0.00365521589056288,0.0869542583558324,0.0918553852896152,0.0998839561169695,0.000565200379143186,0.000673095461765889,1.44761455436665e-05,0.705101379240829,0.0903264731040575,0.0897041477132358,0.0936837112106336,0.0951002775313927,0.111111111111111,0.179057905790579,TRUE,FALSE,40000,40000,40000,0,0,0,FALSE,0.00846774660416734,0.279810119227223,0.00129475193599298,0.932975,0.0014364304919541,0.0345777698779345,1.56307487468671e-06,1.13307701070859e-05,100,400,"0ca0f17e0642e0418036a0bdba566439",TRUE,29.03,28,30,0.491635585156093,0.322822927045663,0.649500767007145,1.59123467292792,0,0,0,10,0.0809699474207249,0.084863457083838,"Same allocations, extended independent outcome prefix",4
"2019","education","queen","mean_rank",0.5,0.8,"both",3,"Saturation Regions",100,100,TRUE,0.0794893249916843,4.53057500649835e-05,3.19451468583601e-05,1.33606032066234e-05,0.00673095461765889,0.00365521589056288,0.0869542583558324,0.0918553852896152,0.0998839561169695,0.000565200379143186,0.000673095461765889,1.44761455436665e-05,0.705101379240829,0.0903264731040575,0.0897041477132358,0.0936837112106336,0.0951002775313927,0.111111111111111,0.179057905790579,TRUE,FALSE,40000,40000,40000,0,0,0,FALSE,0.00846774660416734,0.279810119227223,0.00129475193599298,0.932975,0.0014364304919541,0.0345777698779345,1.56307487468671e-06,1.13307701070859e-05,100,400,"0ca0f17e0642e0418036a0bdba566439",TRUE,29.03,28,30,0.491534701072885,0.32188766739931,0.650900423662404,1.61599247858238,0,0,0,10,0.0809699474207249,0.084863457083838,"Same allocations, extended independent outcome prefix",4
"2020","education","queen","mean_rank",0.5,0.8,"both",3,"Saturation Regions",100,100,TRUE,0.0794893249916843,4.53057500649835e-05,3.19451468583601e-05,1.33606032066234e-05,0.00673095461765889,0.00365521589056288,0.0869542583558324,0.0918553852896152,0.0998839561169695,0.000565200379143186,0.000673095461765889,1.44761455436665e-05,0.705101379240829,0.0903264731040575,0.0897041477132358,0.0936837112106336,0.0951002775313927,0.111111111111111,0.179057905790579,TRUE,FALSE,40000,40000,40000,0,0,0,FALSE,0.00846774660416734,0.279810119227223,0.00129475193599298,0.932975,0.0014364304919541,0.0345777698779345,1.56307487468671e-06,1.13307701070859e-05,100,400,"0ca0f17e0642e0418036a0bdba566439",TRUE,29.03,28,30,0.491423592625564,0.321153402400629,0.65209345473973,1.55845209267789,0,0,0,10,0.0809699474207249,0.084863457083838,"Same allocations, extended independent outcome prefix",4
"2021","education","queen","mean_rank",0.5,0.8,"both",3,"Saturation Regions",100,100,TRUE,0.0794893249916843,4.53057500649835e-05,3.19451468583601e-05,1.33606032066234e-05,0.00673095461765889,0.00365521589056288,0.0869542583558324,0.0918553852896152,0.0998839561169695,0.000565200379143186,0.000673095461765889,1.44761455436665e-05,0.705101379240829,0.0903264731040575,0.0897041477132358,0.0936837112106336,0.0951002775313927,0.111111111111111,0.179057905790579,TRUE,FALSE,40000,40000,40000,0,0,0,FALSE,0.00846774660416734,0.279810119227223,0.00129475193599298,0.932975,0.0014364304919541,0.0345777698779345,1.56307487468671e-06,1.13307701070859e-05,100,400,"0ca0f17e0642e0418036a0bdba566439",TRUE,29.03,28,30,0.491315364211366,0.318808270750489,0.654058130442397,1.67934726612577,0,0,0,10,0.0809699474207249,0.084863457083838,"Same allocations, extended independent outcome prefix",4
"2018","education","queen","mean_rank",0,0.8,"control_only",3,"Saturation Regions",100,100,TRUE,0.213209242232883,0.00214494541429956,0.000250311005926751,0.00189463440837281,0.0463135554055134,0.0435273983643958,0.278492907321625,0.30815690823842,0.345062327424732,0.00158212201149833,0.00463135554055134,0.00193148668979925,0.116698077376711,0.290691303017399,0.279013401035681,0.313284150840531,0.313771105046112,0.428571428571429,0.785274527452745,TRUE,FALSE,40000,40000,40000,0,0,0,FALSE,0.0217221143513687,0.460596137135219,0.00138144952053189,0.927575,0.00262890102921435,0.0325644083163957,1.67896459899749e-06,2.29438178780286e-05,100,400,"d506bd5e0e0c4b001e023d9372d988cc",TRUE,29.03,28,30,0.491635585156093,0.322822927045663,0.649500767007145,1.59123467292792,0,0,0,10,0.300677810773983,0.294275971577121,"Same allocations, extended independent outcome prefix",4
"2019","education","queen","mean_rank",0,0.8,"control_only",3,"Saturation Regions",100,100,TRUE,0.213209242232883,0.00214494541429956,0.000250311005926751,0.00189463440837281,0.0463135554055134,0.0435273983643958,0.278492907321625,0.30815690823842,0.345062327424732,0.00158212201149833,0.00463135554055134,0.00193148668979925,0.116698077376711,0.290691303017399,0.279013401035681,0.313284150840531,0.313771105046112,0.428571428571429,0.785274527452745,TRUE,FALSE,40000,40000,40000,0,0,0,FALSE,0.0217221143513687,0.460596137135219,0.00138144952053189,0.927575,0.00262890102921435,0.0325644083163957,1.67896459899749e-06,2.29438178780286e-05,100,400,"d506bd5e0e0c4b001e023d9372d988cc",TRUE,29.03,28,30,0.491534701072885,0.32188766739931,0.650900423662404,1.61599247858238,0,0,0,10,0.300677810773983,0.294275971577121,"Same allocations, extended independent outcome prefix",4
"2020","education","queen","mean_rank",0,0.8,"control_only",3,"Saturation Regions",100,100,TRUE,0.213209242232883,0.00214494541429956,0.000250311005926751,0.00189463440837281,0.0463135554055134,0.0435273983643958,0.278492907321625,0.30815690823842,0.345062327424732,0.00158212201149833,0.00463135554055134,0.00193148668979925,0.116698077376711,0.290691303017399,0.279013401035681,0.313284150840531,0.313771105046112,0.428571428571429,0.785274527452745,TRUE,FALSE,40000,40000,40000,0,0,0,FALSE,0.0217221143513687,0.460596137135219,0.00138144952053189,0.927575,0.00262890102921435,0.0325644083163957,1.67896459899749e-06,2.29438178780286e-05,100,400,"d506bd5e0e0c4b001e023d9372d988cc",TRUE,29.03,28,30,0.491423592625564,0.321153402400629,0.65209345473973,1.55845209267789,0,0,0,10,0.300677810773983,0.294275971577121,"Same allocations, extended independent outcome prefix",4
"2021","education","queen","mean_rank",0,0.8,"control_only",3,"Saturation Regions",100,100,TRUE,0.213209242232883,0.00214494541429956,0.000250311005926751,0.00189463440837281,0.0463135554055134,0.0435273983643958,0.278492907321625,0.30815690823842,0.345062327424732,0.00158212201149833,0.00463135554055134,0.00193148668979925,0.116698077376711,0.290691303017399,0.279013401035681,0.313284150840531,0.313771105046112,0.428571428571429,0.785274527452745,TRUE,FALSE,40000,40000,40000,0,0,0,FALSE,0.0217221143513687,0.460596137135219,0.00138144952053189,0.927575,0.00262890102921435,0.0325644083163957,1.67896459899749e-06,2.29438178780286e-05,100,400,"d506bd5e0e0c4b001e023d9372d988cc",TRUE,29.03,28,30,0.491315364211366,0.318808270750489,0.654058130442397,1.67934726612577,0,0,0,10,0.300677810773983,0.294275971577121,"Same allocations, extended independent outcome prefix",4
"2018","education","queen","mean_rank",0.5,0.8,"control_only",3,"Saturation Regions",100,100,TRUE,0.235786102470469,0.00182687786786605,0.000317247149514717,0.00150963071835134,0.0427419918565578,0.0388539665716557,0.291141669099058,0.323247755349822,0.367788252171497,0.00178114331123219,0.00427419918565578,0.00141699680175653,0.173655368590835,0.301381497149537,0.293261746238162,0.339857478313018,0.318042279602577,0.428571428571429,0.65026102610261,TRUE,FALSE,40000,40000,40000,0,0,0,FALSE,0.0181274432244839,0.48052165735795,0.00138169855941551,0.9255,0.00283724621721091,0.069893056024462,1.72332706766917e-06,1.85763841421738e-05,100,400,"e066ac977a6ebba11e47c5ed49950cee",TRUE,29.03,28,30,0.491635585156093,0.322822927045663,0.649500767007145,1.59123467292792,0,0,0,10,0.300332143218145,0.313774152326843,"Same allocations, extended independent outcome prefix",4
"2019","education","queen","mean_rank",0.5,0.8,"control_only",3,"Saturation Regions",100,100,TRUE,0.235786102470469,0.00182687786786605,0.000317247149514717,0.00150963071835134,0.0427419918565578,0.0388539665716557,0.291141669099058,0.323247755349822,0.367788252171497,0.00178114331123219,0.00427419918565578,0.00141699680175653,0.173655368590835,0.301381497149537,0.293261746238162,0.339857478313018,0.318042279602577,0.428571428571429,0.65026102610261,TRUE,FALSE,40000,40000,40000,0,0,0,FALSE,0.0181274432244839,0.48052165735795,0.00138169855941551,0.9255,0.00283724621721091,0.069893056024462,1.72332706766917e-06,1.85763841421738e-05,100,400,"e066ac977a6ebba11e47c5ed49950cee",TRUE,29.03,28,30,0.491534701072885,0.32188766739931,0.650900423662404,1.61599247858238,0,0,0,10,0.300332143218145,0.313774152326843,"Same allocations, extended independent outcome prefix",4
"2020","education","queen","mean_rank",0.5,0.8,"control_only",3,"Saturation Regions",100,100,TRUE,0.235786102470469,0.00182687786786605,0.000317247149514717,0.00150963071835134,0.0427419918565578,0.0388539665716557,0.291141669099058,0.323247755349822,0.367788252171497,0.00178114331123219,0.00427419918565578,0.00141699680175653,0.173655368590835,0.301381497149537,0.293261746238162,0.339857478313018,0.318042279602577,0.428571428571429,0.65026102610261,TRUE,FALSE,40000,40000,40000,0,0,0,FALSE,0.0181274432244839,0.48052165735795,0.00138169855941551,0.9255,0.00283724621721091,0.069893056024462,1.72332706766917e-06,1.85763841421738e-05,100,400,"e066ac977a6ebba11e47c5ed49950cee",TRUE,29.03,28,30,0.491423592625564,0.321153402400629,0.65209345473973,1.55845209267789,0,0,0,10,0.300332143218145,0.313774152326843,"Same allocations, extended independent outcome prefix",4
"2021","education","queen","mean_rank",0.5,0.8,"control_only",3,"Saturation Regions",100,100,TRUE,0.235786102470469,0.00182687786786605,0.000317247149514717,0.00150963071835134,0.0427419918565578,0.0388539665716557,0.291141669099058,0.323247755349822,0.367788252171497,0.00178114331123219,0.00427419918565578,0.00141699680175653,0.173655368590835,0.301381497149537,0.293261746238162,0.339857478313018,0.318042279602577,0.428571428571429,0.65026102610261,TRUE,FALSE,40000,40000,40000,0,0,0,FALSE,0.0181274432244839,0.48052165735795,0.00138169855941551,0.9255,0.00283724621721091,0.069893056024462,1.72332706766917e-06,1.85763841421738e-05,100,400,"e066ac977a6ebba11e47c5ed49950cee",TRUE,29.03,28,30,0.491315364211366,0.318808270750489,0.654058130442397,1.67934726612577,0,0,0,10,0.300332143218145,0.313774152326843,"Same allocations, extended independent outcome prefix",4
"2018","education","queen","mean_rank",0,0.8,"both",4,"Isolation Buffer",100,100,TRUE,0.283213640648328,0.00593576488311971,0.000433303840579041,0.00550246104254067,0.0770439152893966,0.074178575360684,0.385952134387095,0.451301977611469,0.653701495457932,0.00208159515895632,0.00770439152893966,0.00552691260030272,0.072998821400639,0.362918026820761,0.384753687500771,0.449396628814643,0.461731526442465,0.818181818181818,0.807452745274527,TRUE,FALSE,40000,40000,40000,0,0,0,FALSE,0.0272034620624307,0.532172412052497,0.00117231048305765,0.932425,0.0025049705330126,0.00248284082347182,1.57575344611529e-06,-2.0144157742842e-05,100,400,"fb81578b1ade7d6ed28b198e3ac6e754",TRUE,15.89,13,19,0.267204467193486,0.152301084537376,0.455285313406502,-1.16356296041683,0,0,0,10,0.453207326408295,0.439017057648343,"Same allocations, extended independent outcome prefix",4
"2019","education","queen","mean_rank",0,0.8,"both",4,"Isolation Buffer",100,100,TRUE,0.283213640648328,0.00593576488311971,0.000433303840579041,0.00550246104254067,0.0770439152893966,0.074178575360684,0.385952134387095,0.451301977611469,0.653701495457932,0.00208159515895632,0.00770439152893966,0.00552691260030272,0.072998821400639,0.362918026820761,0.384753687500771,0.449396628814643,0.461731526442465,0.818181818181818,0.807452745274527,TRUE,FALSE,40000,40000,40000,0,0,0,FALSE,0.0272034620624307,0.532172412052497,0.00117231048305765,0.932425,0.0025049705330126,0.00248284082347182,1.57575344611529e-06,-2.0144157742842e-05,100,400,"fb81578b1ade7d6ed28b198e3ac6e754",TRUE,15.89,13,19,0.267265079886505,0.152490724940413,0.456939305564785,2.06581299191266,0,0,0,10,0.453207326408295,0.439017057648343,"Same allocations, extended independent outcome prefix",4
"2020","education","queen","mean_rank",0,0.8,"both",4,"Isolation Buffer",100,100,TRUE,0.283213640648328,0.00593576488311971,0.000433303840579041,0.00550246104254067,0.0770439152893966,0.074178575360684,0.385952134387095,0.451301977611469,0.653701495457932,0.00208159515895632,0.00770439152893966,0.00552691260030272,0.072998821400639,0.362918026820761,0.384753687500771,0.449396628814643,0.461731526442465,0.818181818181818,0.807452745274527,TRUE,FALSE,40000,40000,40000,0,0,0,FALSE,0.0272034620624307,0.532172412052497,0.00117231048305765,0.932425,0.0025049705330126,0.00248284082347182,1.57575344611529e-06,-2.0144157742842e-05,100,400,"fb81578b1ade7d6ed28b198e3ac6e754",TRUE,15.89,13,19,0.267183933438603,0.152706398628355,0.458054716561069,-0.57021374142688,0,0,0,10,0.453207326408295,0.439017057648343,"Same allocations, extended independent outcome prefix",4
"2021","education","queen","mean_rank",0,0.8,"both",4,"Isolation Buffer",100,100,TRUE,0.283213640648328,0.00593576488311971,0.000433303840579041,0.00550246104254067,0.0770439152893966,0.074178575360684,0.385952134387095,0.451301977611469,0.653701495457932,0.00208159515895632,0.00770439152893966,0.00552691260030272,0.072998821400639,0.362918026820761,0.384753687500771,0.449396628814643,0.461731526442465,0.818181818181818,0.807452745274527,TRUE,FALSE,40000,40000,40000,0,0,0,FALSE,0.0272034620624307,0.532172412052497,0.00117231048305765,0.932425,0.0025049705330126,0.00248284082347182,1.57575344611529e-06,-2.0144157742842e-05,100,400,"fb81578b1ade7d6ed28b198e3ac6e754",TRUE,15.89,13,19,0.267083421758473,0.151851301708227,0.457408089505357,-0.341154745169432,0,0,0,10,0.453207326408295,0.439017057648343,"Same allocations, extended independent outcome prefix",4
"2018","education","queen","mean_rank",0.5,0.8,"both",4,"Isolation Buffer",100,100,TRUE,0.289762013648499,0.0056060340847407,0.000458097248061459,0.00514793683667924,0.0748734538053421,0.0717491242920723,0.389592514920528,0.447649326645115,0.560377176424697,0.00214032064901841,0.00748734538053421,0.00503676631576056,0.0817150308287232,0.390133880010923,0.390758363702646,0.454783203058916,0.445116911738481,0.538461538461538,0.788634863486349,TRUE,FALSE,40000,40000,40000,0,0,0,FALSE,0.0258396374537101,0.538161644191983,0.00134657018481261,0.933525,0.00285820477681985,0.0120024317986252,1.55079104010025e-06,2.62460222526012e-05,100,400,"034331576df0fe666e15cbbb3a6aa539",TRUE,15.89,13,19,0.267204467193486,0.152301084537376,0.455285313406502,-1.16356296041683,0,0,0,10,0.399788122564387,0.45018174155175,"Same allocations, extended independent outcome prefix",4
"2019","education","queen","mean_rank",0.5,0.8,"both",4,"Isolation Buffer",100,100,TRUE,0.289762013648499,0.0056060340847407,0.000458097248061459,0.00514793683667924,0.0748734538053421,0.0717491242920723,0.389592514920528,0.447649326645115,0.560377176424697,0.00214032064901841,0.00748734538053421,0.00503676631576056,0.0817150308287232,0.390133880010923,0.390758363702646,0.454783203058916,0.445116911738481,0.538461538461538,0.788634863486349,TRUE,FALSE,40000,40000,40000,0,0,0,FALSE,0.0258396374537101,0.538161644191983,0.00134657018481261,0.933525,0.00285820477681985,0.0120024317986252,1.55079104010025e-06,2.62460222526012e-05,100,400,"034331576df0fe666e15cbbb3a6aa539",TRUE,15.89,13,19,0.267265079886505,0.152490724940413,0.456939305564785,2.06581299191266,0,0,0,10,0.399788122564387,0.45018174155175,"Same allocations, extended independent outcome prefix",4
"2020","education","queen","mean_rank",0.5,0.8,"both",4,"Isolation Buffer",100,100,TRUE,0.289762013648499,0.0056060340847407,0.000458097248061459,0.00514793683667924,0.0748734538053421,0.0717491242920723,0.389592514920528,0.447649326645115,0.560377176424697,0.00214032064901841,0.00748734538053421,0.00503676631576056,0.0817150308287232,0.390133880010923,0.390758363702646,0.454783203058916,0.445116911738481,0.538461538461538,0.788634863486349,TRUE,FALSE,40000,40000,40000,0,0,0,FALSE,0.0258396374537101,0.538161644191983,0.00134657018481261,0.933525,0.00285820477681985,0.0120024317986252,1.55079104010025e-06,2.62460222526012e-05,100,400,"034331576df0fe666e15cbbb3a6aa539",TRUE,15.89,13,19,0.267183933438603,0.152706398628355,0.458054716561069,-0.57021374142688,0,0,0,10,0.399788122564387,0.45018174155175,"Same allocations, extended independent outcome prefix",4
"2021","education","queen","mean_rank",0.5,0.8,"both",4,"Isolation Buffer",100,100,TRUE,0.289762013648499,0.0056060340847407,0.000458097248061459,0.00514793683667924,0.0748734538053421,0.0717491242920723,0.389592514920528,0.447649326645115,0.560377176424697,0.00214032064901841,0.00748734538053421,0.00503676631576056,0.0817150308287232,0.390133880010923,0.390758363702646,0.454783203058916,0.445116911738481,0.538461538461538,0.788634863486349,TRUE,FALSE,40000,40000,40000,0,0,0,FALSE,0.0258396374537101,0.538161644191983,0.00134657018481261,0.933525,0.00285820477681985,0.0120024317986252,1.55079104010025e-06,2.62460222526012e-05,100,400,"034331576df0fe666e15cbbb3a6aa539",TRUE,15.89,13,19,0.267083421758473,0.151851301708227,0.457408089505357,-0.341154745169432,0,0,0,10,0.399788122564387,0.45018174155175,"Same allocations, extended independent outcome prefix",4
"2018","education","queen","mean_rank",0,0.8,"control_only",4,"Isolation Buffer",100,100,TRUE,0.282855221185651,0.00554243972676111,0.000429670979636069,0.00511276874712504,0.0744475636052726,0.0715036275102532,0.394491294501498,0.446008050311605,0.613825762283094,0.00207285064497196,0.00744475636052726,0.00514581523742934,0.0775237983304439,0.385972024792588,0.397652862485897,0.436315434982836,0.459251493013554,0.666666666666667,0.832799279927993,TRUE,FALSE,40000,40000,40000,0,0,0,FALSE,0.0263200245317053,0.531830809404955,0.00119948431680561,0.93175,0.00268652310001193,0.00334833590324167,1.59021303258145e-06,-1.51450406318824e-05,100,400,"4d4863a3a3e4960a0b278c0960715461",TRUE,15.89,13,19,0.267204467193486,0.152301084537376,0.455285313406502,-1.16356296041683,0,0,0,10,0.451991192260496,0.42710975600724,"Same allocations, extended independent outcome prefix",4
"2019","education","queen","mean_rank",0,0.8,"control_only",4,"Isolation Buffer",100,100,TRUE,0.282855221185651,0.00554243972676111,0.000429670979636069,0.00511276874712504,0.0744475636052726,0.0715036275102532,0.394491294501498,0.446008050311605,0.613825762283094,0.00207285064497196,0.00744475636052726,0.00514581523742934,0.0775237983304439,0.385972024792588,0.397652862485897,0.436315434982836,0.459251493013554,0.666666666666667,0.832799279927993,TRUE,FALSE,40000,40000,40000,0,0,0,FALSE,0.0263200245317053,0.531830809404955,0.00119948431680561,0.93175,0.00268652310001193,0.00334833590324167,1.59021303258145e-06,-1.51450406318824e-05,100,400,"4d4863a3a3e4960a0b278c0960715461",TRUE,15.89,13,19,0.267265079886505,0.152490724940413,0.456939305564785,2.06581299191266,0,0,0,10,0.451991192260496,0.42710975600724,"Same allocations, extended independent outcome prefix",4
"2020","education","queen","mean_rank",0,0.8,"control_only",4,"Isolation Buffer",100,100,TRUE,0.282855221185651,0.00554243972676111,0.000429670979636069,0.00511276874712504,0.0744475636052726,0.0715036275102532,0.394491294501498,0.446008050311605,0.613825762283094,0.00207285064497196,0.00744475636052726,0.00514581523742934,0.0775237983304439,0.385972024792588,0.397652862485897,0.436315434982836,0.459251493013554,0.666666666666667,0.832799279927993,TRUE,FALSE,40000,40000,40000,0,0,0,FALSE,0.0263200245317053,0.531830809404955,0.00119948431680561,0.93175,0.00268652310001193,0.00334833590324167,1.59021303258145e-06,-1.51450406318824e-05,100,400,"4d4863a3a3e4960a0b278c0960715461",TRUE,15.89,13,19,0.267183933438603,0.152706398628355,0.458054716561069,-0.57021374142688,0,0,0,10,0.451991192260496,0.42710975600724,"Same allocations, extended independent outcome prefix",4
"2021","education","queen","mean_rank",0,0.8,"control_only",4,"Isolation Buffer",100,100,TRUE,0.282855221185651,0.00554243972676111,0.000429670979636069,0.00511276874712504,0.0744475636052726,0.0715036275102532,0.394491294501498,0.446008050311605,0.613825762283094,0.00207285064497196,0.00744475636052726,0.00514581523742934,0.0775237983304439,0.385972024792588,0.397652862485897,0.436315434982836,0.459251493013554,0.666666666666667,0.832799279927993,TRUE,FALSE,40000,40000,40000,0,0,0,FALSE,0.0263200245317053,0.531830809404955,0.00119948431680561,0.93175,0.00268652310001193,0.00334833590324167,1.59021303258145e-06,-1.51450406318824e-05,100,400,"4d4863a3a3e4960a0b278c0960715461",TRUE,15.89,13,19,0.267083421758473,0.151851301708227,0.457408089505357,-0.341154745169432,0,0,0,10,0.451991192260496,0.42710975600724,"Same allocations, extended independent outcome prefix",4
"2018","education","queen","mean_rank",0.5,0.8,"control_only",4,"Isolation Buffer",100,100,TRUE,0.291993012475512,0.00559450231474919,0.000449972425423013,0.00514452988932617,0.0747964057609,0.071725378279422,0.379106436939181,0.453511202366429,0.549385353990214,0.0021212553486627,0.00747964057609,0.00516270601033914,0.0804311804888735,0.396249074804083,0.376442545901482,0.459847236001868,0.462233649473113,0.538461538461538,0.838271827182718,TRUE,FALSE,40000,40000,40000,0,0,0,FALSE,0.0256158204358307,0.540196954904239,0.00127786121818032,0.9297,0.00260212167630391,0.0134261829162355,1.63399122807017e-06,-1.06193514087989e-07,100,400,"ed2bd75532f4cf754791c688789b4252",TRUE,15.89,13,19,0.267204467193486,0.152301084537376,0.455285313406502,-1.16356296041683,0,0,0,10,0.440241892297329,0.43530825420615,"Same allocations, extended independent outcome prefix",4
"2019","education","queen","mean_rank",0.5,0.8,"control_only",4,"Isolation Buffer",100,100,TRUE,0.291993012475512,0.00559450231474919,0.000449972425423013,0.00514452988932617,0.0747964057609,0.071725378279422,0.379106436939181,0.453511202366429,0.549385353990214,0.0021212553486627,0.00747964057609,0.00516270601033914,0.0804311804888735,0.396249074804083,0.376442545901482,0.459847236001868,0.462233649473113,0.538461538461538,0.838271827182718,TRUE,FALSE,40000,40000,40000,0,0,0,FALSE,0.0256158204358307,0.540196954904239,0.00127786121818032,0.9297,0.00260212167630391,0.0134261829162355,1.63399122807017e-06,-1.06193514087989e-07,100,400,"ed2bd75532f4cf754791c688789b4252",TRUE,15.89,13,19,0.267265079886505,0.152490724940413,0.456939305564785,2.06581299191266,0,0,0,10,0.440241892297329,0.43530825420615,"Same allocations, extended independent outcome prefix",4
"2020","education","queen","mean_rank",0.5,0.8,"control_only",4,"Isolation Buffer",100,100,TRUE,0.291993012475512,0.00559450231474919,0.000449972425423013,0.00514452988932617,0.0747964057609,0.071725378279422,0.379106436939181,0.453511202366429,0.549385353990214,0.0021212553486627,0.00747964057609,0.00516270601033914,0.0804311804888735,0.396249074804083,0.376442545901482,0.459847236001868,0.462233649473113,0.538461538461538,0.838271827182718,TRUE,FALSE,40000,40000,40000,0,0,0,FALSE,0.0256158204358307,0.540196954904239,0.00127786121818032,0.9297,0.00260212167630391,0.0134261829162355,1.63399122807017e-06,-1.06193514087989e-07,100,400,"ed2bd75532f4cf754791c688789b4252",TRUE,15.89,13,19,0.267183933438603,0.152706398628355,0.458054716561069,-0.57021374142688,0,0,0,10,0.440241892297329,0.43530825420615,"Same allocations, extended independent outcome prefix",4
"2021","education","queen","mean_rank",0.5,0.8,"control_only",4,"Isolation Buffer",100,100,TRUE,0.291993012475512,0.00559450231474919,0.000449972425423013,0.00514452988932617,0.0747964057609,0.071725378279422,0.379106436939181,0.453511202366429,0.549385353990214,0.0021212553486627,0.00747964057609,0.00516270601033914,0.0804311804888735,0.396249074804083,0.376442545901482,0.459847236001868,0.462233649473113,0.538461538461538,0.838271827182718,TRUE,FALSE,40000,40000,40000,0,0,0,FALSE,0.0256158204358307,0.540196954904239,0.00127786121818032,0.9297,0.00260212167630391,0.0134261829162355,1.63399122807017e-06,-1.06193514087989e-07,100,400,"ed2bd75532f4cf754791c688789b4252",TRUE,15.89,13,19,0.267083421758473,0.151851301708227,0.457408089505357,-0.341154745169432,0,0,0,10,0.440241892297329,0.43530825420615,"Same allocations, extended independent outcome prefix",4
"2018","education","queen","mean_rank",0,0.8,"both",5,"2x2 Blocking",100,100,TRUE,0.0744672739004595,7.75066273579504e-05,2.84782213511959e-05,4.90284060067545e-05,0.00880378483142054,0.00700202870650746,0.0849953329846085,0.0927085797734489,0.117998476176507,0.000533649897884333,0.000880378483142054,4.74092987598211e-05,0.367429500185504,0.0852690829370699,0.0863066562930493,0.0950518289268592,0.0978236143525299,0.176470588235294,0.299201920192019,TRUE,FALSE,40000,40000,40000,0,0,0,FALSE,0.0118223541299344,0.272770516145441,0.00123546090037833,0.9358,0.00137993964459493,0.00796990728988464,1.50193609022556e-06,2.44275461380706e-06,100,400,"3425e9f95e647a7f532163891b3a42ab",TRUE,28,28,28,0.499569183981382,0.437579784834145,0.546772133567148,-1.08762850958031,0,0,0,10,0.0864584553120624,0.0836581929611304,"Same allocations, extended independent outcome prefix",1
"2019","education","queen","mean_rank",0,0.8,"both",5,"2x2 Blocking",100,100,TRUE,0.0766279152445103,6.7837031087509e-05,2.92279685727081e-05,3.86090625148009e-05,0.00823632388189713,0.00621361911568459,0.087238260607791,0.0926726639842584,0.104845413201166,0.000540628972334152,0.000823632388189713,3.48994053921302e-05,0.430855656625131,0.0933582573482546,0.0856785921417175,0.101041879233867,0.0932622130667358,0.111111111111111,0.328400840084008,TRUE,FALSE,40000,40000,40000,0,0,0,FALSE,0.010748463997247,0.276542851702052,0.0013540157258535,0.93215,0.00154084625916255,0.0123274659604994,1.58057330827067e-06,2.5278527758791e-05,100,400,"cb263df28ae50fe4585ab9cab86509d6",TRUE,30.9999999999999,31,31,0.551429520517974,0.49943186733687,0.591913364235571,-0.247135479400268,0,0,0,10,0.0805124119307739,0.0860897698155604,"Same allocations, extended independent outcome prefix",1
"2020","education","queen","mean_rank",0,0.8,"both",5,"2x2 Blocking",100,100,TRUE,0.0768054984108311,7.67066584371197e-05,2.98623776142424e-05,4.68442808228773e-05,0.00875823375099795,0.00684428818964231,0.0876959296260395,0.0943320030267065,0.100252632459996,0.000546464798630638,0.000875823375099795,4.2999947011801e-05,0.389306198740519,0.0923384054471691,0.0943067243138875,0.0965252622249311,0.0976915656553487,0.333333333333333,0.357275727572757,TRUE,FALSE,40000,40000,40000,0,0,0,FALSE,0.0114031338018931,0.277040822899331,0.00124791492765599,0.932875,0.00142788479398704,0.00734035817195084,1.56554041353383e-06,-8.24874686716819e-07,100,400,"04e85fe8c7fc9ba937908d6803b49647",TRUE,27,27,27,0.480417039153157,0.421823737571337,0.552645260363763,-4.34390620899296,0,0,0,10,0.0890057632554405,0.085721614056945,"Same allocations, extended independent outcome prefix",1
"2021","education","queen","mean_rank",0,0.8,"both",5,"2x2 Blocking",100,100,TRUE,0.0764072669213969,7.81796392355498e-05,2.98283182710557e-05,4.83513209644941e-05,0.00884192508651537,0.00695351141255223,0.08759584135921,0.0961179801413987,0.11318381499592,0.000546153076262102,0.000884192508651537,5.27175301180848e-05,0.381535634632249,0.088325246287009,0.0881482922584756,0.0989272541028952,0.0962253451416518,0.333333333333333,0.355331533153315,TRUE,FALSE,40000,40000,40000,0,0,0,FALSE,0.0115720996742514,0.276243828940636,0.00123710265531926,0.932275,0.00143951776868049,0.00982923667500732,1.57861685463659e-06,-4.81938748386128e-06,100,400,"3fd2a5f57f1f51716ba859ebbfde5864",TRUE,28.9999999999999,29,29,0.503473759411384,0.39228380458974,0.614688862265601,-2.13434312239774,0,0,0,10,0.0890045045303982,0.0927043531218194,"Same allocations, extended independent outcome prefix",1
"2018","education","queen","mean_rank",0.5,0.8,"both",5,"2x2 Blocking",100,100,TRUE,0.0796533818438144,8.54489347404244e-05,3.23280288711274e-05,5.3120905869297e-05,0.00924385929903871,0.00728840900809614,0.0908351544284048,0.0989330920237705,0.113595741326478,0.000568577425432346,0.000924385929903871,5.68387766063773e-05,0.378331561058462,0.0914145061603282,0.0926627956806298,0.0995348361573998,0.103655466078707,0.333333333333333,0.444104410441044,TRUE,FALSE,40000,40000,40000,0,0,0,FALSE,0.0116051058788241,0.281351803002256,0.00135297091728917,0.93095,0.00157546334502505,0.0222383630511331,1.60653822055137e-06,2.23992082478925e-05,100,400,"97764ba626f6559fff8b977fe75f83b0",TRUE,28,28,28,0.499569183981382,0.437579784834145,0.546772133567148,-1.08762850958031,0,0,0,10,0.0920794616667068,0.0939170009714488,"Same allocations, extended independent outcome prefix",1
"2019","education","queen","mean_rank",0.5,0.8,"both",5,"2x2 Blocking",100,100,TRUE,0.0806232249751612,8.3292637195207e-05,3.32604965918228e-05,5.00321406033842e-05,0.00912648000026335,0.0070733401306161,0.0918911581149989,0.0980652386123768,0.107088405453957,0.000576719139545609,0.000912648000026335,4.41320794138279e-05,0.399320968957586,0.0963364414621862,0.0946965763849208,0.101220518476744,0.101525866369534,0.176470588235294,0.384962496249625,TRUE,FALSE,40000,40000,40000,0,0,0,FALSE,0.011319914333711,0.283032307736381,0.00139190480633518,0.93115,0.0015464598755754,0.0227142631969373,1.60195175438596e-06,3.35447235513026e-05,100,400,"ec7afeec874928b3a6dc9f04a70ab015",TRUE,30.9999999999999,31,31,0.551429520517974,0.49943186733687,0.591913364235571,-0.247135479400268,0,0,0,10,0.0910017122909737,0.087506345828732,"Same allocations, extended independent outcome prefix",1
"2020","education","queen","mean_rank",0.5,0.8,"both",5,"2x2 Blocking",100,100,TRUE,0.0793174171043263,7.89246820410073e-05,3.18760324957058e-05,4.70486495453014e-05,0.00888395644074234,0.00685920181546668,0.092439551248069,0.0982676641617825,0.10618325405002,0.000564588633393428,0.000888395644074234,4.70531831745829e-05,0.40387913731656,0.093027846758852,0.0955895302635094,0.096650775692699,0.102852747272363,0.25,0.359003900390039,TRUE,FALSE,40000,40000,40000,0,0,0,FALSE,0.0112005115207638,0.281001403755709,0.00125844621207538,0.9347,0.00156403771126146,0.0188581067885179,1.52579260651629e-06,5.78942621705776e-06,100,400,"dbfe8c6882e0b1816c2bfabf1d798be5",TRUE,27,27,27,0.480417039153157,0.421823737571337,0.552645260363763,-4.34390620899296,0,0,0,10,0.0925465723680423,0.089476601523539,"Same allocations, extended independent outcome prefix",1
"2021","education","queen","mean_rank",0.5,0.8,"both",5,"2x2 Blocking",100,100,TRUE,0.0787082392955905,9.08865287623452e-05,3.15862187424189e-05,5.93003100199263e-05,0.00953344265007899,0.00770066945271165,0.089020131062355,0.0996791306889306,0.113693793342747,0.000562016180749442,0.000953344265007899,5.54664390639792e-05,0.347534658574234,0.0880226580044517,0.0904776510885743,0.101262144023913,0.102013458230521,0.333333333333333,0.268838883888389,TRUE,FALSE,40000,40000,40000,0,0,0,FALSE,0.0121123820522473,0.279752444613963,0.00130156034951682,0.933275,0.00141981580943098,0.0211378576989713,1.55651785714285e-06,1.37541486291485e-05,100,400,"aaf2201df67897c0ee260e5a517a0d75",TRUE,28.9999999999999,29,29,0.503473759411384,0.39228380458974,0.614688862265601,-2.13434312239774,0,0,0,10,0.0931367748875747,0.0929998136184254,"Same allocations, extended independent outcome prefix",1
"2018","education","queen","mean_rank",0,0.8,"control_only",5,"2x2 Blocking",100,100,TRUE,0.294594041512631,0.00624546764828249,0.000460336282625031,0.00578513136565746,0.0790282711963414,0.0760600510495323,0.411011860941675,0.462717947039304,0.591531682791478,0.00214554487863813,0.00790282711963414,0.00568372217547897,0.0737072559733175,0.413263738902977,0.401977514059525,0.485370158789323,0.452154152904937,0.428571428571429,0.831839183918392,TRUE,FALSE,40000,40000,40000,0,0,0,FALSE,0.0268261607704489,0.542515608476356,0.00124308948376473,0.931825,0.00260661165218032,0.0164577055557891,1.58832550125313e-06,-4.30540366066665e-06,100,400,"34db0c5354a21e5bc51acbc04ddabc64",TRUE,28,28,28,0.499569183981382,0.437579784834145,0.546772133567148,-1.08762850958031,0,0,0,10,0.431172515547916,0.449774877223482,"Same allocations, extended independent outcome prefix",1
"2019","education","queen","mean_rank",0,0.8,"control_only",5,"2x2 Blocking",100,100,TRUE,0.424336620374458,0.0209526060259197,0.00103828472726805,0.0199143212986517,0.144750150348522,0.141118111164555,0.610623172218897,0.766294182381445,0.915849150791363,0.00322224258439375,0.0144750150348522,0.0196742095599376,0.0495539660309381,0.661297820901204,0.560406558324129,0.796859506027846,0.762415974864091,0.538461538461538,0.854245424542454,TRUE,FALSE,40000,40000,40000,0,0,0,FALSE,0.0341121042583566,0.650991054606851,0.00120519446018835,0.930875,0.00368654852202715,0.0233937426744545,1.60909617794486e-06,-1.56602491076174e-05,100,400,"546c6953f6e7bd7c693dbf9f69692a78",TRUE,30.9999999999999,31,31,0.551429520517974,0.49943186733687,0.591913364235571,-0.247135479400268,0,0,0,10,0.704730466942375,0.758808949790953,"Same allocations, extended independent outcome prefix",1
"2020","education","queen","mean_rank",0,0.8,"control_only",5,"2x2 Blocking",100,100,TRUE,0.315936932515476,0.00746498335857253,0.000527792548055703,0.00693719081051683,0.0864001351768186,0.083289800158944,0.449585234821777,0.49655406742215,0.56401518206939,0.00229737360491432,0.00864001351768186,0.00697907935195975,0.0707024413456467,0.446080214156373,0.442935431524381,0.50661249974656,0.498767146752383,0.428571428571429,0.8804800480048,TRUE,FALSE,40000,40000,40000,0,0,0,FALSE,0.0273472729158014,0.561898883287055,0.00121672633726651,0.927525,0.00301451306263611,0.0143728033534386,1.68109805764411e-06,-2.00675077846128e-05,100,400,"a4137c326a24c4b5cc4c53b1f14c8611",TRUE,27,27,27,0.480417039153157,0.421823737571337,0.552645260363763,-4.34390620899296,0,0,0,10,0.459281500169903,0.489614262047182,"Same allocations, extended independent outcome prefix",1
"2021","education","queen","mean_rank",0,0.8,"control_only",5,"2x2 Blocking",100,100,TRUE,0.351950419503011,0.0100570193962039,0.000695218642577408,0.00936180075362648,0.100284691734102,0.0967563990319321,0.458160995235654,0.561430804821915,0.707138621035156,0.00263669991196838,0.0100284691734102,0.00932923642807108,0.0691277022732823,0.471645527199319,0.478820920933471,0.580988653619613,0.553553374811696,0.666666666666667,0.833315331533153,TRUE,FALSE,40000,40000,40000,0,0,0,FALSE,0.0284939827250992,0.592916541474211,0.00136898131779979,0.930525,0.00332118183437418,0.020009856303108,1.61560620300752e-06,2.5850364547733e-05,100,400,"5f222fd3b9012ce3ebed3981ca98bbd8",TRUE,28.9999999999999,29,29,0.503473759411384,0.39228380458974,0.614688862265601,-2.13434312239774,0,0,0,10,0.541872956024216,0.544723286662048,"Same allocations, extended independent outcome prefix",1
"2018","education","queen","mean_rank",0.5,0.8,"control_only",5,"2x2 Blocking",100,100,TRUE,0.318287430498339,0.005939910513012,0.000555392712850103,0.00538451780016189,0.077070814923757,0.0733792736415528,0.426430897174464,0.48606754025479,0.543564098663502,0.00235667713709389,0.00770708149237569,0.00536648957322323,0.0935018653283508,0.451531734435217,0.432819182163786,0.503505545324936,0.491396246808237,0.428571428571429,0.771581158115812,TRUE,FALSE,40000,40000,40000,0,0,0,FALSE,0.0242142188282736,0.562421897329003,0.00127784886714851,0.926425,0.00311911756628326,0.0443738650917737,1.70426221804511e-06,-7.13644907723821e-06,100,400,"98a9100b4f51b7e11c11c639c2865098",TRUE,28,28,28,0.499569183981382,0.437579784834145,0.546772133567148,-1.08762850958031,0,0,0,10,0.452543252308315,0.478282143977123,"Same allocations, extended independent outcome prefix",1
"2019","education","queen","mean_rank",0.5,0.8,"control_only",5,"2x2 Blocking",100,100,TRUE,0.443489059236299,0.0229658040675305,0.00115218485333289,0.0218136192141976,0.151544726294024,0.147694343880183,0.623286817255675,0.808462446422933,1.01583745332442,0.00339438485344972,0.0151544726294024,0.0219374165122345,0.0501695847419454,0.615525129478822,0.608083553165564,0.816472449674027,0.803349551645827,0.818181818181818,0.853801380138014,TRUE,FALSE,40000,40000,40000,0,0,0,FALSE,0.034171018007747,0.664544577747907,0.00126045877089705,0.928025,0.00331627142823409,0.0432384484244535,1.67010808270676e-06,-8.13517695754507e-06,100,400,"73a463478d354a4ed7a4f2df663f2df2",TRUE,30.9999999999999,31,31,0.551429520517974,0.49943186733687,0.591913364235571,-0.247135479400268,0,0,0,10,0.80045244317184,0.796320797726574,"Same allocations, extended independent outcome prefix",1
"2020","education","queen","mean_rank",0.5,0.8,"control_only",5,"2x2 Blocking",100,100,TRUE,0.328878750501968,0.00781268722758906,0.00060597058884673,0.00720671663874233,0.0883894067611558,0.0848923826897463,0.461244783052665,0.517631002903371,0.580662950915512,0.00246164698697179,0.00883894067611558,0.00703578301990363,0.077562376579835,0.428757913919067,0.501607397433951,0.515541147634236,0.543911030266941,0.428571428571429,0.81951395139514,TRUE,FALSE,40000,40000,40000,0,0,0,FALSE,0.0268759859450472,0.572313453989457,0.00118038471728843,0.92975,0.00308013685437603,0.0365521666201374,1.63350877192982e-06,-2.40200691121741e-05,100,400,"e330c8860753b0243fdc29d5011c67ae",TRUE,27,27,27,0.480417039153157,0.421823737571337,0.552645260363763,-4.34390620899296,0,0,0,10,0.490702228334988,0.47890446644788,"Same allocations, extended independent outcome prefix",1
"2021","education","queen","mean_rank",0.5,0.8,"control_only",5,"2x2 Blocking",100,100,TRUE,0.370058711450489,0.0101366695951614,0.000755894960338143,0.00938077463482328,0.100681028973493,0.0968543991505976,0.501004904056946,0.579452821585667,0.685905640387309,0.0027493543975598,0.0100681028973493,0.00948467852841058,0.0745703461321219,0.493041001900517,0.508268566541644,0.589442241278007,0.578368888178775,0.428571428571429,0.836543654365437,TRUE,FALSE,40000,40000,40000,0,0,0,FALSE,0.0272067717522071,0.607095356061682,0.00132257735448096,0.927375,0.00316938813963635,0.0386515213003199,1.68364505012531e-06,6.55658084605478e-06,100,400,"29d248783c2dc04dcf2107d531e920c1",TRUE,28.9999999999999,29,29,0.503473759411384,0.39228380458974,0.614688862265601,-2.13434312239774,0,0,0,10,0.565344421816532,0.550233967796307,"Same allocations, extended independent outcome prefix",1
"2018","education","queen","mean_rank",0,0.8,"both",6,"Balanced Quartiles",100,100,TRUE,0.0738340658507895,5.00724991981258e-05,2.72657805935496e-05,2.28067186045762e-05,0.00707619242235016,0.00477563803115104,0.0827486884968145,0.0886399205317654,0.0977756837046186,0.00052216645424184,0.000707619242235016,2.60064271509082e-05,0.544526057819981,0.0836878874159751,0.0881802764122655,0.0900336117192601,0.0916750657284632,0.333333333333333,0.212841284128413,TRUE,FALSE,40000,40000,40000,0,0,0,FALSE,0.00958391271130912,0.271553242901378,0.00126755102700467,0.934975,0.0012903545829817,0.00963857461114696,1.51974154135338e-06,8.69440647072203e-06,100,400,"c45dfe416fa22e1c7df356647bfe1b41",TRUE,28.9999999999999,29,29,0.485274677532023,0.338697072247593,0.664359913449033,0.411566529699583,0,0,0,10,0.0807229711862939,0.0839499253706,"Same allocations, extended independent outcome prefix",1
"2019","education","queen","mean_rank",0,0.8,"both",6,"Balanced Quartiles",100,100,TRUE,0.0744883348383599,7.3296731940101e-05,2.79717697804948e-05,4.53249621596061e-05,0.00856135105810414,0.0067323816112581,0.0844549156117458,0.094492279685426,0.105546008177844,0.000528883444442108,0.000856135105810414,3.96605428035955e-05,0.38162369644739,0.0840511741659792,0.0920439341144389,0.0922003049606684,0.0992473308758257,0.428571428571429,0.177737773777378,TRUE,FALSE,40000,40000,40000,0,0,0,FALSE,0.011493546038695,0.27273035408291,0.00129557083475925,0.934125,0.00130912296057265,0.0103193410724858,1.5380780075188e-06,1.4042578035999e-05,100,400,"f5225e760e5ddee8442ea47970777c77",TRUE,28.9999999999999,29,29,0.496893680985595,0.333415196678908,0.675772252933602,0.250788849275531,0,0,0,10,0.0923616719872949,0.0871909511856941,"Same allocations, extended independent outcome prefix",1
"2020","education","queen","mean_rank",0,0.8,"both",6,"Balanced Quartiles",100,100,TRUE,0.0741467381506029,4.52590867960424e-05,2.75377441245864e-05,1.7721342671456e-05,0.00672748740586278,0.00420967251356397,0.0824848088167665,0.0872888766672058,0.096611617018247,0.000524764176793599,0.000672748740586278,2.03514804813502e-05,0.60844674680874,0.0828316613432071,0.0835730040464787,0.0887682918830055,0.0909132576190074,0.176470588235294,0.251077107710771,TRUE,FALSE,40000,40000,40000,0,0,0,FALSE,0.0090732074986202,0.272025760020146,0.00127988517477392,0.93295,0.00143078609379024,0.0121952464536278,1.56371240601504e-06,7.43936545910236e-06,100,400,"c43fd08f739a4967e86a1aa2cfbefb9f",TRUE,28.9999999999999,29,29,0.506067384172184,0.376723963233359,0.640716991347905,-0.416545098693267,0,0,0,10,0.079320549182735,0.0832893972576705,"Same allocations, extended independent outcome prefix",1
"2021","education","queen","mean_rank",0,0.8,"both",6,"Balanced Quartiles",100,100,TRUE,0.0733536966486573,3.87539355769686e-05,2.72622579155783e-05,1.14916776613903e-05,0.00622526590411756,0.00338993770759734,0.0804916753163207,0.0845230235949792,0.0931590496920712,0.000522132721782291,0.000622526590411756,1.31096837736675e-05,0.703470692968283,0.0833217985878094,0.0835776914702129,0.0884925352638877,0.0883221857907538,0.111111111111111,0.185070507050705,TRUE,FALSE,40000,40000,40000,0,0,0,FALSE,0.00848664237595926,0.270457573371239,0.00114957996281646,0.933425,0.00133990601330581,0.0143665463768576,1.5541838972431e-06,-2.32649806334017e-05,100,400,"3dcff9ef46c9ac07cf4c3a6c5d3370d8",TRUE,28.9999999999999,29,29,0.498010855541633,0.354419554195092,0.647821665671514,0.272977372552784,0,0,0,10,0.077403679537802,0.0751708073059022,"Same allocations, extended independent outcome prefix",1
"2018","education","queen","mean_rank",0.5,0.8,"both",6,"Balanced Quartiles",100,100,TRUE,0.0793682585422787,6.08929604450504e-05,3.23201858118026e-05,2.85727746332478e-05,0.00780339416184075,0.00534535074931924,0.0888196217224722,0.0941975022697025,0.110898229794456,0.000568508450348828,0.000780339416184075,2.6158628056735e-05,0.530770479470582,0.0903363599986449,0.0926286587850899,0.10043061592542,0.0948221108783142,0.0526315789473684,0.235079507950795,TRUE,FALSE,40000,40000,40000,0,0,0,FALSE,0.00983188280196921,0.280225281918494,0.00135654744096768,0.932575,0.00171287823925345,0.0290180963534735,1.57134555137844e-06,2.68875408217514e-05,100,400,"b7b216238da8d12ad0c30e54aadf1766",TRUE,28.9999999999999,29,29,0.485274677532023,0.338697072247593,0.664359913449033,0.411566529699583,0,0,0,10,0.0836386328119112,0.0857914122180623,"Same allocations, extended independent outcome prefix",1
"2019","education","queen","mean_rank",0.5,0.8,"both",6,"Balanced Quartiles",100,100,TRUE,0.0790397343074246,7.29174338664856e-05,3.2045481758589e-05,4.08719521078966e-05,0.00853917056080306,0.0063931175578036,0.091251979335843,0.0960488795309668,0.108353794294551,0.000566087287956451,0.000853917056080306,4.00848913644685e-05,0.439476268696803,0.0959314972151579,0.0911538212594303,0.10011368811738,0.0977086796638789,0.176470588235294,0.298889888988899,TRUE,FALSE,40000,40000,40000,0,0,0,FALSE,0.0108036427951415,0.279555545505834,0.00124225885817211,0.93335,0.00154500724170145,0.029806564450811,1.55526315789473e-06,-1.20560871876666e-06,100,400,"54db08bd7450ff44a6f44ad3b67d6a44",TRUE,28.9999999999999,29,29,0.496893680985595,0.333415196678908,0.675772252933602,0.250788849275531,0,0,0,10,0.0909932114369551,0.0877554688103584,"Same allocations, extended independent outcome prefix",1
"2020","education","queen","mean_rank",0.5,0.8,"both",6,"Balanced Quartiles",100,100,TRUE,0.0780211775002263,5.51411589488356e-05,3.1122022328056e-05,2.40191366207796e-05,0.00742570932294253,0.00490093221956595,0.0881363719526096,0.0922769753062513,0.0986405889097422,0.000557871152938167,0.000742570932294253,2.47225492255736e-05,0.564406387557677,0.0879460717988449,0.0910837151163276,0.0938539649988711,0.0977303922069589,0.0526315789473684,0.301926192619262,TRUE,FALSE,40000,40000,40000,0,0,0,FALSE,0.00951755608010529,0.2777984576337,0.00126296058705109,0.933225,0.00161884691665805,0.0291409409004558,1.55784931077694e-06,3.72201336675012e-06,100,400,"f2bd9a836fa4f45925ce5cf5961c362d",TRUE,28.9999999999999,29,29,0.506067384172184,0.376723963233359,0.640716991347905,-0.416545098693267,0,0,0,10,0.083644840551014,0.079942343587586,"Same allocations, extended independent outcome prefix",1
"2021","education","queen","mean_rank",0.5,0.8,"both",6,"Balanced Quartiles",100,100,TRUE,0.0775163346712129,5.17136549500694e-05,3.0361794972992e-05,2.13518599770774e-05,0.00719122068567426,0.00462080728629505,0.0860870654098508,0.0916545562932242,0.107990782306268,0.000551015380665476,0.000719122068567426,2.26941508944406e-05,0.587113693710238,0.0891856399186309,0.0853212767459558,0.0953013766600751,0.0935268430089323,0.111111111111111,0.177485748574857,TRUE,FALSE,40000,40000,40000,0,0,0,FALSE,0.00927703911204776,0.276971762419444,0.00123040192168611,0.9335,0.00157266292033796,0.0283368575089034,1.55207706766917e-06,-3.8188178780287e-06,100,400,"ec65ce9f89a5900dafe7c0beefee4612",TRUE,28.9999999999999,29,29,0.498010855541633,0.354419554195092,0.647821665671514,0.272977372552784,0,0,0,10,0.0801359904062913,0.0872389576798425,"Same allocations, extended independent outcome prefix",1
"2018","education","queen","mean_rank",0,0.8,"control_only",6,"Balanced Quartiles",100,100,TRUE,0.284078387624016,0.00755872146350996,0.000461326849633614,0.00709739461387635,0.0869409078829406,0.0842460361908876,0.374090056710938,0.473732316170925,0.740775453410287,0.00214785206574758,0.00869409078829406,0.00708958342093647,0.0610323917689901,0.39213920900774,0.379534733382404,0.485630544371492,0.466686093724202,0.666666666666667,0.854593459345935,TRUE,FALSE,40000,40000,40000,0,0,0,FALSE,0.0306045484875142,0.53257406300938,0.00121412925526274,0.928725,0.00296252062878084,0.0210536228164489,1.65536184210526e-06,-1.81251993620411e-05,100,400,"3701302027e05494ede7026f5ccd874b",TRUE,28.9999999999999,29,29,0.485274677532023,0.338697072247593,0.664359913449033,0.411566529699583,0,0,0,10,0.461834087970359,0.462087679526527,"Same allocations, extended independent outcome prefix",1
"2019","education","queen","mean_rank",0,0.8,"control_only",6,"Balanced Quartiles",100,100,TRUE,0.301074570800198,0.0142131149364379,0.000545933583355033,0.0136671813530829,0.119218769228834,0.116906720735306,0.453953536688007,0.581570536707592,0.823116365946146,0.00233652216628696,0.0119218769228834,0.0137393537116807,0.0384105515079902,0.474969908300748,0.43847468362811,0.584452304286119,0.578688769129064,1,0.89040504050405,TRUE,FALSE,40000,40000,40000,0,0,0,FALSE,0.0395977544406933,0.548105779949319,0.00128090827544403,0.928675,0.00317721228183757,0.0255856363287435,1.65602286967418e-06,-1.52968595731748e-06,100,400,"24b9cbfb863bf89518470ab6ed7047cc",TRUE,28.9999999999999,29,29,0.496893680985595,0.333415196678908,0.675772252933602,0.250788849275531,0,0,0,10,0.578688769129064,0.584452304286119,"Same allocations, extended independent outcome prefix",1
"2020","education","queen","mean_rank",0,0.8,"control_only",6,"Balanced Quartiles",100,100,TRUE,0.27882143215613,0.00808461894325584,0.000445027834016655,0.00763959110923919,0.089914509080881,0.087404754500194,0.399691890949889,0.483738589029315,0.631139348114576,0.00210956828288789,0.00899145090808811,0.00760659908848689,0.0550462349728797,0.387000918360401,0.409248122728512,0.485281265193011,0.492034503028048,0.428571428571429,0.818973897389739,TRUE,FALSE,40000,40000,40000,0,0,0,FALSE,0.032248062276121,0.527275700419593,0.00120724611484907,0.930525,0.00275751862590502,0.0283155064082791,1.61664003759398e-06,-1.59196855775801e-05,100,400,"1f91d62a1603e6869ef8779ed8ceb8ed",TRUE,28.9999999999999,29,29,0.506067384172184,0.376723963233359,0.640716991347905,-0.416545098693267,0,0,0,10,0.464537613517654,0.466066522936174,"Same allocations, extended independent outcome prefix",1
"2021","education","queen","mean_rank",0,0.8,"control_only",6,"Balanced Quartiles",100,100,TRUE,0.274541639800026,0.00587854042572504,0.000415533060400187,0.00546300736532486,0.0766716402962989,0.0739121597933984,0.370343258973215,0.439632938869685,0.557810854397022,0.00203846280417423,0.00766716402962989,0.00548534866561579,0.0706864340988072,0.37363439560755,0.374752618567476,0.458248059804835,0.433149389986247,0.538461538461538,0.878619861986199,TRUE,FALSE,40000,40000,40000,0,0,0,FALSE,0.0279271444405104,0.523315978041087,0.00123179674959923,0.9279,0.00291554750808904,0.0261156452519587,1.67296679197995e-06,-1.55643559656718e-05,100,400,"491118b78d5155efb016af17937b4060",TRUE,28.9999999999999,29,29,0.498010855541633,0.354419554195092,0.647821665671514,0.272977372552784,0,0,0,10,0.416978928071723,0.4397563424853,"Same allocations, extended independent outcome prefix",1
"2018","education","queen","mean_rank",0.5,0.8,"control_only",6,"Balanced Quartiles",100,100,TRUE,0.303790221128031,0.0068180258786721,0.000524089057492049,0.00629393682118005,0.0825713381184543,0.079334335701385,0.401129414925107,0.479866848099527,0.723478399854821,0.00228929914491761,0.00825713381184543,0.00640796066450486,0.076868153160211,0.410135996331241,0.408471401604869,0.483854986037267,0.489824097031903,0.538461538461538,0.834851485148515,TRUE,FALSE,40000,40000,40000,0,0,0,FALSE,0.0271803805309635,0.549375135095749,0.00140069201872258,0.928075,0.00316830661739482,0.0444655154761399,1.66810933583959e-06,2.93828795473533e-05,100,400,"fe6a8f6dccc70d4e44b2e8dbe13ebd4f",TRUE,28.9999999999999,29,29,0.485274677532023,0.338697072247593,0.664359913449033,0.411566529699583,0,0,0,10,0.46268389077563,0.466878651338639,"Same allocations, extended independent outcome prefix",1
"2019","education","queen","mean_rank",0.5,0.8,"control_only",6,"Balanced Quartiles",100,100,TRUE,0.317484005464978,0.0129415062676436,0.000593872075389637,0.0123476341922539,0.113760741328648,0.11111990907238,0.462877890384035,0.581952970419013,0.800607266835451,0.00243694906674234,0.0113760741328648,0.0124215833209485,0.0458889454679969,0.467483362734268,0.45526865512602,0.584294218668157,0.584741851476195,0.538461538461538,0.856909690969097,TRUE,FALSE,40000,40000,40000,0,0,0,FALSE,0.0358319598374845,0.561360259451355,0.00121845033223403,0.92735,0.00325552553559001,0.0485660846032063,1.68483709273182e-06,-2.00215880610616e-05,100,400,"578cfe38335933371b4db141bf20a2e4",TRUE,28.9999999999999,29,29,0.496893680985595,0.333415196678908,0.675772252933602,0.250788849275531,0,0,0,10,0.56299730661396,0.570994102407064,"Same allocations, extended independent outcome prefix",1
"2020","education","queen","mean_rank",0.5,0.8,"control_only",6,"Balanced Quartiles",100,100,TRUE,0.30025930080335,0.00793112576947103,0.000521583210331452,0.00740954255913958,0.0890568681768623,0.0860786997993091,0.403766497600039,0.509972092450545,0.638003232461498,0.00228381963020605,0.00890568681768623,0.00747563054139279,0.0657640826147482,0.41465539646402,0.411010042049963,0.507257173581812,0.521858963150906,0.538461538461538,0.831443144314431,TRUE,FALSE,40000,40000,40000,0,0,0,FALSE,0.0296599865311712,0.545421232646145,0.00125722909606802,0.926925,0.00310891901299355,0.0526780768641924,1.69369830827067e-06,-1.13073308270674e-05,100,400,"8b631759455acc4647ec039e0ec016a6",TRUE,28.9999999999999,29,29,0.506067384172184,0.376723963233359,0.640716991347905,-0.416545098693267,0,0,0,10,0.499550599524794,0.476946022102241,"Same allocations, extended independent outcome prefix",1
"2021","education","queen","mean_rank",0.5,0.8,"control_only",6,"Balanced Quartiles",100,100,TRUE,0.293120910804675,0.00474828570979394,0.000473396712180616,0.00427488899761332,0.0689078058698283,0.0653826352911331,0.391453758471202,0.439998688176674,0.5381257730482,0.00217576816821236,0.00689078058698283,0.00422885812201053,0.0996984472109957,0.409932380021826,0.399489132809973,0.448736047087112,0.440361378018811,0.428571428571429,0.757011701170117,TRUE,FALSE,40000,40000,40000,0,0,0,FALSE,0.0235083214229455,0.539019453038031,0.00136161993169307,0.927375,0.00326203765336618,0.0507832654646824,1.68338502506265e-06,1.70623813321183e-05,100,400,"8ed66f080a2da54563dafa7a24f138ed",TRUE,28.9999999999999,29,29,0.498010855541633,0.354419554195092,0.647821665671514,0.272977372552784,0,0,0,10,0.419507291139491,0.427402609169589,"Same allocations, extended independent outcome prefix",1
"2018","education","queen","mean_rank",0,0.8,"both",7,"Balanced Halves",100,100,TRUE,0.0731221394649152,3.14446886598321e-05,2.66099781896069e-05,4.83471047022522e-06,0.00560755638935821,0.00219879750550732,0.0798411390311425,0.0844859635717684,0.0915581091277887,0.000515848603658155,0.000560755638935821,2.27671035006446e-06,0.846247150909109,0.0817826661567679,0.0827909492328229,0.0875646793070207,0.0897486597323942,0.0526315789473684,0.00597659765976598,TRUE,FALSE,40000,40000,40000,0,0,0,FALSE,0.00766875317160103,0.270244095005991,0.00126040117070364,0.93355,0.00135656781478698,0.00950097780800122,1.55080513784461e-06,3.78059732664989e-06,100,400,"bd9ffadc7ca12c62c43a6db0200bf31d",TRUE,28.9999999999999,29,29,0.500496686819403,0.346835046452679,0.66996954057187,0.379454269907968,0,0,0,10,0.0757438411625516,0.0737224789125936,"Same allocations, extended independent outcome prefix",1
"2019","education","queen","mean_rank",0,0.8,"both",7,"Balanced Halves",100,100,TRUE,0.0739571241106148,7.78336459853249e-05,2.75598223397306e-05,5.02738236455943e-05,0.00882233789793414,0.0070904036306542,0.0824420076629001,0.093042294696507,0.116571783769017,0.000524974497854235,0.000882233789793414,5.20773303807454e-05,0.354086230843238,0.0857224967740221,0.0836010600072379,0.0937938060162949,0.0957164504148841,0.333333333333333,0.274779477947795,TRUE,FALSE,40000,40000,40000,0,0,0,FALSE,0.0119289899438747,0.271648240581027,0.00124560844732219,0.93485,0.00134293627975554,0.0128201989004492,1.52260338345864e-06,2.89370205817593e-06,100,400,"e169f5ec96ceea11a203f271f17737c2",TRUE,28.9999999999999,29,29,0.505344590875523,0.34749297552939,0.664370261381774,-0.392636811442227,0,0,0,10,0.0892875641772763,0.0871869446469147,"Same allocations, extended independent outcome prefix",1
"2020","education","queen","mean_rank",0,0.8,"both",7,"Balanced Halves",100,100,TRUE,0.0736741546056758,7.63513904603456e-05,2.73569269359136e-05,4.8994463524432e-05,0.00873792827049671,0.00699960452628804,0.0823320277776764,0.0921735175712474,0.112861044583653,0.000523038497014452,0.000873792827049671,5.0346829232496e-05,0.358302930319546,0.0835074369785384,0.0843990366955598,0.0926867224195707,0.0968578066784091,0.176470588235294,0.293525352535254,TRUE,FALSE,40000,40000,40000,0,0,0,FALSE,0.0118602355429316,0.271170339515083,0.00124087579042897,0.93375,0.00150928654359703,0.0118659838593459,1.54657894736842e-06,-6.80622009569285e-07,100,400,"6b34f86268370c26509121dfbf36fc43",TRUE,28.9999999999999,29,29,0.492143962502697,0.33044607514511,0.651453345227921,0.925947027784773,0,0,0,10,0.0863180425924963,0.0841435829960238,"Same allocations, extended independent outcome prefix",1
"2021","education","queen","mean_rank",0,0.8,"both",7,"Balanced Halves",100,100,TRUE,0.0734413340167107,4.69900388107156e-05,2.68219814803154e-05,2.01680573304003e-05,0.00685492806750849,0.00449088602954921,0.0830112293146782,0.0864477260398594,0.0898583792888209,0.000517899425374419,0.000685492806750849,1.59365835877968e-05,0.570801432796409,0.085518340939909,0.0834225354721098,0.0922255928938425,0.0874723735072373,0,0.185298529852985,TRUE,FALSE,40000,40000,40000,0,0,0,FALSE,0.0093338828321783,0.270859445829654,0.00137362419691247,0.93545,0.00139302381337532,0.00874612037211255,1.50868421052631e-06,3.78159223817117e-05,100,400,"b6efd995d6887c8b1ed0a36f9ce196f4",TRUE,28.9999999999999,29,29,0.494090795062701,0.338069932551647,0.647222873549911,0.867899090015387,0,0,0,10,0.0752976749819135,0.075658314981028,"Same allocations, extended independent outcome prefix",1
"2018","education","queen","mean_rank",0.5,0.8,"both",7,"Balanced Halves",100,100,TRUE,0.0770322415111173,4.96348932352957e-05,3.08388749333304e-05,1.87960183019652e-05,0.00704520356237459,0.00433543749833454,0.085779159157997,0.0907603039447675,0.0970626282063094,0.000555327605412611,0.000704520356237459,7.21184708529631e-06,0.621314420626188,0.0895076666001823,0.0895878427081697,0.0968991938957925,0.0954057640733149,0.0526315789473684,0.0408040804080408,TRUE,FALSE,40000,40000,40000,0,0,0,FALSE,0.00914578548432585,0.276223736201379,0.00129656695106186,0.93365,0.0014982413548301,0.0270682299027511,1.5484022556391e-06,1.32683602946758e-05,100,400,"68568898067b98fead51e4e19d8d54ea",TRUE,28.9999999999999,29,29,0.500496686819403,0.346835046452679,0.66996954057187,0.379454269907968,0,0,0,10,0.0772223618768511,0.0809258803394559,"Same allocations, extended independent outcome prefix",1
"2019","education","queen","mean_rank",0.5,0.8,"both",7,"Balanced Halves",100,100,TRUE,0.0781474547315877,6.95768316731018e-05,3.06097962860096e-05,3.89670353870922e-05,0.00834127278495925,0.00624235815914885,0.0880447627430115,0.0958258464322891,0.119144141264489,0.000553261206718939,0.000834127278495925,3.56440124287042e-05,0.439942370900503,0.0888285234207947,0.0905538671378047,0.0976052576198156,0.100776138275818,0.176470588235294,0.13023702370237,TRUE,FALSE,40000,40000,40000,0,0,0,FALSE,0.0106737613062498,0.278271366172352,0.00131349829759226,0.93365,0.00158320359211749,0.0266927237306476,1.54829260651629e-06,1.76985171261488e-05,100,400,"c9d0c80ed2bc56afaca410eb41fa5a7e",TRUE,28.9999999999999,29,29,0.505344590875523,0.34749297552939,0.664370261381774,-0.392636811442227,0,0,0,10,0.0872411514442645,0.0866231102603713,"Same allocations, extended independent outcome prefix",1
"2020","education","queen","mean_rank",0.5,0.8,"both",7,"Balanced Halves",100,100,TRUE,0.078680998946587,6.29730314305463e-05,3.10310859736676e-05,3.19419454568787e-05,0.00793555489115577,0.00565172057491156,0.0864834882263309,0.0961871066821392,0.111869298947165,0.000557055526618915,0.000793555489115577,3.26341226022563e-05,0.492767860602235,0.0877615544059197,0.0936986605273658,0.0975106503534177,0.100025010798736,0.333333333333333,0.201080108010801,TRUE,FALSE,40000,40000,40000,0,0,0,FALSE,0.0100857322573432,0.279186430726755,0.00127429917360029,0.9318,0.00152053447253663,0.0271281375077942,1.58867167919799e-06,3.51667046403871e-06,100,400,"68bbd38b6558ac1b2ab4df428e35fd0e",TRUE,28.9999999999999,29,29,0.492143962502697,0.33044607514511,0.651453345227921,0.925947027784773,0,0,0,10,0.0849554771502934,0.0916898583845665,"Same allocations, extended independent outcome prefix",1
"2021","education","queen","mean_rank",0.5,0.8,"both",7,"Balanced Halves",100,100,TRUE,0.0782555082912762,4.128079569668e-05,3.10404308605749e-05,1.02403648361051e-05,0.0064250132837746,0.00320005700513368,0.086296993175203,0.0908203592694519,0.100913095748385,0.000557139397822259,0.00064250132837746,7.70439288559149e-06,0.75193392803403,0.0914549413758779,0.0898467469079846,0.09606861972284,0.0954483001452915,0.111111111111111,0.0551335133513351,TRUE,FALSE,40000,40000,40000,0,0,0,FALSE,0.00821030164401966,0.278594959676556,0.00107095492176115,0.93205,0.00151992945050297,0.0253052708757396,1.58444235588972e-06,-4.3749791144528e-05,100,400,"46469a2466b7590297aa00fede10afda",TRUE,28.9999999999999,29,29,0.494090795062701,0.338069932551647,0.647222873549911,0.867899090015387,0,0,0,10,0.0813129662455278,0.0831981825186854,"Same allocations, extended independent outcome prefix",1
"2018","education","queen","mean_rank",0,0.8,"control_only",7,"Balanced Halves",100,100,TRUE,0.281780986759877,0.00686043815313256,0.000446081712319268,0.00641435644081329,0.0828277619710479,0.0800896774922542,0.366779045617312,0.463540028864555,0.565934708914351,0.00211206465885699,0.00828277619710479,0.00636511860286067,0.0650223356529468,0.374118035956138,0.387437123849585,0.47600631726966,0.465481101656387,0.538461538461538,0.825610561056106,TRUE,FALSE,40000,40000,40000,0,0,0,FALSE,0.029394375725439,0.530148093475207,0.00127094572279977,0.9286,0.00269330340445173,0.0269069831917392,1.65769736842105e-06,-4.239433811802e-06,100,400,"cc282ead2f3b36e672a7dedb5a0cb789",TRUE,28.9999999999999,29,29,0.500496686819403,0.346835046452679,0.66996954057187,0.379454269907968,0,0,0,10,0.439052485243326,0.453131166128834,"Same allocations, extended independent outcome prefix",1
"2019","education","queen","mean_rank",0,0.8,"control_only",7,"Balanced Halves",100,100,TRUE,0.294729934633448,0.00789030329800848,0.000469803090450148,0.00742050020755833,0.0888273792138915,0.0861423252969081,0.424301948847039,0.482111115421508,0.552633097992927,0.00216749415327965,0.00888273792138915,0.00741775541608008,0.0595418290915037,0.420277140725533,0.420867356294383,0.49957446847754,0.484153208722986,0.428571428571429,0.868502850285028,TRUE,FALSE,40000,40000,40000,0,0,0,FALSE,0.0301385671341341,0.542397107705517,0.00142803813999939,0.9281,0.00271707020391058,0.0231368145201274,1.66738095238095e-06,3.71911976911979e-05,100,400,"02a32f7afefd0ee4631b298ecd2cb887",TRUE,28.9999999999999,29,29,0.505344590875523,0.34749297552939,0.664370261381774,-0.392636811442227,0,0,0,10,0.462049316983111,0.460030727953973,"Same allocations, extended independent outcome prefix",1
"2020","education","queen","mean_rank",0,0.8,"control_only",7,"Balanced Halves",100,100,TRUE,0.300561827591837,0.00885843484679111,0.000509091634161916,0.0083493432126292,0.094119258639192,0.0913747405612142,0.448106092429505,0.503813467466866,0.594823566817142,0.00225630590603738,0.0094119258639192,0.00829582222151755,0.057469704633695,0.423618026594041,0.463959120663648,0.498965366856194,0.51803238644466,0.666666666666667,0.852229222922292,TRUE,FALSE,40000,40000,40000,0,0,0,FALSE,0.0313144418216028,0.547546793066398,0.00131319065522478,0.92905,0.00272515050012214,0.0274651960586448,1.64775375939849e-06,7.6715937571203e-06,100,400,"fffdcf34902c7db3c81d6cf5c9d6ddf7",TRUE,28.9999999999999,29,29,0.492143962502697,0.33044607514511,0.651453345227921,0.925947027784773,0,0,0,10,0.505741880966703,0.483329337167025,"Same allocations, extended independent outcome prefix",1
"2021","education","queen","mean_rank",0,0.8,"control_only",7,"Balanced Halves",100,100,TRUE,0.279214073855273,0.00817379611756809,0.000431618278501501,0.00774217783906659,0.0904090488699449,0.0879896462037812,0.396908777529655,0.47182102465595,0.68798726023673,0.00207754248693378,0.00904090488699449,0.00776358925850581,0.0528051192240795,0.3826114896021,0.409786420462834,0.469345976635474,0.481747653599981,0.428571428571429,0.856837683768377,TRUE,FALSE,40000,40000,40000,0,0,0,FALSE,0.0323798322991438,0.527858464491347,0.00125540246675532,0.93085,0.00273168540267916,0.0240731244359964,1.60932957393483e-06,-3.32942203994837e-06,100,400,"ad6107f83c2c5dd0f9667d4149bb362b",TRUE,28.9999999999999,29,29,0.494090795062701,0.338069932551647,0.647222873549911,0.867899090015387,0,0,0,10,0.469982377016934,0.443153719259593,"Same allocations, extended independent outcome prefix",1
"2018","education","queen","mean_rank",0.5,0.8,"control_only",7,"Balanced Halves",100,100,TRUE,0.307055017066878,0.00848510217230923,0.000552086643999982,0.00793301552830925,0.0921146143253568,0.0890674773882658,0.421490946175424,0.516670000154814,0.708409296228461,0.00234965240833614,0.00921146143253568,0.00790159432160291,0.0650654090886134,0.424212248542432,0.438335587824778,0.523129597349284,0.523076521394382,0.538461538461538,0.857401740174017,TRUE,FALSE,40000,40000,40000,0,0,0,FALSE,0.0299993842163125,0.551976624742686,0.0012003024660897,0.927925,0.00296627351892092,0.0487526697171563,1.67262061403508e-06,-2.31894603934077e-05,100,400,"d14578513fd4104a3b9baaf78c3a2512",TRUE,28.9999999999999,29,29,0.500496686819403,0.346835046452679,0.66996954057187,0.379454269907968,0,0,0,10,0.492407024253729,0.503957772546465,"Same allocations, extended independent outcome prefix",1
"2019","education","queen","mean_rank",0.5,0.8,"control_only",7,"Balanced Halves",100,100,TRUE,0.307800643773646,0.00691520527130623,0.000521120870371482,0.00639408440093474,0.0831577132400009,0.0799630189583581,0.418375785064533,0.482786928085614,0.608846093685887,0.00228280719810387,0.00831577132400009,0.00630073352370671,0.0753586986830033,0.433019759267177,0.407239324506447,0.505543366923221,0.474400796780712,0.428571428571429,0.822958295829583,TRUE,FALSE,40000,40000,40000,0,0,0,FALSE,0.0270167444162834,0.55255478554828,0.00126680621240898,0.93,0.00328800464072113,0.0498382658340011,1.62759711779448e-06,-2.27991379965058e-06,100,400,"7e9ad003462bfeb76eb68640fd5d659e",TRUE,28.9999999999999,29,29,0.505344590875523,0.34749297552939,0.664370261381774,-0.392636811442227,0,0,0,10,0.440625672348184,0.477252857769558,"Same allocations, extended independent outcome prefix",1
"2020","education","queen","mean_rank",0.5,0.8,"control_only",7,"Balanced Halves",100,100,TRUE,0.316460324643703,0.00817865253603771,0.000575339855200799,0.00760331268083691,0.0904359029149248,0.0871969763285225,0.467304912607295,0.516611103579868,0.652595008072686,0.00239862430405597,0.00904359029149248,0.00760815677619509,0.0703465335720855,0.449638621872574,0.452190094021945,0.532992154818775,0.509749555025861,0.666666666666667,0.80013201320132,TRUE,FALSE,40000,40000,40000,0,0,0,FALSE,0.0285773273527242,0.560397745110415,0.00145631678760446,0.9271,0.00319743819633886,0.0491395148415763,1.68861215538847e-06,4.32246430470117e-05,100,400,"b0d847e267ee662850c478e2bcde0e7b",TRUE,28.9999999999999,29,29,0.492143962502697,0.33044607514511,0.651453345227921,0.925947027784773,0,0,0,10,0.498608903963553,0.506612902312067,"Same allocations, extended independent outcome prefix",1
"2021","education","queen","mean_rank",0.5,0.8,"control_only",7,"Balanced Halves",100,100,TRUE,0.302653832802231,0.00769992277730157,0.000524370580699482,0.00717555219660208,0.0877492038556565,0.0847086311812562,0.418634879987164,0.490985177880216,0.674577193876325,0.00228991393004078,0.00877492038556565,0.00712836379239454,0.0681007583927027,0.414514331532258,0.402626808279076,0.496544829159486,0.497092561979563,0.666666666666667,0.843672367236724,TRUE,FALSE,40000,40000,40000,0,0,0,FALSE,0.0289932570961348,0.547833359640512,0.00120781336774898,0.92795,0.0030719176313537,0.0503233829071545,1.67203947368421e-06,-2.13226342371076e-05,100,400,"aa3ca46b8ea9a5fc6a9884541d215e65",TRUE,28.9999999999999,29,29,0.494090795062701,0.338069932551647,0.647222873549911,0.867899090015387,0,0,0,10,0.484995668120196,0.480721156673246,"Same allocations, extended independent outcome prefix",1
"2018","education","queen","mean_rank",0,0.8,"both",8,"Incidence-Guided Saturation Regions",100,100,TRUE,0.0740183618652887,3.26848310661527e-05,2.67837068874868e-05,5.90112417866586e-06,0.00571706489959251,0.00242922295779244,0.0806395293492588,0.0844907665291417,0.094914685632682,0.000517529775834075,0.000571706489959251,7.6685007176416e-06,0.819453734770045,0.0849963678480648,0.0817717462345939,0.088175305114663,0.0866535776605393,0.111111111111111,0.0598619861986199,TRUE,FALSE,40000,40000,40000,0,0,0,FALSE,0.00772384683411044,0.271743026815082,0.00137202156754848,0.932225,0.00127814527287146,0.0131942882591809,1.57882675438596e-06,3.03616427432218e-05,100,400,"758bc719e8468dd749999aac45cf53c4",TRUE,28.9999999999999,29,29,0.531776757380275,0.397256064278417,0.673031574443865,3.43536340489722,0,0,0,10,0.0757428292394804,0.0780457212202779,"Same allocations, extended independent outcome prefix",1
"2019","education","queen","mean_rank",0,0.8,"both",8,"Incidence-Guided Saturation Regions",100,100,TRUE,0.0738366661337678,4.34455922061459e-05,2.72380392950355e-05,1.62075529111104e-05,0.00659132704439295,0.00402586051808932,0.0823128852498634,0.086574407063375,0.0960572809618685,0.000521900750095605,0.000659132704439295,1.8066763541581e-05,0.626945977989968,0.081983637057699,0.0846258206979497,0.0883553158550909,0.0884636037236102,0.25,0.190963096309631,TRUE,FALSE,40000,40000,40000,0,0,0,FALSE,0.00892690229601053,0.271238149149343,0.00123526670738907,0.93725,0.00131576611961063,0.0163258255474825,1.47020989974937e-06,5.56739386344633e-06,100,400,"6b71b97cc4e492c578aec24edff31627",TRUE,28.9999999999999,29,29,0.450668736811486,0.272277382897279,0.586272159524756,4.3376261103781,0,0,0,10,0.0813273504943917,0.0820380442100069,"Same allocations, extended independent outcome prefix",1
"2020","education","queen","mean_rank",0,0.8,"both",8,"Incidence-Guided Saturation Regions",100,100,TRUE,0.0744203224765118,3.20860072379092e-05,2.76903557781397e-05,4.39565145976958e-06,0.00566445118594107,0.00209658089750183,0.0813945279033568,0.0837947965657822,0.0861636498102647,0.000526216265219346,0.000566445118594107,5.52204900532836e-06,0.863004099351565,0.085496140086694,0.0845429132860518,0.0883280823722692,0.0877763475205855,0,0.113363336333633,TRUE,FALSE,40000,40000,40000,0,0,0,FALSE,0.00761143058433919,0.272415457609563,0.00133203298333295,0.933925,0.00121074486115878,0.0144962385426039,1.5421914160401e-06,2.32120452646769e-05,100,400,"0809b182e907478d1ff86173f263a4e9",TRUE,28.9999999999999,29,29,0.47900833297685,0.274854437535772,0.653646422865086,7.20865677853573,0,0,0,10,0.0745621430460787,0.0727332834585672,"Same allocations, extended independent outcome prefix",1
"2021","education","queen","mean_rank",0,0.8,"both",8,"Incidence-Guided Saturation Regions",100,100,TRUE,0.0730290848260665,3.55237701732472e-05,2.65198857902769e-05,9.00388438297028e-06,0.00596018205873337,0.00300064732732294,0.0811348348797007,0.0838997926293354,0.0878834187098235,0.00051497461869763,0.000596018205873338,1.55725911922384e-05,0.746539166899828,0.0825920906527392,0.0823946385874398,0.0873626616102997,0.0863275183490662,0.111111111111111,0.277983798379838,TRUE,FALSE,40000,40000,40000,0,0,0,FALSE,0.00816138128107281,0.269848462801475,0.00124443204358901,0.93625,0.00146119300090456,0.0145221193269941,1.49204573934837e-06,5.65653717627388e-06,100,400,"83b1a84c374fe8e19bb80fdfe4eceeaf",TRUE,28.9999999999999,29,29,0.517550747014038,0.324903770520107,0.650253930210886,5.78369469209822,0,0,0,10,0.0759744011110561,0.0768049999547757,"Same allocations, extended independent outcome prefix",1
"2018","education","queen","mean_rank",0.5,0.8,"both",8,"Incidence-Guided Saturation Regions",100,100,TRUE,0.0774105461151903,4.00804567612477e-05,3.04637578558197e-05,9.61669890542807e-06,0.00633091279052616,0.0031010802803907,0.085993099406379,0.0896337598497937,0.0972734409583706,0.000551939832371425,0.000633091279052616,1.22623439872966e-05,0.760065136914156,0.0869499836893243,0.0876217209793294,0.0933101738234617,0.0934469068202128,0.176470588235294,0.168484848484848,TRUE,FALSE,40000,40000,40000,0,0,0,FALSE,0.00817835954949275,0.276305960589171,0.00123923648699797,0.9353,0.0014406037321373,0.0326429511240294,1.51282894736842e-06,2.28781233386482e-06,100,400,"0bf79da2d5f5b1d79964ffc26907b169",TRUE,28.9999999999999,29,29,0.531776757380275,0.397256064278417,0.673031574443865,3.43536340489722,0,0,0,10,0.0811994362479105,0.0822461496999584,"Same allocations, extended independent outcome prefix",1
"2019","education","queen","mean_rank",0.5,0.8,"both",8,"Incidence-Guided Saturation Regions",100,100,TRUE,0.0806382469647764,4.74798470426005e-05,3.2921931543257e-05,1.45579154993436e-05,0.006890562171739,0.00381548365208706,0.0891785173273329,0.093932866422462,0.100909468537411,0.00057377636360569,0.0006890562171739,1.25853622293164e-05,0.693387481086834,0.0922651076068159,0.0895791020493309,0.0981900800829204,0.0958095533623299,0.176470588235294,0.109030903090309,TRUE,FALSE,40000,40000,40000,0,0,0,FALSE,0.00854502972361102,0.281074250539405,0.00136303101041522,0.93385,0.00136704341166909,0.0404414718882524,1.54361528822055e-06,3.14238247132986e-05,100,400,"692c96d78e29322dd5fd6e0287c69d65",TRUE,28.9999999999999,29,29,0.450668736811486,0.272277382897279,0.586272159524756,4.3376261103781,0,0,0,10,0.0836998123809481,0.0875497484015466,"Same allocations, extended independent outcome prefix",1
"2020","education","queen","mean_rank",0.5,0.8,"both",8,"Incidence-Guided Saturation Regions",100,100,TRUE,0.0794265879861629,4.85069655249252e-05,3.18160241114413e-05,1.6690941413484e-05,0.00696469421618245,0.00408545486004728,0.0890513433807844,0.0929003958249724,0.0982765315886435,0.000564056948467451,0.000696469421618245,2.63985656074226e-05,0.655906296490401,0.0917124473918024,0.0885324674368799,0.0958286768954415,0.0937079140769341,0.25,0.311551155115512,TRUE,FALSE,40000,40000,40000,0,0,0,FALSE,0.00876871887962226,0.279622199790583,0.00131706697021845,0.933075,0.00174722689746312,0.0351854141717547,1.56075971177945e-06,1.73905692260957e-05,100,400,"fa19259617e12811ddf23f44f67c57f4",TRUE,28.9999999999999,29,29,0.47900833297685,0.274854437535772,0.653646422865086,7.20865677853573,0,0,0,10,0.0860505614603863,0.0868689765708711,"Same allocations, extended independent outcome prefix",1
"2021","education","queen","mean_rank",0.5,0.8,"both",8,"Incidence-Guided Saturation Regions",100,100,TRUE,0.0790617509317942,5.14251630859032e-05,3.11800666683319e-05,2.02450964175713e-05,0.00717113401673007,0.00449945512452022,0.0891887275427086,0.0917620410739903,0.094835730932297,0.000558391141300898,0.000717113401673007,1.95220566158184e-05,0.606319256902446,0.0891951262272108,0.0912959509639471,0.0944761437957271,0.0979131167348249,0.111111111111111,0.232763276327633,TRUE,FALSE,40000,40000,40000,0,0,0,FALSE,0.00907029496844376,0.279439279166478,0.0014229606175829,0.933425,0.00155279615568606,0.0312320378892145,1.55243890977443e-06,4.72378009417484e-05,100,400,"4520d0da7d76c14c4342b996ef8571d4",TRUE,28.9999999999999,29,29,0.517550747014038,0.324903770520107,0.650253930210886,5.78369469209822,0,0,0,10,0.0834802663277463,0.082707184900869,"Same allocations, extended independent outcome prefix",1
"2018","education","queen","mean_rank",0,0.8,"control_only",8,"Incidence-Guided Saturation Regions",100,100,TRUE,0.234124725263562,0.00281995729146733,0.000302725183865767,0.00251723210760156,0.0531032700637854,0.050172025149495,0.289828945304027,0.347848647438301,0.506408005958994,0.00173989995076087,0.00531032700637854,0.00258772698683704,0.107350981797405,0.28734247845798,0.297540652904462,0.350050938346798,0.362350747926117,0.333333333333333,0.747170717071707,TRUE,FALSE,40000,40000,40000,0,0,0,FALSE,0.0226816155380451,0.482573600526823,0.00120953701802789,0.9273,0.00207821329466132,0.0353191922067904,1.68596177944862e-06,-2.2298198146882e-05,100,400,"bbf2ef314b3b524e35a811ea631ca5c8",TRUE,28.9999999999999,29,29,0.531776757380275,0.397256064278417,0.673031574443865,3.43536340489722,0,0,0,10,0.339098804121629,0.325959360745361,"Same allocations, extended independent outcome prefix",1
"2019","education","queen","mean_rank",0,0.8,"control_only",8,"Incidence-Guided Saturation Regions",100,100,TRUE,0.205087942915849,0.00124727173109529,0.000229410934574544,0.00101786079652075,0.0353167344341927,0.031903930737775,0.250786075527091,0.277527520760475,0.311972590551112,0.0015146317525212,0.00353167344341927,0.00110148957114359,0.183930196488208,0.2515805423985,0.250231124872476,0.280803756456276,0.278385470802627,0.333333333333333,0.753807380738074,TRUE,FALSE,40000,40000,40000,0,0,0,FALSE,0.0172202880052699,0.451222707269074,0.00130493188413121,0.926575,0.002306425677756,0.0385488178887076,1.70088189223057e-06,1.9653299916463e-07,100,400,"daa23fcb8cb582d335c60dfe186ad1f2",TRUE,28.9999999999999,29,29,0.450668736811486,0.272277382897279,0.586272159524756,4.3376261103781,0,0,0,10,0.259049542787919,0.27240720917032,"Same allocations, extended independent outcome prefix",1
"2020","education","queen","mean_rank",0,0.8,"control_only",8,"Incidence-Guided Saturation Regions",100,100,TRUE,0.213624321841878,0.00228534491663471,0.000250685277963812,0.0020346596386709,0.0478052812630018,0.0451072016275771,0.276522619656704,0.316727650353705,0.430595041943092,0.00158330438628778,0.00478052812630018,0.00206852505593593,0.109692535310145,0.267426947728377,0.276018569299849,0.306475265149457,0.333060880478975,0.428571428571429,0.782634263426343,TRUE,FALSE,40000,40000,40000,0,0,0,FALSE,0.0223782015319335,0.461116068031192,0.00120973273198185,0.924575,0.00287133549456265,0.0315641195874642,1.74414003759398e-06,-2.806867547657e-05,100,400,"111dd3b3d841ba8b07d59c3a18e12f83",TRUE,28.9999999999999,29,29,0.47900833297685,0.274854437535772,0.653646422865086,7.20865677853573,0,0,0,10,0.310394199815424,0.294101701367003,"Same allocations, extended independent outcome prefix",1
"2021","education","queen","mean_rank",0,0.8,"control_only",8,"Incidence-Guided Saturation Regions",100,100,TRUE,0.231504340441153,0.00388057980963836,0.000301346090580093,0.00357923371905826,0.0622942999771115,0.0598266973771599,0.323626523187784,0.373761196509311,0.489501927156907,0.00173593228721656,0.00622942999771115,0.00359126277190301,0.0776549137919099,0.317097806239922,0.331404576073108,0.378639399100717,0.378296300983994,0.428571428571429,0.76973297329733,TRUE,FALSE,40000,40000,40000,0,0,0,FALSE,0.0269084803586852,0.480091856773038,0.00125916839640497,0.9271,0.00239661833259842,0.0318770999523146,1.68994047619047e-06,-1.04435425685422e-05,100,400,"1790fa27d8562f42653c4d1e45b2564d",TRUE,28.9999999999999,29,29,0.517550747014038,0.324903770520107,0.650253930210886,5.78369469209822,0,0,0,10,0.361480256181558,0.353472866000283,"Same allocations, extended independent outcome prefix",1
"2018","education","queen","mean_rank",0.5,0.8,"control_only",8,"Incidence-Guided Saturation Regions",100,100,TRUE,0.257177292274146,0.00300212139809326,0.000372006655629682,0.00263011474246358,0.0547916179546951,0.0512846443144884,0.311433039939031,0.37314427348975,0.511921698110777,0.00192874740603761,0.00547916179546951,0.00267540573311776,0.12391459448174,0.324118438772252,0.320965648229916,0.377735926840619,0.383181300381475,0.333333333333333,0.698385838583858,TRUE,FALSE,40000,40000,40000,0,0,0,FALSE,0.0213049983807623,0.5029861945197,0.00138402456260682,0.926475,0.00285688227713106,0.064669779624921,1.7024921679198e-06,2.13031821979193e-05,100,400,"c09faebd68c54be6ba005472612647ac",TRUE,28.9999999999999,29,29,0.531776757380275,0.397256064278417,0.673031574443865,3.43536340489722,0,0,0,10,0.343768108778405,0.355258448687926,"Same allocations, extended independent outcome prefix",1
"2019","education","queen","mean_rank",0.5,0.8,"control_only",8,"Incidence-Guided Saturation Regions",100,100,TRUE,0.233605180467107,0.00108302680152631,0.00032156681190419,0.00076145998962212,0.0329093725483533,0.0275945644941557,0.268084315900715,0.293788670621753,0.355536022681321,0.00179322840682438,0.00329093725483533,0.000771593892506249,0.296914916095341,0.286808849860217,0.274093413340282,0.309596134030884,0.296516889861448,0.333333333333333,0.535361536153615,TRUE,FALSE,40000,40000,40000,0,0,0,FALSE,0.0140876039146688,0.477242360502134,0.00129455688374537,0.923025,0.00324269078744892,0.0764520098457733,1.77653978696742e-06,-1.00662261714891e-05,100,400,"2cf8a2c8bffc6c2c15ab3e6ab2c6f7e3",TRUE,28.9999999999999,29,29,0.450668736811486,0.272277382897279,0.586272159524756,4.3376261103781,0,0,0,10,0.264549765868049,0.273862402924664,"Same allocations, extended independent outcome prefix",1
"2020","education","queen","mean_rank",0.5,0.8,"control_only",8,"Incidence-Guided Saturation Regions",100,100,TRUE,0.233416625039877,0.00253825573421788,0.000312594468261806,0.00222566126595607,0.0503811049324831,0.0471769145446803,0.291971966065497,0.34188433606245,0.492321604507409,0.00176803412937026,0.00503811049324831,0.0021491539814362,0.123153259952401,0.284248140486629,0.29459238125445,0.34652624195472,0.349671313403076,0.428571428571429,0.641068106810681,TRUE,FALSE,40000,40000,40000,0,0,0,FALSE,0.0215841973226525,0.478379068053301,0.00129181572942424,0.9273,0.00286181213863085,0.067602457709262,1.68545112781955e-06,-1.66632490316692e-06,100,400,"249944e2f13e698b8545761f696a16de",TRUE,28.9999999999999,29,29,0.47900833297685,0.274854437535772,0.653646422865086,7.20865677853573,0,0,0,10,0.331769212113682,0.316718814724608,"Same allocations, extended independent outcome prefix",1
"2021","education","queen","mean_rank",0.5,0.8,"control_only",8,"Incidence-Guided Saturation Regions",100,100,TRUE,0.247092315285305,0.00325282593659235,0.000339110094258268,0.00291371584233408,0.0570335509730225,0.0539788462486379,0.326444218615565,0.367351873109232,0.500361617798103,0.00184149421464817,0.00570335509730225,0.0028703543635125,0.104250919314028,0.327371460730463,0.316433441620568,0.374810209010927,0.374934546401365,0.333333333333333,0.671911191119112,TRUE,FALSE,40000,40000,40000,0,0,0,FALSE,0.0230818797044209,0.493354461689667,0.00130037630528764,0.927325,0.00270015138136471,0.0607757387137642,1.68486058897243e-06,6.11794638110655e-07,100,400,"9053a355157ffac829e6666fb713f378",TRUE,28.9999999999999,29,29,0.517550747014038,0.324903770520107,0.650253930210886,5.78369469209822,0,0,0,10,0.352913262252291,0.352460428637728,"Same allocations, extended independent outcome prefix",1
"2018","education","queen","mean_rank",0,0.8,"both",9,"Simple Random Sampling",100,100,TRUE,0.0754504482617685,6.3135065088645e-05,2.87536201051677e-05,3.43814449834773e-05,0.00794575767870157,0.00586356930405682,0.0839305167286832,0.0917595291981485,0.109945022325658,0.000536224021330336,0.000794575767870157,2.86349104701743e-05,0.455430275787252,0.087809170369013,0.0897174042927734,0.0930635320739637,0.0967612579486385,0.333333333333333,0.202412241224122,TRUE,FALSE,40000,40000,40000,0,0,0,FALSE,0.0105310940647224,0.274543612419203,0.0014039514042354,0.932725,0.0013184315210511,0.00873230448294332,1.56776785714285e-06,4.0331168831169e-05,100,400,"2e91cec91465861785706a02012228b9",TRUE,28.9999999999999,29,29,0.49545586285622,0.314508582213638,0.68561367828357,-0.794663480317001,0,0,0,10,0.085365245813085,0.0856461250308015,"Same allocations, extended independent outcome prefix",4
"2019","education","queen","mean_rank",0,0.8,"both",9,"Simple Random Sampling",100,100,TRUE,0.0754504482617685,6.3135065088645e-05,2.87536201051677e-05,3.43814449834773e-05,0.00794575767870157,0.00586356930405682,0.0839305167286832,0.0917595291981485,0.109945022325658,0.000536224021330336,0.000794575767870157,2.86349104701743e-05,0.455430275787252,0.087809170369013,0.0897174042927734,0.0930635320739637,0.0967612579486385,0.333333333333333,0.202412241224122,TRUE,FALSE,40000,40000,40000,0,0,0,FALSE,0.0105310940647224,0.274543612419203,0.0014039514042354,0.932725,0.0013184315210511,0.00873230448294332,1.56776785714285e-06,4.0331168831169e-05,100,400,"2e91cec91465861785706a02012228b9",TRUE,28.9999999999999,29,29,0.495425228099387,0.313306121476637,0.685744901068121,0.341582496836179,0,0,0,10,0.085365245813085,0.0856461250308015,"Same allocations, extended independent outcome prefix",4
"2020","education","queen","mean_rank",0,0.8,"both",9,"Simple Random Sampling",100,100,TRUE,0.0754504482617685,6.3135065088645e-05,2.87536201051677e-05,3.43814449834773e-05,0.00794575767870157,0.00586356930405682,0.0839305167286832,0.0917595291981485,0.109945022325658,0.000536224021330336,0.000794575767870157,2.86349104701743e-05,0.455430275787252,0.087809170369013,0.0897174042927734,0.0930635320739637,0.0967612579486385,0.333333333333333,0.202412241224122,TRUE,FALSE,40000,40000,40000,0,0,0,FALSE,0.0105310940647224,0.274543612419203,0.0014039514042354,0.932725,0.0013184315210511,0.00873230448294332,1.56776785714285e-06,4.0331168831169e-05,100,400,"2e91cec91465861785706a02012228b9",TRUE,28.9999999999999,29,29,0.495469723288464,0.312882563010975,0.685599752948953,0.587777775973607,0,0,0,10,0.085365245813085,0.0856461250308015,"Same allocations, extended independent outcome prefix",4
"2021","education","queen","mean_rank",0,0.8,"both",9,"Simple Random Sampling",100,100,TRUE,0.0754504482617685,6.3135065088645e-05,2.87536201051677e-05,3.43814449834773e-05,0.00794575767870157,0.00586356930405682,0.0839305167286832,0.0917595291981485,0.109945022325658,0.000536224021330336,0.000794575767870157,2.86349104701743e-05,0.455430275787252,0.087809170369013,0.0897174042927734,0.0930635320739637,0.0967612579486385,0.333333333333333,0.202412241224122,TRUE,FALSE,40000,40000,40000,0,0,0,FALSE,0.0105310940647224,0.274543612419203,0.0014039514042354,0.932725,0.0013184315210511,0.00873230448294332,1.56776785714285e-06,4.0331168831169e-05,100,400,"2e91cec91465861785706a02012228b9",TRUE,28.9999999999999,29,29,0.495456847939106,0.312797009934478,0.686800807024632,0.0205442551530072,0,0,0,10,0.085365245813085,0.0856461250308015,"Same allocations, extended independent outcome prefix",4
"2018","education","queen","mean_rank",0.5,0.8,"both",9,"Simple Random Sampling",100,100,TRUE,0.0800051469683508,7.08377672781846e-05,3.18992896051864e-05,3.89384776729982e-05,0.00841651752675562,0.00624007032596574,0.0919766641940882,0.0974867868375113,0.116784187879151,0.00056479456092624,0.000841651752675562,3.46023339390001e-05,0.450314723781677,0.0939939724499291,0.0934446032313117,0.0999309651431496,0.0993181789699927,0.25,0.194323432343234,TRUE,FALSE,40000,40000,40000,0,0,0,FALSE,0.0105199700840311,0.281823694314749,0.00119631167183206,0.9312,0.00174614686376203,0.0240946527498885,1.60212719298245e-06,-1.70965576820841e-05,100,400,"7d6a4746e8d1b36fa0aba44b29c6c563",TRUE,28.9999999999999,29,29,0.49545586285622,0.314508582213638,0.68561367828357,-0.794663480317001,0,0,0,10,0.0896889451433493,0.0925183186596336,"Same allocations, extended independent outcome prefix",4
"2019","education","queen","mean_rank",0.5,0.8,"both",9,"Simple Random Sampling",100,100,TRUE,0.0800051469683508,7.08377672781846e-05,3.18992896051864e-05,3.89384776729982e-05,0.00841651752675562,0.00624007032596574,0.0919766641940882,0.0974867868375113,0.116784187879151,0.00056479456092624,0.000841651752675562,3.46023339390001e-05,0.450314723781677,0.0939939724499291,0.0934446032313117,0.0999309651431496,0.0993181789699927,0.25,0.194323432343234,TRUE,FALSE,40000,40000,40000,0,0,0,FALSE,0.0105199700840311,0.281823694314749,0.00119631167183206,0.9312,0.00174614686376203,0.0240946527498885,1.60212719298245e-06,-1.70965576820841e-05,100,400,"7d6a4746e8d1b36fa0aba44b29c6c563",TRUE,28.9999999999999,29,29,0.495425228099387,0.313306121476637,0.685744901068121,0.341582496836179,0,0,0,10,0.0896889451433493,0.0925183186596336,"Same allocations, extended independent outcome prefix",4
"2020","education","queen","mean_rank",0.5,0.8,"both",9,"Simple Random Sampling",100,100,TRUE,0.0800051469683508,7.08377672781846e-05,3.18992896051864e-05,3.89384776729982e-05,0.00841651752675562,0.00624007032596574,0.0919766641940882,0.0974867868375113,0.116784187879151,0.00056479456092624,0.000841651752675562,3.46023339390001e-05,0.450314723781677,0.0939939724499291,0.0934446032313117,0.0999309651431496,0.0993181789699927,0.25,0.194323432343234,TRUE,FALSE,40000,40000,40000,0,0,0,FALSE,0.0105199700840311,0.281823694314749,0.00119631167183206,0.9312,0.00174614686376203,0.0240946527498885,1.60212719298245e-06,-1.70965576820841e-05,100,400,"7d6a4746e8d1b36fa0aba44b29c6c563",TRUE,28.9999999999999,29,29,0.495469723288464,0.312882563010975,0.685599752948953,0.587777775973607,0,0,0,10,0.0896889451433493,0.0925183186596336,"Same allocations, extended independent outcome prefix",4
"2021","education","queen","mean_rank",0.5,0.8,"both",9,"Simple Random Sampling",100,100,TRUE,0.0800051469683508,7.08377672781846e-05,3.18992896051864e-05,3.89384776729982e-05,0.00841651752675562,0.00624007032596574,0.0919766641940882,0.0974867868375113,0.116784187879151,0.00056479456092624,0.000841651752675562,3.46023339390001e-05,0.450314723781677,0.0939939724499291,0.0934446032313117,0.0999309651431496,0.0993181789699927,0.25,0.194323432343234,TRUE,FALSE,40000,40000,40000,0,0,0,FALSE,0.0105199700840311,0.281823694314749,0.00119631167183206,0.9312,0.00174614686376203,0.0240946527498885,1.60212719298245e-06,-1.70965576820841e-05,100,400,"7d6a4746e8d1b36fa0aba44b29c6c563",TRUE,28.9999999999999,29,29,0.495456847939106,0.312797009934478,0.686800807024632,0.0205442551530072,0,0,0,10,0.0896889451433493,0.0925183186596336,"Same allocations, extended independent outcome prefix",4
"2018","education","queen","mean_rank",0,0.8,"control_only",9,"Simple Random Sampling",100,100,TRUE,0.299051063605594,0.00782194550827624,0.000478685950026841,0.0073432595582494,0.0884417633715896,0.0856928209259644,0.408420404306951,0.471310277132449,0.688665798227346,0.00218788927970965,0.00884417633715896,0.00742518065201654,0.0611978119152521,0.410104947247739,0.40906937103174,0.491439760769994,0.459737474287615,0.538461538461538,0.913231323132313,TRUE,FALSE,40000,40000,40000,0,0,0,FALSE,0.0295741343653042,0.54609741761489,0.0011656137023175,0.928325,0.00283262030376181,0.0287866997056322,1.66424028822055e-06,-3.05584985190246e-05,100,400,"ac322b5bea4c8163c656df36b45d9f48",TRUE,28.9999999999999,29,29,0.49545586285622,0.314508582213638,0.68561367828357,-0.794663480317001,0,0,0,10,0.451180793494904,0.469486030457435,"Same allocations, extended independent outcome prefix",4
"2019","education","queen","mean_rank",0,0.8,"control_only",9,"Simple Random Sampling",100,100,TRUE,0.299051063605594,0.00782194550827624,0.000478685950026841,0.0073432595582494,0.0884417633715896,0.0856928209259644,0.408420404306951,0.471310277132449,0.688665798227346,0.00218788927970965,0.00884417633715896,0.00742518065201654,0.0611978119152521,0.410104947247739,0.40906937103174,0.491439760769994,0.459737474287615,0.538461538461538,0.913231323132313,TRUE,FALSE,40000,40000,40000,0,0,0,FALSE,0.0295741343653042,0.54609741761489,0.0011656137023175,0.928325,0.00283262030376181,0.0287866997056322,1.66424028822055e-06,-3.05584985190246e-05,100,400,"ac322b5bea4c8163c656df36b45d9f48",TRUE,28.9999999999999,29,29,0.495425228099387,0.313306121476637,0.685744901068121,0.341582496836179,0,0,0,10,0.451180793494904,0.469486030457435,"Same allocations, extended independent outcome prefix",4
"2020","education","queen","mean_rank",0,0.8,"control_only",9,"Simple Random Sampling",100,100,TRUE,0.299051063605594,0.00782194550827624,0.000478685950026841,0.0073432595582494,0.0884417633715896,0.0856928209259644,0.408420404306951,0.471310277132449,0.688665798227346,0.00218788927970965,0.00884417633715896,0.00742518065201654,0.0611978119152521,0.410104947247739,0.40906937103174,0.491439760769994,0.459737474287615,0.538461538461538,0.913231323132313,TRUE,FALSE,40000,40000,40000,0,0,0,FALSE,0.0295741343653042,0.54609741761489,0.0011656137023175,0.928325,0.00283262030376181,0.0287866997056322,1.66424028822055e-06,-3.05584985190246e-05,100,400,"ac322b5bea4c8163c656df36b45d9f48",TRUE,28.9999999999999,29,29,0.495469723288464,0.312882563010975,0.685599752948953,0.587777775973607,0,0,0,10,0.451180793494904,0.469486030457435,"Same allocations, extended independent outcome prefix",4
"2021","education","queen","mean_rank",0,0.8,"control_only",9,"Simple Random Sampling",100,100,TRUE,0.299051063605594,0.00782194550827624,0.000478685950026841,0.0073432595582494,0.0884417633715896,0.0856928209259644,0.408420404306951,0.471310277132449,0.688665798227346,0.00218788927970965,0.00884417633715896,0.00742518065201654,0.0611978119152521,0.410104947247739,0.40906937103174,0.491439760769994,0.459737474287615,0.538461538461538,0.913231323132313,TRUE,FALSE,40000,40000,40000,0,0,0,FALSE,0.0295741343653042,0.54609741761489,0.0011656137023175,0.928325,0.00283262030376181,0.0287866997056322,1.66424028822055e-06,-3.05584985190246e-05,100,400,"ac322b5bea4c8163c656df36b45d9f48",TRUE,28.9999999999999,29,29,0.495456847939106,0.312797009934478,0.686800807024632,0.0205442551530072,0,0,0,10,0.451180793494904,0.469486030457435,"Same allocations, extended independent outcome prefix",4
"2018","education","queen","mean_rank",0.5,0.8,"control_only",9,"Simple Random Sampling",100,100,TRUE,0.318854128053827,0.00969527092918874,0.00058417405673252,0.00911109687245622,0.098464566871483,0.0954520658365036,0.433720182463965,0.519287613013338,0.829827541130243,0.00241696929383168,0.0098464566871483,0.00905080147023819,0.0602535051365915,0.438010029515954,0.414878626179511,0.528923765158544,0.525045180034084,0.428571428571429,0.870879087908791,TRUE,FALSE,40000,40000,40000,0,0,0,FALSE,0.0308807564990537,0.562366911834297,0.00132004744328575,0.9282,0.00304824552450017,0.0509665039784186,1.66597117794486e-06,7.65540745803909e-06,100,400,"ea98103eca44b022795a79e797d526ab",TRUE,28.9999999999999,29,29,0.49545586285622,0.314508582213638,0.68561367828357,-0.794663480317001,0,0,0,10,0.499896941537264,0.502792362164723,"Same allocations, extended independent outcome prefix",4
"2019","education","queen","mean_rank",0.5,0.8,"control_only",9,"Simple Random Sampling",100,100,TRUE,0.318854128053827,0.00969527092918874,0.00058417405673252,0.00911109687245622,0.098464566871483,0.0954520658365036,0.433720182463965,0.519287613013338,0.829827541130243,0.00241696929383168,0.0098464566871483,0.00905080147023819,0.0602535051365915,0.438010029515954,0.414878626179511,0.528923765158544,0.525045180034084,0.428571428571429,0.870879087908791,TRUE,FALSE,40000,40000,40000,0,0,0,FALSE,0.0308807564990537,0.562366911834297,0.00132004744328575,0.9282,0.00304824552450017,0.0509665039784186,1.66597117794486e-06,7.65540745803909e-06,100,400,"ea98103eca44b022795a79e797d526ab",TRUE,28.9999999999999,29,29,0.495425228099387,0.313306121476637,0.685744901068121,0.341582496836179,0,0,0,10,0.499896941537264,0.502792362164723,"Same allocations, extended independent outcome prefix",4
"2020","education","queen","mean_rank",0.5,0.8,"control_only",9,"Simple Random Sampling",100,100,TRUE,0.318854128053827,0.00969527092918874,0.00058417405673252,0.00911109687245622,0.098464566871483,0.0954520658365036,0.433720182463965,0.519287613013338,0.829827541130243,0.00241696929383168,0.0098464566871483,0.00905080147023819,0.0602535051365915,0.438010029515954,0.414878626179511,0.528923765158544,0.525045180034084,0.428571428571429,0.870879087908791,TRUE,FALSE,40000,40000,40000,0,0,0,FALSE,0.0308807564990537,0.562366911834297,0.00132004744328575,0.9282,0.00304824552450017,0.0509665039784186,1.66597117794486e-06,7.65540745803909e-06,100,400,"ea98103eca44b022795a79e797d526ab",TRUE,28.9999999999999,29,29,0.495469723288464,0.312882563010975,0.685599752948953,0.587777775973607,0,0,0,10,0.499896941537264,0.502792362164723,"Same allocations, extended independent outcome prefix",4
"2021","education","queen","mean_rank",0.5,0.8,"control_only",9,"Simple Random Sampling",100,100,TRUE,0.318854128053827,0.00969527092918874,0.00058417405673252,0.00911109687245622,0.098464566871483,0.0954520658365036,0.433720182463965,0.519287613013338,0.829827541130243,0.00241696929383168,0.0098464566871483,0.00905080147023819,0.0602535051365915,0.438010029515954,0.414878626179511,0.528923765158544,0.525045180034084,0.428571428571429,0.870879087908791,TRUE,FALSE,40000,40000,40000,0,0,0,FALSE,0.0308807564990537,0.562366911834297,0.00132004744328575,0.9282,0.00304824552450017,0.0509665039784186,1.66597117794486e-06,7.65540745803909e-06,100,400,"ea98103eca44b022795a79e797d526ab",TRUE,28.9999999999999,29,29,0.495456847939106,0.312797009934478,0.686800807024632,0.0205442551530072,0,0,0,10,0.499896941537264,0.502792362164723,"Same allocations, extended independent outcome prefix",4
