"Model","Neighbor","Summary","Year","Regime","Design_ID","Design","Mean_MSE","Bias","Coverage","Mean_Matched_Primary_MSE","Ratio_of_Matched_Mean_MSE","N_Settings","Source_IDs","Primary_Source_IDs"
"baseline_sensitivity","queen","mean_rank","2018","both",1,"Checkerboard (graph adaptation)",0.263194561201412,-0.00139489233172618,0.9355,0.215908889022986,1.21900752855707,6,"e2822464c9c3e4f46a9806c4eb1bb3a2 | 3f14b3a8704b71ed61f976e24f2cb10e | d00100b4e254590a31de9cfc00da0b27 | f9ca05abb2c0112124db253075300dca | 77ee3cf572b2d3a14f2721814e3f1d4f | 5e2d2e8573d7e35c26b714acc5021c3c","476b15c62994bb281a9cf916a47b9561 | 60d04456744dc4576924b53f9fc07f36 | 6460e74c096af07350269fc030e2ab51 | 37586c604b4349a0bfdaff187b0947fe | 578abc9f097b14a50fbd02ba82572d3c | 1b4519bd86c81a14bc7c8a6fd70e8d09"
"education","queen","mean_rank","2018","both",1,"Checkerboard (graph adaptation)",0.215908889022986,-0.00738477887005697,0.936166666666667,0.215908889022986,1,6,"476b15c62994bb281a9cf916a47b9561 | 60d04456744dc4576924b53f9fc07f36 | 6460e74c096af07350269fc030e2ab51 | 37586c604b4349a0bfdaff187b0947fe | 578abc9f097b14a50fbd02ba82572d3c | 1b4519bd86c81a14bc7c8a6fd70e8d09","476b15c62994bb281a9cf916a47b9561 | 60d04456744dc4576924b53f9fc07f36 | 6460e74c096af07350269fc030e2ab51 | 37586c604b4349a0bfdaff187b0947fe | 578abc9f097b14a50fbd02ba82572d3c | 1b4519bd86c81a14bc7c8a6fd70e8d09"
"education","rook","mean_rank","2018","both",1,"Checkerboard (graph adaptation)",0.247748950708996,0.00685081659148914,0.9375,0.215377646643772,1.15030020324609,4,"3a95389ea26e75a8b27e2222f29ab03d | 98947ae0edd079d606894d6dde6fbb83 | ba1390619ea3c0a6a0024f33ba5c4e94 | 68bbd6542431ad4b2a3a6247b9d2d404","476b15c62994bb281a9cf916a47b9561 | 6460e74c096af07350269fc030e2ab51 | 37586c604b4349a0bfdaff187b0947fe | 1b4519bd86c81a14bc7c8a6fd70e8d09"
"baseline_sensitivity","queen","mean_rank","2019","both",1,"Checkerboard (graph adaptation)",0.221638996405597,-0.00749331619105406,0.9285,0.215908889022986,1.02653946953523,6,"6cfdd36348a9757307e9ce4c0bd96439 | 8e10a612b0340ec8b72599cd5e72fd33 | 7880de0a49e4adc750622d09793e9ba9 | de9667479e75148262cdc27c0fa7a1c1 | a3c179bafedd94e26704869baaed2110 | 7356726db68df0d88c8837e72b4506ef","476b15c62994bb281a9cf916a47b9561 | 60d04456744dc4576924b53f9fc07f36 | 6460e74c096af07350269fc030e2ab51 | 37586c604b4349a0bfdaff187b0947fe | 578abc9f097b14a50fbd02ba82572d3c | 1b4519bd86c81a14bc7c8a6fd70e8d09"
"education","queen","mean_rank","2019","both",1,"Checkerboard (graph adaptation)",0.215908889022986,-0.00738477887005697,0.936166666666667,0.215908889022986,1,6,"476b15c62994bb281a9cf916a47b9561 | 60d04456744dc4576924b53f9fc07f36 | 6460e74c096af07350269fc030e2ab51 | 37586c604b4349a0bfdaff187b0947fe | 578abc9f097b14a50fbd02ba82572d3c | 1b4519bd86c81a14bc7c8a6fd70e8d09","476b15c62994bb281a9cf916a47b9561 | 60d04456744dc4576924b53f9fc07f36 | 6460e74c096af07350269fc030e2ab51 | 37586c604b4349a0bfdaff187b0947fe | 578abc9f097b14a50fbd02ba82572d3c | 1b4519bd86c81a14bc7c8a6fd70e8d09"
"education","rook","mean_rank","2019","both",1,"Checkerboard (graph adaptation)",0.247748950708996,0.00685081659148914,0.9375,0.215377646643772,1.15030020324609,4,"3a95389ea26e75a8b27e2222f29ab03d | 98947ae0edd079d606894d6dde6fbb83 | ba1390619ea3c0a6a0024f33ba5c4e94 | 68bbd6542431ad4b2a3a6247b9d2d404","476b15c62994bb281a9cf916a47b9561 | 6460e74c096af07350269fc030e2ab51 | 37586c604b4349a0bfdaff187b0947fe | 1b4519bd86c81a14bc7c8a6fd70e8d09"
"baseline_sensitivity","queen","mean_rank","2020","both",1,"Checkerboard (graph adaptation)",0.22538124786743,0.0113237443306789,0.933333333333333,0.215908889022986,1.04387201882844,6,"6e367a6909839aed3fa8ca34fe5b3bc4 | 37ea004e8b8aa7e3178df36b6f395205 | bad6038151b8f08a02d73e9df29f54d8 | f665440a4b1e13bfbdb0837d9a234684 | b434bb6aa7471e3bb7bbe42b8666a284 | 0a5152c5f28c31544b75cbba329467db","476b15c62994bb281a9cf916a47b9561 | 60d04456744dc4576924b53f9fc07f36 | 6460e74c096af07350269fc030e2ab51 | 37586c604b4349a0bfdaff187b0947fe | 578abc9f097b14a50fbd02ba82572d3c | 1b4519bd86c81a14bc7c8a6fd70e8d09"
"education","queen","mean_rank","2020","both",1,"Checkerboard (graph adaptation)",0.215908889022986,-0.00738477887005697,0.936166666666667,0.215908889022986,1,6,"476b15c62994bb281a9cf916a47b9561 | 60d04456744dc4576924b53f9fc07f36 | 6460e74c096af07350269fc030e2ab51 | 37586c604b4349a0bfdaff187b0947fe | 578abc9f097b14a50fbd02ba82572d3c | 1b4519bd86c81a14bc7c8a6fd70e8d09","476b15c62994bb281a9cf916a47b9561 | 60d04456744dc4576924b53f9fc07f36 | 6460e74c096af07350269fc030e2ab51 | 37586c604b4349a0bfdaff187b0947fe | 578abc9f097b14a50fbd02ba82572d3c | 1b4519bd86c81a14bc7c8a6fd70e8d09"
"education","rook","mean_rank","2020","both",1,"Checkerboard (graph adaptation)",0.247748950708996,0.00685081659148914,0.9375,0.215377646643772,1.15030020324609,4,"3a95389ea26e75a8b27e2222f29ab03d | 98947ae0edd079d606894d6dde6fbb83 | ba1390619ea3c0a6a0024f33ba5c4e94 | 68bbd6542431ad4b2a3a6247b9d2d404","476b15c62994bb281a9cf916a47b9561 | 6460e74c096af07350269fc030e2ab51 | 37586c604b4349a0bfdaff187b0947fe | 1b4519bd86c81a14bc7c8a6fd70e8d09"
"baseline_sensitivity","queen","mean_rank","2021","both",1,"Checkerboard (graph adaptation)",0.240713337718756,-0.00537346825063994,0.928166666666667,0.215908889022986,1.11488386980273,6,"0f13fc8d1cae9d27628c77497be20cb9 | 030286f7876b321bf0c9c02ad60b7654 | 476c47edc6eef4b6840307ef442dabb4 | e0507c7b9edccdb34cb1fa34e7533f18 | 34ff0bef30d0b0cfe0b7b6ce75ec5133 | dc3570de179051837137e017a318699b","476b15c62994bb281a9cf916a47b9561 | 60d04456744dc4576924b53f9fc07f36 | 6460e74c096af07350269fc030e2ab51 | 37586c604b4349a0bfdaff187b0947fe | 578abc9f097b14a50fbd02ba82572d3c | 1b4519bd86c81a14bc7c8a6fd70e8d09"
"education","queen","mean_rank","2021","both",1,"Checkerboard (graph adaptation)",0.215908889022986,-0.00738477887005697,0.936166666666667,0.215908889022986,1,6,"476b15c62994bb281a9cf916a47b9561 | 60d04456744dc4576924b53f9fc07f36 | 6460e74c096af07350269fc030e2ab51 | 37586c604b4349a0bfdaff187b0947fe | 578abc9f097b14a50fbd02ba82572d3c | 1b4519bd86c81a14bc7c8a6fd70e8d09","476b15c62994bb281a9cf916a47b9561 | 60d04456744dc4576924b53f9fc07f36 | 6460e74c096af07350269fc030e2ab51 | 37586c604b4349a0bfdaff187b0947fe | 578abc9f097b14a50fbd02ba82572d3c | 1b4519bd86c81a14bc7c8a6fd70e8d09"
"education","rook","mean_rank","2021","both",1,"Checkerboard (graph adaptation)",0.247748950708996,0.00685081659148914,0.9375,0.215377646643772,1.15030020324609,4,"3a95389ea26e75a8b27e2222f29ab03d | 98947ae0edd079d606894d6dde6fbb83 | ba1390619ea3c0a6a0024f33ba5c4e94 | 68bbd6542431ad4b2a3a6247b9d2d404","476b15c62994bb281a9cf916a47b9561 | 6460e74c096af07350269fc030e2ab51 | 37586c604b4349a0bfdaff187b0947fe | 1b4519bd86c81a14bc7c8a6fd70e8d09"
"baseline_sensitivity","queen","mean_rank","2018","control_only",1,"Checkerboard (graph adaptation)",0.968088681359443,-0.0186843052953864,0.935333333333333,0.920362628547988,1.05185570483968,6,"310ea8ac17666363d8f8557e7af84788 | aba98742c657a0d25ea481fd07687618 | 156df7ce6da59e9e02d2d5020ad2f918 | 75785a7d0147e8f2612bc8cc3b8517a0 | 152ff51769ce7d1d3de1a818e88f86cc | 275aef14317598d078a78258b63b23cc","5b8fcab525ce837734585cd23c48e4fd | f626abdcd52bffab7401d7ace2d8d803 | 92ab56b06e93459133eeb2d580fc83df | a4946688fe37a3794fa02f90e84f8f30 | ddfc2dcf2eb6943c622b8eab73de81e5 | 386381f5e313bf70dcd7a70fd69046ef"
"education","queen","mean_rank","2018","control_only",1,"Checkerboard (graph adaptation)",0.920362628547988,0.00999581024431615,0.9335,0.920362628547988,1,6,"5b8fcab525ce837734585cd23c48e4fd | f626abdcd52bffab7401d7ace2d8d803 | 92ab56b06e93459133eeb2d580fc83df | a4946688fe37a3794fa02f90e84f8f30 | ddfc2dcf2eb6943c622b8eab73de81e5 | 386381f5e313bf70dcd7a70fd69046ef","5b8fcab525ce837734585cd23c48e4fd | f626abdcd52bffab7401d7ace2d8d803 | 92ab56b06e93459133eeb2d580fc83df | a4946688fe37a3794fa02f90e84f8f30 | ddfc2dcf2eb6943c622b8eab73de81e5 | 386381f5e313bf70dcd7a70fd69046ef"
"education","rook","mean_rank","2018","control_only",1,"Checkerboard (graph adaptation)",1.1580936850259,0.0101168730650753,0.9315,0.937824977701658,1.23487187115026,4,"b72a3ee5db7ab0cce204cdecfb94e642 | 23564e300865d23a87101186c67a5b92 | 51263c05fd292653579597784c928f73 | f879160aaa80f8a0ff28579e3c6626e5","5b8fcab525ce837734585cd23c48e4fd | 92ab56b06e93459133eeb2d580fc83df | a4946688fe37a3794fa02f90e84f8f30 | 386381f5e313bf70dcd7a70fd69046ef"
"baseline_sensitivity","queen","mean_rank","2019","control_only",1,"Checkerboard (graph adaptation)",0.9134268617977,-0.0105650411489858,0.934833333333333,0.920362628547988,0.992464093461476,6,"215b0311fd674adc998d030a4ce86970 | 2f6743f43d14ed4ece850840bb8e532f | 66a2d9f62eec4d24ea156cc390f437b6 | 7a70f48d3bcb874d98248c0a31a26bbc | 9304e8f6beefb9a13a7fabb5cf3cf5f6 | 3d81cb2cbad325d2874d6ffb214fd9fe","5b8fcab525ce837734585cd23c48e4fd | f626abdcd52bffab7401d7ace2d8d803 | 92ab56b06e93459133eeb2d580fc83df | a4946688fe37a3794fa02f90e84f8f30 | ddfc2dcf2eb6943c622b8eab73de81e5 | 386381f5e313bf70dcd7a70fd69046ef"
"education","queen","mean_rank","2019","control_only",1,"Checkerboard (graph adaptation)",0.920362628547988,0.00999581024431615,0.9335,0.920362628547988,1,6,"5b8fcab525ce837734585cd23c48e4fd | f626abdcd52bffab7401d7ace2d8d803 | 92ab56b06e93459133eeb2d580fc83df | a4946688fe37a3794fa02f90e84f8f30 | ddfc2dcf2eb6943c622b8eab73de81e5 | 386381f5e313bf70dcd7a70fd69046ef","5b8fcab525ce837734585cd23c48e4fd | f626abdcd52bffab7401d7ace2d8d803 | 92ab56b06e93459133eeb2d580fc83df | a4946688fe37a3794fa02f90e84f8f30 | ddfc2dcf2eb6943c622b8eab73de81e5 | 386381f5e313bf70dcd7a70fd69046ef"
"education","rook","mean_rank","2019","control_only",1,"Checkerboard (graph adaptation)",1.1580936850259,0.0101168730650753,0.9315,0.937824977701658,1.23487187115026,4,"b72a3ee5db7ab0cce204cdecfb94e642 | 23564e300865d23a87101186c67a5b92 | 51263c05fd292653579597784c928f73 | f879160aaa80f8a0ff28579e3c6626e5","5b8fcab525ce837734585cd23c48e4fd | 92ab56b06e93459133eeb2d580fc83df | a4946688fe37a3794fa02f90e84f8f30 | 386381f5e313bf70dcd7a70fd69046ef"
"baseline_sensitivity","queen","mean_rank","2020","control_only",1,"Checkerboard (graph adaptation)",0.941418200058202,-0.00158825616427056,0.931333333333333,0.920362628547988,1.02287747335355,6,"552a176a3fa78a480fef94ec4079812c | 7bafed552ee9b746dd535bab22c3d544 | dd6ebd4b75a86b604f4d9dbf88b6ccf9 | 83caecca535689e4fdaaf0a3085ad7ea | a1612ede031cc9bc52f04f9f57feea22 | b8cee3de9561ad0423e9e235737ffc59","5b8fcab525ce837734585cd23c48e4fd | f626abdcd52bffab7401d7ace2d8d803 | 92ab56b06e93459133eeb2d580fc83df | a4946688fe37a3794fa02f90e84f8f30 | ddfc2dcf2eb6943c622b8eab73de81e5 | 386381f5e313bf70dcd7a70fd69046ef"
"education","queen","mean_rank","2020","control_only",1,"Checkerboard (graph adaptation)",0.920362628547988,0.00999581024431615,0.9335,0.920362628547988,1,6,"5b8fcab525ce837734585cd23c48e4fd | f626abdcd52bffab7401d7ace2d8d803 | 92ab56b06e93459133eeb2d580fc83df | a4946688fe37a3794fa02f90e84f8f30 | ddfc2dcf2eb6943c622b8eab73de81e5 | 386381f5e313bf70dcd7a70fd69046ef","5b8fcab525ce837734585cd23c48e4fd | f626abdcd52bffab7401d7ace2d8d803 | 92ab56b06e93459133eeb2d580fc83df | a4946688fe37a3794fa02f90e84f8f30 | ddfc2dcf2eb6943c622b8eab73de81e5 | 386381f5e313bf70dcd7a70fd69046ef"
"education","rook","mean_rank","2020","control_only",1,"Checkerboard (graph adaptation)",1.1580936850259,0.0101168730650753,0.9315,0.937824977701658,1.23487187115026,4,"b72a3ee5db7ab0cce204cdecfb94e642 | 23564e300865d23a87101186c67a5b92 | 51263c05fd292653579597784c928f73 | f879160aaa80f8a0ff28579e3c6626e5","5b8fcab525ce837734585cd23c48e4fd | 92ab56b06e93459133eeb2d580fc83df | a4946688fe37a3794fa02f90e84f8f30 | 386381f5e313bf70dcd7a70fd69046ef"
"baseline_sensitivity","queen","mean_rank","2021","control_only",1,"Checkerboard (graph adaptation)",0.945749455777299,-0.0162528855250462,0.935333333333333,0.920362628547988,1.02758350506839,6,"8ef210b77b2f57f1ce2def5c17586c9c | 35d89a836fc377b6db3fa3fc2e07deb0 | 33e32005605334155ae5604af0afcc3f | 26089645395a66a7d8cab39ed7865e3e | 750554bd717a93c38d6c0ac66d38d7f0 | bff57e8a7b33ec5d202db03bc146cb10","5b8fcab525ce837734585cd23c48e4fd | f626abdcd52bffab7401d7ace2d8d803 | 92ab56b06e93459133eeb2d580fc83df | a4946688fe37a3794fa02f90e84f8f30 | ddfc2dcf2eb6943c622b8eab73de81e5 | 386381f5e313bf70dcd7a70fd69046ef"
"education","queen","mean_rank","2021","control_only",1,"Checkerboard (graph adaptation)",0.920362628547988,0.00999581024431615,0.9335,0.920362628547988,1,6,"5b8fcab525ce837734585cd23c48e4fd | f626abdcd52bffab7401d7ace2d8d803 | 92ab56b06e93459133eeb2d580fc83df | a4946688fe37a3794fa02f90e84f8f30 | ddfc2dcf2eb6943c622b8eab73de81e5 | 386381f5e313bf70dcd7a70fd69046ef","5b8fcab525ce837734585cd23c48e4fd | f626abdcd52bffab7401d7ace2d8d803 | 92ab56b06e93459133eeb2d580fc83df | a4946688fe37a3794fa02f90e84f8f30 | ddfc2dcf2eb6943c622b8eab73de81e5 | 386381f5e313bf70dcd7a70fd69046ef"
"education","rook","mean_rank","2021","control_only",1,"Checkerboard (graph adaptation)",1.1580936850259,0.0101168730650753,0.9315,0.937824977701658,1.23487187115026,4,"b72a3ee5db7ab0cce204cdecfb94e642 | 23564e300865d23a87101186c67a5b92 | 51263c05fd292653579597784c928f73 | f879160aaa80f8a0ff28579e3c6626e5","5b8fcab525ce837734585cd23c48e4fd | 92ab56b06e93459133eeb2d580fc83df | a4946688fe37a3794fa02f90e84f8f30 | 386381f5e313bf70dcd7a70fd69046ef"
"baseline_sensitivity","queen","mean_rank","2018","both",2,"High Incidence Focus",0.280361423336081,0.0258332725126746,0.935166666666667,0.0717218096788842,3.90901212045996,6,"72dec996aed111916ccd30b8d2815d9c | 5495ce89f3f141f171650a4a4e71c0b6 | 36340f14d2a26d60acd88f4f362c506e | 88d32735475c95c7ddf9cd5d48fa8aae | 52003bdcdcf65f12d16849963b0501c5 | f35f911a3e65b4bc9b70153d216a2a19","5f15f55bd9fe08658993fc41313af837 | 612945b1accf385a13f4486f39da892b | 551eb44da15459afcea1098f80732751 | 328e5e1791275cce63de92b733d949cd | 7dffc86776f3a6c9a85766792ebaaf1b | 3badd73313c6dd58b6f535ccedcb9099"
"education","queen","mean_rank","2018","both",2,"High Incidence Focus",0.0717218096788842,0.0159504281135452,0.9345,0.0717218096788842,1,6,"5f15f55bd9fe08658993fc41313af837 | 612945b1accf385a13f4486f39da892b | 551eb44da15459afcea1098f80732751 | 328e5e1791275cce63de92b733d949cd | 7dffc86776f3a6c9a85766792ebaaf1b | 3badd73313c6dd58b6f535ccedcb9099","5f15f55bd9fe08658993fc41313af837 | 612945b1accf385a13f4486f39da892b | 551eb44da15459afcea1098f80732751 | 328e5e1791275cce63de92b733d949cd | 7dffc86776f3a6c9a85766792ebaaf1b | 3badd73313c6dd58b6f535ccedcb9099"
"education","rook","mean_rank","2018","both",2,"High Incidence Focus",0.0733460381866503,0.0220083805572328,0.9335,0.0715583552319542,1.02498216943223,4,"84d44a774ae37bf98a97dea9004c205b | c2cb028f3073d459fd3ccb65ffb8f7c6 | 8bbe75da7d3e26700833c894d5952744 | 5df0de7b4b82c08179c858b0923c32d4","5f15f55bd9fe08658993fc41313af837 | 551eb44da15459afcea1098f80732751 | 328e5e1791275cce63de92b733d949cd | 3badd73313c6dd58b6f535ccedcb9099"
"baseline_sensitivity","queen","mean_rank","2019","both",2,"High Incidence Focus",0.292647212995653,0.0184365630879581,0.93625,0.0718010960114566,4.07580425999288,6,"c788efee0bff3c0526d9ade49ff1958a | 2f26398d6233f0faaaf52c609ea52071 | 3fd07f7f8e20884c5986e8be3b6d677e | 1e4657284a5fcad8881dfedfeca7e99e | 892573869d53774aa1ddaf25300f9650 | fcc72f2ba78f152d9a8ef2cc8504c0e5","cf541114ef14b67dabe6b17a4b9f73f8 | c062ed326f379a8b23f37944a1c1bb69 | f2aef6718d57b521994f7ca8f9c68096 | 664c5821f9cb57f9a075246f775f919d | eaa05b5c09c2d6b8ccb4d48114a60c83 | c3dcbe9721e832aa7d1d2a641113597c"
"education","queen","mean_rank","2019","both",2,"High Incidence Focus",0.0718010960114566,0.00631345968977286,0.9365,0.0718010960114566,1,6,"cf541114ef14b67dabe6b17a4b9f73f8 | c062ed326f379a8b23f37944a1c1bb69 | f2aef6718d57b521994f7ca8f9c68096 | 664c5821f9cb57f9a075246f775f919d | eaa05b5c09c2d6b8ccb4d48114a60c83 | c3dcbe9721e832aa7d1d2a641113597c","cf541114ef14b67dabe6b17a4b9f73f8 | c062ed326f379a8b23f37944a1c1bb69 | f2aef6718d57b521994f7ca8f9c68096 | 664c5821f9cb57f9a075246f775f919d | eaa05b5c09c2d6b8ccb4d48114a60c83 | c3dcbe9721e832aa7d1d2a641113597c"
"education","rook","mean_rank","2019","both",2,"High Incidence Focus",0.0722680437327189,0.00366637282182522,0.93525,0.0717165245201806,1.00769026686985,4,"405af0d6b7c229c87055f55622ca3caa | d11d44ae3da439397f31e9632829ef97 | f7fe6a34d61d8d5c88a2b58e9c1dfbee | e3e0aaae9e9ae6e250591819c3f9da64","cf541114ef14b67dabe6b17a4b9f73f8 | f2aef6718d57b521994f7ca8f9c68096 | 664c5821f9cb57f9a075246f775f919d | c3dcbe9721e832aa7d1d2a641113597c"
"baseline_sensitivity","queen","mean_rank","2020","both",2,"High Incidence Focus",0.301812070344492,0.0310354306887194,0.9345,0.0729176895097187,4.13907890353912,6,"ce286a89344667f9183d47e817730359 | 9a142cc0e970df49a7d6668bd53ef16b | f4ad6f328b987a6ef3cc5feb1e05fcff | 3715081dad4e01591bf0607f67ec45db | 39fd88966c3f659c70d16939c7592c35 | a0e9d4f3b445e9b8838e17bcfc2c9e81","3117b0a7744ec63df769585afe40ffc0 | f413cf9e4ec6012cdac0bbb1a7171b3b | 9fcfb4f7b23ad9911c76e4b7f17adc3e | 343f6af7a98a22a237909145a92be1ac | b328311b0d1e7401e6219e8636cb25a9 | aa18670ebf45fc96edbcb23f3bec2f95"
"education","queen","mean_rank","2020","both",2,"High Incidence Focus",0.0729176895097187,0.00937983524234684,0.931166666666667,0.0729176895097187,1,6,"3117b0a7744ec63df769585afe40ffc0 | f413cf9e4ec6012cdac0bbb1a7171b3b | 9fcfb4f7b23ad9911c76e4b7f17adc3e | 343f6af7a98a22a237909145a92be1ac | b328311b0d1e7401e6219e8636cb25a9 | aa18670ebf45fc96edbcb23f3bec2f95","3117b0a7744ec63df769585afe40ffc0 | f413cf9e4ec6012cdac0bbb1a7171b3b | 9fcfb4f7b23ad9911c76e4b7f17adc3e | 343f6af7a98a22a237909145a92be1ac | b328311b0d1e7401e6219e8636cb25a9 | aa18670ebf45fc96edbcb23f3bec2f95"
"education","rook","mean_rank","2020","both",2,"High Incidence Focus",0.0754546227010388,0.00850743193433882,0.9305,0.073997888121071,1.01968616425356,4,"581ac3087ec28d59f96f20dad8c1c2f9 | 3cc2fe142683e94b672372d43f508c01 | 66cff41683b3f3db11f1f2b629e0b740 | 1014433c3817d8d48f069b6a1851cd64","3117b0a7744ec63df769585afe40ffc0 | 9fcfb4f7b23ad9911c76e4b7f17adc3e | 343f6af7a98a22a237909145a92be1ac | aa18670ebf45fc96edbcb23f3bec2f95"
"baseline_sensitivity","queen","mean_rank","2021","both",2,"High Incidence Focus",0.287365365100659,0.0207923148788418,0.927666666666667,0.0703102116908495,4.0871070956832,6,"5047c45d494014dc59d277c23a26dab8 | 266729aa745aa7b110dc15464d896d56 | 9f97d9677caec30bf0d5ac1e0b267def | f967525e7f8aa6fcc135516abbfbbc0d | c561f7da628f842251b8d03fa61c5825 | 239078075eca194cd93f77ca83041698","7f71278e80ef03625b0b19f8af48f94b | f100338e65ed8312287e1de9a890efdd | e64e5f63b2770c5895978ff09018778d | 8f287e3c0762c56d3176750589e6a756 | b5dc2156d015a2ac06f760224a86dc24 | a21caad647f7d91a2036b1574919055c"
"education","queen","mean_rank","2021","both",2,"High Incidence Focus",0.0703102116908495,0.0104368795405072,0.933666666666667,0.0703102116908495,1,6,"7f71278e80ef03625b0b19f8af48f94b | f100338e65ed8312287e1de9a890efdd | e64e5f63b2770c5895978ff09018778d | 8f287e3c0762c56d3176750589e6a756 | b5dc2156d015a2ac06f760224a86dc24 | a21caad647f7d91a2036b1574919055c","7f71278e80ef03625b0b19f8af48f94b | f100338e65ed8312287e1de9a890efdd | e64e5f63b2770c5895978ff09018778d | 8f287e3c0762c56d3176750589e6a756 | b5dc2156d015a2ac06f760224a86dc24 | a21caad647f7d91a2036b1574919055c"
"education","rook","mean_rank","2021","both",2,"High Incidence Focus",0.0747788954010956,0.00522294114375213,0.935,0.0696947958512254,1.07294805139717,4,"d1173d5e9e1c0fcfd69142e0a841c192 | d224c5b8daed15c08220b1a27e88a57b | 9d3019e8d2da5c10d065c429388e7c25 | a91572d4eddaf64cbb52c38f47982396","7f71278e80ef03625b0b19f8af48f94b | e64e5f63b2770c5895978ff09018778d | 8f287e3c0762c56d3176750589e6a756 | a21caad647f7d91a2036b1574919055c"
"baseline_sensitivity","queen","mean_rank","2018","control_only",2,"High Incidence Focus",0.431422592662795,0.0427802987163092,0.9305,0.214260486133009,2.01354248956093,6,"a03b6533821351d33c1d612c9535ef22 | df05b388550e3b2fa1dc0424bf050b9c | 07d27c8cf0dfe8583c08d253f1c266c6 | a7290a2874c4faeb7051b5283acee66b | fcc3da9b7b8e1219ff5dd0b7df16f91b | 1b3b81c4f28a059a1dd2bc572bb4290b","9703ebda1a670f9cc3da3ef29ec94415 | e5d4cb2b44270895fdc5b25c2383ba03 | 960d2475b1a980b2e9472e93b5a3049f | 1868e1e1f674b79aa4354d40cef95611 | a299a714b763b43bd6fc6a8fdfda3600 | 7915b218af0259ee7502418233365e06"
"education","queen","mean_rank","2018","control_only",2,"High Incidence Focus",0.214260486133009,0.0237159599698724,0.931833333333333,0.214260486133009,1,6,"9703ebda1a670f9cc3da3ef29ec94415 | e5d4cb2b44270895fdc5b25c2383ba03 | 960d2475b1a980b2e9472e93b5a3049f | 1868e1e1f674b79aa4354d40cef95611 | a299a714b763b43bd6fc6a8fdfda3600 | 7915b218af0259ee7502418233365e06","9703ebda1a670f9cc3da3ef29ec94415 | e5d4cb2b44270895fdc5b25c2383ba03 | 960d2475b1a980b2e9472e93b5a3049f | 1868e1e1f674b79aa4354d40cef95611 | a299a714b763b43bd6fc6a8fdfda3600 | 7915b218af0259ee7502418233365e06"
"education","rook","mean_rank","2018","control_only",2,"High Incidence Focus",0.215023615354612,0.034989181313729,0.92775,0.213537135992506,1.00696122178092,4,"3ad115de119499562f46c82a3d4b5d2d | 98e8f7f9fcd64cfdd03b1890b5524361 | 4c23391b2755230f021a053621dddfd6 | 184fee930c549969e911c35b1809fd8a","9703ebda1a670f9cc3da3ef29ec94415 | 960d2475b1a980b2e9472e93b5a3049f | 1868e1e1f674b79aa4354d40cef95611 | 7915b218af0259ee7502418233365e06"
"baseline_sensitivity","queen","mean_rank","2019","control_only",2,"High Incidence Focus",0.713156514942538,0.0446700510951036,0.935333333333333,0.430192936706819,1.6577597028948,6,"065a455fec9e57c6789d27428437fc7d | 05bcd7ec3a5162c6c4c39c45b36ad443 | fb5df23a835ff9d42186afd236249803 | 444669da45d84606d5693be183778b8a | 4569a5c50368feb8b97029ba5f2b5e9a | d7990a27ffda6b379dd8b2f555183f6a","29703afafc3bb4504257159b4dc1a699 | fbb640550b5203cab22583a61422782d | d39be39efc6241515999607b1f5591a2 | e4dc9f9b380716be65e6699a089fd61a | 9b5da470a7ad418e7b7e823238109b00 | ac41bf01edb54aca658abc7dfc5feb2f"
"education","queen","mean_rank","2019","control_only",2,"High Incidence Focus",0.430192936706819,0.0226951222125023,0.931166666666667,0.430192936706819,1,6,"29703afafc3bb4504257159b4dc1a699 | fbb640550b5203cab22583a61422782d | d39be39efc6241515999607b1f5591a2 | e4dc9f9b380716be65e6699a089fd61a | 9b5da470a7ad418e7b7e823238109b00 | ac41bf01edb54aca658abc7dfc5feb2f","29703afafc3bb4504257159b4dc1a699 | fbb640550b5203cab22583a61422782d | d39be39efc6241515999607b1f5591a2 | e4dc9f9b380716be65e6699a089fd61a | 9b5da470a7ad418e7b7e823238109b00 | ac41bf01edb54aca658abc7dfc5feb2f"
"education","rook","mean_rank","2019","control_only",2,"High Incidence Focus",0.442206583497197,0.0233837705631064,0.9315,0.426600537876198,1.0365823392973,4,"4273dc76191af21f1062f56b6b9187bd | 97dcee150c2af1699d70783a8e9e982c | ab2ba1f262dbd3616a1ee29c126caf50 | 8ee6b5e3024ae4372f5088d68f6a4f54","29703afafc3bb4504257159b4dc1a699 | d39be39efc6241515999607b1f5591a2 | e4dc9f9b380716be65e6699a089fd61a | ac41bf01edb54aca658abc7dfc5feb2f"
"baseline_sensitivity","queen","mean_rank","2020","control_only",2,"High Incidence Focus",0.612896407707261,0.040939659321917,0.927833333333333,0.259177569090755,2.36477411937083,6,"6c4b954a51782b929da88b6fa7f01759 | 877d1bcf6dc08e750159d1bc7dcebfb1 | 3e669e1f3f4e4278fd828339e9bfcbee | e2cac99f072400992033b46b8fd0878f | 19695dad33495f59df40fa41aef98946 | 0763e2c0107dcc4acdbdbb11b97b082e","88911148eca3299192051fa6b1c55183 | e935d44ca44cb12bf005bc71c303a970 | 8c3ab65e677edf8afb6892e3a289adf1 | 4b1e43a246810252f554a6120cb0bdd2 | f8067d908396f3c8db82076534fcb5bc | f5893618e3598f30db69a602dc58e6bb"
"education","queen","mean_rank","2020","control_only",2,"High Incidence Focus",0.259177569090755,0.0326782901941017,0.930333333333333,0.259177569090755,1,6,"88911148eca3299192051fa6b1c55183 | e935d44ca44cb12bf005bc71c303a970 | 8c3ab65e677edf8afb6892e3a289adf1 | 4b1e43a246810252f554a6120cb0bdd2 | f8067d908396f3c8db82076534fcb5bc | f5893618e3598f30db69a602dc58e6bb","88911148eca3299192051fa6b1c55183 | e935d44ca44cb12bf005bc71c303a970 | 8c3ab65e677edf8afb6892e3a289adf1 | 4b1e43a246810252f554a6120cb0bdd2 | f8067d908396f3c8db82076534fcb5bc | f5893618e3598f30db69a602dc58e6bb"
"education","rook","mean_rank","2020","control_only",2,"High Incidence Focus",0.252895123619383,0.0364643464565865,0.93125,0.263630060838975,0.959280299122836,4,"44588aac90fda53060edf58ea31522ac | d2be3bdd72c04c94e9ce0ffa772657f9 | 12afb8e02bf189fe1747e641fe696a13 | 8a4e8631b735a566060d1d5ffc5844e8","88911148eca3299192051fa6b1c55183 | 8c3ab65e677edf8afb6892e3a289adf1 | 4b1e43a246810252f554a6120cb0bdd2 | f5893618e3598f30db69a602dc58e6bb"
"baseline_sensitivity","queen","mean_rank","2021","control_only",2,"High Incidence Focus",0.548860064929904,0.0380633985306459,0.928666666666667,0.353184752044337,1.5540310326336,6,"03cd386c5dd5ef079a54938048cd9552 | e6651f1eb78858ca26aa41a39921865e | cd863c1a8629b6630ce862744ec3e44c | 2d25d156e662802044d27b8201c994f7 | 5792b42f58ab44c707aec2aac0070a66 | 2e22e53092fb7cc16e691de437f20a3f","4915a370a503e23c08ee1545809fbb1a | 86d7c5af329bff2dca88b0bcc1052022 | 11011b2b5e473e8fdf155a4e7c43a8d2 | 3e5857302b84154efa75f4f9a4f21962 | f036a13d1717553ffbed8b474a12dc71 | 1c05cef1fb42240c52b8d2354bb0c609"
"education","queen","mean_rank","2021","control_only",2,"High Incidence Focus",0.353184752044337,0.029567546142269,0.929166666666667,0.353184752044337,1,6,"4915a370a503e23c08ee1545809fbb1a | 86d7c5af329bff2dca88b0bcc1052022 | 11011b2b5e473e8fdf155a4e7c43a8d2 | 3e5857302b84154efa75f4f9a4f21962 | f036a13d1717553ffbed8b474a12dc71 | 1c05cef1fb42240c52b8d2354bb0c609","4915a370a503e23c08ee1545809fbb1a | 86d7c5af329bff2dca88b0bcc1052022 | 11011b2b5e473e8fdf155a4e7c43a8d2 | 3e5857302b84154efa75f4f9a4f21962 | f036a13d1717553ffbed8b474a12dc71 | 1c05cef1fb42240c52b8d2354bb0c609"
"education","rook","mean_rank","2021","control_only",2,"High Incidence Focus",0.317444175983364,0.0279498745929767,0.9395,0.35578724823152,0.892230335857328,4,"850311d7379a2d49c4f5104143b0b9e9 | 0f5156d4f131f5b593f828a2dc99f1a2 | 2620a36b86bd514822df15cada1e11f1 | b8fb1ed47de80494a4089a98ced5baab","4915a370a503e23c08ee1545809fbb1a | 11011b2b5e473e8fdf155a4e7c43a8d2 | 3e5857302b84154efa75f4f9a4f21962 | 1c05cef1fb42240c52b8d2354bb0c609"
"baseline_sensitivity","queen","mean_rank","2018","both",3,"Saturation Regions",0.0769573578402401,0.0175771949596048,0.932433333333333,0.0751819101578955,1.02361535745256,6,"133cd142ae2d8ccc2907e5036cf8df19 | 8969d4b345e738039b9262081f5c71c3 | ecce2f2f5ae2c5399b4e7f0a3d9a8ff0 | 22f13c28ef6f4bc8fbdffe18a1486f91 | c4a0216f4a24d3dc05b91f345e94c361 | cb7c06e2bd4a3e4e4452c1bfbbf5a9ca","30321b058fa2ccf4864355bcc8e7a125 | 78a1b8d9ab756be2c56d42b17fe98b18 | ef2ff02eaec9ed87479557e8017d756c | 50f0f843fd322d6d6b4e490d8f43fb70 | f81eea5398de473dc89d50ea4918ccf8 | 0ca0f17e0642e0418036a0bdba566439"
"education","queen","mean_rank","2018","both",3,"Saturation Regions",0.0751819101578955,0.0207933888273574,0.9349,0.0751819101578955,1,6,"30321b058fa2ccf4864355bcc8e7a125 | 78a1b8d9ab756be2c56d42b17fe98b18 | ef2ff02eaec9ed87479557e8017d756c | 50f0f843fd322d6d6b4e490d8f43fb70 | f81eea5398de473dc89d50ea4918ccf8 | 0ca0f17e0642e0418036a0bdba566439","30321b058fa2ccf4864355bcc8e7a125 | 78a1b8d9ab756be2c56d42b17fe98b18 | ef2ff02eaec9ed87479557e8017d756c | 50f0f843fd322d6d6b4e490d8f43fb70 | f81eea5398de473dc89d50ea4918ccf8 | 0ca0f17e0642e0418036a0bdba566439"
"education","rook","mean_rank","2018","both",3,"Saturation Regions",0.0757176646932827,0.0206805888470821,0.934075,0.0749154483431859,1.01070829005016,4,"b681d911023f74162ec55179a6fbbb20 | 454f9ac142e5582025bb952fd7e14c2a | 5d4e179a1e9351face12b1f1f4df58ca | 1fcdeebf5b1cab476215cd57859218e5","30321b058fa2ccf4864355bcc8e7a125 | ef2ff02eaec9ed87479557e8017d756c | 50f0f843fd322d6d6b4e490d8f43fb70 | 0ca0f17e0642e0418036a0bdba566439"
"baseline_sensitivity","queen","mean_rank","2019","both",3,"Saturation Regions",0.076577425248083,0.0185374804893864,0.932783333333333,0.0751819101578955,1.01856184668967,6,"26b88c9bb7c8a2fc919b65a4ad3539f7 | e2ca452229b9d0486132cde816476cd6 | a878e5838c64762b56919d4ff003deae | 732de5d284f2ea9a692cb623d45090b0 | d5ee788dd47d78d5d5f1e95394948add | 2553ec75d82b8d1a3a411697749ec3a0","30321b058fa2ccf4864355bcc8e7a125 | 78a1b8d9ab756be2c56d42b17fe98b18 | ef2ff02eaec9ed87479557e8017d756c | 50f0f843fd322d6d6b4e490d8f43fb70 | f81eea5398de473dc89d50ea4918ccf8 | 0ca0f17e0642e0418036a0bdba566439"
"education","queen","mean_rank","2019","both",3,"Saturation Regions",0.0751819101578955,0.0207933888273574,0.9349,0.0751819101578955,1,6,"30321b058fa2ccf4864355bcc8e7a125 | 78a1b8d9ab756be2c56d42b17fe98b18 | ef2ff02eaec9ed87479557e8017d756c | 50f0f843fd322d6d6b4e490d8f43fb70 | f81eea5398de473dc89d50ea4918ccf8 | 0ca0f17e0642e0418036a0bdba566439","30321b058fa2ccf4864355bcc8e7a125 | 78a1b8d9ab756be2c56d42b17fe98b18 | ef2ff02eaec9ed87479557e8017d756c | 50f0f843fd322d6d6b4e490d8f43fb70 | f81eea5398de473dc89d50ea4918ccf8 | 0ca0f17e0642e0418036a0bdba566439"
"education","rook","mean_rank","2019","both",3,"Saturation Regions",0.0757176646932827,0.0206805888470821,0.934075,0.0749154483431859,1.01070829005016,4,"b681d911023f74162ec55179a6fbbb20 | 454f9ac142e5582025bb952fd7e14c2a | 5d4e179a1e9351face12b1f1f4df58ca | 1fcdeebf5b1cab476215cd57859218e5","30321b058fa2ccf4864355bcc8e7a125 | ef2ff02eaec9ed87479557e8017d756c | 50f0f843fd322d6d6b4e490d8f43fb70 | 0ca0f17e0642e0418036a0bdba566439"
"baseline_sensitivity","queen","mean_rank","2020","both",3,"Saturation Regions",0.076984050677716,0.0211468039377856,0.93165,0.0751819101578955,1.02397040080567,6,"ac97ccc6d4c74e8efe362995a87455ab | 1f49b0a295961c2978dfeed9f74c0f8d | 36e25fb780e52a78b03816e13ef3c1ba | 78a24aa3c22e0b3fd3cd774923cd5bde | 4f9d0459a0992ee7d323c4aff68fc880 | d73be008b7bc43fa80ab192f77cd10b7","30321b058fa2ccf4864355bcc8e7a125 | 78a1b8d9ab756be2c56d42b17fe98b18 | ef2ff02eaec9ed87479557e8017d756c | 50f0f843fd322d6d6b4e490d8f43fb70 | f81eea5398de473dc89d50ea4918ccf8 | 0ca0f17e0642e0418036a0bdba566439"
"education","queen","mean_rank","2020","both",3,"Saturation Regions",0.0751819101578955,0.0207933888273574,0.9349,0.0751819101578955,1,6,"30321b058fa2ccf4864355bcc8e7a125 | 78a1b8d9ab756be2c56d42b17fe98b18 | ef2ff02eaec9ed87479557e8017d756c | 50f0f843fd322d6d6b4e490d8f43fb70 | f81eea5398de473dc89d50ea4918ccf8 | 0ca0f17e0642e0418036a0bdba566439","30321b058fa2ccf4864355bcc8e7a125 | 78a1b8d9ab756be2c56d42b17fe98b18 | ef2ff02eaec9ed87479557e8017d756c | 50f0f843fd322d6d6b4e490d8f43fb70 | f81eea5398de473dc89d50ea4918ccf8 | 0ca0f17e0642e0418036a0bdba566439"
"education","rook","mean_rank","2020","both",3,"Saturation Regions",0.0757176646932827,0.0206805888470821,0.934075,0.0749154483431859,1.01070829005016,4,"b681d911023f74162ec55179a6fbbb20 | 454f9ac142e5582025bb952fd7e14c2a | 5d4e179a1e9351face12b1f1f4df58ca | 1fcdeebf5b1cab476215cd57859218e5","30321b058fa2ccf4864355bcc8e7a125 | ef2ff02eaec9ed87479557e8017d756c | 50f0f843fd322d6d6b4e490d8f43fb70 | 0ca0f17e0642e0418036a0bdba566439"
"baseline_sensitivity","queen","mean_rank","2021","both",3,"Saturation Regions",0.0767189099237045,0.0212150768824928,0.931266666666666,0.0751819101578955,1.02044374454681,6,"75ce13f3be69717a03f19d9df9c4bd71 | 60c30da06752f3ef8e77c639d99df2ee | 44d2f05d2daf59391ebb004cb21b99b0 | 39aa6b017fbe9b7126d73b90461abc86 | 81121b5c25e653a416c7c922848f930f | 801c411e6c28cbd784110d74854eb310","30321b058fa2ccf4864355bcc8e7a125 | 78a1b8d9ab756be2c56d42b17fe98b18 | ef2ff02eaec9ed87479557e8017d756c | 50f0f843fd322d6d6b4e490d8f43fb70 | f81eea5398de473dc89d50ea4918ccf8 | 0ca0f17e0642e0418036a0bdba566439"
"education","queen","mean_rank","2021","both",3,"Saturation Regions",0.0751819101578955,0.0207933888273574,0.9349,0.0751819101578955,1,6,"30321b058fa2ccf4864355bcc8e7a125 | 78a1b8d9ab756be2c56d42b17fe98b18 | ef2ff02eaec9ed87479557e8017d756c | 50f0f843fd322d6d6b4e490d8f43fb70 | f81eea5398de473dc89d50ea4918ccf8 | 0ca0f17e0642e0418036a0bdba566439","30321b058fa2ccf4864355bcc8e7a125 | 78a1b8d9ab756be2c56d42b17fe98b18 | ef2ff02eaec9ed87479557e8017d756c | 50f0f843fd322d6d6b4e490d8f43fb70 | f81eea5398de473dc89d50ea4918ccf8 | 0ca0f17e0642e0418036a0bdba566439"
"education","rook","mean_rank","2021","both",3,"Saturation Regions",0.0757176646932827,0.0206805888470821,0.934075,0.0749154483431859,1.01070829005016,4,"b681d911023f74162ec55179a6fbbb20 | 454f9ac142e5582025bb952fd7e14c2a | 5d4e179a1e9351face12b1f1f4df58ca | 1fcdeebf5b1cab476215cd57859218e5","30321b058fa2ccf4864355bcc8e7a125 | ef2ff02eaec9ed87479557e8017d756c | 50f0f843fd322d6d6b4e490d8f43fb70 | 0ca0f17e0642e0418036a0bdba566439"
"baseline_sensitivity","queen","mean_rank","2018","control_only",3,"Saturation Regions",0.227355827900405,0.0456138191983788,0.92175,0.223289282758061,1.0182120032458,6,"8743241c213e0144ec61212579696aab | 09a5fa417799a0bf2715c2f77cc3314b | 7d692cb0c89709ad0ded0b7d97126dbe | 0557fcba8085ad4526560c56593200e6 | 803766b58323bad902667b2c7b88f03a | ff81bf47d3435d56e6135fd4f6d1bfdf","4b9b44cbc258f2f5391cc6d572187968 | e70dca5f5f65bf10e062f0e66e96179d | 88acb13e2e1c02798c4706aa4051df03 | d506bd5e0e0c4b001e023d9372d988cc | e3626958d01e5b952b91830fd010ad4b | e066ac977a6ebba11e47c5ed49950cee"
"education","queen","mean_rank","2018","control_only",3,"Saturation Regions",0.223289282758061,0.0464246047524709,0.92625,0.223289282758061,1,6,"4b9b44cbc258f2f5391cc6d572187968 | e70dca5f5f65bf10e062f0e66e96179d | 88acb13e2e1c02798c4706aa4051df03 | d506bd5e0e0c4b001e023d9372d988cc | e3626958d01e5b952b91830fd010ad4b | e066ac977a6ebba11e47c5ed49950cee","4b9b44cbc258f2f5391cc6d572187968 | e70dca5f5f65bf10e062f0e66e96179d | 88acb13e2e1c02798c4706aa4051df03 | d506bd5e0e0c4b001e023d9372d988cc | e3626958d01e5b952b91830fd010ad4b | e066ac977a6ebba11e47c5ed49950cee"
"education","rook","mean_rank","2018","control_only",3,"Saturation Regions",0.224835129090325,0.0461360859468589,0.925775,0.22388834224265,1.00422883495492,4,"89c6015bfde9f7789da975063f0043c3 | 5041b606c12106926013fc94f9b8991f | 4fbc7ff968e99ae704c70115d9905614 | e0c9d280befd219cd82c2d1f80cbf8ab","4b9b44cbc258f2f5391cc6d572187968 | 88acb13e2e1c02798c4706aa4051df03 | d506bd5e0e0c4b001e023d9372d988cc | e066ac977a6ebba11e47c5ed49950cee"
"baseline_sensitivity","queen","mean_rank","2019","control_only",3,"Saturation Regions",0.227637143515108,0.0506940894296729,0.923116666666666,0.223289282758061,1.01947187389982,6,"bff1fa77eced0ae17b6e9baf1b7ac111 | 1c40caee0641d087c0c412114c4e4c9e | 5d19f102f38c12ab406c8db9f69820ac | ea0283005b599a73816abb09231ef78b | 133f163c64074fc25dd59ff4bee85914 | 1fb6d24d1070a88defe4529ef52830d1","4b9b44cbc258f2f5391cc6d572187968 | e70dca5f5f65bf10e062f0e66e96179d | 88acb13e2e1c02798c4706aa4051df03 | d506bd5e0e0c4b001e023d9372d988cc | e3626958d01e5b952b91830fd010ad4b | e066ac977a6ebba11e47c5ed49950cee"
"education","queen","mean_rank","2019","control_only",3,"Saturation Regions",0.223289282758061,0.0464246047524709,0.92625,0.223289282758061,1,6,"4b9b44cbc258f2f5391cc6d572187968 | e70dca5f5f65bf10e062f0e66e96179d | 88acb13e2e1c02798c4706aa4051df03 | d506bd5e0e0c4b001e023d9372d988cc | e3626958d01e5b952b91830fd010ad4b | e066ac977a6ebba11e47c5ed49950cee","4b9b44cbc258f2f5391cc6d572187968 | e70dca5f5f65bf10e062f0e66e96179d | 88acb13e2e1c02798c4706aa4051df03 | d506bd5e0e0c4b001e023d9372d988cc | e3626958d01e5b952b91830fd010ad4b | e066ac977a6ebba11e47c5ed49950cee"
"education","rook","mean_rank","2019","control_only",3,"Saturation Regions",0.224835129090325,0.0461360859468589,0.925775,0.22388834224265,1.00422883495492,4,"89c6015bfde9f7789da975063f0043c3 | 5041b606c12106926013fc94f9b8991f | 4fbc7ff968e99ae704c70115d9905614 | e0c9d280befd219cd82c2d1f80cbf8ab","4b9b44cbc258f2f5391cc6d572187968 | 88acb13e2e1c02798c4706aa4051df03 | d506bd5e0e0c4b001e023d9372d988cc | e066ac977a6ebba11e47c5ed49950cee"
"baseline_sensitivity","queen","mean_rank","2020","control_only",3,"Saturation Regions",0.226472945060434,0.0504938833321324,0.923566666666666,0.223289282758061,1.01425801660988,6,"a4893112deaf9c8687abd6bcf3b83b0c | 5e2f71e5a4b4b2bf29e4bbe90053b24c | e7df6ea570b1a00596de977b8d1a402f | 831b7545e2c1c896fb1dd159991d7608 | 61bdd1cc2b94349b2f156b848da59dd8 | 6b4f392b0f66914b3bc98a85e6eeaf2f","4b9b44cbc258f2f5391cc6d572187968 | e70dca5f5f65bf10e062f0e66e96179d | 88acb13e2e1c02798c4706aa4051df03 | d506bd5e0e0c4b001e023d9372d988cc | e3626958d01e5b952b91830fd010ad4b | e066ac977a6ebba11e47c5ed49950cee"
"education","queen","mean_rank","2020","control_only",3,"Saturation Regions",0.223289282758061,0.0464246047524709,0.92625,0.223289282758061,1,6,"4b9b44cbc258f2f5391cc6d572187968 | e70dca5f5f65bf10e062f0e66e96179d | 88acb13e2e1c02798c4706aa4051df03 | d506bd5e0e0c4b001e023d9372d988cc | e3626958d01e5b952b91830fd010ad4b | e066ac977a6ebba11e47c5ed49950cee","4b9b44cbc258f2f5391cc6d572187968 | e70dca5f5f65bf10e062f0e66e96179d | 88acb13e2e1c02798c4706aa4051df03 | d506bd5e0e0c4b001e023d9372d988cc | e3626958d01e5b952b91830fd010ad4b | e066ac977a6ebba11e47c5ed49950cee"
"education","rook","mean_rank","2020","control_only",3,"Saturation Regions",0.224835129090325,0.0461360859468589,0.925775,0.22388834224265,1.00422883495492,4,"89c6015bfde9f7789da975063f0043c3 | 5041b606c12106926013fc94f9b8991f | 4fbc7ff968e99ae704c70115d9905614 | e0c9d280befd219cd82c2d1f80cbf8ab","4b9b44cbc258f2f5391cc6d572187968 | 88acb13e2e1c02798c4706aa4051df03 | d506bd5e0e0c4b001e023d9372d988cc | e066ac977a6ebba11e47c5ed49950cee"
"baseline_sensitivity","queen","mean_rank","2021","control_only",3,"Saturation Regions",0.226443397885059,0.0452205009957358,0.923766666666666,0.223289282758061,1.01412568972428,6,"83b5adcf32f32742040d39c12f96d6bb | 80ac59b2bd898ac6db54df88a6574597 | 59d500ed2a237c14cde213c741687916 | ad5e9798f021d1e298a2cd7de4a549b0 | d66d4eaafeb5112fedd596e2b5909a6f | 54b2b29e162dd7df19e944c55e236fde","4b9b44cbc258f2f5391cc6d572187968 | e70dca5f5f65bf10e062f0e66e96179d | 88acb13e2e1c02798c4706aa4051df03 | d506bd5e0e0c4b001e023d9372d988cc | e3626958d01e5b952b91830fd010ad4b | e066ac977a6ebba11e47c5ed49950cee"
"education","queen","mean_rank","2021","control_only",3,"Saturation Regions",0.223289282758061,0.0464246047524709,0.92625,0.223289282758061,1,6,"4b9b44cbc258f2f5391cc6d572187968 | e70dca5f5f65bf10e062f0e66e96179d | 88acb13e2e1c02798c4706aa4051df03 | d506bd5e0e0c4b001e023d9372d988cc | e3626958d01e5b952b91830fd010ad4b | e066ac977a6ebba11e47c5ed49950cee","4b9b44cbc258f2f5391cc6d572187968 | e70dca5f5f65bf10e062f0e66e96179d | 88acb13e2e1c02798c4706aa4051df03 | d506bd5e0e0c4b001e023d9372d988cc | e3626958d01e5b952b91830fd010ad4b | e066ac977a6ebba11e47c5ed49950cee"
"education","rook","mean_rank","2021","control_only",3,"Saturation Regions",0.224835129090325,0.0461360859468589,0.925775,0.22388834224265,1.00422883495492,4,"89c6015bfde9f7789da975063f0043c3 | 5041b606c12106926013fc94f9b8991f | 4fbc7ff968e99ae704c70115d9905614 | e0c9d280befd219cd82c2d1f80cbf8ab","4b9b44cbc258f2f5391cc6d572187968 | 88acb13e2e1c02798c4706aa4051df03 | d506bd5e0e0c4b001e023d9372d988cc | e066ac977a6ebba11e47c5ed49950cee"
"baseline_sensitivity","queen","mean_rank","2018","both",4,"Isolation Buffer",0.292534709835616,0.0100108812281723,0.929316666666666,0.285912124627083,1.02316300932383,6,"445cbdc154ff8f6e105e792179c83ae8 | 85d40be294c5fb11d8631be074a5623f | 6d918f8a1267de25b825e8e892e974b5 | 36b943dffde3adbbdb0faa490dc7ec13 | e393a0f335adef5b869ed4d72e4133d1 | 1c898353ea5827d70cd8a6b9d9db4527","fddfeaf185b919e3d89611d67e327af6 | d71c57dea1c8193c83eebf6983d00200 | 29cfe9dd1235e941fa8fce8ce5ff1864 | fb81578b1ade7d6ed28b198e3ac6e754 | 04643d18f03194ceaf4b4c0770692786 | 034331576df0fe666e15cbbb3a6aa539"
"education","queen","mean_rank","2018","both",4,"Isolation Buffer",0.285912124627083,0.00883208976789603,0.931649999999999,0.285912124627083,1,6,"fddfeaf185b919e3d89611d67e327af6 | d71c57dea1c8193c83eebf6983d00200 | 29cfe9dd1235e941fa8fce8ce5ff1864 | fb81578b1ade7d6ed28b198e3ac6e754 | 04643d18f03194ceaf4b4c0770692786 | 034331576df0fe666e15cbbb3a6aa539","fddfeaf185b919e3d89611d67e327af6 | d71c57dea1c8193c83eebf6983d00200 | 29cfe9dd1235e941fa8fce8ce5ff1864 | fb81578b1ade7d6ed28b198e3ac6e754 | 04643d18f03194ceaf4b4c0770692786 | 034331576df0fe666e15cbbb3a6aa539"
"education","rook","mean_rank","2018","both",4,"Isolation Buffer",0.294987076811969,0.00785319282847321,0.932775,0.287626897070061,1.02558933054204,4,"52184c47a863798b9c4fd054a0203e56 | 759c96e67c71a427a211f89a2aa771d1 | 2ad64480c2cfc3c097f8c3d9fa92ef4c | 48f37c519848fd0d474a459af1261a7b","fddfeaf185b919e3d89611d67e327af6 | 29cfe9dd1235e941fa8fce8ce5ff1864 | fb81578b1ade7d6ed28b198e3ac6e754 | 034331576df0fe666e15cbbb3a6aa539"
"baseline_sensitivity","queen","mean_rank","2019","both",4,"Isolation Buffer",0.296755316768512,0.0102586710641499,0.9301,0.285912124627083,1.03792491191331,6,"c1792b44ac26430b43045bd72c6091eb | 16a3f2b03f918f9af45a63c6589870e4 | 90770cfabb7faf3e0511261d4dfb49f8 | 70d42ecf12d6e071d5f784246a6d11fb | 732eb395df5607ea52214bae99c9bd5d | 74b4c6686248c1220a3cc03c799dd7f8","fddfeaf185b919e3d89611d67e327af6 | d71c57dea1c8193c83eebf6983d00200 | 29cfe9dd1235e941fa8fce8ce5ff1864 | fb81578b1ade7d6ed28b198e3ac6e754 | 04643d18f03194ceaf4b4c0770692786 | 034331576df0fe666e15cbbb3a6aa539"
"education","queen","mean_rank","2019","both",4,"Isolation Buffer",0.285912124627083,0.00883208976789603,0.931649999999999,0.285912124627083,1,6,"fddfeaf185b919e3d89611d67e327af6 | d71c57dea1c8193c83eebf6983d00200 | 29cfe9dd1235e941fa8fce8ce5ff1864 | fb81578b1ade7d6ed28b198e3ac6e754 | 04643d18f03194ceaf4b4c0770692786 | 034331576df0fe666e15cbbb3a6aa539","fddfeaf185b919e3d89611d67e327af6 | d71c57dea1c8193c83eebf6983d00200 | 29cfe9dd1235e941fa8fce8ce5ff1864 | fb81578b1ade7d6ed28b198e3ac6e754 | 04643d18f03194ceaf4b4c0770692786 | 034331576df0fe666e15cbbb3a6aa539"
"education","rook","mean_rank","2019","both",4,"Isolation Buffer",0.294987076811969,0.00785319282847321,0.932775,0.287626897070061,1.02558933054204,4,"52184c47a863798b9c4fd054a0203e56 | 759c96e67c71a427a211f89a2aa771d1 | 2ad64480c2cfc3c097f8c3d9fa92ef4c | 48f37c519848fd0d474a459af1261a7b","fddfeaf185b919e3d89611d67e327af6 | 29cfe9dd1235e941fa8fce8ce5ff1864 | fb81578b1ade7d6ed28b198e3ac6e754 | 034331576df0fe666e15cbbb3a6aa539"
"baseline_sensitivity","queen","mean_rank","2020","both",4,"Isolation Buffer",0.294336287565013,0.00997603642361381,0.928866666666666,0.285912124627083,1.02946416822623,6,"992d791ceded162c2d8c9ffb73551ba6 | 2532860f9ef9b895c0ce5dc97256c0c3 | eb24d27a43b524b10cd02bd26d6ce767 | bcf57a6f637b043e8fd9292f3575ca67 | 148be7ae525daacb0b3d0f7c3c0293ee | 7dd83ac6b69a4807885f5027db16abca","fddfeaf185b919e3d89611d67e327af6 | d71c57dea1c8193c83eebf6983d00200 | 29cfe9dd1235e941fa8fce8ce5ff1864 | fb81578b1ade7d6ed28b198e3ac6e754 | 04643d18f03194ceaf4b4c0770692786 | 034331576df0fe666e15cbbb3a6aa539"
"education","queen","mean_rank","2020","both",4,"Isolation Buffer",0.285912124627083,0.00883208976789603,0.931649999999999,0.285912124627083,1,6,"fddfeaf185b919e3d89611d67e327af6 | d71c57dea1c8193c83eebf6983d00200 | 29cfe9dd1235e941fa8fce8ce5ff1864 | fb81578b1ade7d6ed28b198e3ac6e754 | 04643d18f03194ceaf4b4c0770692786 | 034331576df0fe666e15cbbb3a6aa539","fddfeaf185b919e3d89611d67e327af6 | d71c57dea1c8193c83eebf6983d00200 | 29cfe9dd1235e941fa8fce8ce5ff1864 | fb81578b1ade7d6ed28b198e3ac6e754 | 04643d18f03194ceaf4b4c0770692786 | 034331576df0fe666e15cbbb3a6aa539"
"education","rook","mean_rank","2020","both",4,"Isolation Buffer",0.294987076811969,0.00785319282847321,0.932775,0.287626897070061,1.02558933054204,4,"52184c47a863798b9c4fd054a0203e56 | 759c96e67c71a427a211f89a2aa771d1 | 2ad64480c2cfc3c097f8c3d9fa92ef4c | 48f37c519848fd0d474a459af1261a7b","fddfeaf185b919e3d89611d67e327af6 | 29cfe9dd1235e941fa8fce8ce5ff1864 | fb81578b1ade7d6ed28b198e3ac6e754 | 034331576df0fe666e15cbbb3a6aa539"
"baseline_sensitivity","queen","mean_rank","2021","both",4,"Isolation Buffer",0.295578283719103,0.0146018218928123,0.928549999999999,0.285912124627083,1.03380814683752,6,"6854b713890da89b8adf372af594e846 | 1840c0d692dfd0e330c65b9444b926eb | 68bfdb31c32caa4cd08f2aa5f2d3e921 | db20f5a7fc058e28f2e93a560d53a5d3 | 7bc7ee04712209e8dca11e28ba8e13db | 66f7bc496191d5b350e531e9ca695f30","fddfeaf185b919e3d89611d67e327af6 | d71c57dea1c8193c83eebf6983d00200 | 29cfe9dd1235e941fa8fce8ce5ff1864 | fb81578b1ade7d6ed28b198e3ac6e754 | 04643d18f03194ceaf4b4c0770692786 | 034331576df0fe666e15cbbb3a6aa539"
"education","queen","mean_rank","2021","both",4,"Isolation Buffer",0.285912124627083,0.00883208976789603,0.931649999999999,0.285912124627083,1,6,"fddfeaf185b919e3d89611d67e327af6 | d71c57dea1c8193c83eebf6983d00200 | 29cfe9dd1235e941fa8fce8ce5ff1864 | fb81578b1ade7d6ed28b198e3ac6e754 | 04643d18f03194ceaf4b4c0770692786 | 034331576df0fe666e15cbbb3a6aa539","fddfeaf185b919e3d89611d67e327af6 | d71c57dea1c8193c83eebf6983d00200 | 29cfe9dd1235e941fa8fce8ce5ff1864 | fb81578b1ade7d6ed28b198e3ac6e754 | 04643d18f03194ceaf4b4c0770692786 | 034331576df0fe666e15cbbb3a6aa539"
"education","rook","mean_rank","2021","both",4,"Isolation Buffer",0.294987076811969,0.00785319282847321,0.932775,0.287626897070061,1.02558933054204,4,"52184c47a863798b9c4fd054a0203e56 | 759c96e67c71a427a211f89a2aa771d1 | 2ad64480c2cfc3c097f8c3d9fa92ef4c | 48f37c519848fd0d474a459af1261a7b","fddfeaf185b919e3d89611d67e327af6 | 29cfe9dd1235e941fa8fce8ce5ff1864 | fb81578b1ade7d6ed28b198e3ac6e754 | 034331576df0fe666e15cbbb3a6aa539"
"baseline_sensitivity","queen","mean_rank","2018","control_only",4,"Isolation Buffer",0.291467420696179,0.0122777489305546,0.9282,0.285747515193825,1.02001734117784,6,"e17c393dd98f39854452a662a6f81029 | a8e9ebdc588ab4dfb9379eb82ea4dc2a | 7bfa6c2360a86e753488821d21ce58de | c71826b8ddf9a1eca7a874d90b1f8dbb | a478d2bd9d7f8f95b7d52f2424a3cdaa | 10606bab4ac075814df3592a1854ab43","d75de2e35fdae027a223dcfb5702a718 | 9d4e1af5265c7bb5799c228ef94a873f | fa2ab6ef8edf14a8cd1cfddafb940896 | 4d4863a3a3e4960a0b278c0960715461 | 1585df1bcdd1e01e4f232e8396623c6f | ed2bd75532f4cf754791c688789b4252"
"education","queen","mean_rank","2018","control_only",4,"Isolation Buffer",0.285747515193825,0.0105922879630335,0.931283333333333,0.285747515193825,1,6,"d75de2e35fdae027a223dcfb5702a718 | 9d4e1af5265c7bb5799c228ef94a873f | fa2ab6ef8edf14a8cd1cfddafb940896 | 4d4863a3a3e4960a0b278c0960715461 | 1585df1bcdd1e01e4f232e8396623c6f | ed2bd75532f4cf754791c688789b4252","d75de2e35fdae027a223dcfb5702a718 | 9d4e1af5265c7bb5799c228ef94a873f | fa2ab6ef8edf14a8cd1cfddafb940896 | 4d4863a3a3e4960a0b278c0960715461 | 1585df1bcdd1e01e4f232e8396623c6f | ed2bd75532f4cf754791c688789b4252"
"education","rook","mean_rank","2018","control_only",4,"Isolation Buffer",0.289480037181724,0.00658878991872839,0.934625,0.284607807537012,1.01711910044519,4,"b842902ace9a67a00bf90f8f81ab4f3f | 88625a8b4043f48f706d0f212eec8737 | ef70e83c9c2183af6ec0d64e89f260cd | 38c77e3aefd070d70ec89c9eb3e53525","d75de2e35fdae027a223dcfb5702a718 | fa2ab6ef8edf14a8cd1cfddafb940896 | 4d4863a3a3e4960a0b278c0960715461 | ed2bd75532f4cf754791c688789b4252"
"baseline_sensitivity","queen","mean_rank","2019","control_only",4,"Isolation Buffer",0.297374010842089,0.0105533356664035,0.929383333333333,0.285747515193825,1.0406880026249,6,"70fd26447d9b67d5793e20833ce8a5db | c820f3b83cb93d16df5567e7670d435d | 7e04973cf00178ca4031561831fff49f | 2cc505bc9222565e3083b053c38ff30f | f10a9a07f929e313f8a61b559738576b | 1a00eba51a23622f9169dc20783ba12a","d75de2e35fdae027a223dcfb5702a718 | 9d4e1af5265c7bb5799c228ef94a873f | fa2ab6ef8edf14a8cd1cfddafb940896 | 4d4863a3a3e4960a0b278c0960715461 | 1585df1bcdd1e01e4f232e8396623c6f | ed2bd75532f4cf754791c688789b4252"
"education","queen","mean_rank","2019","control_only",4,"Isolation Buffer",0.285747515193825,0.0105922879630335,0.931283333333333,0.285747515193825,1,6,"d75de2e35fdae027a223dcfb5702a718 | 9d4e1af5265c7bb5799c228ef94a873f | fa2ab6ef8edf14a8cd1cfddafb940896 | 4d4863a3a3e4960a0b278c0960715461 | 1585df1bcdd1e01e4f232e8396623c6f | ed2bd75532f4cf754791c688789b4252","d75de2e35fdae027a223dcfb5702a718 | 9d4e1af5265c7bb5799c228ef94a873f | fa2ab6ef8edf14a8cd1cfddafb940896 | 4d4863a3a3e4960a0b278c0960715461 | 1585df1bcdd1e01e4f232e8396623c6f | ed2bd75532f4cf754791c688789b4252"
"education","rook","mean_rank","2019","control_only",4,"Isolation Buffer",0.289480037181724,0.00658878991872839,0.934625,0.284607807537012,1.01711910044519,4,"b842902ace9a67a00bf90f8f81ab4f3f | 88625a8b4043f48f706d0f212eec8737 | ef70e83c9c2183af6ec0d64e89f260cd | 38c77e3aefd070d70ec89c9eb3e53525","d75de2e35fdae027a223dcfb5702a718 | fa2ab6ef8edf14a8cd1cfddafb940896 | 4d4863a3a3e4960a0b278c0960715461 | ed2bd75532f4cf754791c688789b4252"
"baseline_sensitivity","queen","mean_rank","2020","control_only",4,"Isolation Buffer",0.29119430266845,0.00798226711896271,0.930483333333333,0.285747515193825,1.01906153924359,6,"bb904ec4e8b9def0ac7321f9c77608d1 | 82aa20e9642c6b878b0719afffd29e6d | 988bf000d221e4daebcef06ce3271ae5 | e3031839294e830de3eb534cd9940b60 | b0e19d20a5d760c08c0e796cc4891c9c | 79d99ece022783313eb88f462951e130","d75de2e35fdae027a223dcfb5702a718 | 9d4e1af5265c7bb5799c228ef94a873f | fa2ab6ef8edf14a8cd1cfddafb940896 | 4d4863a3a3e4960a0b278c0960715461 | 1585df1bcdd1e01e4f232e8396623c6f | ed2bd75532f4cf754791c688789b4252"
"education","queen","mean_rank","2020","control_only",4,"Isolation Buffer",0.285747515193825,0.0105922879630335,0.931283333333333,0.285747515193825,1,6,"d75de2e35fdae027a223dcfb5702a718 | 9d4e1af5265c7bb5799c228ef94a873f | fa2ab6ef8edf14a8cd1cfddafb940896 | 4d4863a3a3e4960a0b278c0960715461 | 1585df1bcdd1e01e4f232e8396623c6f | ed2bd75532f4cf754791c688789b4252","d75de2e35fdae027a223dcfb5702a718 | 9d4e1af5265c7bb5799c228ef94a873f | fa2ab6ef8edf14a8cd1cfddafb940896 | 4d4863a3a3e4960a0b278c0960715461 | 1585df1bcdd1e01e4f232e8396623c6f | ed2bd75532f4cf754791c688789b4252"
"education","rook","mean_rank","2020","control_only",4,"Isolation Buffer",0.289480037181724,0.00658878991872839,0.934625,0.284607807537012,1.01711910044519,4,"b842902ace9a67a00bf90f8f81ab4f3f | 88625a8b4043f48f706d0f212eec8737 | ef70e83c9c2183af6ec0d64e89f260cd | 38c77e3aefd070d70ec89c9eb3e53525","d75de2e35fdae027a223dcfb5702a718 | fa2ab6ef8edf14a8cd1cfddafb940896 | 4d4863a3a3e4960a0b278c0960715461 | ed2bd75532f4cf754791c688789b4252"
"baseline_sensitivity","queen","mean_rank","2021","control_only",4,"Isolation Buffer",0.295537234381862,0.0141449217645246,0.928633333333333,0.285747515193825,1.03426003260744,6,"fa487019d98e5afa7b6dc1e2d114b0b2 | b419fb5bf14a7a370bfeb0ea36cba5df | f2432c79028b5865c5ea0d8105f10a7f | f4b727f26c27d81aa7a7b2b2436d7c01 | a11be29b0306a8d1787167a4c7167b4e | ac4cd2fe7052843ce56d92d4a1e715f5","d75de2e35fdae027a223dcfb5702a718 | 9d4e1af5265c7bb5799c228ef94a873f | fa2ab6ef8edf14a8cd1cfddafb940896 | 4d4863a3a3e4960a0b278c0960715461 | 1585df1bcdd1e01e4f232e8396623c6f | ed2bd75532f4cf754791c688789b4252"
"education","queen","mean_rank","2021","control_only",4,"Isolation Buffer",0.285747515193825,0.0105922879630335,0.931283333333333,0.285747515193825,1,6,"d75de2e35fdae027a223dcfb5702a718 | 9d4e1af5265c7bb5799c228ef94a873f | fa2ab6ef8edf14a8cd1cfddafb940896 | 4d4863a3a3e4960a0b278c0960715461 | 1585df1bcdd1e01e4f232e8396623c6f | ed2bd75532f4cf754791c688789b4252","d75de2e35fdae027a223dcfb5702a718 | 9d4e1af5265c7bb5799c228ef94a873f | fa2ab6ef8edf14a8cd1cfddafb940896 | 4d4863a3a3e4960a0b278c0960715461 | 1585df1bcdd1e01e4f232e8396623c6f | ed2bd75532f4cf754791c688789b4252"
"education","rook","mean_rank","2021","control_only",4,"Isolation Buffer",0.289480037181724,0.00658878991872839,0.934625,0.284607807537012,1.01711910044519,4,"b842902ace9a67a00bf90f8f81ab4f3f | 88625a8b4043f48f706d0f212eec8737 | ef70e83c9c2183af6ec0d64e89f260cd | 38c77e3aefd070d70ec89c9eb3e53525","d75de2e35fdae027a223dcfb5702a718 | fa2ab6ef8edf14a8cd1cfddafb940896 | 4d4863a3a3e4960a0b278c0960715461 | ed2bd75532f4cf754791c688789b4252"
"baseline_sensitivity","queen","mean_rank","2018","both",5,"2x2 Blocking",0.0775578428963643,0.0123168134327163,0.929033333333333,0.0760945962459359,1.01922931091847,6,"ec72479c6c076acabcfc153b70c3345d | a95f00114e1791f31e956d51a684f632 | 52d928fc1b0b588a604dd06389c0a3e7 | 42e14259e1a8987a917290e1c090522d | a3302682a382afe1c0e8f7eead9bc2b8 | 41cb53a3f207c52d9777925d4fb907ed","abe1d1f3c65552e7e46f792c26f91da1 | 5bdb1c22c7d3df9116e20d53b05da54a | 5c9626e20e537871299deb9823c3249b | 3425e9f95e647a7f532163891b3a42ab | f5dab561f6d973abc329a5190f7699ff | 97764ba626f6559fff8b977fe75f83b0"
"education","queen","mean_rank","2018","both",5,"2x2 Blocking",0.0760945962459359,0.00989532855854125,0.933366666666666,0.0760945962459359,1,6,"abe1d1f3c65552e7e46f792c26f91da1 | 5bdb1c22c7d3df9116e20d53b05da54a | 5c9626e20e537871299deb9823c3249b | 3425e9f95e647a7f532163891b3a42ab | f5dab561f6d973abc329a5190f7699ff | 97764ba626f6559fff8b977fe75f83b0","abe1d1f3c65552e7e46f792c26f91da1 | 5bdb1c22c7d3df9116e20d53b05da54a | 5c9626e20e537871299deb9823c3249b | 3425e9f95e647a7f532163891b3a42ab | f5dab561f6d973abc329a5190f7699ff | 97764ba626f6559fff8b977fe75f83b0"
"education","rook","mean_rank","2018","both",5,"2x2 Blocking",0.0775873878225831,0.0125665601863673,0.933575,0.076496606644235,1.01425920999896,4,"95d5684cb3e6b41c506c76a59572aba1 | 8103b1d90db70656619e18112414e3e6 | 44c710c6c131276f264692e4cc4e0a11 | 44c4766910685e6233554c2f7172eae1","abe1d1f3c65552e7e46f792c26f91da1 | 5c9626e20e537871299deb9823c3249b | 3425e9f95e647a7f532163891b3a42ab | 97764ba626f6559fff8b977fe75f83b0"
"baseline_sensitivity","queen","mean_rank","2019","both",5,"2x2 Blocking",0.0775291315591481,0.0146663561163429,0.929533333333333,0.0780795887205386,0.992950050449668,6,"4e7009fb9aa4eeb7bf3146c2abbb72e0 | 06ea138999f003dae8184447c3860dab | 91334874a7c04c55ca05305203485907 | c4c8936b84d7b9ecca7d3d6cb1f649f1 | 5ca00a7a35ab0cdd1a484623a1b57e4d | 82fb6f2b5f93ed929c93d17c50cddc12","e0b3c662e320b616684d6478fde34040 | 6b5099a38128b1536bc68d0bd67dfb80 | ec08ff1f275831d406352d59dea1d967 | cb263df28ae50fe4585ab9cab86509d6 | a3c31edad2bbfa6e8a7c4e41c23afdb2 | ec7afeec874928b3a6dc9f04a70ab015"
"education","queen","mean_rank","2019","both",5,"2x2 Blocking",0.0780795887205386,0.0142966484747012,0.9304,0.0780795887205386,1,6,"e0b3c662e320b616684d6478fde34040 | 6b5099a38128b1536bc68d0bd67dfb80 | ec08ff1f275831d406352d59dea1d967 | cb263df28ae50fe4585ab9cab86509d6 | a3c31edad2bbfa6e8a7c4e41c23afdb2 | ec7afeec874928b3a6dc9f04a70ab015","e0b3c662e320b616684d6478fde34040 | 6b5099a38128b1536bc68d0bd67dfb80 | ec08ff1f275831d406352d59dea1d967 | cb263df28ae50fe4585ab9cab86509d6 | a3c31edad2bbfa6e8a7c4e41c23afdb2 | ec7afeec874928b3a6dc9f04a70ab015"
"education","rook","mean_rank","2019","both",5,"2x2 Blocking",0.078243280782476,0.0155462803238749,0.932375,0.0789769310504074,0.990710575123981,4,"fbafd4d51a9273514da2bc27fc8a62f4 | 516a3ed92b526d232fc51a555c375a56 | a3fcfae1ab0dc8e16e0e80310d474c48 | 2f31e4b183bd3652d3089fb65f155205","e0b3c662e320b616684d6478fde34040 | ec08ff1f275831d406352d59dea1d967 | cb263df28ae50fe4585ab9cab86509d6 | ec7afeec874928b3a6dc9f04a70ab015"
"baseline_sensitivity","queen","mean_rank","2020","both",5,"2x2 Blocking",0.0784156221327493,0.0103626376349503,0.929166666666666,0.0776370132940254,1.01002883554749,6,"6b622562c3724bf54bb444f15d88217e | 15a3e776e86b0d358ee6f67f07077581 | 20e81e72f57598288d2809804fc1aa80 | 7756c5aec7c131a2a5fefcc29f6ea235 | fba9f9971d593e8dbbd5775a60639389 | 350b0d4c91d1a7ffc59b3e2245e7cdd2","8b4180101ee4718bc2f7345619843068 | 50826606385c3edef1a35ca628014f0f | 21922585f71c9ddebca9f3694b7bf08d | 04e85fe8c7fc9ba937908d6803b49647 | d9886e3e4cc79edc2435c66bac0e45ee | dbfe8c6882e0b1816c2bfabf1d798be5"
"education","queen","mean_rank","2020","both",5,"2x2 Blocking",0.0776370132940254,0.0122293290829772,0.933133333333333,0.0776370132940254,1,6,"8b4180101ee4718bc2f7345619843068 | 50826606385c3edef1a35ca628014f0f | 21922585f71c9ddebca9f3694b7bf08d | 04e85fe8c7fc9ba937908d6803b49647 | d9886e3e4cc79edc2435c66bac0e45ee | dbfe8c6882e0b1816c2bfabf1d798be5","8b4180101ee4718bc2f7345619843068 | 50826606385c3edef1a35ca628014f0f | 21922585f71c9ddebca9f3694b7bf08d | 04e85fe8c7fc9ba937908d6803b49647 | d9886e3e4cc79edc2435c66bac0e45ee | dbfe8c6882e0b1816c2bfabf1d798be5"
"education","rook","mean_rank","2020","both",5,"2x2 Blocking",0.0778269507406374,0.0132828478719491,0.932,0.0779009856209456,0.999049628451835,4,"ba6eae933e639c361f496da4c1dfb6bc | cc6dd48916631301c229bc8cb9b0ad1c | 01b19b908816f34646fc3de3f7635969 | d63729bbf7b54f8874bbccb3d6709736","8b4180101ee4718bc2f7345619843068 | 21922585f71c9ddebca9f3694b7bf08d | 04e85fe8c7fc9ba937908d6803b49647 | dbfe8c6882e0b1816c2bfabf1d798be5"
"baseline_sensitivity","queen","mean_rank","2021","both",5,"2x2 Blocking",0.0780367335298773,0.0110994681174264,0.929783333333333,0.0773554853795318,1.00880672064823,6,"9575ee0adcd6a3f12012624f07784a01 | a0021eaf5050a70fd8eb26119a8cbb7f | 2d0f5539313d4ee422c6c26d116c7a82 | 1926a8c2c97f53e60ae034102bd8ace9 | 6595390fbfa4c15da4d9660c56c33421 | 0af7f85c392db13d0daa9e9970df3257","e713d0f427f92f2b6b229e8716d18be5 | 6f374d36c9757361d6fcc43c6c17dac7 | cfa2a65f4f79405ef125e325bf1054c2 | 3fd2a5f57f1f51716ba859ebbfde5864 | 456080145eeb47fc65956136cb6541ca | aaf2201df67897c0ee260e5a517a0d75"
"education","queen","mean_rank","2021","both",5,"2x2 Blocking",0.0773554853795318,0.0106845280141675,0.931216666666666,0.0773554853795318,1,6,"e713d0f427f92f2b6b229e8716d18be5 | 6f374d36c9757361d6fcc43c6c17dac7 | cfa2a65f4f79405ef125e325bf1054c2 | 3fd2a5f57f1f51716ba859ebbfde5864 | 456080145eeb47fc65956136cb6541ca | aaf2201df67897c0ee260e5a517a0d75","e713d0f427f92f2b6b229e8716d18be5 | 6f374d36c9757361d6fcc43c6c17dac7 | cfa2a65f4f79405ef125e325bf1054c2 | 3fd2a5f57f1f51716ba859ebbfde5864 | 456080145eeb47fc65956136cb6541ca | aaf2201df67897c0ee260e5a517a0d75"
"education","rook","mean_rank","2021","both",5,"2x2 Blocking",0.0775036818543955,0.0135026813235508,0.934625,0.0776106451781734,0.998621795714592,4,"dac2953f280bedc202f7d9102ae30003 | a2bb82010c37869c27ead6e30793988c | 7dcb0b42d8dc03291ff0598b5925c45a | cc01a1127e22b0d49da31e4ee35505bc","e713d0f427f92f2b6b229e8716d18be5 | cfa2a65f4f79405ef125e325bf1054c2 | 3fd2a5f57f1f51716ba859ebbfde5864 | aaf2201df67897c0ee260e5a517a0d75"
"baseline_sensitivity","queen","mean_rank","2018","control_only",5,"2x2 Blocking",0.301563752509955,0.0306056074592925,0.927933333333333,0.306217831591185,0.984801410626395,6,"e2ffafac2b9c3a28787f5cf645d43454 | 630ca79bc05cc99e3278e997fc86a1c1 | 3aab5e7025974d4106e26a10c9eea53f | 6d3c484a8298a63fa02e8490a06b4256 | 53e3783d818c2cbbf43675aca38c5499 | 21d64e4d3c0bfa4454078a84b0ccc0a5","8f2d981e86bf473d3505a1f5cbecad11 | dd8cd4280c404e2ab3b5b8dd0e1f02bd | fac4eadf96044d5425b04e3bf560786e | 34db0c5354a21e5bc51acbc04ddabc64 | 17a61d8e066ae4f40fa807d52635add1 | 98a9100b4f51b7e11c11c639c2865098"
"education","queen","mean_rank","2018","control_only",5,"2x2 Blocking",0.306217831591185,0.028143736775508,0.929066666666666,0.306217831591185,1,6,"8f2d981e86bf473d3505a1f5cbecad11 | dd8cd4280c404e2ab3b5b8dd0e1f02bd | fac4eadf96044d5425b04e3bf560786e | 34db0c5354a21e5bc51acbc04ddabc64 | 17a61d8e066ae4f40fa807d52635add1 | 98a9100b4f51b7e11c11c639c2865098","8f2d981e86bf473d3505a1f5cbecad11 | dd8cd4280c404e2ab3b5b8dd0e1f02bd | fac4eadf96044d5425b04e3bf560786e | 34db0c5354a21e5bc51acbc04ddabc64 | 17a61d8e066ae4f40fa807d52635add1 | 98a9100b4f51b7e11c11c639c2865098"
"education","rook","mean_rank","2018","control_only",5,"2x2 Blocking",0.309938032093729,0.030245283142096,0.928875,0.307133101655482,1.00913262173022,4,"bc20bce6db18d53d2f03aa356bbb35bd | 421e27aea4354e3c1a818f205d82db5a | 3fa19f9254c6a2e0f94167a32cef9f01 | e42049dcbc915705ff1f88b43dca5e7d","8f2d981e86bf473d3505a1f5cbecad11 | fac4eadf96044d5425b04e3bf560786e | 34db0c5354a21e5bc51acbc04ddabc64 | 98a9100b4f51b7e11c11c639c2865098"
"baseline_sensitivity","queen","mean_rank","2019","control_only",5,"2x2 Blocking",0.438033381232818,0.0357351759677864,0.926016666666666,0.436296247909227,1.00398154541075,6,"0008cdbe6def987858adff0c5f883c54 | 3225241b2e0bda982f32517e9ddaa0d8 | a2e33dc557472a3d9ac97bf37fa80a5b | 5d07ab46324fce9cd0c36391c8e2aaf7 | 127057032b86c31c3a963ccf4b43cada | 35c40a7a68cbb9811179ff7424416f43","4099b990de04acb963486ecb55bcca4f | 3c5408b31b8ce8e9fbf3f080d905905f | 87ea15518651ab43371a26ade85809de | 546c6953f6e7bd7c693dbf9f69692a78 | 8451e9042db8e884284694c94e2e6c96 | 73a463478d354a4ed7a4f2df663f2df2"
"education","queen","mean_rank","2019","control_only",5,"2x2 Blocking",0.436296247909227,0.0313836236441914,0.927599999999999,0.436296247909227,1,6,"4099b990de04acb963486ecb55bcca4f | 3c5408b31b8ce8e9fbf3f080d905905f | 87ea15518651ab43371a26ade85809de | 546c6953f6e7bd7c693dbf9f69692a78 | 8451e9042db8e884284694c94e2e6c96 | 73a463478d354a4ed7a4f2df663f2df2","4099b990de04acb963486ecb55bcca4f | 3c5408b31b8ce8e9fbf3f080d905905f | 87ea15518651ab43371a26ade85809de | 546c6953f6e7bd7c693dbf9f69692a78 | 8451e9042db8e884284694c94e2e6c96 | 73a463478d354a4ed7a4f2df663f2df2"
"education","rook","mean_rank","2019","control_only",5,"2x2 Blocking",0.41092426538859,0.0359763163033587,0.929525,0.435423383238356,0.943734951330451,4,"9d6a8e9ea6aabd8062de94c5defb6ecb | 9f5136caaac11002ac0363ada7549423 | b18338bcd781dafb24e229ef226b7c9c | 1b527415dd664ac32a7ab4629ea52597","4099b990de04acb963486ecb55bcca4f | 87ea15518651ab43371a26ade85809de | 546c6953f6e7bd7c693dbf9f69692a78 | 73a463478d354a4ed7a4f2df663f2df2"
"baseline_sensitivity","queen","mean_rank","2020","control_only",5,"2x2 Blocking",0.319825730525249,0.0264942799894493,0.928283333333333,0.318479536244853,1.00422694122287,6,"e9809130144af58bf582f30192acad1b | 182768dff0c75ab29cdede09a06d14e1 | a4f5cbb7dffe4c74ec6ca4dd9751750b | f0f9d230146c314440161f823e380d0e | eb2d4e0d3ff80300207bef94ad454765 | 105c43c47ab551aed55fe35d65e92f84","e593c93a1f01bc3ea995476c6fb24c37 | e9d69e1c288a54d0c32531edcf148a6f | 39a5316f86baf7782b19790ebdc6c3c3 | a4137c326a24c4b5cc4c53b1f14c8611 | d07a1684d3667819aa0e7280caed7452 | e330c8860753b0243fdc29d5011c67ae"
"education","queen","mean_rank","2020","control_only",5,"2x2 Blocking",0.318479536244853,0.0281461212121326,0.9304,0.318479536244853,1,6,"e593c93a1f01bc3ea995476c6fb24c37 | e9d69e1c288a54d0c32531edcf148a6f | 39a5316f86baf7782b19790ebdc6c3c3 | a4137c326a24c4b5cc4c53b1f14c8611 | d07a1684d3667819aa0e7280caed7452 | e330c8860753b0243fdc29d5011c67ae","e593c93a1f01bc3ea995476c6fb24c37 | e9d69e1c288a54d0c32531edcf148a6f | 39a5316f86baf7782b19790ebdc6c3c3 | a4137c326a24c4b5cc4c53b1f14c8611 | d07a1684d3667819aa0e7280caed7452 | e330c8860753b0243fdc29d5011c67ae"
"education","rook","mean_rank","2020","control_only",5,"2x2 Blocking",0.294114446405024,0.0304293901424223,0.927825,0.318114094673691,0.924556476212457,4,"9fa63a3dec2894a78438d10cc20a472c | f51a775c72af992c3bde0ea764f1c436 | 22b18bb02e0097fa7196fad60d40e039 | f8ac572a25bb1c9f7ae26004565bb309","e593c93a1f01bc3ea995476c6fb24c37 | 39a5316f86baf7782b19790ebdc6c3c3 | a4137c326a24c4b5cc4c53b1f14c8611 | e330c8860753b0243fdc29d5011c67ae"
"baseline_sensitivity","queen","mean_rank","2021","control_only",5,"2x2 Blocking",0.365778092983768,0.0366820164776618,0.927616666666666,0.361682169006904,1.01132465000448,6,"facf5b9d8102a0007ce5e6c2ce4f08b4 | 388afc05167876cb03d9b22b644062fd | 403c92d31665b8b372d6b40170ed6f1a | aaff99e99e8bbedc4801d1ef7bd318aa | 1704893f05411c9e0e909e3b1bd654e6 | 0ea27a4d2ac22b4bbfce8d919e6366ea","380971e22bacc391120daf63363594c2 | c2320c3fba9033d2c0426c3abed30ba8 | 24acfbf6a1227ac883993ef6ff2ebea1 | 5f222fd3b9012ce3ebed3981ca98bbd8 | 3c4d56c2abe8e3086c49b8f683bc627d | 29d248783c2dc04dcf2107d531e920c1"
"education","queen","mean_rank","2021","control_only",5,"2x2 Blocking",0.361682169006904,0.0289257206931486,0.92835,0.361682169006904,1,6,"380971e22bacc391120daf63363594c2 | c2320c3fba9033d2c0426c3abed30ba8 | 24acfbf6a1227ac883993ef6ff2ebea1 | 5f222fd3b9012ce3ebed3981ca98bbd8 | 3c4d56c2abe8e3086c49b8f683bc627d | 29d248783c2dc04dcf2107d531e920c1","380971e22bacc391120daf63363594c2 | c2320c3fba9033d2c0426c3abed30ba8 | 24acfbf6a1227ac883993ef6ff2ebea1 | 5f222fd3b9012ce3ebed3981ca98bbd8 | 3c4d56c2abe8e3086c49b8f683bc627d | 29d248783c2dc04dcf2107d531e920c1"
"education","rook","mean_rank","2021","control_only",5,"2x2 Blocking",0.347511384140621,0.0284342151763638,0.93035,0.358735117374883,0.968713034518633,4,"9419a9f2f4ed06a2df224d2fa7d03497 | 52af3132359565de0ff84f60a7805ba4 | d3254e3be4f5e1f927b6882542ba9374 | 0cc85bd6847c3403e1b96bd38e6e26e5","380971e22bacc391120daf63363594c2 | 24acfbf6a1227ac883993ef6ff2ebea1 | 5f222fd3b9012ce3ebed3981ca98bbd8 | 29d248783c2dc04dcf2107d531e920c1"
"baseline_sensitivity","queen","mean_rank","2018","both",6,"Balanced Quartiles",0.0761392201913831,0.0152039173625684,0.931166666666666,0.0761014289500416,1.0004965904302,6,"95f36464b9c7dae31845ffc362c1322d | af79a2c520d7ba8038d38d44ed6a5c36 | 023df0db6676cf6150ba3a3d6141de70 | 785a540ed60fe94cd6a3d8e81a1b86cd | df3983e2368c1dc3b24d9ba7c8a40dce | 3e1743bba572a11df138726a80529aa3","e2a724c16855b2170682cd5367e746b5 | c814234705daaa5ecc8767fa7942988f | fe2d471616228622523af4cf39868d57 | c45dfe416fa22e1c7df356647bfe1b41 | 636a803f2427e523b3b10271159d1463 | b7b216238da8d12ad0c30e54aadf1766"
"education","queen","mean_rank","2018","both",6,"Balanced Quartiles",0.0761014289500416,0.0169970768706046,0.932516666666666,0.0761014289500416,1,6,"e2a724c16855b2170682cd5367e746b5 | c814234705daaa5ecc8767fa7942988f | fe2d471616228622523af4cf39868d57 | c45dfe416fa22e1c7df356647bfe1b41 | 636a803f2427e523b3b10271159d1463 | b7b216238da8d12ad0c30e54aadf1766","e2a724c16855b2170682cd5367e746b5 | c814234705daaa5ecc8767fa7942988f | fe2d471616228622523af4cf39868d57 | c45dfe416fa22e1c7df356647bfe1b41 | 636a803f2427e523b3b10271159d1463 | b7b216238da8d12ad0c30e54aadf1766"
"education","rook","mean_rank","2018","both",6,"Balanced Quartiles",0.0752987558341996,0.0157447417979738,0.934725,0.0767858447534117,0.980633293493252,4,"5c7347dbb6ca76ef9b24b890aac7d3fa | d9a762325530b38cf278774a45dabfa9 | 20d307aec3092c0ce77e3e8cb71ead39 | 35b936b0b6993f3f9f2cd80dc05040a8","e2a724c16855b2170682cd5367e746b5 | fe2d471616228622523af4cf39868d57 | c45dfe416fa22e1c7df356647bfe1b41 | b7b216238da8d12ad0c30e54aadf1766"
"baseline_sensitivity","queen","mean_rank","2019","both",6,"Balanced Quartiles",0.076475713564372,0.0187918181857325,0.930516666666666,0.0762355533661692,1.00315023880065,6,"5a31bf5f7bfe734dde4d73e28692bd66 | c4ceb76e03c550d62fe6fba7f9d3db67 | 10aed671454b141aa7325534659827dd | 24c75ed4df353c4a12989d32d757ba85 | fd97fc2cadd35990f89281b0132ef31d | 9796c00847451231a19789916b046977","aefadd9706f6c56fa27fd45e1a255223 | 20689e5bfe68a6f800c5261650be079f | 49a348151fa41cbf7ecedc72e4803528 | f5225e760e5ddee8442ea47970777c77 | 3fdede2a068d610ff1971c47bb0e9108 | 54db08bd7450ff44a6f44ad3b67d6a44"
"education","queen","mean_rank","2019","both",6,"Balanced Quartiles",0.0762355533661692,0.017492450464824,0.93315,0.0762355533661692,1,6,"aefadd9706f6c56fa27fd45e1a255223 | 20689e5bfe68a6f800c5261650be079f | 49a348151fa41cbf7ecedc72e4803528 | f5225e760e5ddee8442ea47970777c77 | 3fdede2a068d610ff1971c47bb0e9108 | 54db08bd7450ff44a6f44ad3b67d6a44","aefadd9706f6c56fa27fd45e1a255223 | 20689e5bfe68a6f800c5261650be079f | 49a348151fa41cbf7ecedc72e4803528 | f5225e760e5ddee8442ea47970777c77 | 3fdede2a068d610ff1971c47bb0e9108 | 54db08bd7450ff44a6f44ad3b67d6a44"
"education","rook","mean_rank","2019","both",6,"Balanced Quartiles",0.0751471334125796,0.0150670202446261,0.9341,0.0766584805741889,0.980284671046321,4,"8757e72df77829d69f2e1bcadc8825aa | 6826984df0963f8e7144ce0faae46a9b | 016a8115b398b0e840ead235ab8408dc | 662c8628797f71a7eeb4e559d628067b","aefadd9706f6c56fa27fd45e1a255223 | 49a348151fa41cbf7ecedc72e4803528 | f5225e760e5ddee8442ea47970777c77 | 54db08bd7450ff44a6f44ad3b67d6a44"
"baseline_sensitivity","queen","mean_rank","2020","both",6,"Balanced Quartiles",0.0754303851747286,0.0165463718085482,0.9314,0.0753047626700121,1.00166818804366,6,"ca27a12c56a447480cabf0b88f3be5be | 44097b352bc4d6cc6697eb0f41e74756 | cedfcef2080b9e6917db3c11eef73104 | 92c9fea4950e7ecb0084e1a66348b0fc | f4b607da83d0301a7c5f11e0b5854a02 | 37a1aff73638b4713599685f6c17ddaa","15a9c2643f670ffc19dbb4e21842b7ba | 1eed7f56b757a0c5badd0972469cb018 | 290bb50469b15d1c1293df45b193cef3 | c43fd08f739a4967e86a1aa2cfbefb9f | 0cae05b142914e401e5793522bc4e3c4 | f2bd9a836fa4f45925ce5cf5961c362d"
"education","queen","mean_rank","2020","both",6,"Balanced Quartiles",0.0753047626700121,0.0158317740207458,0.93325,0.0753047626700121,1,6,"15a9c2643f670ffc19dbb4e21842b7ba | 1eed7f56b757a0c5badd0972469cb018 | 290bb50469b15d1c1293df45b193cef3 | c43fd08f739a4967e86a1aa2cfbefb9f | 0cae05b142914e401e5793522bc4e3c4 | f2bd9a836fa4f45925ce5cf5961c362d","15a9c2643f670ffc19dbb4e21842b7ba | 1eed7f56b757a0c5badd0972469cb018 | 290bb50469b15d1c1293df45b193cef3 | c43fd08f739a4967e86a1aa2cfbefb9f | 0cae05b142914e401e5793522bc4e3c4 | f2bd9a836fa4f45925ce5cf5961c362d"
"education","rook","mean_rank","2020","both",6,"Balanced Quartiles",0.0744089168816348,0.0177713492937637,0.93375,0.0751576407324588,0.990037954311402,4,"898d797f7cbd4d3c22e992285698a586 | af810323015800342d56698c9451082c | 68ddfc7964807a325f21d55a20103f9e | 24fa36d3ec7a109c5536b1bdd2a61d4a","15a9c2643f670ffc19dbb4e21842b7ba | 290bb50469b15d1c1293df45b193cef3 | c43fd08f739a4967e86a1aa2cfbefb9f | f2bd9a836fa4f45925ce5cf5961c362d"
"baseline_sensitivity","queen","mean_rank","2021","both",6,"Balanced Quartiles",0.0743304965892056,0.0149885861136563,0.93195,0.0745257735039681,0.997379739845947,6,"88d1e0a694373aca1d5597b04a905f39 | 4c346865bd19374cb0e49289b6edfa74 | df7470ce83c460a80b99bf7498e9a0ff | 32d396201efbef2cd26eaf5d8a0196f2 | a5217484d8a52df237d5c38edd2df6ac | f27b4c26e6cb1e14e8133a927ccbae93","8ece02c5641c6437a122d2bb6b33a7ee | 9fa43a4d24a3899edf0961b655b8923c | 0ab57dcbd3af920a23a01a0e084ab54c | 3dcff9ef46c9ac07cf4c3a6c5d3370d8 | e46d331c9cb6c53c419ac59b53a52d2c | ec65ce9f89a5900dafe7c0beefee4612"
"education","queen","mean_rank","2021","both",6,"Balanced Quartiles",0.0745257735039681,0.0175103417929015,0.934133333333333,0.0745257735039681,1,6,"8ece02c5641c6437a122d2bb6b33a7ee | 9fa43a4d24a3899edf0961b655b8923c | 0ab57dcbd3af920a23a01a0e084ab54c | 3dcff9ef46c9ac07cf4c3a6c5d3370d8 | e46d331c9cb6c53c419ac59b53a52d2c | ec65ce9f89a5900dafe7c0beefee4612","8ece02c5641c6437a122d2bb6b33a7ee | 9fa43a4d24a3899edf0961b655b8923c | 0ab57dcbd3af920a23a01a0e084ab54c | 3dcff9ef46c9ac07cf4c3a6c5d3370d8 | e46d331c9cb6c53c419ac59b53a52d2c | ec65ce9f89a5900dafe7c0beefee4612"
"education","rook","mean_rank","2021","both",6,"Balanced Quartiles",0.0756661822515797,0.0176548704905342,0.9325,0.0747289880371417,1.01254124054205,4,"04a94a0c8651193a5a8ed2ed0c91c7c4 | bd9911978f9076be7148191132a6358f | 732b64b22181920f9ab8fd4abfd12dc4 | 69cc1822eaff649c7ec0d9548ba407eb","8ece02c5641c6437a122d2bb6b33a7ee | 0ab57dcbd3af920a23a01a0e084ab54c | 3dcff9ef46c9ac07cf4c3a6c5d3370d8 | ec65ce9f89a5900dafe7c0beefee4612"
"baseline_sensitivity","queen","mean_rank","2018","control_only",6,"Balanced Quartiles",0.298722120275743,0.0374179636267481,0.926566666666666,0.293523150066968,1.01771230040148,6,"eb93c26e112c6e12aed5f9d0ef3b0fb0 | fe257e07b6c080509f722cc530e1b122 | 8deb96c930368a5e4185c630c9a2c82d | 4c10f01e765f08028cb72a953788c7f0 | 2f869d23da868daecd4f5afe21fb2d1b | 0dc77e59826e93e78861c8fb3455d8e5","45a63f615354932500432f08a392e6df | c8d1bf5297f287a43e1f3e2bbf4ddd8c | 45f9b7b30e166fad3970b136145b1188 | 3701302027e05494ede7026f5ccd874b | 2f901804ced82395096a2613c31b0cfc | fe6a8f6dccc70d4e44b2e8dbe13ebd4f"
"education","queen","mean_rank","2018","control_only",6,"Balanced Quartiles",0.293523150066968,0.0314957552671199,0.9286,0.293523150066968,1,6,"45a63f615354932500432f08a392e6df | c8d1bf5297f287a43e1f3e2bbf4ddd8c | 45f9b7b30e166fad3970b136145b1188 | 3701302027e05494ede7026f5ccd874b | 2f901804ced82395096a2613c31b0cfc | fe6a8f6dccc70d4e44b2e8dbe13ebd4f","45a63f615354932500432f08a392e6df | c8d1bf5297f287a43e1f3e2bbf4ddd8c | 45f9b7b30e166fad3970b136145b1188 | 3701302027e05494ede7026f5ccd874b | 2f901804ced82395096a2613c31b0cfc | fe6a8f6dccc70d4e44b2e8dbe13ebd4f"
"education","rook","mean_rank","2018","control_only",6,"Balanced Quartiles",0.277562425054251,0.0355697953803112,0.93125,0.294415612662397,0.942757153889553,4,"8e2db2ae5aac721d7ee5df91f109a9ba | bab42131bb5045c00a571d25fc371983 | 64e86f8a0533dd11414ec67d65e5b5be | 5b9623d666221d623163648c5f79bafc","45a63f615354932500432f08a392e6df | 45f9b7b30e166fad3970b136145b1188 | 3701302027e05494ede7026f5ccd874b | fe6a8f6dccc70d4e44b2e8dbe13ebd4f"
"baseline_sensitivity","queen","mean_rank","2019","control_only",6,"Balanced Quartiles",0.315572680109749,0.0309586613047062,0.925316666666666,0.306161298512403,1.03073994539177,6,"f14d4833aec349d9bf6a59dff196d22f | f1977dcc1b83a393cf3f67f0729c9ebb | 40248cd2f854443cc09654e453500e85 | 7176091cf08089b7055ffa2d16d6ede9 | ac8a2302403eaf4531efa490c51e367a | f58d791a48d19bf7966e0391dc635b73","1b0975e6fff42936ed0a2f6fffa1cc3f | 1bda0e39bee3ea9a0859e6baf914767f | 8672352d7a2f281bdf69a00840689dfc | 24b9cbfb863bf89518470ab6ed7047cc | 9f033539b532e3660ad045ff534f79f7 | 578cfe38335933371b4db141bf20a2e4"
"education","queen","mean_rank","2019","control_only",6,"Balanced Quartiles",0.306161298512403,0.0366766476350321,0.929116666666666,0.306161298512403,1,6,"1b0975e6fff42936ed0a2f6fffa1cc3f | 1bda0e39bee3ea9a0859e6baf914767f | 8672352d7a2f281bdf69a00840689dfc | 24b9cbfb863bf89518470ab6ed7047cc | 9f033539b532e3660ad045ff534f79f7 | 578cfe38335933371b4db141bf20a2e4","1b0975e6fff42936ed0a2f6fffa1cc3f | 1bda0e39bee3ea9a0859e6baf914767f | 8672352d7a2f281bdf69a00840689dfc | 24b9cbfb863bf89518470ab6ed7047cc | 9f033539b532e3660ad045ff534f79f7 | 578cfe38335933371b4db141bf20a2e4"
"education","rook","mean_rank","2019","control_only",6,"Balanced Quartiles",0.292503153360976,0.032441392561234,0.928875,0.306742972767771,0.953577357361092,4,"d929dd8bb96eaea6cfe84f24a5fa355a | f37a9252fb94bbbd4cffda2cd33de02f | 224922fe70d81311065c13f1a915ee85 | 87c74680932022e3ba03faa5b694bde0","1b0975e6fff42936ed0a2f6fffa1cc3f | 8672352d7a2f281bdf69a00840689dfc | 24b9cbfb863bf89518470ab6ed7047cc | 578cfe38335933371b4db141bf20a2e4"
"baseline_sensitivity","queen","mean_rank","2020","control_only",6,"Balanced Quartiles",0.29414854470748,0.0358213337645068,0.9248,0.289324546165216,1.01667331239676,6,"2ef607e3114d18d9b8598ad26b0848b8 | 210e8dc491d3e2924c39dad3efcb3589 | f15bec5474bd85e305158f8c3fc274c7 | d7838697a3144cd6a3ad7fe9ab4a51d0 | 7bf837528430760910c77f7e90f87268 | 96f0ff1e0011d0289563ee6345fba54f","bccc11560960d80cfb34b6080ff76704 | 52de61953e9cf40b740696a33254236f | 0cca042fb0392142b113b1eeb3f144ec | 1f91d62a1603e6869ef8779ed8ceb8ed | dd85c2baee755599ebd91197f2039b26 | 8b631759455acc4647ec039e0ec016a6"
"education","queen","mean_rank","2020","control_only",6,"Balanced Quartiles",0.289324546165216,0.0355544671616432,0.927466666666666,0.289324546165216,1,6,"bccc11560960d80cfb34b6080ff76704 | 52de61953e9cf40b740696a33254236f | 0cca042fb0392142b113b1eeb3f144ec | 1f91d62a1603e6869ef8779ed8ceb8ed | dd85c2baee755599ebd91197f2039b26 | 8b631759455acc4647ec039e0ec016a6","bccc11560960d80cfb34b6080ff76704 | 52de61953e9cf40b740696a33254236f | 0cca042fb0392142b113b1eeb3f144ec | 1f91d62a1603e6869ef8779ed8ceb8ed | dd85c2baee755599ebd91197f2039b26 | 8b631759455acc4647ec039e0ec016a6"
"education","rook","mean_rank","2020","control_only",6,"Balanced Quartiles",0.283738416035094,0.0336319156675123,0.927975,0.289180328899278,0.981181593904062,4,"e4e2c289e33f58823a46359c421dba1c | b42c4266d6dbc0484bc5d5c2cdc8c34f | a0647efb61f59abd5168b4ee69f62da0 | a1c14786850bb643a22d72f5a2d8da78","bccc11560960d80cfb34b6080ff76704 | 0cca042fb0392142b113b1eeb3f144ec | 1f91d62a1603e6869ef8779ed8ceb8ed | 8b631759455acc4647ec039e0ec016a6"
"baseline_sensitivity","queen","mean_rank","2021","control_only",6,"Balanced Quartiles",0.290191583300109,0.0402936068815626,0.924533333333333,0.284385175341448,1.02041740731277,6,"e7c19a6f8880b188e60bba197ff8b67d | e9247979081666c2e6ae9e3ae66d7c16 | f4bca7bcda2913cc924ba59e979aed8c | 3a3dec99a73c7a1f39fbe32f600dbc9c | 36e71f9570dc1eeba24c2d20ac6e0b74 | a36b8a7233a8ffb8251f490ef4dccb0f","9cf8114e5b767ff83c9f36134b236865 | d58dd0361a4813c3fa417b057c693905 | 5890c45ac441c389e78e4d2b2e7ead61 | 491118b78d5155efb016af17937b4060 | caad5127ba136724d6427ca491c90b81 | 8ed66f080a2da54563dafa7a24f138ed"
"education","queen","mean_rank","2021","control_only",6,"Balanced Quartiles",0.284385175341448,0.0354382137386592,0.929083333333333,0.284385175341448,1,6,"9cf8114e5b767ff83c9f36134b236865 | d58dd0361a4813c3fa417b057c693905 | 5890c45ac441c389e78e4d2b2e7ead61 | 491118b78d5155efb016af17937b4060 | caad5127ba136724d6427ca491c90b81 | 8ed66f080a2da54563dafa7a24f138ed","9cf8114e5b767ff83c9f36134b236865 | d58dd0361a4813c3fa417b057c693905 | 5890c45ac441c389e78e4d2b2e7ead61 | 491118b78d5155efb016af17937b4060 | caad5127ba136724d6427ca491c90b81 | 8ed66f080a2da54563dafa7a24f138ed"
"education","rook","mean_rank","2021","control_only",6,"Balanced Quartiles",0.296664740808643,0.0355499500062459,0.92795,0.286211400104514,1.03652314582966,4,"c73141761e9d9e8eac9c6c3e99ba0f98 | 1f5e1ae232ae67458070c4b0d143a7af | 1dd9349d3607f105dc9159d0e925bb6e | af5a715d1eb230b81b619af45f37ba14","9cf8114e5b767ff83c9f36134b236865 | 5890c45ac441c389e78e4d2b2e7ead61 | 491118b78d5155efb016af17937b4060 | 8ed66f080a2da54563dafa7a24f138ed"
"baseline_sensitivity","queen","mean_rank","2018","both",7,"Balanced Halves",0.075691646772829,0.0146286182651241,0.93045,0.074581094411224,1.01489053452986,6,"05af74ee0fe87453a5134b307aef96ee | a1bfa3c36762400c96c34d9727c865c3 | 3ba66eba6a8bf002917bc734eec53cea | 40d399c02ffab91f8bb19d9fc851a4de | 759bfea1c7dc6605d02454d07cfd55bc | ceba2ea9643d2f5c34a4b9a25bfb6065","aa28123ac90be92fb9a21f8841354279 | 30e6558ff60cdb6c7f3ad69320f1ad35 | 543df8afcf034849fc9f6bc6ca5847dd | bd9ffadc7ca12c62c43a6db0200bf31d | fbcfb19f83b06536b26b793890b1558e | 68568898067b98fead51e4e19d8d54ea"
"education","queen","mean_rank","2018","both",7,"Balanced Halves",0.074581094411224,0.0158092465064432,0.933733333333333,0.074581094411224,1,6,"aa28123ac90be92fb9a21f8841354279 | 30e6558ff60cdb6c7f3ad69320f1ad35 | 543df8afcf034849fc9f6bc6ca5847dd | bd9ffadc7ca12c62c43a6db0200bf31d | fbcfb19f83b06536b26b793890b1558e | 68568898067b98fead51e4e19d8d54ea","aa28123ac90be92fb9a21f8841354279 | 30e6558ff60cdb6c7f3ad69320f1ad35 | 543df8afcf034849fc9f6bc6ca5847dd | bd9ffadc7ca12c62c43a6db0200bf31d | fbcfb19f83b06536b26b793890b1558e | 68568898067b98fead51e4e19d8d54ea"
"education","rook","mean_rank","2018","both",7,"Balanced Halves",0.0753090745129684,0.0186226235866445,0.9329,0.0750803125749585,1.00304689645214,4,"b0359319e6a90c73e5e45b8d9ff61968 | 79f584cc53e57ee5fff71c4f7ae790f2 | 89757a72f8f2a70e48c8087634ab9d18 | bd28f3e25e9a109739ce1aec1c42478f","aa28123ac90be92fb9a21f8841354279 | 543df8afcf034849fc9f6bc6ca5847dd | bd9ffadc7ca12c62c43a6db0200bf31d | 68568898067b98fead51e4e19d8d54ea"
"baseline_sensitivity","queen","mean_rank","2019","both",7,"Balanced Halves",0.0754917874801813,0.0148612793493741,0.931566666666666,0.0751719100779059,1.00425527836055,6,"d670d1c82b772715c734cd55fea0cbb1 | f70bd70bcf16d04eb539a9627657cd22 | ec8667753cad5ff5998d15b87ba470d3 | d1c709839bd3e4fcba6c4a77e04bdc30 | 68b4d8b33146d19c8a42cb78c0c9d286 | bbc98bf38ab734259677c13d1b821d0c","77c85efc47892e1d509e66d4f308fe25 | 61ea6f382e8b494bdffbd7fb28976b9d | c08412c3d7aa787909585bef05f523f3 | e169f5ec96ceea11a203f271f17737c2 | 9ea01b0bc979d5bd81ffc73f0f489d8a | c9d0c80ed2bc56afaca410eb41fa5a7e"
"education","queen","mean_rank","2019","both",7,"Balanced Halves",0.0751719100779059,0.0167392476295419,0.9343,0.0751719100779059,1,6,"77c85efc47892e1d509e66d4f308fe25 | 61ea6f382e8b494bdffbd7fb28976b9d | c08412c3d7aa787909585bef05f523f3 | e169f5ec96ceea11a203f271f17737c2 | 9ea01b0bc979d5bd81ffc73f0f489d8a | c9d0c80ed2bc56afaca410eb41fa5a7e","77c85efc47892e1d509e66d4f308fe25 | 61ea6f382e8b494bdffbd7fb28976b9d | c08412c3d7aa787909585bef05f523f3 | e169f5ec96ceea11a203f271f17737c2 | 9ea01b0bc979d5bd81ffc73f0f489d8a | c9d0c80ed2bc56afaca410eb41fa5a7e"
"education","rook","mean_rank","2019","both",7,"Balanced Halves",0.0753707946888341,0.0165217691403202,0.932825,0.0757187542198246,0.995404579293786,4,"f5ccb9d3055d18826bc4587e512e919f | 3fd0646f46d0614945778a733f2a824f | 8074eb73b202b5b4385f4347b9b54c1f | fab06817ddd374ac504266a35e1ddfb7","77c85efc47892e1d509e66d4f308fe25 | c08412c3d7aa787909585bef05f523f3 | e169f5ec96ceea11a203f271f17737c2 | c9d0c80ed2bc56afaca410eb41fa5a7e"
"baseline_sensitivity","queen","mean_rank","2020","both",7,"Balanced Halves",0.0765227304244349,0.0158341763935153,0.9301,0.0746645217272895,1.02488743856061,6,"af85712875d99fcdf844e3ae06919e6e | c48e8dd8ee55166946032295b14eff4c | b16a3841f05ade6bd915a0b6e20dcacd | 5a204789c85b96bd803a3af7a00076f3 | 11e1b1ebbf59014632eb813c20c403cf | bd1779165fb2e59d2f20904e5bb5700e","a7301afd44aa05b9846a77df4941e148 | 9a6661fe066dc626a1204007dbf33a9c | 444560b6532ab289306e691a4724bf3c | 6b34f86268370c26509121dfbf36fc43 | e4dc8e3d0028473362d9d629dcdcddc6 | 68bbd38b6558ac1b2ab4df428e35fd0e"
"education","queen","mean_rank","2020","both",7,"Balanced Halves",0.0746645217272895,0.0149599463002726,0.933633333333333,0.0746645217272895,1,6,"a7301afd44aa05b9846a77df4941e148 | 9a6661fe066dc626a1204007dbf33a9c | 444560b6532ab289306e691a4724bf3c | 6b34f86268370c26509121dfbf36fc43 | e4dc8e3d0028473362d9d629dcdcddc6 | 68bbd38b6558ac1b2ab4df428e35fd0e","a7301afd44aa05b9846a77df4941e148 | 9a6661fe066dc626a1204007dbf33a9c | 444560b6532ab289306e691a4724bf3c | 6b34f86268370c26509121dfbf36fc43 | e4dc8e3d0028473362d9d629dcdcddc6 | 68bbd38b6558ac1b2ab4df428e35fd0e"
"education","rook","mean_rank","2020","both",7,"Balanced Halves",0.0742953397103357,0.0147421955440695,0.936025,0.0750695986495549,0.98968611857333,4,"3d7dac45c0b6326a0ea83737ee957f77 | 1e11934a37f8d0185f273f112857c745 | 81b161c4dbf05c3fb25bc63d1d280839 | b27f792798a9f7a6870883c0a6c4f359","a7301afd44aa05b9846a77df4941e148 | 444560b6532ab289306e691a4724bf3c | 6b34f86268370c26509121dfbf36fc43 | 68bbd38b6558ac1b2ab4df428e35fd0e"
"baseline_sensitivity","queen","mean_rank","2021","both",7,"Balanced Halves",0.0762821751508547,0.0157733853018293,0.9298,0.0758372141648501,1.00586731713321,6,"51ab25057f71cbea6b5b4f732f13056d | 03f32f2e0eb8049081b49273bc1e855b | f723c4bb4264144ac783a689f6584036 | 64e6a894c82a787f1479dc5fdd6a9a47 | eb7f0ce86c5568a0679b6aa859ac3875 | ebbb582648ce1e4455c448eecc639369","7012d6a20818197293a4221eb0927ab7 | da512e20e335af1a735a816ecb41f449 | a4560b6638df8d972d75fc90db50bc1e | b6efd995d6887c8b1ed0a36f9ce196f4 | 2732294720fa74b59bb2755541741e1e | 46469a2466b7590297aa00fede10afda"
"education","queen","mean_rank","2021","both",7,"Balanced Halves",0.0758372141648501,0.016036013087921,0.931916666666666,0.0758372141648501,1,6,"7012d6a20818197293a4221eb0927ab7 | da512e20e335af1a735a816ecb41f449 | a4560b6638df8d972d75fc90db50bc1e | b6efd995d6887c8b1ed0a36f9ce196f4 | 2732294720fa74b59bb2755541741e1e | 46469a2466b7590297aa00fede10afda","7012d6a20818197293a4221eb0927ab7 | da512e20e335af1a735a816ecb41f449 | a4560b6638df8d972d75fc90db50bc1e | b6efd995d6887c8b1ed0a36f9ce196f4 | 2732294720fa74b59bb2755541741e1e | 46469a2466b7590297aa00fede10afda"
"education","rook","mean_rank","2021","both",7,"Balanced Halves",0.0758562268153352,0.0187186218997342,0.929675,0.0756984403512513,1.00208440838876,4,"0213480d1090aeb6a265e18e23df73e9 | 8b6b926461301e699288eded3c43517d | 343a4fbad4d3b0a662ee9ee8cc56c154 | d152bba704f709411fc827fffcc2dcb9","7012d6a20818197293a4221eb0927ab7 | a4560b6638df8d972d75fc90db50bc1e | b6efd995d6887c8b1ed0a36f9ce196f4 | 46469a2466b7590297aa00fede10afda"
"baseline_sensitivity","queen","mean_rank","2018","control_only",7,"Balanced Halves",0.29607879276646,0.0397083037670972,0.927233333333333,0.291012332339624,1.01740977911865,6,"a425f7d0f3564a77cfa7d210cc83c4cf | 9e8720c39f56b14a70be7907421c96da | f8017f10cb56d9435b630204d9885677 | 9f3aa8f83a5d3dbe0da968c428a7d493 | ad5c68ff03f5e27b323b8843d014fbbd | 824fee389d8a1f7e62a623e54d005682","f2ae898c57b0eec140db237b9ba5363b | 77992d4c4434b89eeff142d8a1b078fe | 795cea8b9418c975873d6b7a63286b28 | cc282ead2f3b36e672a7dedb5a0cb789 | 84f7011ba90f0373ebd96c256399c43c | d14578513fd4104a3b9baaf78c3a2512"
"education","queen","mean_rank","2018","control_only",7,"Balanced Halves",0.291012332339624,0.039505606241159,0.929733333333333,0.291012332339624,1,6,"f2ae898c57b0eec140db237b9ba5363b | 77992d4c4434b89eeff142d8a1b078fe | 795cea8b9418c975873d6b7a63286b28 | cc282ead2f3b36e672a7dedb5a0cb789 | 84f7011ba90f0373ebd96c256399c43c | d14578513fd4104a3b9baaf78c3a2512","f2ae898c57b0eec140db237b9ba5363b | 77992d4c4434b89eeff142d8a1b078fe | 795cea8b9418c975873d6b7a63286b28 | cc282ead2f3b36e672a7dedb5a0cb789 | 84f7011ba90f0373ebd96c256399c43c | d14578513fd4104a3b9baaf78c3a2512"
"education","rook","mean_rank","2018","control_only",7,"Balanced Halves",0.295141752428331,0.0376018344660283,0.925725,0.293096744784617,1.00697724447679,4,"e6629e9d5cb6a2fc276b17d1513ac0d6 | cbcfc59b9b4c29c64f79b13eb74f51c3 | ace05b82f7792833d131297adf64a191 | ee08fd3a0b7e7e2e6d4c612bbbba8e0a","f2ae898c57b0eec140db237b9ba5363b | 795cea8b9418c975873d6b7a63286b28 | cc282ead2f3b36e672a7dedb5a0cb789 | d14578513fd4104a3b9baaf78c3a2512"
"baseline_sensitivity","queen","mean_rank","2019","control_only",7,"Balanced Halves",0.306277116875051,0.0373374172922219,0.927166666666666,0.299545301796384,1.02247344571354,6,"421b5e4e146fabc5e15616f80ee96228 | 9027760996927ccd6b964e5e11b13d9b | e65bbee9e4a6be9c3e61f1556236b873 | 69c332ac2eb2e68efa8c47ea6a280d23 | 21edd617031bb849fe4ad107850014a1 | 5c17f3b71532a7a532838614d247f3e7","bcf8e38778ac58cb78ebe58ed4a0b490 | b3ea23d9cce6c34a1aa1ff6703d59771 | 7a10962ea727da0e11e61a1ebc0d59e1 | 02a32f7afefd0ee4631b298ecd2cb887 | 732d1fe30f09d35fdfa5fdd072cf247f | 7e9ad003462bfeb76eb68640fd5d659e"
"education","queen","mean_rank","2019","control_only",7,"Balanced Halves",0.299545301796384,0.0360184642010202,0.9301,0.299545301796384,1,6,"bcf8e38778ac58cb78ebe58ed4a0b490 | b3ea23d9cce6c34a1aa1ff6703d59771 | 7a10962ea727da0e11e61a1ebc0d59e1 | 02a32f7afefd0ee4631b298ecd2cb887 | 732d1fe30f09d35fdfa5fdd072cf247f | 7e9ad003462bfeb76eb68640fd5d659e","bcf8e38778ac58cb78ebe58ed4a0b490 | b3ea23d9cce6c34a1aa1ff6703d59771 | 7a10962ea727da0e11e61a1ebc0d59e1 | 02a32f7afefd0ee4631b298ecd2cb887 | 732d1fe30f09d35fdfa5fdd072cf247f | 7e9ad003462bfeb76eb68640fd5d659e"
"education","rook","mean_rank","2019","control_only",7,"Balanced Halves",0.296380955917508,0.0400741377283193,0.929724999999999,0.300756051493162,0.985453008995385,4,"fde334a48ca7bcc1d82dd433f7d65c54 | 1fa4bfc78cbc8c66db7bcaf8c19a4798 | fcddeaa5e3cb4f062797535e84579bac | f09abcd47dfe547a89468dae3965b47f","bcf8e38778ac58cb78ebe58ed4a0b490 | 7a10962ea727da0e11e61a1ebc0d59e1 | 02a32f7afefd0ee4631b298ecd2cb887 | 7e9ad003462bfeb76eb68640fd5d659e"
"baseline_sensitivity","queen","mean_rank","2020","control_only",7,"Balanced Halves",0.313356184047204,0.0348045758416833,0.925716666666666,0.306095048206832,1.02372183373403,6,"b2a11e4dd60a6ec02fbc788fefd91626 | 0d3c075a63530daad9893bb9b246d02b | 48ea7e2071a8fecb53ec3d045288561b | 5dcd9d87eec3eff7c5d35cde2b5927c9 | 9004323418c760ec35e274a836d810bd | 0d95429dd6aefb1d1c4633b208630b8c","1384ecd7a9f51535d5ffe7490f662c02 | ea2f595840bc68118026480e47d21520 | 0f71488eb83545930a3a80343143f32d | fffdcf34902c7db3c81d6cf5c9d6ddf7 | 7e104fe0ac993525c8bc0903e1e01e7a | b0d847e267ee662850c478e2bcde0e7b"
"education","queen","mean_rank","2020","control_only",7,"Balanced Halves",0.306095048206832,0.0372056847344046,0.929766666666666,0.306095048206832,1,6,"1384ecd7a9f51535d5ffe7490f662c02 | ea2f595840bc68118026480e47d21520 | 0f71488eb83545930a3a80343143f32d | fffdcf34902c7db3c81d6cf5c9d6ddf7 | 7e104fe0ac993525c8bc0903e1e01e7a | b0d847e267ee662850c478e2bcde0e7b","1384ecd7a9f51535d5ffe7490f662c02 | ea2f595840bc68118026480e47d21520 | 0f71488eb83545930a3a80343143f32d | fffdcf34902c7db3c81d6cf5c9d6ddf7 | 7e104fe0ac993525c8bc0903e1e01e7a | b0d847e267ee662850c478e2bcde0e7b"
"education","rook","mean_rank","2020","control_only",7,"Balanced Halves",0.279257713874968,0.0383747853899436,0.92905,0.305838186063307,0.913089753341539,4,"e9d5a52d5ee1ced13a033184a2f2c72c | 9a06a77f4b1f0ad8fdcf525af20c49e9 | 1d1189abb50a49aa523763581b561073 | d9fffce99871052bcf4f32feb6dbea62","1384ecd7a9f51535d5ffe7490f662c02 | 0f71488eb83545930a3a80343143f32d | fffdcf34902c7db3c81d6cf5c9d6ddf7 | b0d847e267ee662850c478e2bcde0e7b"
"baseline_sensitivity","queen","mean_rank","2021","control_only",7,"Balanced Halves",0.298218509672207,0.041729548569504,0.924383333333333,0.290894627979781,1.02517709503021,6,"f5a7296e0b58f11336310ca07ca1bc4d | 42c66918f5866afe3568190abb264290 | d2c27a92d45211afbf177750258fc8f3 | 520cf9be4a6fe842b56c9cc142b42c54 | 00a2930669744d161f3c1d26a66ef33a | 2e1dacca8dcac794039698db2080ebb1","2378f49b7f710b72c832d4e2ba617aa1 | cf283877d2a5b5496a0da6e7a209b066 | 1b2d6e674f14f55c752dde78e249bb0a | ad6107f83c2c5dd0f9667d4149bb362b | d920182e31b8b910199639c6403aa249 | aa3ca46b8ea9a5fc6a9884541d215e65"
"education","queen","mean_rank","2021","control_only",7,"Balanced Halves",0.290894627979781,0.0340433527371029,0.929216666666666,0.290894627979781,1,6,"2378f49b7f710b72c832d4e2ba617aa1 | cf283877d2a5b5496a0da6e7a209b066 | 1b2d6e674f14f55c752dde78e249bb0a | ad6107f83c2c5dd0f9667d4149bb362b | d920182e31b8b910199639c6403aa249 | aa3ca46b8ea9a5fc6a9884541d215e65","2378f49b7f710b72c832d4e2ba617aa1 | cf283877d2a5b5496a0da6e7a209b066 | 1b2d6e674f14f55c752dde78e249bb0a | ad6107f83c2c5dd0f9667d4149bb362b | d920182e31b8b910199639c6403aa249 | aa3ca46b8ea9a5fc6a9884541d215e65"
"education","rook","mean_rank","2021","control_only",7,"Balanced Halves",0.27429248066115,0.039153360859749,0.92855,0.287821778729447,0.952994182274808,4,"2c0db22ebdd28fc18b2efebb9d0daadb | 0c411ee3b2eb2b306b41221097cb181a | f485798a454a4271547e8a53e4a1bfff | 30291a52971ac3535446e97fa272538e","2378f49b7f710b72c832d4e2ba617aa1 | 1b2d6e674f14f55c752dde78e249bb0a | ad6107f83c2c5dd0f9667d4149bb362b | aa3ca46b8ea9a5fc6a9884541d215e65"
"baseline_sensitivity","queen","mean_rank","2018","both",8,"Incidence-Guided Saturation Regions",0.0754867656558385,0.0203346088220643,0.933633333333333,0.0742751207748956,1.01631293047123,6,"af6e57c72a387c7d7c5a2b15c12500f5 | 8bbf03e49d036ab1653c606e9a3784d8 | 27f2cef7d691a66d6f3360464d732fa1 | 70529762c44f40e913c1584ebd57f6b2 | 9d219241d628314fc886c128bd74446c | 726b15098e8c3cd319268acf23c0a9e3","ddb015fe87b4ca59ca7a80491c36a42b | de93e27c0b7413abe0ed53b26faa4a66 | dbf3e1ff1850c381f24c5cdbce89ec8c | 758bc719e8468dd749999aac45cf53c4 | 59cbf172e71eddc86bf96e3d1752df4a | 0bf79da2d5f5b1d79964ffc26907b169"
"education","queen","mean_rank","2018","both",8,"Incidence-Guided Saturation Regions",0.0742751207748956,0.0173531787336753,0.935166666666666,0.0742751207748956,1,6,"ddb015fe87b4ca59ca7a80491c36a42b | de93e27c0b7413abe0ed53b26faa4a66 | dbf3e1ff1850c381f24c5cdbce89ec8c | 758bc719e8468dd749999aac45cf53c4 | 59cbf172e71eddc86bf96e3d1752df4a | 0bf79da2d5f5b1d79964ffc26907b169","ddb015fe87b4ca59ca7a80491c36a42b | de93e27c0b7413abe0ed53b26faa4a66 | dbf3e1ff1850c381f24c5cdbce89ec8c | 758bc719e8468dd749999aac45cf53c4 | 59cbf172e71eddc86bf96e3d1752df4a | 0bf79da2d5f5b1d79964ffc26907b169"
"education","rook","mean_rank","2018","both",8,"Incidence-Guided Saturation Regions",0.0748418891865325,0.0196723434454743,0.934775,0.074482604403848,1.00482374086621,4,"a6d742a603a3e9c987fe2e7c2ff4cdf2 | f89bcccb869e7205140a17c112840ad0 | b6f5857ef8522ce2087f857b22530aee | 05eeeb68766c6bb6b4fe375da5099d24","ddb015fe87b4ca59ca7a80491c36a42b | dbf3e1ff1850c381f24c5cdbce89ec8c | 758bc719e8468dd749999aac45cf53c4 | 0bf79da2d5f5b1d79964ffc26907b169"
"education","queen","mean_rate","2018","both",8,"Incidence-Guided Saturation Regions",0.0768213499257263,0.0208730951578636,0.932833333333333,0.0742751207748956,1.03428105029338,6,"17801674a946f1cca9eb2aedb9678d4b | 87eee249160534bce7426191921aa8b2 | d697a0bdb129e4856a45596b9e3a6dd0 | 0809b182e907478d1ff86173f263a4e9 | f664639e2765fa1f59ffca2ad287fd3e | fa19259617e12811ddf23f44f67c57f4","ddb015fe87b4ca59ca7a80491c36a42b | de93e27c0b7413abe0ed53b26faa4a66 | dbf3e1ff1850c381f24c5cdbce89ec8c | 758bc719e8468dd749999aac45cf53c4 | 59cbf172e71eddc86bf96e3d1752df4a | 0bf79da2d5f5b1d79964ffc26907b169"
"education","queen","pooled_rate","2018","both",8,"Incidence-Guided Saturation Regions",0.0753946029945308,0.0195927516261762,0.934333333333333,0.0742751207748956,1.01507210231308,6,"6e9fac6a6b88ace0278edd179b136b5d | f765a07c9e38072c0f97507c726b35f1 | d8ab1abf69729c3dde5f7f7da0083721 | d0ca313ab355bae17477d2fe57c7a9a6 | 52b586e003db51da25de2ae4158f34b2 | fd1637767820c8d0247fca8795b44333","ddb015fe87b4ca59ca7a80491c36a42b | de93e27c0b7413abe0ed53b26faa4a66 | dbf3e1ff1850c381f24c5cdbce89ec8c | 758bc719e8468dd749999aac45cf53c4 | 59cbf172e71eddc86bf96e3d1752df4a | 0bf79da2d5f5b1d79964ffc26907b169"
"baseline_sensitivity","queen","mean_rank","2019","both",8,"Incidence-Guided Saturation Regions",0.0785706007097429,0.0228333464331842,0.931483333333333,0.0762772351983313,1.03006618561159,6,"a04668a3929c1db25174fe1ff6bec318 | bdba7b4b9320e19306aa1076817a9b11 | b108eafe3ade7dad0ad0fee31ad6c33c | 5fa112767639a6ef731ebf6ba5b22cf8 | 73dc5fa85c5aede0721e96b41b774dc5 | c03e5cf7f919a2637399e5641a183626","ae5dad6f795124422973ef6da8837859 | 6226af440d48367f2351fcfe164fc1fa | c842e9080385005ba13da027b6d580c0 | 6b71b97cc4e492c578aec24edff31627 | 8b12293b437e468c3be830965fdba607 | 692c96d78e29322dd5fd6e0287c69d65"
"education","queen","mean_rank","2019","both",8,"Incidence-Guided Saturation Regions",0.0762772351983313,0.0233313878159987,0.9347,0.0762772351983313,1,6,"ae5dad6f795124422973ef6da8837859 | 6226af440d48367f2351fcfe164fc1fa | c842e9080385005ba13da027b6d580c0 | 6b71b97cc4e492c578aec24edff31627 | 8b12293b437e468c3be830965fdba607 | 692c96d78e29322dd5fd6e0287c69d65","ae5dad6f795124422973ef6da8837859 | 6226af440d48367f2351fcfe164fc1fa | c842e9080385005ba13da027b6d580c0 | 6b71b97cc4e492c578aec24edff31627 | 8b12293b437e468c3be830965fdba607 | 692c96d78e29322dd5fd6e0287c69d65"
"education","rook","mean_rank","2019","both",8,"Incidence-Guided Saturation Regions",0.0764414817725491,0.024500248852527,0.93505,0.0766073744231087,0.997834508076947,4,"65f1fabaf91c158997de103c0c21f84d | dfd588d6cb937f728a26dde85a68a694 | e06d9d9cb28c452d81a0d7967e0a1ab0 | 1a605792a0e5b7327695741c140e9ba5","ae5dad6f795124422973ef6da8837859 | c842e9080385005ba13da027b6d580c0 | 6b71b97cc4e492c578aec24edff31627 | 692c96d78e29322dd5fd6e0287c69d65"
"education","queen","mean_rate","2019","both",8,"Incidence-Guided Saturation Regions",0.0762772351983313,0.0233313878159987,0.9347,0.0762772351983313,1,6,"ae5dad6f795124422973ef6da8837859 | 6226af440d48367f2351fcfe164fc1fa | c842e9080385005ba13da027b6d580c0 | 6b71b97cc4e492c578aec24edff31627 | 8b12293b437e468c3be830965fdba607 | 692c96d78e29322dd5fd6e0287c69d65","ae5dad6f795124422973ef6da8837859 | 6226af440d48367f2351fcfe164fc1fa | c842e9080385005ba13da027b6d580c0 | 6b71b97cc4e492c578aec24edff31627 | 8b12293b437e468c3be830965fdba607 | 692c96d78e29322dd5fd6e0287c69d65"
"education","queen","pooled_rate","2019","both",8,"Incidence-Guided Saturation Regions",0.0746942991362327,0.0193482477083659,0.933716666666666,0.0762772351983313,0.97924759519688,6,"501e6bca0e4f8a01ce55fe6a4d5c2a8c | 14bcb73c878a87b4e96d26a9c2bb53b2 | 9db6ef727ca62fdbd5fcaab80e3916c2 | e67458e577dd583c3e7825c4e4fff62c | ab1eb5b90f2ac0808c26eaac35015bcc | e5521034d45faa02c9c8b55bbafe3160","ae5dad6f795124422973ef6da8837859 | 6226af440d48367f2351fcfe164fc1fa | c842e9080385005ba13da027b6d580c0 | 6b71b97cc4e492c578aec24edff31627 | 8b12293b437e468c3be830965fdba607 | 692c96d78e29322dd5fd6e0287c69d65"
"baseline_sensitivity","queen","mean_rank","2020","both",8,"Incidence-Guided Saturation Regions",0.0779444883971118,0.0230773572556371,0.930783333333333,0.0768213499257263,1.01462013453905,6,"ba6fb66597bd54b5452fe658e78ac553 | cfec3a1ebd75d19b39db0d295f430ad7 | 2fb2a22d2b174dfb567f01d05a3a5a63 | e861240124c9a93ff52f38fe1a717cb5 | f7d74466074548f88d46076e997d2f35 | 0670c68382c97f51a86f82811522db88","17801674a946f1cca9eb2aedb9678d4b | 87eee249160534bce7426191921aa8b2 | d697a0bdb129e4856a45596b9e3a6dd0 | 0809b182e907478d1ff86173f263a4e9 | f664639e2765fa1f59ffca2ad287fd3e | fa19259617e12811ddf23f44f67c57f4"
"education","queen","mean_rank","2020","both",8,"Incidence-Guided Saturation Regions",0.0768213499257263,0.0208730951578636,0.932833333333333,0.0768213499257263,1,6,"17801674a946f1cca9eb2aedb9678d4b | 87eee249160534bce7426191921aa8b2 | d697a0bdb129e4856a45596b9e3a6dd0 | 0809b182e907478d1ff86173f263a4e9 | f664639e2765fa1f59ffca2ad287fd3e | fa19259617e12811ddf23f44f67c57f4","17801674a946f1cca9eb2aedb9678d4b | 87eee249160534bce7426191921aa8b2 | d697a0bdb129e4856a45596b9e3a6dd0 | 0809b182e907478d1ff86173f263a4e9 | f664639e2765fa1f59ffca2ad287fd3e | fa19259617e12811ddf23f44f67c57f4"
"education","rook","mean_rank","2020","both",8,"Incidence-Guided Saturation Regions",0.076356987094182,0.0228468779948279,0.937325,0.0775529024449074,0.984579360500725,4,"5d9ed2e281c8d97596d750556b5b2df7 | 45a4371c1fa52a4ba0c321ae3d0b08a9 | f7d5ba957998239d3cb9ec19a4bde375 | a788d716113f2234fc249b765f36b2c1","17801674a946f1cca9eb2aedb9678d4b | d697a0bdb129e4856a45596b9e3a6dd0 | 0809b182e907478d1ff86173f263a4e9 | fa19259617e12811ddf23f44f67c57f4"
"education","queen","mean_rate","2020","both",8,"Incidence-Guided Saturation Regions",0.0768213499257263,0.0208730951578636,0.932833333333333,0.0768213499257263,1,6,"17801674a946f1cca9eb2aedb9678d4b | 87eee249160534bce7426191921aa8b2 | d697a0bdb129e4856a45596b9e3a6dd0 | 0809b182e907478d1ff86173f263a4e9 | f664639e2765fa1f59ffca2ad287fd3e | fa19259617e12811ddf23f44f67c57f4","17801674a946f1cca9eb2aedb9678d4b | 87eee249160534bce7426191921aa8b2 | d697a0bdb129e4856a45596b9e3a6dd0 | 0809b182e907478d1ff86173f263a4e9 | f664639e2765fa1f59ffca2ad287fd3e | fa19259617e12811ddf23f44f67c57f4"
"education","queen","pooled_rate","2020","both",8,"Incidence-Guided Saturation Regions",0.0753946029945308,0.0195927516261762,0.934333333333333,0.0768213499257263,0.981427728976711,6,"6e9fac6a6b88ace0278edd179b136b5d | f765a07c9e38072c0f97507c726b35f1 | d8ab1abf69729c3dde5f7f7da0083721 | d0ca313ab355bae17477d2fe57c7a9a6 | 52b586e003db51da25de2ae4158f34b2 | fd1637767820c8d0247fca8795b44333","17801674a946f1cca9eb2aedb9678d4b | 87eee249160534bce7426191921aa8b2 | d697a0bdb129e4856a45596b9e3a6dd0 | 0809b182e907478d1ff86173f263a4e9 | f664639e2765fa1f59ffca2ad287fd3e | fa19259617e12811ddf23f44f67c57f4"
"baseline_sensitivity","queen","mean_rank","2021","both",8,"Incidence-Guided Saturation Regions",0.0771426979483826,0.0201170345412765,0.931166666666666,0.0745015471690565,1.03545095209007,6,"4dfce039d0477d952cd5c31ff03fe271 | bfc8334a01edbbf1c890afd97bf6aab7 | a07c0f58338c5b289c3d024c9a7210e4 | 72b61d8d6ad812a5800c5d4a1f389e39 | 717290f976ddd0b4f41e3e0d55435b26 | e04788e63407976d522461d9d1a2537f","97d349c541962958079fa60a1c7e76f0 | dc7bc914cfa7fdcc1d31351919112376 | 64e76e23efe2e61484efaccec8bf9f8f | 83b1a84c374fe8e19bb80fdfe4eceeaf | 88b50956854f497c84e3a874b9002e25 | 4520d0da7d76c14c4342b996ef8571d4"
"education","queen","mean_rank","2021","both",8,"Incidence-Guided Saturation Regions",0.0745015471690565,0.0197042951882861,0.9364,0.0745015471690565,1,6,"97d349c541962958079fa60a1c7e76f0 | dc7bc914cfa7fdcc1d31351919112376 | 64e76e23efe2e61484efaccec8bf9f8f | 83b1a84c374fe8e19bb80fdfe4eceeaf | 88b50956854f497c84e3a874b9002e25 | 4520d0da7d76c14c4342b996ef8571d4","97d349c541962958079fa60a1c7e76f0 | dc7bc914cfa7fdcc1d31351919112376 | 64e76e23efe2e61484efaccec8bf9f8f | 83b1a84c374fe8e19bb80fdfe4eceeaf | 88b50956854f497c84e3a874b9002e25 | 4520d0da7d76c14c4342b996ef8571d4"
"education","rook","mean_rank","2021","both",8,"Incidence-Guided Saturation Regions",0.0746357268908408,0.0165332820704879,0.9353,0.0747655928665224,0.998263024866085,4,"3e584d3d8f8d707222abdf634cca7e4b | 3847164c1d8fca0f9c998c5bb3adf82f | db0d66294d044490cbadb649dbee01d0 | 95310ae74d6e94080c7823d71cd861e4","97d349c541962958079fa60a1c7e76f0 | 64e76e23efe2e61484efaccec8bf9f8f | 83b1a84c374fe8e19bb80fdfe4eceeaf | 4520d0da7d76c14c4342b996ef8571d4"
"education","queen","mean_rate","2021","both",8,"Incidence-Guided Saturation Regions",0.0768213499257263,0.0208730951578636,0.932833333333333,0.0745015471690565,1.03113764538884,6,"17801674a946f1cca9eb2aedb9678d4b | 87eee249160534bce7426191921aa8b2 | d697a0bdb129e4856a45596b9e3a6dd0 | 0809b182e907478d1ff86173f263a4e9 | f664639e2765fa1f59ffca2ad287fd3e | fa19259617e12811ddf23f44f67c57f4","97d349c541962958079fa60a1c7e76f0 | dc7bc914cfa7fdcc1d31351919112376 | 64e76e23efe2e61484efaccec8bf9f8f | 83b1a84c374fe8e19bb80fdfe4eceeaf | 88b50956854f497c84e3a874b9002e25 | 4520d0da7d76c14c4342b996ef8571d4"
"education","queen","pooled_rate","2021","both",8,"Incidence-Guided Saturation Regions",0.0746942991362327,0.0193482477083659,0.933716666666666,0.0745015471690565,1.00258722099742,6,"501e6bca0e4f8a01ce55fe6a4d5c2a8c | 14bcb73c878a87b4e96d26a9c2bb53b2 | 9db6ef727ca62fdbd5fcaab80e3916c2 | e67458e577dd583c3e7825c4e4fff62c | ab1eb5b90f2ac0808c26eaac35015bcc | e5521034d45faa02c9c8b55bbafe3160","97d349c541962958079fa60a1c7e76f0 | dc7bc914cfa7fdcc1d31351919112376 | 64e76e23efe2e61484efaccec8bf9f8f | 83b1a84c374fe8e19bb80fdfe4eceeaf | 88b50956854f497c84e3a874b9002e25 | 4520d0da7d76c14c4342b996ef8571d4"
"baseline_sensitivity","queen","mean_rank","2018","control_only",8,"Incidence-Guided Saturation Regions",0.249069143233916,0.0475587092795025,0.9245,0.242853275841949,1.02559515563633,6,"3f68c14fed6012a54606d13f41f34018 | 6a1f0d339f9a05aeb1d7fcd066951b5e | 63aa52ccd0cb46335c096e94ab4c4a34 | a781782f4213556a6eb32bd9740cdb13 | e8deb203a5cddea2dc4214789b9cdc12 | 1e9e487d670813f872af491e39488db6","33f9842bc4b025e331785d6d5e4a6464 | 6a8466744b913814f1157a9a8f2f3938 | dba86105416f29f278a21752a0a7527b | bbf2ef314b3b524e35a811ea631ca5c8 | 82e8bc22a33026cf5a55fcb4ef166e80 | c09faebd68c54be6ba005472612647ac"
"education","queen","mean_rank","2018","control_only",8,"Incidence-Guided Saturation Regions",0.242853275841949,0.0463719209020582,0.927833333333333,0.242853275841949,1,6,"33f9842bc4b025e331785d6d5e4a6464 | 6a8466744b913814f1157a9a8f2f3938 | dba86105416f29f278a21752a0a7527b | bbf2ef314b3b524e35a811ea631ca5c8 | 82e8bc22a33026cf5a55fcb4ef166e80 | c09faebd68c54be6ba005472612647ac","33f9842bc4b025e331785d6d5e4a6464 | 6a8466744b913814f1157a9a8f2f3938 | dba86105416f29f278a21752a0a7527b | bbf2ef314b3b524e35a811ea631ca5c8 | 82e8bc22a33026cf5a55fcb4ef166e80 | c09faebd68c54be6ba005472612647ac"
"education","rook","mean_rank","2018","control_only",8,"Incidence-Guided Saturation Regions",0.235700700613794,0.035937267270765,0.9258,0.243712343274066,0.967126643843139,4,"db82d03fdc9e5cdab64bf92773ad2699 | 0857ccf292caa532766517ef4f2bb904 | 080e2e4041884dcba025f0a4f15d1687 | a90512f722d07bf8baceae67f9b1d8c8","33f9842bc4b025e331785d6d5e4a6464 | dba86105416f29f278a21752a0a7527b | bbf2ef314b3b524e35a811ea631ca5c8 | c09faebd68c54be6ba005472612647ac"
"education","queen","mean_rate","2018","control_only",8,"Incidence-Guided Saturation Regions",0.220291575988431,0.0473648449292873,0.925933333333333,0.242853275841949,0.907097403667713,6,"b85e8178250f7c0b9a251b7c711b7589 | b7fa0b17a0b246abda6459cef529ff05 | 9b3d6dfbb380acd395ed0d9eff84e5e5 | 111dd3b3d841ba8b07d59c3a18e12f83 | de4c9ead6925310f6d0ee3279375db84 | 249944e2f13e698b8545761f696a16de","33f9842bc4b025e331785d6d5e4a6464 | 6a8466744b913814f1157a9a8f2f3938 | dba86105416f29f278a21752a0a7527b | bbf2ef314b3b524e35a811ea631ca5c8 | 82e8bc22a33026cf5a55fcb4ef166e80 | c09faebd68c54be6ba005472612647ac"
"education","queen","pooled_rate","2018","control_only",8,"Incidence-Guided Saturation Regions",0.233724810241393,0.0534985447077967,0.925166666666666,0.242853275841949,0.962411601948097,6,"b8979de9ed3ffa7d54ccedbbd54c32c9 | 1456be96dadf4ba8c3779826cc197d51 | bdd054b36cdc775a22385c7e1b340a9a | dd7a48ad6d7ae964e0dcc8bb400eecec | acdd7179cd595b3318a4decc065c1dbd | c60a5199960d6e3405ea3bb0d2b25d84","33f9842bc4b025e331785d6d5e4a6464 | 6a8466744b913814f1157a9a8f2f3938 | dba86105416f29f278a21752a0a7527b | bbf2ef314b3b524e35a811ea631ca5c8 | 82e8bc22a33026cf5a55fcb4ef166e80 | c09faebd68c54be6ba005472612647ac"
"baseline_sensitivity","queen","mean_rank","2019","control_only",8,"Incidence-Guided Saturation Regions",0.220543944598516,0.0558481800509853,0.923983333333333,0.215648352495403,1.02270173663032,6,"2b3d57dc69d2bce0490acef11b3b4615 | 75b61e52ba194364efca0f520e24569c | eb03da395e79d4052bca34ca86aec944 | 988ef6ae10660c264e848c1a4d5e2a5c | d8de5ae670670afd6cdc2d9ae35dc1ed | 3851c8441ee5feda9d6053a981f5919e","912a2e63a139da1130a9ed80d7012b3c | cb29bfa5ed638c3e7ea418402092640b | 07fa190afd20364342fa66a4d142a447 | daa23fcb8cb582d335c60dfe186ad1f2 | e6ee0dbb6b2d29388af8436f6c1dd5fb | 2cf8a2c8bffc6c2c15ab3e6ab2c6f7e3"
"education","queen","mean_rank","2019","control_only",8,"Incidence-Guided Saturation Regions",0.215648352495403,0.0522043070254923,0.925783333333333,0.215648352495403,1,6,"912a2e63a139da1130a9ed80d7012b3c | cb29bfa5ed638c3e7ea418402092640b | 07fa190afd20364342fa66a4d142a447 | daa23fcb8cb582d335c60dfe186ad1f2 | e6ee0dbb6b2d29388af8436f6c1dd5fb | 2cf8a2c8bffc6c2c15ab3e6ab2c6f7e3","912a2e63a139da1130a9ed80d7012b3c | cb29bfa5ed638c3e7ea418402092640b | 07fa190afd20364342fa66a4d142a447 | daa23fcb8cb582d335c60dfe186ad1f2 | e6ee0dbb6b2d29388af8436f6c1dd5fb | 2cf8a2c8bffc6c2c15ab3e6ab2c6f7e3"
"education","rook","mean_rank","2019","control_only",8,"Incidence-Guided Saturation Regions",0.211225784952694,0.0553669024254889,0.9258,0.217977005886712,0.96902782976326,4,"1949921d4549b2df96ca7a7f3ca1eb9f | a8089328cca5cc3fc2ab5541ac9e42d9 | e4d133413df5c1f00518e9c6e528800a | 2f4087984c8ee6f38438bfc1d326592c","912a2e63a139da1130a9ed80d7012b3c | 07fa190afd20364342fa66a4d142a447 | daa23fcb8cb582d335c60dfe186ad1f2 | 2cf8a2c8bffc6c2c15ab3e6ab2c6f7e3"
"education","queen","mean_rate","2019","control_only",8,"Incidence-Guided Saturation Regions",0.215648352495403,0.0522043070254923,0.925783333333333,0.215648352495403,1,6,"912a2e63a139da1130a9ed80d7012b3c | cb29bfa5ed638c3e7ea418402092640b | 07fa190afd20364342fa66a4d142a447 | daa23fcb8cb582d335c60dfe186ad1f2 | e6ee0dbb6b2d29388af8436f6c1dd5fb | 2cf8a2c8bffc6c2c15ab3e6ab2c6f7e3","912a2e63a139da1130a9ed80d7012b3c | cb29bfa5ed638c3e7ea418402092640b | 07fa190afd20364342fa66a4d142a447 | daa23fcb8cb582d335c60dfe186ad1f2 | e6ee0dbb6b2d29388af8436f6c1dd5fb | 2cf8a2c8bffc6c2c15ab3e6ab2c6f7e3"
"education","queen","pooled_rate","2019","control_only",8,"Incidence-Guided Saturation Regions",0.24442593117561,0.0407812957360122,0.927716666666666,0.215648352495403,1.13344678198189,6,"c3d7abd42850c0ad2ac9b34e57d767f8 | 116e9605d307113062644d5112360f36 | c53cf28556325ae6e555be8ad74da6d7 | 12ceef82c1294035af9b091f26b91eed | 986177eb7cdfe24e93f629bbca36df8c | 924e35df6a2b6e8ad621362be6c5bebe","912a2e63a139da1130a9ed80d7012b3c | cb29bfa5ed638c3e7ea418402092640b | 07fa190afd20364342fa66a4d142a447 | daa23fcb8cb582d335c60dfe186ad1f2 | e6ee0dbb6b2d29388af8436f6c1dd5fb | 2cf8a2c8bffc6c2c15ab3e6ab2c6f7e3"
"baseline_sensitivity","queen","mean_rank","2020","control_only",8,"Incidence-Guided Saturation Regions",0.229633688294191,0.0587778833149449,0.923266666666666,0.220291575988431,1.04240794167386,6,"a3f4afd6199ddff8ced64b7a30696a42 | 5132d6bcd9ff9b75be8abb3e0b7146d1 | 9391954638726d6ba1f96900d395cafb | 2bb75072a1bdac496494b706b61668b2 | f0fd1fefaabd8c4506937f6abb2d8d6d | 737907568f03daeb6cf5f89e424992db","b85e8178250f7c0b9a251b7c711b7589 | b7fa0b17a0b246abda6459cef529ff05 | 9b3d6dfbb380acd395ed0d9eff84e5e5 | 111dd3b3d841ba8b07d59c3a18e12f83 | de4c9ead6925310f6d0ee3279375db84 | 249944e2f13e698b8545761f696a16de"
"education","queen","mean_rank","2020","control_only",8,"Incidence-Guided Saturation Regions",0.220291575988431,0.0473648449292873,0.925933333333333,0.220291575988431,1,6,"b85e8178250f7c0b9a251b7c711b7589 | b7fa0b17a0b246abda6459cef529ff05 | 9b3d6dfbb380acd395ed0d9eff84e5e5 | 111dd3b3d841ba8b07d59c3a18e12f83 | de4c9ead6925310f6d0ee3279375db84 | 249944e2f13e698b8545761f696a16de","b85e8178250f7c0b9a251b7c711b7589 | b7fa0b17a0b246abda6459cef529ff05 | 9b3d6dfbb380acd395ed0d9eff84e5e5 | 111dd3b3d841ba8b07d59c3a18e12f83 | de4c9ead6925310f6d0ee3279375db84 | 249944e2f13e698b8545761f696a16de"
"education","rook","mean_rank","2020","control_only",8,"Incidence-Guided Saturation Regions",0.214951390585537,0.0486156797986436,0.924775,0.221326463762456,0.971196064543998,4,"b1ef175ee4256000e3818e2c1a2081a4 | bfa6401655bd98ba1120679faccbbbf5 | 459300baa8fce7c32714c0ff2705a5f7 | 93308e54fb42b1cce01136ee9c2e3e20","b85e8178250f7c0b9a251b7c711b7589 | 9b3d6dfbb380acd395ed0d9eff84e5e5 | 111dd3b3d841ba8b07d59c3a18e12f83 | 249944e2f13e698b8545761f696a16de"
"education","queen","mean_rate","2020","control_only",8,"Incidence-Guided Saturation Regions",0.220291575988431,0.0473648449292873,0.925933333333333,0.220291575988431,1,6,"b85e8178250f7c0b9a251b7c711b7589 | b7fa0b17a0b246abda6459cef529ff05 | 9b3d6dfbb380acd395ed0d9eff84e5e5 | 111dd3b3d841ba8b07d59c3a18e12f83 | de4c9ead6925310f6d0ee3279375db84 | 249944e2f13e698b8545761f696a16de","b85e8178250f7c0b9a251b7c711b7589 | b7fa0b17a0b246abda6459cef529ff05 | 9b3d6dfbb380acd395ed0d9eff84e5e5 | 111dd3b3d841ba8b07d59c3a18e12f83 | de4c9ead6925310f6d0ee3279375db84 | 249944e2f13e698b8545761f696a16de"
"education","queen","pooled_rate","2020","control_only",8,"Incidence-Guided Saturation Regions",0.233724810241393,0.0534985447077967,0.925166666666666,0.220291575988431,1.06097933701136,6,"b8979de9ed3ffa7d54ccedbbd54c32c9 | 1456be96dadf4ba8c3779826cc197d51 | bdd054b36cdc775a22385c7e1b340a9a | dd7a48ad6d7ae964e0dcc8bb400eecec | acdd7179cd595b3318a4decc065c1dbd | c60a5199960d6e3405ea3bb0d2b25d84","b85e8178250f7c0b9a251b7c711b7589 | b7fa0b17a0b246abda6459cef529ff05 | 9b3d6dfbb380acd395ed0d9eff84e5e5 | 111dd3b3d841ba8b07d59c3a18e12f83 | de4c9ead6925310f6d0ee3279375db84 | 249944e2f13e698b8545761f696a16de"
"baseline_sensitivity","queen","mean_rank","2021","control_only",8,"Incidence-Guided Saturation Regions",0.246743833522989,0.0536146948358288,0.923549999999999,0.237322041299245,1.03970045164016,6,"9df2fd606b86cbde8c0e0118da2d652d | 1d2caf83fdfb008a095c9bf63ab5ad03 | 1f4dfc6af00bcd2d2c5d1d821131def4 | 800798ba65ad8616ccd233e2638fbf78 | faa36c7f280748ce2398afe33893f19b | 2b3106139ac3bfa85e817d9634709ea7","5294c4d3ae39b4cbcf5bf478bc984c8e | 5f7c8497e2d2325028676188b5c43f22 | 45513d4af7550d782325ecb126a90ab1 | 1790fa27d8562f42653c4d1e45b2564d | 03102756e691bba35e7cdf5a1b7a916a | 9053a355157ffac829e6666fb713f378"
"education","queen","mean_rank","2021","control_only",8,"Incidence-Guided Saturation Regions",0.237322041299245,0.0450925643597568,0.926483333333333,0.237322041299245,1,6,"5294c4d3ae39b4cbcf5bf478bc984c8e | 5f7c8497e2d2325028676188b5c43f22 | 45513d4af7550d782325ecb126a90ab1 | 1790fa27d8562f42653c4d1e45b2564d | 03102756e691bba35e7cdf5a1b7a916a | 9053a355157ffac829e6666fb713f378","5294c4d3ae39b4cbcf5bf478bc984c8e | 5f7c8497e2d2325028676188b5c43f22 | 45513d4af7550d782325ecb126a90ab1 | 1790fa27d8562f42653c4d1e45b2564d | 03102756e691bba35e7cdf5a1b7a916a | 9053a355157ffac829e6666fb713f378"
"education","rook","mean_rank","2021","control_only",8,"Incidence-Guided Saturation Regions",0.245455814645436,0.0399064784782459,0.9267,0.236850068794621,1.03633414967794,4,"d5a480b6f45d8d14a1f3423b3a5bf387 | 119757b02d12eba73df6b1e21eeb28ce | f032bb647ae3a551ceb8b1644440e477 | 58e1ba02384e809044fa14d74b2be37f","5294c4d3ae39b4cbcf5bf478bc984c8e | 45513d4af7550d782325ecb126a90ab1 | 1790fa27d8562f42653c4d1e45b2564d | 9053a355157ffac829e6666fb713f378"
"education","queen","mean_rate","2021","control_only",8,"Incidence-Guided Saturation Regions",0.220291575988431,0.0473648449292873,0.925933333333333,0.237322041299245,0.928239007141609,6,"b85e8178250f7c0b9a251b7c711b7589 | b7fa0b17a0b246abda6459cef529ff05 | 9b3d6dfbb380acd395ed0d9eff84e5e5 | 111dd3b3d841ba8b07d59c3a18e12f83 | de4c9ead6925310f6d0ee3279375db84 | 249944e2f13e698b8545761f696a16de","5294c4d3ae39b4cbcf5bf478bc984c8e | 5f7c8497e2d2325028676188b5c43f22 | 45513d4af7550d782325ecb126a90ab1 | 1790fa27d8562f42653c4d1e45b2564d | 03102756e691bba35e7cdf5a1b7a916a | 9053a355157ffac829e6666fb713f378"
"education","queen","pooled_rate","2021","control_only",8,"Incidence-Guided Saturation Regions",0.24442593117561,0.0407812957360122,0.927716666666666,0.237322041299245,1.02993354446757,6,"c3d7abd42850c0ad2ac9b34e57d767f8 | 116e9605d307113062644d5112360f36 | c53cf28556325ae6e555be8ad74da6d7 | 12ceef82c1294035af9b091f26b91eed | 986177eb7cdfe24e93f629bbca36df8c | 924e35df6a2b6e8ad621362be6c5bebe","5294c4d3ae39b4cbcf5bf478bc984c8e | 5f7c8497e2d2325028676188b5c43f22 | 45513d4af7550d782325ecb126a90ab1 | 1790fa27d8562f42653c4d1e45b2564d | 03102756e691bba35e7cdf5a1b7a916a | 9053a355157ffac829e6666fb713f378"
"baseline_sensitivity","queen","mean_rank","2018","both",9,"Simple Random Sampling",0.0774182047997616,0.0136865080679043,0.931216666666666,0.0763831965520239,1.01355020861208,6,"f65b473efcc0d5ff1871e3e21176ca20 | 26aa51c566e2f5b1e8930a2cc67a2d60 | 71c3ac632b9975d1ef3c123dc84d97b1 | 58fd5e7228b72cbe6a47e23a2096dfc5 | 7c1f0a14e81d0f99b1e2b52663e20479 | a0e1b21375afc24807072fc6c0a4070b","d24fc8915c9581042d0922c6cad71eee | c361e7920bc94937367580206aa4be86 | 9bb12b1bef60f74a0c4078eb671ec8a0 | 2e91cec91465861785706a02012228b9 | 612f320d9e368a4c0c6170ca00da95fb | 7d6a4746e8d1b36fa0aba44b29c6c563"
"education","queen","mean_rank","2018","both",9,"Simple Random Sampling",0.0763831965520239,0.0134517984710809,0.932416666666666,0.0763831965520239,1,6,"d24fc8915c9581042d0922c6cad71eee | c361e7920bc94937367580206aa4be86 | 9bb12b1bef60f74a0c4078eb671ec8a0 | 2e91cec91465861785706a02012228b9 | 612f320d9e368a4c0c6170ca00da95fb | 7d6a4746e8d1b36fa0aba44b29c6c563","d24fc8915c9581042d0922c6cad71eee | c361e7920bc94937367580206aa4be86 | 9bb12b1bef60f74a0c4078eb671ec8a0 | 2e91cec91465861785706a02012228b9 | 612f320d9e368a4c0c6170ca00da95fb | 7d6a4746e8d1b36fa0aba44b29c6c563"
"education","rook","mean_rank","2018","both",9,"Simple Random Sampling",0.0757069074121242,0.015378040906224,0.933975,0.0765748568505578,0.988665346901955,4,"a5a19cf8f5f3d8f9930a7b4328bbda3d | c21dac49dd0999c681ed075602d023c8 | 672d9bc55df36c8e0200c9eead36f4f9 | dd48c3eac82623dd153da00e6e8ca119","d24fc8915c9581042d0922c6cad71eee | 9bb12b1bef60f74a0c4078eb671ec8a0 | 2e91cec91465861785706a02012228b9 | 7d6a4746e8d1b36fa0aba44b29c6c563"
"baseline_sensitivity","queen","mean_rank","2019","both",9,"Simple Random Sampling",0.0771029938091868,0.0157326029385334,0.9322,0.0763831965520239,1.0094235026767,6,"d5e88a9d4f4474773602aac3ecab094f | 29241a24ead27df5072b593147ad5bd8 | 3ec8887d148c463324445745200e04c1 | 2f82155edb1e4d0a3066a65b62f37d85 | f5e648cf7977a3df2d33ffcff416fe4d | 8c2bffc667dcdf8c6a47aa13c2604357","d24fc8915c9581042d0922c6cad71eee | c361e7920bc94937367580206aa4be86 | 9bb12b1bef60f74a0c4078eb671ec8a0 | 2e91cec91465861785706a02012228b9 | 612f320d9e368a4c0c6170ca00da95fb | 7d6a4746e8d1b36fa0aba44b29c6c563"
"education","queen","mean_rank","2019","both",9,"Simple Random Sampling",0.0763831965520239,0.0134517984710809,0.932416666666666,0.0763831965520239,1,6,"d24fc8915c9581042d0922c6cad71eee | c361e7920bc94937367580206aa4be86 | 9bb12b1bef60f74a0c4078eb671ec8a0 | 2e91cec91465861785706a02012228b9 | 612f320d9e368a4c0c6170ca00da95fb | 7d6a4746e8d1b36fa0aba44b29c6c563","d24fc8915c9581042d0922c6cad71eee | c361e7920bc94937367580206aa4be86 | 9bb12b1bef60f74a0c4078eb671ec8a0 | 2e91cec91465861785706a02012228b9 | 612f320d9e368a4c0c6170ca00da95fb | 7d6a4746e8d1b36fa0aba44b29c6c563"
"education","rook","mean_rank","2019","both",9,"Simple Random Sampling",0.0757069074121242,0.015378040906224,0.933975,0.0765748568505578,0.988665346901955,4,"a5a19cf8f5f3d8f9930a7b4328bbda3d | c21dac49dd0999c681ed075602d023c8 | 672d9bc55df36c8e0200c9eead36f4f9 | dd48c3eac82623dd153da00e6e8ca119","d24fc8915c9581042d0922c6cad71eee | 9bb12b1bef60f74a0c4078eb671ec8a0 | 2e91cec91465861785706a02012228b9 | 7d6a4746e8d1b36fa0aba44b29c6c563"
"baseline_sensitivity","queen","mean_rank","2020","both",9,"Simple Random Sampling",0.0778080836463316,0.0149492594346144,0.930533333333333,0.0763831965520239,1.01865445750673,6,"c723ba55e6a32ffb2c313de0e7a950ff | 6c8b0ad330ee1e4b56a0dd9bb3fa3707 | 75ad4d9c97ea0fe623559e1fdbd4add1 | 9428a4ba513464cca2b64854ff17261c | 51ca9d4b654af834a3db00741dd30fa1 | e216fc289377c36a8a6aa547b00bec88","d24fc8915c9581042d0922c6cad71eee | c361e7920bc94937367580206aa4be86 | 9bb12b1bef60f74a0c4078eb671ec8a0 | 2e91cec91465861785706a02012228b9 | 612f320d9e368a4c0c6170ca00da95fb | 7d6a4746e8d1b36fa0aba44b29c6c563"
"education","queen","mean_rank","2020","both",9,"Simple Random Sampling",0.0763831965520239,0.0134517984710809,0.932416666666666,0.0763831965520239,1,6,"d24fc8915c9581042d0922c6cad71eee | c361e7920bc94937367580206aa4be86 | 9bb12b1bef60f74a0c4078eb671ec8a0 | 2e91cec91465861785706a02012228b9 | 612f320d9e368a4c0c6170ca00da95fb | 7d6a4746e8d1b36fa0aba44b29c6c563","d24fc8915c9581042d0922c6cad71eee | c361e7920bc94937367580206aa4be86 | 9bb12b1bef60f74a0c4078eb671ec8a0 | 2e91cec91465861785706a02012228b9 | 612f320d9e368a4c0c6170ca00da95fb | 7d6a4746e8d1b36fa0aba44b29c6c563"
"education","rook","mean_rank","2020","both",9,"Simple Random Sampling",0.0757069074121242,0.015378040906224,0.933975,0.0765748568505578,0.988665346901955,4,"a5a19cf8f5f3d8f9930a7b4328bbda3d | c21dac49dd0999c681ed075602d023c8 | 672d9bc55df36c8e0200c9eead36f4f9 | dd48c3eac82623dd153da00e6e8ca119","d24fc8915c9581042d0922c6cad71eee | 9bb12b1bef60f74a0c4078eb671ec8a0 | 2e91cec91465861785706a02012228b9 | 7d6a4746e8d1b36fa0aba44b29c6c563"
"baseline_sensitivity","queen","mean_rank","2021","both",9,"Simple Random Sampling",0.0766453179189694,0.0131332701362206,0.9316,0.0763831965520239,1.00343166270564,6,"c2d28baf1cfc2fe7c106c68126e70ed4 | 5b1ddd22375bd184be70127745225709 | e8f78e4e3fd991735baed7a8154110f0 | b5648ebb0fe07736432c26c94ce750e7 | 5f0bb29b386dba271e967db5368ab175 | e320349f9e293dad2806749fd37079b1","d24fc8915c9581042d0922c6cad71eee | c361e7920bc94937367580206aa4be86 | 9bb12b1bef60f74a0c4078eb671ec8a0 | 2e91cec91465861785706a02012228b9 | 612f320d9e368a4c0c6170ca00da95fb | 7d6a4746e8d1b36fa0aba44b29c6c563"
"education","queen","mean_rank","2021","both",9,"Simple Random Sampling",0.0763831965520239,0.0134517984710809,0.932416666666666,0.0763831965520239,1,6,"d24fc8915c9581042d0922c6cad71eee | c361e7920bc94937367580206aa4be86 | 9bb12b1bef60f74a0c4078eb671ec8a0 | 2e91cec91465861785706a02012228b9 | 612f320d9e368a4c0c6170ca00da95fb | 7d6a4746e8d1b36fa0aba44b29c6c563","d24fc8915c9581042d0922c6cad71eee | c361e7920bc94937367580206aa4be86 | 9bb12b1bef60f74a0c4078eb671ec8a0 | 2e91cec91465861785706a02012228b9 | 612f320d9e368a4c0c6170ca00da95fb | 7d6a4746e8d1b36fa0aba44b29c6c563"
"education","rook","mean_rank","2021","both",9,"Simple Random Sampling",0.0757069074121242,0.015378040906224,0.933975,0.0765748568505578,0.988665346901955,4,"a5a19cf8f5f3d8f9930a7b4328bbda3d | c21dac49dd0999c681ed075602d023c8 | 672d9bc55df36c8e0200c9eead36f4f9 | dd48c3eac82623dd153da00e6e8ca119","d24fc8915c9581042d0922c6cad71eee | 9bb12b1bef60f74a0c4078eb671ec8a0 | 2e91cec91465861785706a02012228b9 | 7d6a4746e8d1b36fa0aba44b29c6c563"
"baseline_sensitivity","queen","mean_rank","2018","control_only",9,"Simple Random Sampling",0.310161160163956,0.0328535513063539,0.927633333333333,0.30761277604907,1.00828438970454,6,"f23f52b91be4570b97b6ee037cf8dfb3 | 93efa1aa4cd28c69a1e682d9e02065ac | 85ab6ddfc983cbee38d1ec1300eb459d | 3717ce67b3a5f750c722e634fd914382 | 8d2b6a880f2d86ad5a0a452272498a9f | afd87e0458ea37a201e39aa75e31c023","0dd60f1250552439401423f40b9ab1de | c843422616aa1553b3a3638fad96698c | 41da99612ef331d16cf24a6f62f4a4aa | ac322b5bea4c8163c656df36b45d9f48 | 0993633601da4a9819929a697dba4c90 | ea98103eca44b022795a79e797d526ab"
"education","queen","mean_rank","2018","control_only",9,"Simple Random Sampling",0.30761277604907,0.037843172579218,0.92915,0.30761277604907,1,6,"0dd60f1250552439401423f40b9ab1de | c843422616aa1553b3a3638fad96698c | 41da99612ef331d16cf24a6f62f4a4aa | ac322b5bea4c8163c656df36b45d9f48 | 0993633601da4a9819929a697dba4c90 | ea98103eca44b022795a79e797d526ab","0dd60f1250552439401423f40b9ab1de | c843422616aa1553b3a3638fad96698c | 41da99612ef331d16cf24a6f62f4a4aa | ac322b5bea4c8163c656df36b45d9f48 | 0993633601da4a9819929a697dba4c90 | ea98103eca44b022795a79e797d526ab"
"education","rook","mean_rank","2018","control_only",9,"Simple Random Sampling",0.308305845911022,0.0384852900776206,0.927024999999999,0.306406202928309,1.00619975367521,4,"8048dd75648358c8ead75b55486d043f | 10eb4fbc386451682792811e54b665fe | 06f3e5dbf24e5bd167b93c517f347163 | 87a87fe5eaa65525ccd6b2a00f9369b6","0dd60f1250552439401423f40b9ab1de | 41da99612ef331d16cf24a6f62f4a4aa | ac322b5bea4c8163c656df36b45d9f48 | ea98103eca44b022795a79e797d526ab"
"baseline_sensitivity","queen","mean_rank","2019","control_only",9,"Simple Random Sampling",0.314164531758735,0.032369783536432,0.9269,0.30761277604907,1.02129871130131,6,"f846b9b127316106de44a3f5d9dbc614 | e0340864a102fc5efd611b108580711b | d9ba9077591a35da403a850bfebb37ea | a778ce2faf04cdce7fe22d3d9abff5ee | 34caecf3509d05e8cfc96cbfe2ddbe52 | f89706ebe8ef210e3004bacd87b83f31","0dd60f1250552439401423f40b9ab1de | c843422616aa1553b3a3638fad96698c | 41da99612ef331d16cf24a6f62f4a4aa | ac322b5bea4c8163c656df36b45d9f48 | 0993633601da4a9819929a697dba4c90 | ea98103eca44b022795a79e797d526ab"
"education","queen","mean_rank","2019","control_only",9,"Simple Random Sampling",0.30761277604907,0.037843172579218,0.92915,0.30761277604907,1,6,"0dd60f1250552439401423f40b9ab1de | c843422616aa1553b3a3638fad96698c | 41da99612ef331d16cf24a6f62f4a4aa | ac322b5bea4c8163c656df36b45d9f48 | 0993633601da4a9819929a697dba4c90 | ea98103eca44b022795a79e797d526ab","0dd60f1250552439401423f40b9ab1de | c843422616aa1553b3a3638fad96698c | 41da99612ef331d16cf24a6f62f4a4aa | ac322b5bea4c8163c656df36b45d9f48 | 0993633601da4a9819929a697dba4c90 | ea98103eca44b022795a79e797d526ab"
"education","rook","mean_rank","2019","control_only",9,"Simple Random Sampling",0.308305845911022,0.0384852900776206,0.927024999999999,0.306406202928309,1.00619975367521,4,"8048dd75648358c8ead75b55486d043f | 10eb4fbc386451682792811e54b665fe | 06f3e5dbf24e5bd167b93c517f347163 | 87a87fe5eaa65525ccd6b2a00f9369b6","0dd60f1250552439401423f40b9ab1de | 41da99612ef331d16cf24a6f62f4a4aa | ac322b5bea4c8163c656df36b45d9f48 | ea98103eca44b022795a79e797d526ab"
"baseline_sensitivity","queen","mean_rank","2020","control_only",9,"Simple Random Sampling",0.314478937398671,0.0301545739204186,0.924783333333333,0.30761277604907,1.02232079381679,6,"4c3a01af8a44952052195ef2494a77f0 | 4bbf186445cb464190e98255eed4f66f | 4ada006ff26abea3512de1d436351054 | 30c65cb20543aa11d8b9e3b757ad888a | 8a828d85d8cad23515e624567e23933e | 9eaa905098a6f548bf0d6a5c576cab2a","0dd60f1250552439401423f40b9ab1de | c843422616aa1553b3a3638fad96698c | 41da99612ef331d16cf24a6f62f4a4aa | ac322b5bea4c8163c656df36b45d9f48 | 0993633601da4a9819929a697dba4c90 | ea98103eca44b022795a79e797d526ab"
"education","queen","mean_rank","2020","control_only",9,"Simple Random Sampling",0.30761277604907,0.037843172579218,0.92915,0.30761277604907,1,6,"0dd60f1250552439401423f40b9ab1de | c843422616aa1553b3a3638fad96698c | 41da99612ef331d16cf24a6f62f4a4aa | ac322b5bea4c8163c656df36b45d9f48 | 0993633601da4a9819929a697dba4c90 | ea98103eca44b022795a79e797d526ab","0dd60f1250552439401423f40b9ab1de | c843422616aa1553b3a3638fad96698c | 41da99612ef331d16cf24a6f62f4a4aa | ac322b5bea4c8163c656df36b45d9f48 | 0993633601da4a9819929a697dba4c90 | ea98103eca44b022795a79e797d526ab"
"education","rook","mean_rank","2020","control_only",9,"Simple Random Sampling",0.308305845911022,0.0384852900776206,0.927024999999999,0.306406202928309,1.00619975367521,4,"8048dd75648358c8ead75b55486d043f | 10eb4fbc386451682792811e54b665fe | 06f3e5dbf24e5bd167b93c517f347163 | 87a87fe5eaa65525ccd6b2a00f9369b6","0dd60f1250552439401423f40b9ab1de | 41da99612ef331d16cf24a6f62f4a4aa | ac322b5bea4c8163c656df36b45d9f48 | ea98103eca44b022795a79e797d526ab"
"baseline_sensitivity","queen","mean_rank","2021","control_only",9,"Simple Random Sampling",0.314307073592943,0.0312008569419856,0.925883333333333,0.30761277604907,1.02176209203614,6,"69a42f8998a2c778a3ce058f179ea680 | 7ae0538c771c2fe57ddd40567d3274db | 5c60ed1fc4c415dc7802b638aeca302c | 6e5cb118608fac7d3189a4045e9a17e6 | f69a48d708e847506f151a2531b79ceb | 81787667c3ca5eb9c740a20a2686b976","0dd60f1250552439401423f40b9ab1de | c843422616aa1553b3a3638fad96698c | 41da99612ef331d16cf24a6f62f4a4aa | ac322b5bea4c8163c656df36b45d9f48 | 0993633601da4a9819929a697dba4c90 | ea98103eca44b022795a79e797d526ab"
"education","queen","mean_rank","2021","control_only",9,"Simple Random Sampling",0.30761277604907,0.037843172579218,0.92915,0.30761277604907,1,6,"0dd60f1250552439401423f40b9ab1de | c843422616aa1553b3a3638fad96698c | 41da99612ef331d16cf24a6f62f4a4aa | ac322b5bea4c8163c656df36b45d9f48 | 0993633601da4a9819929a697dba4c90 | ea98103eca44b022795a79e797d526ab","0dd60f1250552439401423f40b9ab1de | c843422616aa1553b3a3638fad96698c | 41da99612ef331d16cf24a6f62f4a4aa | ac322b5bea4c8163c656df36b45d9f48 | 0993633601da4a9819929a697dba4c90 | ea98103eca44b022795a79e797d526ab"
"education","rook","mean_rank","2021","control_only",9,"Simple Random Sampling",0.308305845911022,0.0384852900776206,0.927024999999999,0.306406202928309,1.00619975367521,4,"8048dd75648358c8ead75b55486d043f | 10eb4fbc386451682792811e54b665fe | 06f3e5dbf24e5bd167b93c517f347163 | 87a87fe5eaa65525ccd6b2a00f9369b6","0dd60f1250552439401423f40b9ab1de | 41da99612ef331d16cf24a6f62f4a4aa | ac322b5bea4c8163c656df36b45d9f48 | ea98103eca44b022795a79e797d526ab"
