"Incidence_Mode","Rho_Incidence","Surface","Neighbor_Type","Rho","Gamma","Spillover_Type","True_Tau","Design","Design_Name","Estimator","N_Draws","N_Unique","Complete","Mean_MSE","Variance_Raw","Variance_MC_Noise","Variance_Corrected","SD_Raw","SD_Corrected","Q90_Estimated","Worst10_Mean_Estimated","Sampled_Max_Estimated","SE_Mean_MSE_Noise","SE_Mean_MSE_Joint","Variance_Split_Half","Variance_Noise_Fraction","Q90_Half1","Q90_Half2","Worst10_Half1","Worst10_Half2","Tail_Half_Jaccard","Tail_Half_Rank_Cor","Tail_Boundary_Uncertain","No_Sampled_Allocation_Variation"
"iid",0,1,"queen",0,0.5,"control_only",1,"Design 1","Design 1: Checkerboard","oracle",1,1,TRUE,2.49962282190557,0,0,0,0,0,2.49962282190557,2.49962282190557,2.49962282190557,0.357118967796916,0.357118967796916,0,NA,2.69064020187907,2.30860544193208,2.69064020187907,2.30860544193208,1,NA,FALSE,TRUE
"spatial",0.2,1,"queen",0,0.5,"control_only",1,"Design 1","Design 1: Checkerboard","oracle",1,1,TRUE,2.2810320264803,0,0,0,0,0,2.2810320264803,2.2810320264803,2.2810320264803,0.32252625977302,0.32252625977302,0,NA,2.26449096896191,2.29757308399868,2.26449096896191,2.29757308399868,1,NA,FALSE,TRUE
"spatial",0.5,1,"queen",0,0.5,"control_only",1,"Design 1","Design 1: Checkerboard","oracle",1,1,TRUE,1.82514743599286,0,0,0,0,0,1.82514743599286,1.82514743599286,1.82514743599286,0.310208816987166,0.310208816987166,0,NA,2.00648392628612,1.64381094569961,2.00648392628612,1.64381094569961,1,NA,FALSE,TRUE
"poisson",0.2,1,"queen",0,0.5,"control_only",1,"Design 1","Design 1: Checkerboard","oracle",1,1,TRUE,2.28650763096153,0,0,0,0,0,2.28650763096153,2.28650763096153,2.28650763096153,0.366619231459362,0.366619231459362,0,NA,2.22610560523078,2.34690965669228,2.22610560523078,2.34690965669228,1,NA,FALSE,TRUE
"poisson",0.5,1,"queen",0,0.5,"control_only",1,"Design 1","Design 1: Checkerboard","oracle",1,1,TRUE,1.92305657547543,0,0,0,0,0,1.92305657547543,1.92305657547543,1.92305657547543,0.241823996545276,0.241823996545276,0,NA,1.97632466795834,1.86978848299251,1.97632466795834,1.86978848299251,1,NA,FALSE,TRUE
"iid",0,2,"queen",0,0.5,"control_only",1,"Design 1","Design 1: Checkerboard","oracle",1,1,TRUE,2.06665527161316,0,0,0,0,0,2.06665527161316,2.06665527161316,2.06665527161316,0.286329415444796,0.286329415444796,0,NA,2.35644043685394,1.77687010637238,2.35644043685394,1.77687010637238,1,NA,FALSE,TRUE
"spatial",0.2,2,"queen",0,0.5,"control_only",1,"Design 1","Design 1: Checkerboard","oracle",1,1,TRUE,2.09382835429611,0,0,0,0,0,2.09382835429611,2.09382835429611,2.09382835429611,0.28877839433363,0.28877839433363,0,NA,2.20114762650759,1.98650908208463,2.20114762650759,1.98650908208463,1,NA,FALSE,TRUE
"spatial",0.5,2,"queen",0,0.5,"control_only",1,"Design 1","Design 1: Checkerboard","oracle",1,1,TRUE,2.0854788170687,0,0,0,0,0,2.0854788170687,2.0854788170687,2.0854788170687,0.291733951939663,0.291733951939663,0,NA,1.86149392694108,2.30946370719632,1.86149392694108,2.30946370719632,1,NA,FALSE,TRUE
"poisson",0.2,2,"queen",0,0.5,"control_only",1,"Design 1","Design 1: Checkerboard","oracle",1,1,TRUE,2.08638507479575,0,0,0,0,0,2.08638507479575,2.08638507479575,2.08638507479575,0.2562122581922,0.2562122581922,0,NA,1.63245974874813,2.54031040084336,1.63245974874813,2.54031040084336,1,NA,FALSE,TRUE
"poisson",0.5,2,"queen",0,0.5,"control_only",1,"Design 1","Design 1: Checkerboard","oracle",1,1,TRUE,1.87444776141963,0,0,0,0,0,1.87444776141963,1.87444776141963,1.87444776141963,0.228171237274804,0.228171237274804,0,NA,1.65930795720964,2.08958756562962,1.65930795720964,2.08958756562962,1,NA,FALSE,TRUE
"iid",0,1,"queen",0.5,0.5,"control_only",1,"Design 1","Design 1: Checkerboard","oracle",1,1,TRUE,1.57297024111706,0,0,0,0,0,1.57297024111706,1.57297024111706,1.57297024111706,0.231410751424262,0.231410751424262,0,NA,1.12674940998289,2.01919107225123,1.12674940998289,2.01919107225123,1,NA,FALSE,TRUE
"spatial",0.2,1,"queen",0.5,0.5,"control_only",1,"Design 1","Design 1: Checkerboard","oracle",1,1,TRUE,1.58170157602218,0,0,0,0,0,1.58170157602218,1.58170157602218,1.58170157602218,0.210268114174047,0.210268114174047,0,NA,1.57067106015822,1.59273209188613,1.57067106015822,1.59273209188613,1,NA,FALSE,TRUE
"spatial",0.5,1,"queen",0.5,0.5,"control_only",1,"Design 1","Design 1: Checkerboard","oracle",1,1,TRUE,2.16230917557316,0,0,0,0,0,2.16230917557316,2.16230917557316,2.16230917557316,0.246393480813066,0.246393480813066,0,NA,2.23452108979584,2.09009726135047,2.23452108979584,2.09009726135047,1,NA,FALSE,TRUE
"poisson",0.2,1,"queen",0.5,0.5,"control_only",1,"Design 1","Design 1: Checkerboard","oracle",1,1,TRUE,1.95664963120834,0,0,0,0,0,1.95664963120834,1.95664963120834,1.95664963120834,0.263662823245392,0.263662823245392,0,NA,1.91160013820466,2.00169912421202,1.91160013820466,2.00169912421202,1,NA,FALSE,TRUE
"poisson",0.5,1,"queen",0.5,0.5,"control_only",1,"Design 1","Design 1: Checkerboard","oracle",1,1,TRUE,2.33167712971862,0,0,0,0,0,2.33167712971862,2.33167712971862,2.33167712971862,0.349233654626753,0.349233654626753,0,NA,2.56032071191907,2.10303354751818,2.56032071191907,2.10303354751818,1,NA,FALSE,TRUE
"iid",0,2,"queen",0.5,0.5,"control_only",1,"Design 1","Design 1: Checkerboard","oracle",1,1,TRUE,2.0132884709493,0,0,0,0,0,2.0132884709493,2.0132884709493,2.0132884709493,0.316885411305675,0.316885411305675,0,NA,2.2353371997585,1.79123974214009,2.2353371997585,1.79123974214009,1,NA,FALSE,TRUE
"spatial",0.2,2,"queen",0.5,0.5,"control_only",1,"Design 1","Design 1: Checkerboard","oracle",1,1,TRUE,1.91385845561123,0,0,0,0,0,1.91385845561123,1.91385845561123,1.91385845561123,0.255960121013951,0.255960121013951,0,NA,1.8557098965737,1.97200701464877,1.8557098965737,1.97200701464877,1,NA,FALSE,TRUE
"spatial",0.5,2,"queen",0.5,0.5,"control_only",1,"Design 1","Design 1: Checkerboard","oracle",1,1,TRUE,2.3735632033632,0,0,0,0,0,2.3735632033632,2.3735632033632,2.3735632033632,0.289497034832127,0.289497034832127,0,NA,2.56374955166769,2.18337685505872,2.56374955166769,2.18337685505872,1,NA,FALSE,TRUE
"poisson",0.2,2,"queen",0.5,0.5,"control_only",1,"Design 1","Design 1: Checkerboard","oracle",1,1,TRUE,1.99702885843335,0,0,0,0,0,1.99702885843335,1.99702885843335,1.99702885843335,0.282470241180649,0.282470241180649,0,NA,1.90417171454583,2.08988600232087,1.90417171454583,2.08988600232087,1,NA,FALSE,TRUE
"poisson",0.5,2,"queen",0.5,0.5,"control_only",1,"Design 1","Design 1: Checkerboard","oracle",1,1,TRUE,2.07619097843892,0,0,0,0,0,2.07619097843892,2.07619097843892,2.07619097843892,0.28820242589433,0.28820242589433,0,NA,1.62360402047531,2.52877793640253,1.62360402047531,2.52877793640253,1,NA,FALSE,TRUE
"iid",0,1,"queen",0,0.8,"control_only",1,"Design 1","Design 1: Checkerboard","oracle",1,1,TRUE,1.74834233287646,0,0,0,0,0,1.74834233287646,1.74834233287646,1.74834233287646,0.282330283073503,0.282330283073503,0,NA,1.683990639009,1.81269402674391,1.683990639009,1.81269402674391,1,NA,FALSE,TRUE
"spatial",0.2,1,"queen",0,0.8,"control_only",1,"Design 1","Design 1: Checkerboard","oracle",1,1,TRUE,1.72417222692998,0,0,0,0,0,1.72417222692998,1.72417222692998,1.72417222692998,0.233430556880025,0.233430556880025,0,NA,1.8269779251369,1.62136652872305,1.8269779251369,1.62136652872305,1,NA,FALSE,TRUE
"spatial",0.5,1,"queen",0,0.8,"control_only",1,"Design 1","Design 1: Checkerboard","oracle",1,1,TRUE,2.24073485538961,0,0,0,0,0,2.24073485538961,2.24073485538961,2.24073485538961,0.312907408613001,0.312907408613001,0,NA,1.96449091832158,2.51697879245763,1.96449091832158,2.51697879245763,1,NA,FALSE,TRUE
"poisson",0.2,1,"queen",0,0.8,"control_only",1,"Design 1","Design 1: Checkerboard","oracle",1,1,TRUE,2.84210321357659,0,0,0,0,0,2.84210321357659,2.84210321357659,2.84210321357659,0.423001623106391,0.423001623106391,0,NA,2.89056814776245,2.79363827939072,2.89056814776245,2.79363827939072,1,NA,FALSE,TRUE
"poisson",0.5,1,"queen",0,0.8,"control_only",1,"Design 1","Design 1: Checkerboard","oracle",1,1,TRUE,2.2465002366933,0,0,0,0,0,2.2465002366933,2.2465002366933,2.2465002366933,0.250660366075931,0.250660366075931,0,NA,2.05999282578461,2.43300764760199,2.05999282578461,2.43300764760199,1,NA,FALSE,TRUE
"iid",0,2,"queen",0,0.8,"control_only",1,"Design 1","Design 1: Checkerboard","oracle",1,1,TRUE,1.90616837482212,0,0,0,0,0,1.90616837482212,1.90616837482212,1.90616837482212,0.2801708954736,0.2801708954736,0,NA,1.70900199410431,2.10333475553993,1.70900199410431,2.10333475553993,1,NA,FALSE,TRUE
"spatial",0.2,2,"queen",0,0.8,"control_only",1,"Design 1","Design 1: Checkerboard","oracle",1,1,TRUE,2.16058860196108,0,0,0,0,0,2.16058860196108,2.16058860196108,2.16058860196108,0.325486828960856,0.325486828960856,0,NA,2.41068725901827,1.9104899449039,2.41068725901827,1.9104899449039,1,NA,FALSE,TRUE
"spatial",0.5,2,"queen",0,0.8,"control_only",1,"Design 1","Design 1: Checkerboard","oracle",1,1,TRUE,1.83576956402216,0,0,0,0,0,1.83576956402216,1.83576956402216,1.83576956402216,0.259003117564102,0.259003117564102,0,NA,1.42086670263718,2.25067242540715,1.42086670263718,2.25067242540715,1,NA,FALSE,TRUE
"poisson",0.2,2,"queen",0,0.8,"control_only",1,"Design 1","Design 1: Checkerboard","oracle",1,1,TRUE,1.96300851002804,0,0,0,0,0,1.96300851002804,1.96300851002804,1.96300851002804,0.279405050508235,0.279405050508235,0,NA,1.97457155508757,1.9514454649685,1.97457155508757,1.9514454649685,1,NA,FALSE,TRUE
"poisson",0.5,2,"queen",0,0.8,"control_only",1,"Design 1","Design 1: Checkerboard","oracle",1,1,TRUE,2.15456191424281,0,0,0,0,0,2.15456191424281,2.15456191424281,2.15456191424281,0.283533500525047,0.283533500525047,0,NA,2.1640635773364,2.14506025114922,2.1640635773364,2.14506025114922,1,NA,FALSE,TRUE
"iid",0,1,"queen",0.5,0.8,"control_only",1,"Design 1","Design 1: Checkerboard","oracle",1,1,TRUE,1.72757552717905,0,0,0,0,0,1.72757552717905,1.72757552717905,1.72757552717905,0.256473203439371,0.256473203439371,0,NA,1.97707396670466,1.47807708765345,1.97707396670466,1.47807708765345,1,NA,FALSE,TRUE
"spatial",0.2,1,"queen",0.5,0.8,"control_only",1,"Design 1","Design 1: Checkerboard","oracle",1,1,TRUE,2.63518566768481,0,0,0,0,0,2.63518566768481,2.63518566768481,2.63518566768481,0.380645702068583,0.380645702068583,0,NA,2.56673342378607,2.70363791158355,2.56673342378607,2.70363791158355,1,NA,FALSE,TRUE
"spatial",0.5,1,"queen",0.5,0.8,"control_only",1,"Design 1","Design 1: Checkerboard","oracle",1,1,TRUE,2.01942557716579,0,0,0,0,0,2.01942557716579,2.01942557716579,2.01942557716579,0.265784406587278,0.265784406587278,0,NA,1.7215300747829,2.31732107954869,1.7215300747829,2.31732107954869,1,NA,FALSE,TRUE
"poisson",0.2,1,"queen",0.5,0.8,"control_only",1,"Design 1","Design 1: Checkerboard","oracle",1,1,TRUE,2.30209654222037,0,0,0,0,0,2.30209654222037,2.30209654222037,2.30209654222037,0.297990910892263,0.297990910892263,0,NA,2.1315754790216,2.47261760541914,2.1315754790216,2.47261760541914,1,NA,FALSE,TRUE
"poisson",0.5,1,"queen",0.5,0.8,"control_only",1,"Design 1","Design 1: Checkerboard","oracle",1,1,TRUE,1.91679415304064,0,0,0,0,0,1.91679415304064,1.91679415304064,1.91679415304064,0.27046565572087,0.27046565572087,0,NA,1.84735868815669,1.98622961792459,1.84735868815669,1.98622961792459,1,NA,FALSE,TRUE
"iid",0,2,"queen",0.5,0.8,"control_only",1,"Design 1","Design 1: Checkerboard","oracle",1,1,TRUE,2.50519850501346,0,0,0,0,0,2.50519850501346,2.50519850501346,2.50519850501346,0.358181834100358,0.358181834100358,0,NA,1.98955456953033,3.02084244049659,1.98955456953033,3.02084244049659,1,NA,FALSE,TRUE
"spatial",0.2,2,"queen",0.5,0.8,"control_only",1,"Design 1","Design 1: Checkerboard","oracle",1,1,TRUE,2.43645185604942,0,0,0,0,0,2.43645185604942,2.43645185604942,2.43645185604942,0.390788842203369,0.390788842203369,0,NA,2.10578784282901,2.76711586926982,2.10578784282901,2.76711586926982,1,NA,FALSE,TRUE
"spatial",0.5,2,"queen",0.5,0.8,"control_only",1,"Design 1","Design 1: Checkerboard","oracle",1,1,TRUE,2.30102262433671,0,0,0,0,0,2.30102262433671,2.30102262433671,2.30102262433671,0.302334701175043,0.302334701175043,0,NA,2.81665044823282,1.7853948004406,2.81665044823282,1.7853948004406,1,NA,FALSE,TRUE
"poisson",0.2,2,"queen",0.5,0.8,"control_only",1,"Design 1","Design 1: Checkerboard","oracle",1,1,TRUE,2.92282731898801,0,0,0,0,0,2.92282731898801,2.92282731898801,2.92282731898801,0.414280794446052,0.414280794446052,0,NA,3.3611690965346,2.48448554144143,3.3611690965346,2.48448554144143,1,NA,FALSE,TRUE
"poisson",0.5,2,"queen",0.5,0.8,"control_only",1,"Design 1","Design 1: Checkerboard","oracle",1,1,TRUE,2.55664656422911,0,0,0,0,0,2.55664656422911,2.55664656422911,2.55664656422911,0.33930560062854,0.33930560062854,0,NA,2.48876182771864,2.62453130073959,2.48876182771864,2.62453130073959,1,NA,FALSE,TRUE
"iid",0,1,"queen",0,0.5,"both",1,"Design 1","Design 1: Checkerboard","oracle",1,1,TRUE,0.0622583753040828,0,0,0,0,0,0.0622583753040828,0.0622583753040828,0.0622583753040828,0.00845056823987018,0.00845056823987018,0,NA,0.0536685383078554,0.0708482123003102,0.0536685383078554,0.0708482123003102,1,NA,FALSE,TRUE
"spatial",0.2,1,"queen",0,0.5,"both",1,"Design 1","Design 1: Checkerboard","oracle",1,1,TRUE,0.070042603620708,0,0,0,0,0,0.070042603620708,0.070042603620708,0.070042603620708,0.00999017578111689,0.00999017578111689,0,NA,0.0466927976369298,0.0933924096044863,0.0466927976369298,0.0933924096044863,1,NA,FALSE,TRUE
"spatial",0.5,1,"queen",0,0.5,"both",1,"Design 1","Design 1: Checkerboard","oracle",1,1,TRUE,0.0533643708332969,0,0,0,0,0,0.0533643708332969,0.0533643708332969,0.0533643708332969,0.00714282362758531,0.00714282362758531,0,NA,0.0541731201434146,0.0525556215231792,0.0541731201434146,0.0525556215231792,1,NA,FALSE,TRUE
"poisson",0.2,1,"queen",0,0.5,"both",1,"Design 1","Design 1: Checkerboard","oracle",1,1,TRUE,0.0461372631485093,0,0,0,0,0,0.0461372631485093,0.0461372631485093,0.0461372631485093,0.0062587969998058,0.0062587969998058,0,NA,0.0469611936323317,0.0453133326646869,0.0469611936323317,0.0453133326646869,1,NA,FALSE,TRUE
"poisson",0.5,1,"queen",0,0.5,"both",1,"Design 1","Design 1: Checkerboard","oracle",1,1,TRUE,0.0761740992301097,0,0,0,0,0,0.0761740992301097,0.0761740992301097,0.0761740992301097,0.0120948755915687,0.0120948755915687,0,NA,0.076303162872738,0.0760450355874814,0.076303162872738,0.0760450355874814,1,NA,FALSE,TRUE
"iid",0,2,"queen",0,0.5,"both",1,"Design 1","Design 1: Checkerboard","oracle",1,1,TRUE,0.0553327549783212,0,0,0,0,0,0.0553327549783212,0.0553327549783212,0.0553327549783212,0.00727673621860104,0.00727673621860104,0,NA,0.0504515344047577,0.0602139755518848,0.0504515344047577,0.0602139755518848,1,NA,FALSE,TRUE
"spatial",0.2,2,"queen",0,0.5,"both",1,"Design 1","Design 1: Checkerboard","oracle",1,1,TRUE,0.0566827260451724,0,0,0,0,0,0.0566827260451724,0.0566827260451724,0.0566827260451724,0.00621213950055398,0.00621213950055398,0,NA,0.0589679530086891,0.0543974990816557,0.0589679530086891,0.0543974990816557,1,NA,FALSE,TRUE
"spatial",0.5,2,"queen",0,0.5,"both",1,"Design 1","Design 1: Checkerboard","oracle",1,1,TRUE,0.0589094298087713,0,0,0,0,0,0.0589094298087713,0.0589094298087713,0.0589094298087713,0.00771102426440062,0.00771102426440062,0,NA,0.0503125652028803,0.0675062944146623,0.0503125652028803,0.0675062944146623,1,NA,FALSE,TRUE
"poisson",0.2,2,"queen",0,0.5,"both",1,"Design 1","Design 1: Checkerboard","oracle",1,1,TRUE,0.0378338203626956,0,0,0,0,0,0.0378338203626956,0.0378338203626956,0.0378338203626956,0.00521126770775267,0.00521126770775267,0,NA,0.0417210755619812,0.0339465651634101,0.0417210755619812,0.0339465651634101,1,NA,FALSE,TRUE
"poisson",0.5,2,"queen",0,0.5,"both",1,"Design 1","Design 1: Checkerboard","oracle",1,1,TRUE,0.0638649722466218,0,0,0,0,0,0.0638649722466218,0.0638649722466218,0.0638649722466218,0.0108078243141909,0.0108078243141909,0,NA,0.0705925725293454,0.0571373719638981,0.0705925725293454,0.0571373719638981,1,NA,FALSE,TRUE
"iid",0,1,"queen",0.5,0.5,"both",1,"Design 1","Design 1: Checkerboard","oracle",1,1,TRUE,0.0612351310846819,0,0,0,0,0,0.0612351310846819,0.0612351310846819,0.0612351310846819,0.00952629568789094,0.00952629568789094,0,NA,0.0627574736959287,0.059712788473435,0.0627574736959287,0.059712788473435,1,NA,FALSE,TRUE
"spatial",0.2,1,"queen",0.5,0.5,"both",1,"Design 1","Design 1: Checkerboard","oracle",1,1,TRUE,0.0477744699199659,0,0,0,0,0,0.0477744699199659,0.0477744699199659,0.0477744699199659,0.00679710003286131,0.00679710003286131,0,NA,0.0544931845879103,0.0410557552520215,0.0544931845879103,0.0410557552520215,1,NA,FALSE,TRUE
"spatial",0.5,1,"queen",0.5,0.5,"both",1,"Design 1","Design 1: Checkerboard","oracle",1,1,TRUE,0.0573353556642985,0,0,0,0,0,0.0573353556642985,0.0573353556642985,0.0573353556642985,0.0073039090812567,0.0073039090812567,0,NA,0.0535719097588803,0.0610988015697166,0.0535719097588803,0.0610988015697166,1,NA,FALSE,TRUE
"poisson",0.2,1,"queen",0.5,0.5,"both",1,"Design 1","Design 1: Checkerboard","oracle",1,1,TRUE,0.0645660690803991,0,0,0,0,0,0.0645660690803991,0.0645660690803991,0.0645660690803991,0.00980819453088083,0.00980819453088083,0,NA,0.0467406359136154,0.0823915022471828,0.0467406359136154,0.0823915022471828,1,NA,FALSE,TRUE
"poisson",0.5,1,"queen",0.5,0.5,"both",1,"Design 1","Design 1: Checkerboard","oracle",1,1,TRUE,0.0710117894982868,0,0,0,0,0,0.0710117894982868,0.0710117894982868,0.0710117894982868,0.00995197581555724,0.00995197581555724,0,NA,0.059338666947346,0.0826849120492276,0.059338666947346,0.0826849120492276,1,NA,FALSE,TRUE
"iid",0,2,"queen",0.5,0.5,"both",1,"Design 1","Design 1: Checkerboard","oracle",1,1,TRUE,0.051588909650436,0,0,0,0,0,0.051588909650436,0.051588909650436,0.051588909650436,0.00798287476092687,0.00798287476092687,0,NA,0.0584568342334388,0.0447209850674332,0.0584568342334388,0.0447209850674332,1,NA,FALSE,TRUE
"spatial",0.2,2,"queen",0.5,0.5,"both",1,"Design 1","Design 1: Checkerboard","oracle",1,1,TRUE,0.0615543248068227,0,0,0,0,0,0.0615543248068227,0.0615543248068227,0.0615543248068227,0.00943365981379261,0.00943365981379261,0,NA,0.0660818421581891,0.0570268074554563,0.0660818421581891,0.0570268074554563,1,NA,FALSE,TRUE
"spatial",0.5,2,"queen",0.5,0.5,"both",1,"Design 1","Design 1: Checkerboard","oracle",1,1,TRUE,0.0471940733338448,0,0,0,0,0,0.0471940733338448,0.0471940733338448,0.0471940733338448,0.0068513593722571,0.0068513593722571,0,NA,0.0559409635849923,0.0384471830826973,0.0559409635849923,0.0384471830826973,1,NA,FALSE,TRUE
"poisson",0.2,2,"queen",0.5,0.5,"both",1,"Design 1","Design 1: Checkerboard","oracle",1,1,TRUE,0.0453282481908618,0,0,0,0,0,0.0453282481908618,0.0453282481908618,0.0453282481908618,0.00721637537851408,0.00721637537851408,0,NA,0.0410455404379365,0.0496109559437871,0.0410455404379365,0.0496109559437871,1,NA,FALSE,TRUE
"poisson",0.5,2,"queen",0.5,0.5,"both",1,"Design 1","Design 1: Checkerboard","oracle",1,1,TRUE,0.0663295580453554,0,0,0,0,0,0.0663295580453554,0.0663295580453554,0.0663295580453554,0.00864952192895227,0.00864952192895227,0,NA,0.0530006826077914,0.0796584334829194,0.0530006826077914,0.0796584334829194,1,NA,FALSE,TRUE
"iid",0,1,"queen",0,0.8,"both",1,"Design 1","Design 1: Checkerboard","oracle",1,1,TRUE,0.0564433317385379,0,0,0,0,0,0.0564433317385379,0.0564433317385379,0.0564433317385379,0.00759187276983479,0.00759187276983479,0,NA,0.0577986362039175,0.0550880272731584,0.0577986362039175,0.0550880272731584,1,NA,FALSE,TRUE
"spatial",0.2,1,"queen",0,0.8,"both",1,"Design 1","Design 1: Checkerboard","oracle",1,1,TRUE,0.0616544851766481,0,0,0,0,0,0.0616544851766481,0.0616544851766481,0.0616544851766481,0.00808616711325617,0.00808616711325617,0,NA,0.0518042827909281,0.0715046875623682,0.0518042827909281,0.0715046875623682,1,NA,FALSE,TRUE
"spatial",0.5,1,"queen",0,0.8,"both",1,"Design 1","Design 1: Checkerboard","oracle",1,1,TRUE,0.0629137183283714,0,0,0,0,0,0.0629137183283714,0.0629137183283714,0.0629137183283714,0.00916237226230066,0.00916237226230066,0,NA,0.0475122441332558,0.0783151925234871,0.0475122441332558,0.0783151925234871,1,NA,FALSE,TRUE
"poisson",0.2,1,"queen",0,0.8,"both",1,"Design 1","Design 1: Checkerboard","oracle",1,1,TRUE,0.0554545569275047,0,0,0,0,0,0.0554545569275047,0.0554545569275047,0.0554545569275047,0.00721478730219638,0.00721478730219638,0,NA,0.0589501779871386,0.0519589358678708,0.0589501779871386,0.0519589358678708,1,NA,FALSE,TRUE
"poisson",0.5,1,"queen",0,0.8,"both",1,"Design 1","Design 1: Checkerboard","oracle",1,1,TRUE,0.0810997459771563,0,0,0,0,0,0.0810997459771563,0.0810997459771563,0.0810997459771563,0.0116818400262665,0.0116818400262665,0,NA,0.0946827204673094,0.0675167714870031,0.0946827204673094,0.0675167714870031,1,NA,FALSE,TRUE
"iid",0,2,"queen",0,0.8,"both",1,"Design 1","Design 1: Checkerboard","oracle",1,1,TRUE,0.0619961770094119,0,0,0,0,0,0.0619961770094119,0.0619961770094119,0.0619961770094119,0.00870659821599987,0.00870659821599987,0,NA,0.0860406566721557,0.0379516973466682,0.0860406566721557,0.0379516973466682,1,NA,FALSE,TRUE
"spatial",0.2,2,"queen",0,0.8,"both",1,"Design 1","Design 1: Checkerboard","oracle",1,1,TRUE,0.0631875743896001,0,0,0,0,0,0.0631875743896001,0.0631875743896001,0.0631875743896001,0.00868027405656634,0.00868027405656634,0,NA,0.0907117131165055,0.0356634356626947,0.0907117131165055,0.0356634356626947,1,NA,FALSE,TRUE
"spatial",0.5,2,"queen",0,0.8,"both",1,"Design 1","Design 1: Checkerboard","oracle",1,1,TRUE,0.0684861602128948,0,0,0,0,0,0.0684861602128948,0.0684861602128948,0.0684861602128948,0.00946233581765109,0.00946233581765109,0,NA,0.0659796099300716,0.070992710495718,0.0659796099300716,0.070992710495718,1,NA,FALSE,TRUE
"poisson",0.2,2,"queen",0,0.8,"both",1,"Design 1","Design 1: Checkerboard","oracle",1,1,TRUE,0.0628285853184706,0,0,0,0,0,0.0628285853184706,0.0628285853184706,0.0628285853184706,0.00886231594175637,0.00886231594175637,0,NA,0.0673654314988728,0.0582917391380684,0.0673654314988728,0.0582917391380684,1,NA,FALSE,TRUE
"poisson",0.5,2,"queen",0,0.8,"both",1,"Design 1","Design 1: Checkerboard","oracle",1,1,TRUE,0.0560064290623638,0,0,0,0,0,0.0560064290623638,0.0560064290623638,0.0560064290623638,0.00725309847269341,0.00725309847269341,0,NA,0.0461284400048935,0.0658844181198341,0.0461284400048935,0.0658844181198341,1,NA,FALSE,TRUE
"iid",0,1,"queen",0.5,0.8,"both",1,"Design 1","Design 1: Checkerboard","oracle",1,1,TRUE,0.0529618045375835,0,0,0,0,0,0.0529618045375835,0.0529618045375835,0.0529618045375835,0.00736780496251719,0.00736780496251719,0,NA,0.0482743478627869,0.0576492612123801,0.0482743478627869,0.0576492612123801,1,NA,FALSE,TRUE
"spatial",0.2,1,"queen",0.5,0.8,"both",1,"Design 1","Design 1: Checkerboard","oracle",1,1,TRUE,0.0573017076552717,0,0,0,0,0,0.0573017076552717,0.0573017076552717,0.0573017076552717,0.0078273437971366,0.0078273437971366,0,NA,0.0664354289100171,0.0481679864005263,0.0664354289100171,0.0481679864005263,1,NA,FALSE,TRUE
"spatial",0.5,1,"queen",0.5,0.8,"both",1,"Design 1","Design 1: Checkerboard","oracle",1,1,TRUE,0.0556452350265888,0,0,0,0,0,0.0556452350265888,0.0556452350265888,0.0556452350265888,0.00856950202025314,0.00856950202025314,0,NA,0.0493799927760402,0.0619104772771374,0.0493799927760402,0.0619104772771374,1,NA,FALSE,TRUE
"poisson",0.2,1,"queen",0.5,0.8,"both",1,"Design 1","Design 1: Checkerboard","oracle",1,1,TRUE,0.0694918374558302,0,0,0,0,0,0.0694918374558302,0.0694918374558302,0.0694918374558302,0.00919394317061612,0.00919394317061612,0,NA,0.070909001397078,0.0680746735145824,0.070909001397078,0.0680746735145824,1,NA,FALSE,TRUE
"poisson",0.5,1,"queen",0.5,0.8,"both",1,"Design 1","Design 1: Checkerboard","oracle",1,1,TRUE,0.0617797524766545,0,0,0,0,0,0.0617797524766545,0.0617797524766545,0.0617797524766545,0.00852842334815465,0.00852842334815465,0,NA,0.0589101720221285,0.0646493329311805,0.0589101720221285,0.0646493329311805,1,NA,FALSE,TRUE
"iid",0,2,"queen",0.5,0.8,"both",1,"Design 1","Design 1: Checkerboard","oracle",1,1,TRUE,0.0589672678649812,0,0,0,0,0,0.0589672678649812,0.0589672678649812,0.0589672678649812,0.00775801318869586,0.00775801318869586,0,NA,0.069236558079424,0.0486979776505384,0.069236558079424,0.0486979776505384,1,NA,FALSE,TRUE
"spatial",0.2,2,"queen",0.5,0.8,"both",1,"Design 1","Design 1: Checkerboard","oracle",1,1,TRUE,0.0571617094911531,0,0,0,0,0,0.0571617094911531,0.0571617094911531,0.0571617094911531,0.00716680324856461,0.00716680324856461,0,NA,0.0735485817327804,0.0407748372495258,0.0735485817327804,0.0407748372495258,1,NA,FALSE,TRUE
"spatial",0.5,2,"queen",0.5,0.8,"both",1,"Design 1","Design 1: Checkerboard","oracle",1,1,TRUE,0.0693697856343692,0,0,0,0,0,0.0693697856343692,0.0693697856343692,0.0693697856343692,0.00915722269954662,0.00915722269954662,0,NA,0.0720292063199634,0.0667103649487749,0.0720292063199634,0.0667103649487749,1,NA,FALSE,TRUE
"poisson",0.2,2,"queen",0.5,0.8,"both",1,"Design 1","Design 1: Checkerboard","oracle",1,1,TRUE,0.0736092952711905,0,0,0,0,0,0.0736092952711905,0.0736092952711905,0.0736092952711905,0.00918194496855571,0.00918194496855571,0,NA,0.0610668711375994,0.0861517194047816,0.0610668711375994,0.0861517194047816,1,NA,FALSE,TRUE
"poisson",0.5,2,"queen",0.5,0.8,"both",1,"Design 1","Design 1: Checkerboard","oracle",1,1,TRUE,0.0654162218348869,0,0,0,0,0,0.0654162218348869,0.0654162218348869,0.0654162218348869,0.0106730043491559,0.0106730043491559,0,NA,0.0772598833925885,0.0535725602771853,0.0772598833925885,0.0535725602771853,1,NA,FALSE,TRUE
"iid",0,1,"queen",0,0.5,"control_only",1,"Design 2","Design 2: High Incidence Focus","oracle",100,1,TRUE,0.372806155925479,0,0,0,0,0,0.372806155925479,0.372806155925479,0.372806155925479,0.0542680471260285,0.0542680471260285,0,NA,0.422275032184922,0.323337279666035,0.422275032184922,0.323337279666035,1,NA,FALSE,TRUE
"spatial",0.2,1,"queen",0,0.5,"control_only",1,"Design 2","Design 2: High Incidence Focus","oracle",100,1,TRUE,0.317552064458302,0,0,0,0,0,0.317552064458302,0.317552064458302,0.317552064458302,0.0462391773627373,0.0462391773627373,0,NA,0.312257896781976,0.322846232134628,0.312257896781976,0.322846232134628,1,NA,FALSE,TRUE
"spatial",0.5,1,"queen",0,0.5,"control_only",1,"Design 2","Design 2: High Incidence Focus","oracle",100,1,TRUE,0.216268388488096,0,0,0,0,0,0.216268388488096,0.216268388488096,0.216268388488096,0.0277166585777492,0.0277166585777492,0,NA,0.178312525595488,0.254224251380704,0.178312525595488,0.254224251380704,1,NA,FALSE,TRUE
"poisson",0.2,1,"queen",0,0.5,"control_only",1,"Design 2","Design 2: High Incidence Focus","oracle",100,1,TRUE,0.260119739350574,0,0,0,0,0,0.260119739350574,0.260119739350574,0.260119739350574,0.0335845204282857,0.0335845204282857,0,NA,0.26470642032142,0.255533058379729,0.26470642032142,0.255533058379729,1,NA,FALSE,TRUE
"poisson",0.5,1,"queen",0,0.5,"control_only",1,"Design 2","Design 2: High Incidence Focus","oracle",100,1,TRUE,0.316260498134743,0,0,0,0,0,0.316260498134743,0.316260498134743,0.316260498134743,0.0477473131078526,0.0477473131078526,0,NA,0.429942068593221,0.202578927676265,0.429942068593221,0.202578927676265,1,NA,FALSE,TRUE
"iid",0,2,"queen",0,0.5,"control_only",1,"Design 2","Design 2: High Incidence Focus","oracle",100,1,TRUE,0.23010267986586,0,0,0,0,0,0.23010267986586,0.23010267986586,0.23010267986586,0.0307440105226592,0.0307440105226592,0,NA,0.261597947242318,0.198607412489402,0.261597947242318,0.198607412489402,1,NA,FALSE,TRUE
"spatial",0.2,2,"queen",0,0.5,"control_only",1,"Design 2","Design 2: High Incidence Focus","oracle",100,1,TRUE,0.434510721907039,0,0,0,0,0,0.434510721907039,0.434510721907039,0.434510721907039,0.0588460312948888,0.0588460312948888,0,NA,0.449155557940793,0.419865885873284,0.449155557940793,0.419865885873284,1,NA,FALSE,TRUE
"spatial",0.5,2,"queen",0,0.5,"control_only",1,"Design 2","Design 2: High Incidence Focus","oracle",100,1,TRUE,0.38126877555466,0,0,0,0,0,0.38126877555466,0.38126877555466,0.38126877555466,0.0536986972629176,0.0536986972629176,0,NA,0.414699813732477,0.347837737376843,0.414699813732477,0.347837737376843,1,NA,FALSE,TRUE
"poisson",0.2,2,"queen",0,0.5,"control_only",1,"Design 2","Design 2: High Incidence Focus","oracle",100,1,TRUE,0.204416805742707,0,0,0,0,0,0.204416805742707,0.204416805742707,0.204416805742707,0.0268407096896637,0.0268407096896637,0,NA,0.205533153503922,0.203300457981492,0.205533153503922,0.203300457981492,1,NA,FALSE,TRUE
"poisson",0.5,2,"queen",0,0.5,"control_only",1,"Design 2","Design 2: High Incidence Focus","oracle",100,3,TRUE,0.310003900897139,0.000497268018874809,0.00132735669857811,-0.000830088679703304,0.022299507144213,NA,0.341026077368393,0.341026077368393,0.341026077368393,0.0259767865056886,0.0258165170068523,-0.00267785601266144,2.66929834253484,0.350171607990193,0.392019388667729,0.350171607990193,0.392019388667729,0,-0.523297491039427,TRUE,FALSE
"iid",0,1,"queen",0.5,0.5,"control_only",1,"Design 2","Design 2: High Incidence Focus","oracle",100,1,TRUE,0.351342964280219,0,0,0,0,0,0.351342964280219,0.351342964280219,0.351342964280219,0.0545710676641272,0.0545710676641272,0,NA,0.362853852874547,0.33983207568589,0.362853852874547,0.33983207568589,1,NA,FALSE,TRUE
"spatial",0.2,1,"queen",0.5,0.5,"control_only",1,"Design 2","Design 2: High Incidence Focus","oracle",100,1,TRUE,0.265647301776303,0,0,0,0,0,0.265647301776303,0.265647301776303,0.265647301776303,0.036475504340426,0.036475504340426,0,NA,0.294215030841537,0.237079572711069,0.294215030841537,0.237079572711069,1,NA,FALSE,TRUE
"spatial",0.5,1,"queen",0.5,0.5,"control_only",1,"Design 2","Design 2: High Incidence Focus","oracle",100,1,TRUE,0.304408078653383,0,0,0,0,0,0.304408078653383,0.304408078653383,0.304408078653383,0.0401194988079419,0.0401194988079419,0,NA,0.296799817442065,0.312016339864701,0.296799817442065,0.312016339864701,1,NA,FALSE,TRUE
"poisson",0.2,1,"queen",0.5,0.5,"control_only",1,"Design 2","Design 2: High Incidence Focus","oracle",100,1,TRUE,0.268534077970398,0,0,0,0,0,0.268534077970398,0.268534077970398,0.268534077970398,0.0367462554437346,0.0367462554437346,0,NA,0.222501883079617,0.31456627286118,0.222501883079617,0.31456627286118,1,NA,FALSE,TRUE
"poisson",0.5,1,"queen",0.5,0.5,"control_only",1,"Design 2","Design 2: High Incidence Focus","oracle",100,1,TRUE,0.245678001544313,0,0,0,0,0,0.245678001544313,0.245678001544313,0.245678001544313,0.0371816893110503,0.0371816893110503,0,NA,0.243824239075318,0.247531764013309,0.243824239075318,0.247531764013309,1,NA,FALSE,TRUE
"iid",0,2,"queen",0.5,0.5,"control_only",1,"Design 2","Design 2: High Incidence Focus","oracle",100,1,TRUE,0.242624948285895,0,0,0,0,0,0.242624948285895,0.242624948285895,0.242624948285895,0.0316257220490755,0.0316257220490755,0,NA,0.220544576097908,0.264705320473882,0.220544576097908,0.264705320473882,1,NA,FALSE,TRUE
"spatial",0.2,2,"queen",0.5,0.5,"control_only",1,"Design 2","Design 2: High Incidence Focus","oracle",100,1,TRUE,0.306781809062824,0,0,0,0,0,0.306781809062824,0.306781809062824,0.306781809062824,0.0372056911059777,0.0372056911059777,0,NA,0.338800734760583,0.274762883365065,0.338800734760583,0.274762883365065,1,NA,FALSE,TRUE
"spatial",0.5,2,"queen",0.5,0.5,"control_only",1,"Design 2","Design 2: High Incidence Focus","oracle",100,1,TRUE,0.34768940489434,0,0,0,0,0,0.34768940489434,0.34768940489434,0.34768940489434,0.0455678609902322,0.0455678609902322,0,NA,0.315788042466696,0.379590767321984,0.315788042466696,0.379590767321984,1,NA,FALSE,TRUE
"poisson",0.2,2,"queen",0.5,0.5,"control_only",1,"Design 2","Design 2: High Incidence Focus","oracle",100,1,TRUE,0.244306261147052,0,0,0,0,0,0.244306261147052,0.244306261147052,0.244306261147052,0.0323630270430485,0.0323630270430485,0,NA,0.262228019790237,0.226384502503866,0.262228019790237,0.226384502503866,1,NA,FALSE,TRUE
"poisson",0.5,2,"queen",0.5,0.5,"control_only",1,"Design 2","Design 2: High Incidence Focus","oracle",100,3,TRUE,0.327465289792352,0.00250957132073007,0.00137597785311583,0.00113359346761425,0.0500956217720678,0.0336688798093172,0.37704730930336,0.37704730930336,0.37704730930336,0.0264126151576545,0.0266263436119663,0.00222914722472143,0.548291989850894,0.35338407435402,0.400710544252699,0.35338407435402,0.400710544252699,1,1,TRUE,FALSE
"iid",0,1,"queen",0,0.8,"control_only",1,"Design 2","Design 2: High Incidence Focus","oracle",100,1,TRUE,0.338812548994702,0,0,0,0,0,0.338812548994702,0.338812548994702,0.338812548994702,0.0447810398728185,0.0447810398728185,0,NA,0.367303762353468,0.310321335635937,0.367303762353468,0.310321335635937,1,NA,FALSE,TRUE
"spatial",0.2,1,"queen",0,0.8,"control_only",1,"Design 2","Design 2: High Incidence Focus","oracle",100,1,TRUE,0.215709623348036,0,0,0,0,0,0.215709623348036,0.215709623348036,0.215709623348036,0.023010065711824,0.023010065711824,0,NA,0.213764296092478,0.217654950603594,0.213764296092478,0.217654950603594,1,NA,FALSE,TRUE
"spatial",0.5,1,"queen",0,0.8,"control_only",1,"Design 2","Design 2: High Incidence Focus","oracle",100,1,TRUE,0.283449751223192,0,0,0,0,0,0.283449751223192,0.283449751223192,0.283449751223192,0.03933500298316,0.03933500298316,0,NA,0.305356229661011,0.261543272785373,0.305356229661011,0.261543272785373,1,NA,FALSE,TRUE
"poisson",0.2,1,"queen",0,0.8,"control_only",1,"Design 2","Design 2: High Incidence Focus","oracle",100,1,TRUE,0.254527825444172,0,0,0,0,0,0.254527825444172,0.254527825444172,0.254527825444172,0.0331483993696003,0.0331483993696003,0,NA,0.248554937818771,0.260500713069574,0.248554937818771,0.260500713069574,1,NA,FALSE,TRUE
"poisson",0.5,1,"queen",0,0.8,"control_only",1,"Design 2","Design 2: High Incidence Focus","oracle",100,1,TRUE,0.264969509662889,0,0,0,0,0,0.264969509662889,0.264969509662889,0.264969509662889,0.0353513621957109,0.0353513621957109,0,NA,0.329131367017034,0.200807652308743,0.329131367017034,0.200807652308743,1,NA,FALSE,TRUE
"iid",0,2,"queen",0,0.8,"control_only",1,"Design 2","Design 2: High Incidence Focus","oracle",100,1,TRUE,0.256716664251854,0,0,0,0,0,0.256716664251854,0.256716664251854,0.256716664251854,0.0340540040104467,0.0340540040104467,0,NA,0.252096201400238,0.261337127103469,0.252096201400238,0.261337127103469,1,NA,FALSE,TRUE
"spatial",0.2,2,"queen",0,0.8,"control_only",1,"Design 2","Design 2: High Incidence Focus","oracle",100,1,TRUE,0.298631751725798,0,0,0,0,0,0.298631751725798,0.298631751725798,0.298631751725798,0.0409050065564176,0.0409050065564176,0,NA,0.300280838672516,0.296982664779081,0.300280838672516,0.296982664779081,1,NA,FALSE,TRUE
"spatial",0.5,2,"queen",0,0.8,"control_only",1,"Design 2","Design 2: High Incidence Focus","oracle",100,1,TRUE,0.382703813783401,0,0,0,0,0,0.382703813783401,0.382703813783401,0.382703813783401,0.0496156785054591,0.0496156785054591,0,NA,0.443465183256031,0.321942444310771,0.443465183256031,0.321942444310771,1,NA,FALSE,TRUE
"poisson",0.2,2,"queen",0,0.8,"control_only",1,"Design 2","Design 2: High Incidence Focus","oracle",100,1,TRUE,0.353726592796364,0,0,0,0,0,0.353726592796364,0.353726592796364,0.353726592796364,0.0502936346216681,0.0502936346216681,0,NA,0.3805241593696,0.326929026223128,0.3805241593696,0.326929026223128,1,NA,FALSE,TRUE
"poisson",0.5,2,"queen",0,0.8,"control_only",1,"Design 2","Design 2: High Incidence Focus","oracle",100,3,TRUE,0.275804677233997,0.000658959643992018,0.00098129558470838,-0.000322335940716363,0.0256702092705147,NA,0.301437803470948,0.301437803470948,0.301437803470948,0.0219566580386669,0.0218831321528659,-0.00179831850473486,1.48915884858082,0.313792236188281,0.328846800283936,0.313792236188281,0.328846800283936,0,-1,TRUE,FALSE
"iid",0,1,"queen",0.5,0.8,"control_only",1,"Design 2","Design 2: High Incidence Focus","oracle",100,1,TRUE,0.404979468029409,0,0,0,0,0,0.404979468029409,0.404979468029409,0.404979468029409,0.0599794225294922,0.0599794225294921,0,NA,0.388765133586522,0.421193802472297,0.388765133586522,0.421193802472297,1,NA,FALSE,TRUE
"spatial",0.2,1,"queen",0.5,0.8,"control_only",1,"Design 2","Design 2: High Incidence Focus","oracle",100,1,TRUE,0.300187064173333,0,0,0,0,0,0.300187064173333,0.300187064173333,0.300187064173333,0.037589733032234,0.037589733032234,0,NA,0.307938530171723,0.292435598174942,0.307938530171723,0.292435598174942,1,NA,FALSE,TRUE
"spatial",0.5,1,"queen",0.5,0.8,"control_only",1,"Design 2","Design 2: High Incidence Focus","oracle",100,1,TRUE,0.289745283620651,0,0,0,0,0,0.289745283620651,0.289745283620651,0.289745283620651,0.03991675002639,0.03991675002639,0,NA,0.284616814083981,0.294873753157322,0.284616814083981,0.294873753157322,1,NA,FALSE,TRUE
"poisson",0.2,1,"queen",0.5,0.8,"control_only",1,"Design 2","Design 2: High Incidence Focus","oracle",100,1,TRUE,0.291968923263405,0,0,0,0,0,0.291968923263405,0.291968923263405,0.291968923263405,0.0406593261040848,0.0406593261040848,0,NA,0.240122911469857,0.343814935056954,0.240122911469857,0.343814935056954,1,NA,FALSE,TRUE
"poisson",0.5,1,"queen",0.5,0.8,"control_only",1,"Design 2","Design 2: High Incidence Focus","oracle",100,1,TRUE,0.250660116817172,0,0,0,0,0,0.250660116817172,0.250660116817172,0.250660116817172,0.0322572062720301,0.0322572062720301,0,NA,0.252794186995666,0.248526046638678,0.252794186995666,0.248526046638678,1,NA,FALSE,TRUE
"iid",0,2,"queen",0.5,0.8,"control_only",1,"Design 2","Design 2: High Incidence Focus","oracle",100,1,TRUE,0.222643503048859,0,0,0,0,0,0.222643503048859,0.222643503048859,0.222643503048859,0.0307612154865963,0.0307612154865963,0,NA,0.283385572320838,0.161901433776881,0.283385572320838,0.161901433776881,1,NA,FALSE,TRUE
"spatial",0.2,2,"queen",0.5,0.8,"control_only",1,"Design 2","Design 2: High Incidence Focus","oracle",100,1,TRUE,0.335854717408258,0,0,0,0,0,0.335854717408258,0.335854717408258,0.335854717408258,0.0493057830774034,0.0493057830774034,0,NA,0.347683691996345,0.32402574282017,0.347683691996345,0.32402574282017,1,NA,FALSE,TRUE
"spatial",0.5,2,"queen",0.5,0.8,"control_only",1,"Design 2","Design 2: High Incidence Focus","oracle",100,1,TRUE,0.418047071945482,0,0,0,0,0,0.418047071945482,0.418047071945482,0.418047071945482,0.0537288483905157,0.0537288483905157,0,NA,0.47478281527393,0.361311328617035,0.47478281527393,0.361311328617035,1,NA,FALSE,TRUE
"poisson",0.2,2,"queen",0.5,0.8,"control_only",1,"Design 2","Design 2: High Incidence Focus","oracle",100,1,TRUE,0.256726427969864,0,0,0,0,0,0.256726427969864,0.256726427969864,0.256726427969864,0.0368562326744333,0.0368562326744333,0,NA,0.282763566821398,0.230689289118331,0.282763566821398,0.230689289118331,1,NA,FALSE,TRUE
"poisson",0.5,2,"queen",0.5,0.8,"control_only",1,"Design 2","Design 2: High Incidence Focus","oracle",100,3,TRUE,0.346909990229506,0.00528987229722805,0.00179809409765713,0.00349177819957093,0.0727315082837422,0.0590912700791828,0.40261601168725,0.40261601168725,0.40261601168725,0.0302489368548696,0.0308207067220335,0.00499612166718807,0.339912571915837,0.444934282516411,0.382257398797401,0.444934282516411,0.382257398797401,0,0.583904109589041,TRUE,FALSE
"iid",0,1,"queen",0,0.5,"both",1,"Design 2","Design 2: High Incidence Focus","oracle",100,1,TRUE,0.183900245655368,0,0,0,0,0,0.183900245655368,0.183900245655368,0.183900245655368,0.0270606469498811,0.0270606469498811,0,NA,0.148530168679719,0.219270322631017,0.148530168679719,0.219270322631017,1,NA,FALSE,TRUE
"spatial",0.2,1,"queen",0,0.5,"both",1,"Design 2","Design 2: High Incidence Focus","oracle",100,1,TRUE,0.169292316686987,0,0,0,0,0,0.169292316686987,0.169292316686987,0.169292316686987,0.0232757829220405,0.0232757829220405,0,NA,0.187853788643902,0.150730844730072,0.187853788643902,0.150730844730072,1,NA,FALSE,TRUE
"spatial",0.5,1,"queen",0,0.5,"both",1,"Design 2","Design 2: High Incidence Focus","oracle",100,1,TRUE,0.134534531821566,0,0,0,0,0,0.134534531821566,0.134534531821566,0.134534531821566,0.0216033572866986,0.0216033572866986,0,NA,0.153182958635698,0.115886105007435,0.153182958635698,0.115886105007435,1,NA,FALSE,TRUE
"poisson",0.2,1,"queen",0,0.5,"both",1,"Design 2","Design 2: High Incidence Focus","oracle",100,1,TRUE,0.203580329008631,0,0,0,0,0,0.203580329008631,0.203580329008631,0.203580329008631,0.02856965549647,0.02856965549647,0,NA,0.176637803213774,0.230522854803488,0.176637803213774,0.230522854803488,1,NA,FALSE,TRUE
"poisson",0.5,1,"queen",0,0.5,"both",1,"Design 2","Design 2: High Incidence Focus","oracle",100,1,TRUE,0.151477988356185,0,0,0,0,0,0.151477988356185,0.151477988356185,0.151477988356185,0.0212294357589963,0.0212294357589963,0,NA,0.162023153875521,0.140932822836849,0.162023153875521,0.140932822836849,1,NA,FALSE,TRUE
"iid",0,2,"queen",0,0.5,"both",1,"Design 2","Design 2: High Incidence Focus","oracle",100,1,TRUE,0.138847117397811,0,0,0,0,0,0.138847117397811,0.138847117397811,0.138847117397811,0.0205521551768922,0.0205521551768922,0,NA,0.117670716139818,0.160023518655804,0.117670716139818,0.160023518655804,1,NA,FALSE,TRUE
"spatial",0.2,2,"queen",0,0.5,"both",1,"Design 2","Design 2: High Incidence Focus","oracle",100,1,TRUE,0.18664603907443,0,0,0,0,0,0.18664603907443,0.18664603907443,0.18664603907443,0.0252255107044888,0.0252255107044888,0,NA,0.207962979998851,0.16532909815001,0.207962979998851,0.16532909815001,1,NA,FALSE,TRUE
"spatial",0.5,2,"queen",0,0.5,"both",1,"Design 2","Design 2: High Incidence Focus","oracle",100,1,TRUE,0.156658543106941,0,0,0,0,0,0.156658543106941,0.156658543106941,0.156658543106941,0.0245835495326737,0.0245835495326737,0,NA,0.185061979857896,0.128255106355987,0.185061979857896,0.128255106355987,1,NA,FALSE,TRUE
"poisson",0.2,2,"queen",0,0.5,"both",1,"Design 2","Design 2: High Incidence Focus","oracle",100,1,TRUE,0.15094958767337,0,0,0,0,0,0.15094958767337,0.15094958767337,0.15094958767337,0.0221154479702421,0.0221154479702421,0,NA,0.117673949299433,0.184225226047306,0.117673949299433,0.184225226047306,1,NA,FALSE,TRUE
"poisson",0.5,2,"queen",0,0.5,"both",1,"Design 2","Design 2: High Incidence Focus","oracle",100,3,TRUE,0.169909203852603,0.000627488448416662,0.000365555088059789,0.000261933360356873,0.0250497195277045,0.0161843554198761,0.200039953527428,0.200039953527428,0.200039953527428,0.0134092912423651,0.013506606725086,-0.000230026163417133,0.582568633705037,0.199342143494977,0.233901053501809,0.199342143494977,0.233901053501809,0,-0.494565217391304,TRUE,FALSE
"iid",0,1,"queen",0.5,0.5,"both",1,"Design 2","Design 2: High Incidence Focus","oracle",100,1,TRUE,0.156575024787844,0,0,0,0,0,0.156575024787844,0.156575024787844,0.156575024787844,0.0218302372180785,0.0218302372180785,0,NA,0.140698165802404,0.172451883773283,0.140698165802404,0.172451883773283,1,NA,FALSE,TRUE
"spatial",0.2,1,"queen",0.5,0.5,"both",1,"Design 2","Design 2: High Incidence Focus","oracle",100,1,TRUE,0.236324058974737,0,0,0,0,0,0.236324058974737,0.236324058974737,0.236324058974737,0.0335320052952634,0.0335320052952634,0,NA,0.251936680449502,0.220711437499972,0.251936680449502,0.220711437499972,1,NA,FALSE,TRUE
"spatial",0.5,1,"queen",0.5,0.5,"both",1,"Design 2","Design 2: High Incidence Focus","oracle",100,1,TRUE,0.150455006368965,0,0,0,0,0,0.150455006368965,0.150455006368965,0.150455006368965,0.0208523687121184,0.0208523687121184,0,NA,0.130647438105019,0.170262574632912,0.130647438105019,0.170262574632912,1,NA,FALSE,TRUE
"poisson",0.2,1,"queen",0.5,0.5,"both",1,"Design 2","Design 2: High Incidence Focus","oracle",100,1,TRUE,0.158907655352407,0,0,0,0,0,0.158907655352407,0.158907655352407,0.158907655352407,0.0226304903026762,0.0226304903026762,0,NA,0.116238772618114,0.2015765380867,0.116238772618114,0.2015765380867,1,NA,FALSE,TRUE
"poisson",0.5,1,"queen",0.5,0.5,"both",1,"Design 2","Design 2: High Incidence Focus","oracle",100,1,TRUE,0.164873968512056,0,0,0,0,0,0.164873968512056,0.164873968512056,0.164873968512056,0.0205831497163726,0.0205831497163726,0,NA,0.128838999571274,0.200908937452838,0.128838999571274,0.200908937452838,1,NA,FALSE,TRUE
"iid",0,2,"queen",0.5,0.5,"both",1,"Design 2","Design 2: High Incidence Focus","oracle",100,1,TRUE,0.159863388396023,0,0,0,0,0,0.159863388396023,0.159863388396023,0.159863388396023,0.0241665637782312,0.0241665637782312,0,NA,0.186937388091541,0.132789388700504,0.186937388091541,0.132789388700504,1,NA,FALSE,TRUE
"spatial",0.2,2,"queen",0.5,0.5,"both",1,"Design 2","Design 2: High Incidence Focus","oracle",100,1,TRUE,0.1631890014605,0,0,0,0,0,0.1631890014605,0.1631890014605,0.1631890014605,0.0264369825770252,0.0264369825770252,0,NA,0.205500403223634,0.120877599697366,0.205500403223634,0.120877599697366,1,NA,FALSE,TRUE
"spatial",0.5,2,"queen",0.5,0.5,"both",1,"Design 2","Design 2: High Incidence Focus","oracle",100,1,TRUE,0.164538008048243,0,0,0,0,0,0.164538008048243,0.164538008048243,0.164538008048243,0.0210478126340283,0.0210478126340283,0,NA,0.141606940540234,0.187469075556251,0.141606940540234,0.187469075556251,1,NA,FALSE,TRUE
"poisson",0.2,2,"queen",0.5,0.5,"both",1,"Design 2","Design 2: High Incidence Focus","oracle",100,1,TRUE,0.175364469838921,0,0,0,0,0,0.175364469838921,0.175364469838921,0.175364469838921,0.0251970647506,0.0251970647506,0,NA,0.123993320564666,0.226735619113177,0.123993320564666,0.226735619113177,1,NA,FALSE,TRUE
"poisson",0.5,2,"queen",0.5,0.5,"both",1,"Design 2","Design 2: High Incidence Focus","oracle",100,3,TRUE,0.175095000177447,0.000462084774177462,0.000389011917337525,7.3072856839937e-05,0.0214961571955888,0.00854826630609605,0.202746357360775,0.202746357360775,0.202746357360775,0.0140961185497446,0.0141220142591931,0.000271490869270659,0.841862660439286,0.17308966700906,0.232403047712491,0.17308966700906,0.232403047712491,1,0.579172001707213,TRUE,FALSE
"iid",0,1,"queen",0,0.8,"both",1,"Design 2","Design 2: High Incidence Focus","oracle",100,1,TRUE,0.20240417879004,0,0,0,0,0,0.20240417879004,0.20240417879004,0.20240417879004,0.0273645878608935,0.0273645878608935,0,NA,0.189684788925802,0.215123568654278,0.189684788925802,0.215123568654278,1,NA,FALSE,TRUE
"spatial",0.2,1,"queen",0,0.8,"both",1,"Design 2","Design 2: High Incidence Focus","oracle",100,1,TRUE,0.173093825087756,0,0,0,0,0,0.173093825087756,0.173093825087756,0.173093825087756,0.0223632043649592,0.0223632043649592,0,NA,0.16378561022563,0.182402039949883,0.16378561022563,0.182402039949883,1,NA,FALSE,TRUE
"spatial",0.5,1,"queen",0,0.8,"both",1,"Design 2","Design 2: High Incidence Focus","oracle",100,1,TRUE,0.141728109229393,0,0,0,0,0,0.141728109229393,0.141728109229393,0.141728109229393,0.0166631449759054,0.0166631449759054,0,NA,0.171485196568122,0.111971021890665,0.171485196568122,0.111971021890665,1,NA,FALSE,TRUE
"poisson",0.2,1,"queen",0,0.8,"both",1,"Design 2","Design 2: High Incidence Focus","oracle",100,1,TRUE,0.146069653444131,0,0,0,0,0,0.146069653444131,0.146069653444131,0.146069653444131,0.021308272759821,0.021308272759821,0,NA,0.150617429178221,0.141521877710041,0.150617429178221,0.141521877710041,1,NA,FALSE,TRUE
"poisson",0.5,1,"queen",0,0.8,"both",1,"Design 2","Design 2: High Incidence Focus","oracle",100,1,TRUE,0.158141682766912,0,0,0,0,0,0.158141682766912,0.158141682766912,0.158141682766912,0.0181142600235834,0.0181142600235834,0,NA,0.1679185274607,0.148364838073124,0.1679185274607,0.148364838073124,1,NA,FALSE,TRUE
"iid",0,2,"queen",0,0.8,"both",1,"Design 2","Design 2: High Incidence Focus","oracle",100,1,TRUE,0.191527724743747,0,0,0,0,0,0.191527724743747,0.191527724743747,0.191527724743747,0.026090524548263,0.026090524548263,0,NA,0.149570799857761,0.233484649629732,0.149570799857761,0.233484649629732,1,NA,FALSE,TRUE
"spatial",0.2,2,"queen",0,0.8,"both",1,"Design 2","Design 2: High Incidence Focus","oracle",100,1,TRUE,0.170874915505935,0,0,0,0,0,0.170874915505935,0.170874915505935,0.170874915505935,0.0253463895393767,0.0253463895393767,0,NA,0.192691480765789,0.149058350246081,0.192691480765789,0.149058350246081,1,NA,FALSE,TRUE
"spatial",0.5,2,"queen",0,0.8,"both",1,"Design 2","Design 2: High Incidence Focus","oracle",100,1,TRUE,0.166968852202298,0,0,0,0,0,0.166968852202298,0.166968852202298,0.166968852202298,0.0218121544660897,0.0218121544660897,0,NA,0.177581605418617,0.15635609898598,0.177581605418617,0.15635609898598,1,NA,FALSE,TRUE
"poisson",0.2,2,"queen",0,0.8,"both",1,"Design 2","Design 2: High Incidence Focus","oracle",100,1,TRUE,0.18057895355524,0,0,0,0,0,0.18057895355524,0.18057895355524,0.18057895355524,0.026604609174546,0.026604609174546,0,NA,0.183397115083603,0.177760792026877,0.183397115083603,0.177760792026877,1,NA,FALSE,TRUE
"poisson",0.5,2,"queen",0,0.8,"both",1,"Design 2","Design 2: High Incidence Focus","oracle",100,3,TRUE,0.166806649257409,0.00031965129391481,0.000363154415717237,-4.35031218024268e-05,0.0178787945319255,NA,0.184981572905603,0.184981572905603,0.184981572905603,0.0138770814791123,0.0138613981675694,-8.54518802421659e-05,1.13609555985098,0.190596822889908,0.205168025247268,0.190596822889908,0.205168025247268,0,0.511681172698122,TRUE,FALSE
"iid",0,1,"queen",0.5,0.8,"both",1,"Design 2","Design 2: High Incidence Focus","oracle",100,1,TRUE,0.170090407489872,0,0,0,0,0,0.170090407489872,0.170090407489872,0.170090407489872,0.0262079906660677,0.0262079906660677,0,NA,0.217607927296023,0.12257288768372,0.217607927296023,0.12257288768372,1,NA,FALSE,TRUE
"spatial",0.2,1,"queen",0.5,0.8,"both",1,"Design 2","Design 2: High Incidence Focus","oracle",100,1,TRUE,0.159224664890568,0,0,0,0,0,0.159224664890568,0.159224664890568,0.159224664890568,0.0253669817510414,0.0253669817510414,0,NA,0.200455413382153,0.117993916398984,0.200455413382153,0.117993916398984,1,NA,FALSE,TRUE
"spatial",0.5,1,"queen",0.5,0.8,"both",1,"Design 2","Design 2: High Incidence Focus","oracle",100,1,TRUE,0.150026904269382,0,0,0,0,0,0.150026904269382,0.150026904269382,0.150026904269382,0.0210297196530272,0.0210297196530272,0,NA,0.110253132672482,0.189800675866283,0.110253132672482,0.189800675866283,1,NA,FALSE,TRUE
"poisson",0.2,1,"queen",0.5,0.8,"both",1,"Design 2","Design 2: High Incidence Focus","oracle",100,1,TRUE,0.203112615350836,0,0,0,0,0,0.203112615350836,0.203112615350836,0.203112615350836,0.033204919748832,0.033204919748832,0,NA,0.158115689055723,0.248109541645949,0.158115689055723,0.248109541645949,1,NA,FALSE,TRUE
"poisson",0.5,1,"queen",0.5,0.8,"both",1,"Design 2","Design 2: High Incidence Focus","oracle",100,1,TRUE,0.188970660490229,0,0,0,0,0,0.188970660490229,0.188970660490229,0.188970660490229,0.0380941482328264,0.0380941482328264,0,NA,0.222319524456592,0.155621796523865,0.222319524456592,0.155621796523865,1,NA,FALSE,TRUE
"iid",0,2,"queen",0.5,0.8,"both",1,"Design 2","Design 2: High Incidence Focus","oracle",100,1,TRUE,0.188164528223639,0,0,0,0,0,0.188164528223639,0.188164528223639,0.188164528223639,0.0269005440784769,0.0269005440784769,0,NA,0.144557856166708,0.23177120028057,0.144557856166708,0.23177120028057,1,NA,FALSE,TRUE
"spatial",0.2,2,"queen",0.5,0.8,"both",1,"Design 2","Design 2: High Incidence Focus","oracle",100,1,TRUE,0.144985422794394,0,0,0,0,0,0.144985422794394,0.144985422794394,0.144985422794394,0.0200966222626046,0.0200966222626046,0,NA,0.077257883191018,0.21271296239777,0.077257883191018,0.21271296239777,1,NA,FALSE,TRUE
"spatial",0.5,2,"queen",0.5,0.8,"both",1,"Design 2","Design 2: High Incidence Focus","oracle",100,1,TRUE,0.149490200715704,0,0,0,0,0,0.149490200715704,0.149490200715704,0.149490200715704,0.0219873513313577,0.0219873513313577,0,NA,0.113966494703453,0.185013906727955,0.113966494703453,0.185013906727955,1,NA,FALSE,TRUE
"poisson",0.2,2,"queen",0.5,0.8,"both",1,"Design 2","Design 2: High Incidence Focus","oracle",100,1,TRUE,0.147695508017885,0,0,0,0,0,0.147695508017885,0.147695508017885,0.147695508017885,0.0204266854060399,0.0204266854060399,0,NA,0.115285463425641,0.180105552610129,0.115285463425641,0.180105552610129,1,NA,FALSE,TRUE
"poisson",0.5,2,"queen",0.5,0.8,"both",1,"Design 2","Design 2: High Incidence Focus","oracle",100,3,TRUE,0.140366477277281,0.000171604056654094,0.000224093938130403,-5.24898814763093e-05,0.0130997731527723,NA,0.152359317625306,0.152359317625306,0.152359317625306,0.0106227112689582,0.0105979760279447,-0.000105395904397661,1.30587785918205,0.143020488197404,0.166187701960268,0.143020488197404,0.166187701960268,0,-0.538461538461539,TRUE,FALSE
"iid",0,1,"queen",0,0.5,"control_only",1,"Design 3","Design 3: Saturation Quadrants","oracle",100,100,TRUE,0.128371058365467,0.000783089478969358,0.000351360907091661,0.000431728571877698,0.027983735972335,0.0207780791190547,0.166298269821695,0.185788007556619,0.226957574330183,0.00187446234182408,0.0027983735972335,0.000409508328512545,0.448685516186598,0.171450034349782,0.17214230023388,0.205013484516146,0.188819983260183,0.176470588235294,0.296957695769577,TRUE,FALSE
"spatial",0.2,1,"queen",0,0.5,"control_only",1,"Design 3","Design 3: Saturation Quadrants","oracle",100,100,TRUE,0.133959305819313,0.00049538867574661,0.00037213211889992,0.00012325655684669,0.0222573285851337,0.0111020969571829,0.160491601572503,0.174592988030508,0.211085269255505,0.0019290726240863,0.00222573285851337,5.72723553110786e-05,0.75119221960226,0.166946934390808,0.180495504306424,0.188337094988522,0.200901101140378,0.0526315789473684,0.106906690669067,TRUE,FALSE
"spatial",0.5,1,"queen",0,0.5,"control_only",1,"Design 3","Design 3: Saturation Quadrants","oracle",100,100,TRUE,0.125941324969743,0.000542637662968502,0.000363079280249784,0.000179558382718719,0.0232945844128738,0.0133999396535476,0.152457164244493,0.173743980702479,0.189001932283322,0.00190546393366493,0.00232945844128738,0.000139235515036727,0.669100773918929,0.166201738346733,0.172940327468569,0.18673935000115,0.190917866309728,0.111111111111111,0.139237923792379,TRUE,FALSE
"poisson",0.2,1,"queen",0,0.5,"control_only",1,"Design 3","Design 3: Saturation Quadrants","oracle",100,100,TRUE,0.12510278643642,0.000473764873781708,0.000339725516016472,0.000134039357765236,0.021766140534824,0.0115775367745145,0.152768649863317,0.16866737132376,0.19487503084372,0.00184316444197601,0.0021766140534824,0.000173601342147368,0.717076201333162,0.158729500285933,0.16716863392917,0.179712199181445,0.179134891018245,0.111111111111111,0.165376537653765,TRUE,FALSE
"poisson",0.5,1,"queen",0,0.5,"control_only",1,"Design 3","Design 3: Saturation Quadrants","oracle",100,100,TRUE,0.12814372709323,0.000525891057949202,0.000337319100077236,0.000188571957871966,0.0229323147097977,0.0137321505188359,0.156103424243241,0.172596518052676,0.189413347864168,0.00183662489386711,0.00229323147097977,0.000198611138691447,0.641423912763733,0.177812040918885,0.158253889104676,0.191471929375846,0.175472370718956,0.176470588235294,0.210957095709571,TRUE,FALSE
"iid",0,2,"queen",0,0.5,"control_only",1,"Design 3","Design 3: Saturation Quadrants","oracle",100,100,TRUE,0.128402797261069,0.000790787522305159,0.000362153108460388,0.000428634413844772,0.0281209445485951,0.0207034879632581,0.163950275490376,0.184676297733157,0.227517252095062,0.00190303207660929,0.00281209445485951,0.000488879042187305,0.457965127477865,0.169312702833416,0.172669237644033,0.191912460988662,0.203265243965854,0.25,0.44996099609961,TRUE,FALSE
"spatial",0.2,2,"queen",0,0.5,"control_only",1,"Design 3","Design 3: Saturation Quadrants","oracle",100,100,TRUE,0.126726212151587,0.000597932357026662,0.000339328023082649,0.000258604333944014,0.0244526554187201,0.0160811794948012,0.159952394840455,0.175962375514066,0.205078984104814,0.00184208583698656,0.00244526554187201,0.000323855011164626,0.567502358912344,0.160470061948464,0.172077324417214,0.185234199210586,0.186024598177524,0.111111111111111,0.304566456645665,TRUE,FALSE
"spatial",0.5,2,"queen",0,0.5,"control_only",1,"Design 3","Design 3: Saturation Quadrants","oracle",100,100,TRUE,0.130378226281862,0.00069357138173504,0.000354818714545694,0.000338752667189346,0.0263357434247647,0.0184052347768059,0.166291895430913,0.180630549420242,0.195628948018486,0.00188366322506358,0.00263357434247647,0.000327861373362709,0.511582115251178,0.178481705956925,0.163697846047655,0.204010383177414,0.180684351299839,0.176470588235294,0.321680168016802,TRUE,FALSE
"poisson",0.2,2,"queen",0,0.5,"control_only",1,"Design 3","Design 3: Saturation Quadrants","oracle",100,100,TRUE,0.124148506152711,0.000440265545316588,0.000330789783401987,0.000109475761914601,0.0209825056968082,0.0104630665636132,0.150047057906328,0.160785523106018,0.185494698138322,0.00181876272064826,0.00209825056968082,2.70984199310426e-05,0.751341518592198,0.168629612504822,0.15778304351088,0.183362496837468,0.171454623897159,0.0526315789473684,0.0376957695769577,TRUE,FALSE
"poisson",0.5,2,"queen",0,0.5,"control_only",1,"Design 3","Design 3: Saturation Quadrants","oracle",100,100,TRUE,0.129235300724447,0.000901746930296193,0.000359322944546374,0.000542423985749819,0.0300291013900881,0.0232899975472266,0.164369806355628,0.18809903539688,0.225110812716831,0.00189558155864203,0.00300291013900881,0.000432423773287215,0.398474264202207,0.184259725601096,0.17764495132865,0.208719303722057,0.197728491859968,0.111111111111111,0.28960096009601,TRUE,FALSE
"iid",0,1,"queen",0.5,0.5,"control_only",1,"Design 3","Design 3: Saturation Quadrants","oracle",100,100,TRUE,0.139022012936001,0.000787520129124023,0.000459618172556185,0.000327901956567838,0.0280627890474918,0.0181080633025136,0.174400652358649,0.197277472764258,0.220030022744641,0.00214387073434054,0.00280627890474918,0.000301816338685534,0.583627205907014,0.193624889069186,0.181661147123583,0.217173118808558,0.199112138058656,0.111111111111111,0.14982298229823,TRUE,FALSE
"spatial",0.2,1,"queen",0.5,0.5,"control_only",1,"Design 3","Design 3: Saturation Quadrants","oracle",100,100,TRUE,0.143235212267014,0.000841279255212668,0.000456992430410585,0.000384286824802083,0.0290048143454267,0.0196032350596039,0.179834268464779,0.198968341059398,0.244965485528997,0.00213773812804699,0.00290048143454267,0.000307036836139625,0.543211338659553,0.202053882697375,0.183721485767963,0.218681747467204,0.215853643639937,0.0526315789473684,0.2203900390039,TRUE,FALSE
"spatial",0.5,1,"queen",0.5,0.5,"control_only",1,"Design 3","Design 3: Saturation Quadrants","oracle",100,100,TRUE,0.147621253110483,0.000798924264915214,0.000500923159333461,0.000298001105581753,0.0282652483611097,0.0172627085239181,0.183714919899445,0.202121398186519,0.250699070920092,0.0022381312725876,0.00282652483611097,0.000341333292932562,0.626997052576218,0.196621414596606,0.198523123386464,0.211456872229368,0.220221866636554,0.176470588235294,0.221254125412541,TRUE,FALSE
"poisson",0.2,1,"queen",0.5,0.5,"control_only",1,"Design 3","Design 3: Saturation Quadrants","oracle",100,100,TRUE,0.138122209417053,0.000620210137024359,0.000425072986659321,0.000195137150365038,0.0249040184914876,0.0139691499514121,0.170746945836012,0.181332982887222,0.198412125512293,0.00206172982385986,0.00249040184914876,0.00014223377162103,0.685369298700492,0.184888857755339,0.177901207868393,0.207000274522348,0.195920763898016,0.0526315789473684,0.144398439843984,TRUE,FALSE
"poisson",0.5,1,"queen",0.5,0.5,"control_only",1,"Design 3","Design 3: Saturation Quadrants","oracle",100,100,TRUE,0.146613713852889,0.000722538604206132,0.000486645919514963,0.000235892684691168,0.0268800782031253,0.0153587982827814,0.185324031464446,0.197724841778079,0.221647764700545,0.0022060052572806,0.00268800782031253,0.000220851402390595,0.673522378848742,0.185840530597891,0.190083508073701,0.211705743660127,0.226471539851661,0.111111111111111,0.218769876987699,TRUE,FALSE
"iid",0,2,"queen",0.5,0.5,"control_only",1,"Design 3","Design 3: Saturation Quadrants","oracle",100,100,TRUE,0.138274152358417,0.000699955745876256,0.000410462539162418,0.000289493206713838,0.0264566767730994,0.0170144998960839,0.169876088098251,0.190585760573889,0.234437348433997,0.002025987510234,0.00264566767730994,0.000307944335554332,0.586412129024773,0.179459128508118,0.185411818993339,0.203902961577188,0.205671886864516,0.111111111111111,0.216873687368737,TRUE,FALSE
"spatial",0.2,2,"queen",0.5,0.5,"control_only",1,"Design 3","Design 3: Saturation Quadrants","oracle",100,100,TRUE,0.141347568643746,0.000629191740428241,0.000435966810347529,0.000193224930080711,0.0250836947124669,0.0139005370428884,0.177046631166899,0.185950342349221,0.208970849726978,0.00208798182546575,0.00250836947124669,0.00020279600445269,0.692899767010294,0.193158933611412,0.177293357401689,0.21024771423216,0.201160452913951,0.0526315789473684,0.253489348934893,TRUE,FALSE
"spatial",0.5,2,"queen",0.5,0.5,"control_only",1,"Design 3","Design 3: Saturation Quadrants","oracle",100,100,TRUE,0.141972666123797,0.000677718196616184,0.000442600432342398,0.000235117764273786,0.0260330212733018,0.0153335502827553,0.178427101643069,0.190286760444032,0.214400444631563,0.00210380710223727,0.00260330212733018,0.000195332305729297,0.653074440899302,0.184637815403771,0.181140243835171,0.207705717322848,0.202665067696663,0.111111111111111,0.266414641464146,TRUE,FALSE
"poisson",0.2,2,"queen",0.5,0.5,"control_only",1,"Design 3","Design 3: Saturation Quadrants","oracle",100,100,TRUE,0.140763145867029,0.000629855632740826,0.000422896094096175,0.000206959538644651,0.0250969247666089,0.0143860883719186,0.174109537770056,0.186229745210832,0.210702158167216,0.00205644376070968,0.00250969247666089,0.00014670174344792,0.67141749968312,0.175856983140587,0.182908979527612,0.191323109361667,0.211175403817667,0.111111111111111,0.123516351635164,TRUE,FALSE
"poisson",0.5,2,"queen",0.5,0.5,"control_only",1,"Design 3","Design 3: Saturation Quadrants","oracle",100,100,TRUE,0.144193008946185,0.000778690349292858,0.000490218203997067,0.000288472145295792,0.0279050237285844,0.0169844677660441,0.176972976923619,0.197639684876494,0.268546362222309,0.00221408717984877,0.00279050237285844,0.000322977369340967,0.629541902557598,0.189749315824787,0.186492215613151,0.208095303236912,0.219368256931122,0.176470588235294,0.246204620462046,TRUE,FALSE
"iid",0,1,"queen",0,0.8,"control_only",1,"Design 3","Design 3: Saturation Quadrants","oracle",100,100,TRUE,0.131753039403913,0.000626896212324056,0.000354193571059578,0.000272702641264478,0.0250378955250647,0.0165137107054858,0.164267889653362,0.176518395634566,0.212181931130338,0.00188200311120779,0.00250378955250647,0.000305313741105501,0.564995551251613,0.173750164997973,0.173495563760427,0.192350026776713,0.1861292641257,0.111111111111111,0.29983798379838,TRUE,FALSE
"spatial",0.2,1,"queen",0,0.8,"control_only",1,"Design 3","Design 3: Saturation Quadrants","oracle",100,100,TRUE,0.131005387279,0.000612819544138038,0.000373586039169039,0.000239233504968999,0.0247551922662305,0.0154671750804405,0.163027072036042,0.18388066480581,0.20147465752604,0.00193283739401182,0.00247551922662305,0.000210562652429172,0.609618349712568,0.162994750149076,0.177212964897655,0.187362996643466,0.203104020026933,0.111111111111111,0.164500450045005,TRUE,FALSE
"spatial",0.5,1,"queen",0,0.8,"control_only",1,"Design 3","Design 3: Saturation Quadrants","oracle",100,100,TRUE,0.12653957996721,0.000812062296149977,0.000370658984995976,0.000441403311154001,0.0284967067597289,0.0210096004520315,0.161777738954452,0.186868527247218,0.255913137977822,0.00192525059406815,0.00284967067597289,0.000514382236182931,0.456441564585977,0.174469035378732,0.161369330587583,0.192053636446118,0.19627773615428,0.25,0.342970297029703,TRUE,FALSE
"poisson",0.2,1,"queen",0,0.8,"control_only",1,"Design 3","Design 3: Saturation Quadrants","oracle",100,100,TRUE,0.127243134408049,0.000531426672666184,0.000347425177659853,0.000184001495006331,0.0230526933928811,0.0135647150728031,0.157787747794118,0.171026872152618,0.194038355725414,0.00186393448827971,0.00230526933928811,0.000261294176904362,0.653759390579345,0.160989061423242,0.162540306726001,0.184640135055217,0.177819649660982,0.0526315789473684,0.328388838883888,TRUE,FALSE
"poisson",0.5,1,"queen",0,0.8,"control_only",1,"Design 3","Design 3: Saturation Quadrants","oracle",100,100,TRUE,0.132240956207057,0.000818760182036512,0.000392424241734047,0.000426335940302465,0.0286139857768279,0.0206479040171748,0.174012866959143,0.186985737001236,0.209313136458096,0.00198097006977401,0.00286139857768279,0.000455417342179937,0.479290823300622,0.178831788043382,0.170750560852892,0.199772066185394,0.195097893515601,0.176470588235294,0.378037803780378,TRUE,FALSE
"iid",0,2,"queen",0,0.8,"control_only",1,"Design 3","Design 3: Saturation Quadrants","oracle",100,100,TRUE,0.128224232278744,0.000558603613402763,0.00035258065694227,0.000206022956460493,0.0236347966651453,0.0143534997983242,0.161438051953441,0.174472510616039,0.196678772236991,0.00187771312223745,0.00236347966651453,0.000184992469044243,0.631182198758985,0.164318561467042,0.17301592216456,0.192813070709512,0.184273446539847,0.111111111111111,0.182802280228023,TRUE,FALSE
"spatial",0.2,2,"queen",0,0.8,"control_only",1,"Design 3","Design 3: Saturation Quadrants","oracle",100,100,TRUE,0.125374869768651,0.000577557763587149,0.000333109147604105,0.000244448615983044,0.024032431495526,0.0156348526050949,0.156612315891345,0.169953475764984,0.191000465212389,0.00182512779718053,0.0024032431495526,0.000157492542135793,0.576754687765255,0.164317340752507,0.164302190261605,0.181401395888161,0.183279728500494,0.111111111111111,0.165652565256526,TRUE,FALSE
"spatial",0.5,2,"queen",0,0.8,"control_only",1,"Design 3","Design 3: Saturation Quadrants","oracle",100,100,TRUE,0.1258417128301,0.000736344515038498,0.000345708167059679,0.000390636347978819,0.0271356686860394,0.0197645224576467,0.159249130950324,0.179051213927955,0.253853173974363,0.00185932290648956,0.00271356686860394,0.000389321510181734,0.469492418289562,0.164792101545011,0.176849291705802,0.186524914065516,0.197387012557443,0.176470588235294,0.2998499849985,TRUE,FALSE
"poisson",0.2,2,"queen",0,0.8,"control_only",1,"Design 3","Design 3: Saturation Quadrants","oracle",100,100,TRUE,0.125406469273172,0.0005431219796462,0.000343360376169182,0.000199761603477018,0.023304977572317,0.0141337045206492,0.157407255293513,0.168715092773681,0.188034668411132,0.0018529985865326,0.0023304977572317,0.000276322962021174,0.632197533955178,0.168125499587559,0.153183004538821,0.183262016246267,0.177896187349461,0.176470588235294,0.377545754575458,TRUE,FALSE
"poisson",0.5,2,"queen",0,0.8,"control_only",1,"Design 3","Design 3: Saturation Quadrants","oracle",100,100,TRUE,0.132330076052823,0.0007433741086477,0.000385554040639769,0.000357820068007931,0.0272648878348637,0.0189161324801856,0.166378593614293,0.183020730038685,0.200798236036796,0.00196355300575199,0.00272648878348637,0.000442572703455231,0.518654115276015,0.17913755859651,0.176144674681476,0.195028596426192,0.190774074832803,0.176470588235294,0.3797899789979,TRUE,FALSE
"iid",0,1,"queen",0.5,0.8,"control_only",1,"Design 3","Design 3: Saturation Quadrants","oracle",100,100,TRUE,0.141072463845589,0.000705948808907911,0.000470547832734179,0.000235400976173733,0.0265696971926274,0.0153427825433893,0.177775724084093,0.193423685968501,0.237620475211569,0.0021692114528883,0.00265696971926274,0.000275181099492532,0.666546677034708,0.184021353583073,0.1795413031038,0.215231633005702,0.204051755419007,0.0526315789473684,0.247200720072007,TRUE,FALSE
"spatial",0.2,1,"queen",0.5,0.8,"control_only",1,"Design 3","Design 3: Saturation Quadrants","oracle",100,100,TRUE,0.141226763609715,0.000830724804450916,0.000449873243614882,0.000380851560836034,0.028822297001643,0.0195154185411442,0.178298978777294,0.199957643605105,0.270255474774964,0.00212102155485248,0.0028822297001643,0.000392384756977191,0.541543049159624,0.193649739386161,0.180625260378355,0.23167944797062,0.198909351283762,0.111111111111111,0.21992199219922,TRUE,FALSE
"spatial",0.5,1,"queen",0.5,0.8,"control_only",1,"Design 3","Design 3: Saturation Quadrants","oracle",100,100,TRUE,0.147808516864284,0.00069261246701952,0.000482896038632371,0.000209716428387149,0.0263175315525511,0.0144815892907909,0.178882248484886,0.197022533377763,0.2227116451818,0.002197489564554,0.00263175315525511,0.000124697843149048,0.697209567581695,0.202397259223283,0.191493730245095,0.21736244065746,0.2140981095451,0.111111111111111,0.0741434143414341,TRUE,FALSE
"poisson",0.2,1,"queen",0.5,0.8,"control_only",1,"Design 3","Design 3: Saturation Quadrants","oracle",100,100,TRUE,0.141180760803428,0.000894777501194477,0.000433618766175747,0.00046115873501873,0.029912831714742,0.0214746067488727,0.175936274519757,0.201254412290385,0.240544740302557,0.00208235147411705,0.0029912831714742,0.000410620853173264,0.484610716738955,0.187432417949779,0.194998335310568,0.210998046285505,0.217545193246778,0.176470588235294,0.246444644464446,TRUE,FALSE
"poisson",0.5,1,"queen",0.5,0.8,"control_only",1,"Design 3","Design 3: Saturation Quadrants","oracle",100,100,TRUE,0.143428981775088,0.000849436574863897,0.000468044387122568,0.000381392187741329,0.0291450952110968,0.0195292649052986,0.183021498563778,0.20352540655523,0.232905033898885,0.00216343335261932,0.00291450952110968,0.000363057133662909,0.551005691269606,0.188710291172666,0.193410835492475,0.221368332900098,0.212119999915848,0.176470588235294,0.213765376537654,TRUE,FALSE
"iid",0,2,"queen",0.5,0.8,"control_only",1,"Design 3","Design 3: Saturation Quadrants","oracle",100,100,TRUE,0.138729390156158,0.000791687181314672,0.000425226817733027,0.000366460363581645,0.0281369362460569,0.0191431544835653,0.173151051557586,0.196950775676153,0.230843234184869,0.00206210285323751,0.00281369362460569,0.00040778117689783,0.53711469349156,0.179972984901853,0.185326207424069,0.205012123826843,0.209839869204674,0.25,0.335517551755176,TRUE,FALSE
"spatial",0.2,2,"queen",0.5,0.8,"control_only",1,"Design 3","Design 3: Saturation Quadrants","oracle",100,100,TRUE,0.143223287158559,0.000733418359331777,0.000447477796429523,0.000285940562902255,0.0270816978664887,0.0169097771393432,0.178797598332709,0.19223577665015,0.210141429911676,0.00211536709918048,0.00270816978664887,0.000292925196836807,0.610126254321235,0.188955667624023,0.186668036216624,0.205090239826042,0.215877951024081,0.0526315789473684,0.258181818181818,TRUE,FALSE
"spatial",0.5,2,"queen",0.5,0.8,"control_only",1,"Design 3","Design 3: Saturation Quadrants","oracle",100,100,TRUE,0.142717074768708,0.000742541428071565,0.000470845805679867,0.000271695622391699,0.0272496133563683,0.0164831921177816,0.18113645194484,0.197489840654245,0.213298764313777,0.0021698981673799,0.00272496133563683,0.000161535821409535,0.634100385351815,0.187895910858877,0.192334672407753,0.214031877746109,0.218773639987826,0,0.164860486048605,TRUE,FALSE
"poisson",0.2,2,"queen",0.5,0.8,"control_only",1,"Design 3","Design 3: Saturation Quadrants","oracle",100,100,TRUE,0.142650224708192,0.00061566210223449,0.000458983552180082,0.000156678550054409,0.0248125392137623,0.0125171302643381,0.171707117680101,0.191278525407035,0.204957332018531,0.00214239014229454,0.00248125392137623,0.0001042014482869,0.745512108856859,0.186087767890079,0.19090361444143,0.203630157020925,0.213438103060119,0.111111111111111,0.108274827482748,TRUE,FALSE
"poisson",0.5,2,"queen",0.5,0.8,"control_only",1,"Design 3","Design 3: Saturation Quadrants","oracle",100,100,TRUE,0.143099295712912,0.000643304812537259,0.000431224672669509,0.00021208013986775,0.0253634542706087,0.0145629715328895,0.17386261120204,0.188567827795811,0.239766906854837,0.00207659498378839,0.00253634542706087,0.000162471472413239,0.670327136165382,0.183638277966537,0.188701245528752,0.205966355476984,0.20084288766991,0.111111111111111,0.0886528652865287,TRUE,FALSE
"iid",0,1,"queen",0,0.5,"both",1,"Design 3","Design 3: Saturation Quadrants","oracle",100,100,TRUE,0.0438719255605262,4.54094308887767e-05,3.84371996258243e-05,6.97223126295245e-06,0.00673865200828599,0.00264049829822942,0.0538323514643914,0.0555975186055357,0.0589332900692878,0.00061997741592597,0.000673865200828598,5.22994259374878e-06,0.846458519155859,0.0541955396502091,0.0573090377805013,0.0599455251096775,0.0607495586228187,0,0.0871047104710471,TRUE,FALSE
"spatial",0.2,1,"queen",0,0.5,"both",1,"Design 3","Design 3: Saturation Quadrants","oracle",100,100,TRUE,0.0438225011064991,3.44973488332112e-05,3.86976053804981e-05,-4.20025654728687e-06,0.00587344437559523,NA,0.0523403236047492,0.053659344325256,0.0559110642647347,0.00062207399383432,0.000587344437559523,-9.37725926267458e-06,1.12175592297235,0.0557076245946404,0.055708672563944,0.0604749409801815,0.0624308431579251,0,-0.0837323732373237,TRUE,FALSE
"spatial",0.5,1,"queen",0,0.5,"both",1,"Design 3","Design 3: Saturation Quadrants","oracle",100,100,TRUE,0.0444678370474307,3.71299529722536e-05,3.97550599012524e-05,-2.62510692899881e-06,0.00609343523574786,NA,0.0534547126671459,0.0554743820170943,0.0578956846391219,0.000630516136996131,0.000609343523574786,-3.84749109231088e-06,1.07070051855332,0.0564800157074892,0.0541272052622028,0.062049390068518,0.0603807821879773,0,-0.00324032403240324,TRUE,FALSE
"poisson",0.2,1,"queen",0,0.5,"both",1,"Design 3","Design 3: Saturation Quadrants","oracle",100,100,TRUE,0.0444534360509511,5.32895287380018e-05,4.01969339433782e-05,1.30925947946236e-05,0.00729996772170958,0.00361836907938143,0.054004551213006,0.0585685821600676,0.065774210249446,0.000634010519970909,0.000729996772170958,9.6801378260576e-06,0.754312055207067,0.0587656837235368,0.0559060354750002,0.0654827318755181,0.0622301429521289,0.176470588235294,0.0462526252625262,TRUE,FALSE
"poisson",0.5,1,"queen",0,0.5,"both",1,"Design 3","Design 3: Saturation Quadrants","oracle",100,100,TRUE,0.0421794565721026,3.488924246402e-05,3.46443061452374e-05,2.44936318782639e-07,0.00590671164557912,0.000494910414906212,0.0506306100745102,0.0523644311121221,0.0540296556074616,0.000588594139838628,0.000590671164557913,3.1395960007767e-06,0.992979603411131,0.0514609044349199,0.0530128335127247,0.0567575988986282,0.0577133234740675,0,0.0812601260126013,TRUE,FALSE
"iid",0,2,"queen",0,0.5,"both",1,"Design 3","Design 3: Saturation Quadrants","oracle",100,100,TRUE,0.0435662799304032,4.55195854391262e-05,3.73430735570847e-05,8.1765118820415e-06,0.00674682039475828,0.00285946006827189,0.0506707984797556,0.0552792653219215,0.0707260371698237,0.000611089793378066,0.000674682039475828,7.85430048291401e-06,0.820373762125404,0.0563618950614468,0.0554681738702257,0.061122579402792,0.0601260268680827,0.111111111111111,0.0542454245424542,TRUE,FALSE
"spatial",0.2,2,"queen",0,0.5,"both",1,"Design 3","Design 3: Saturation Quadrants","oracle",100,100,TRUE,0.0429458835256437,4.60704345847378e-05,3.62845812974298e-05,9.78585328730801e-06,0.0067875205034488,0.00312823485168681,0.0515564973865066,0.0546346080413717,0.0606858342097887,0.00060236684252563,0.00067875205034488,7.82808338772498e-06,0.787589299395281,0.0543786985058022,0.0545150352205736,0.0609672334237104,0.0603166770411288,0,0.133417341734173,TRUE,FALSE
"spatial",0.5,2,"queen",0,0.5,"both",1,"Design 3","Design 3: Saturation Quadrants","oracle",100,100,TRUE,0.0445822611231493,4.7216725298932e-05,3.91021878364494e-05,8.11453746248265e-06,0.00687144273780492,0.00284860272106917,0.0531222229138898,0.0582136257844499,0.0667129902714906,0.00062531742208617,0.000687144273780493,8.65145416939525e-06,0.82814273096855,0.0566235044024825,0.0573232889512198,0.0654475353490586,0.0599935306190868,0.176470588235294,0.107170717071707,TRUE,FALSE
"poisson",0.2,2,"queen",0,0.5,"both",1,"Design 3","Design 3: Saturation Quadrants","oracle",100,100,TRUE,0.0436618134132664,5.27374543130865e-05,3.90844418413611e-05,1.36530124717254e-05,0.00726205579110258,0.00369499830469858,0.053139392291991,0.0579965784182284,0.0650654677173997,0.000625175510087856,0.000726205579110258,1.93045934486126e-05,0.741113547296547,0.055997951704264,0.0547535523016097,0.0608363410535427,0.0601477143988207,0.25,0.171737173717372,TRUE,FALSE
"poisson",0.5,2,"queen",0,0.5,"both",1,"Design 3","Design 3: Saturation Quadrants","oracle",100,100,TRUE,0.0431940955744406,5.02918196162329e-05,3.85280246621686e-05,1.17637949540643e-05,0.00709167255421687,0.00342983891080387,0.0521248248169111,0.0561938950891593,0.0611218328998126,0.000620709470381825,0.000709167255421687,1.86765740403448e-05,0.76608929555877,0.0548478115613025,0.0557936401872557,0.0607203899498649,0.0597005854998852,0.111111111111111,0.24999699969997,TRUE,FALSE
"iid",0,1,"queen",0.5,0.5,"both",1,"Design 3","Design 3: Saturation Quadrants","oracle",100,100,TRUE,0.0452275747873377,5.23661108995316e-05,4.14111782057585e-05,1.0954932693773e-05,0.00723644324924417,0.00330982366505725,0.0560214491061255,0.0584567998403415,0.0622424405873398,0.000643515176244963,0.000723644324924417,7.31975560915549e-07,0.79080110198004,0.0607509003846458,0.0562749370837982,0.0651105867290671,0.0619699700343126,0.0526315789473684,0.0513651365136514,TRUE,FALSE
"spatial",0.2,1,"queen",0.5,0.5,"both",1,"Design 3","Design 3: Saturation Quadrants","oracle",100,100,TRUE,0.0468644375971592,4.38393738905833e-05,4.27098511890124e-05,1.12952270157082e-06,0.00662113086191349,0.0010627900552653,0.0551454451821486,0.058239165044627,0.0623626987850377,0.00065352774377996,0.000662113086191349,1.15231588734344e-06,0.974234971868213,0.0593571933794816,0.0596681134457289,0.0632135889624912,0.0635004962209064,0.111111111111111,0.0454485448544854,TRUE,FALSE
"spatial",0.5,1,"queen",0.5,0.5,"both",1,"Design 3","Design 3: Saturation Quadrants","oracle",100,100,TRUE,0.04449745485425,4.50978895982143e-05,3.99912635188835e-05,5.10662607933087e-06,0.00671549622873949,0.00225978452055298,0.0521805948661756,0.0580518670438223,0.0616546574672151,0.000632386460314288,0.000671549622873949,-2.06682738563208e-06,0.886765741704839,0.0564495933136716,0.0556598686409066,0.0648182581895674,0.0626425800655167,0.0526315789473684,0.0185178517851785,TRUE,FALSE
"poisson",0.2,1,"queen",0.5,0.5,"both",1,"Design 3","Design 3: Saturation Quadrants","oracle",100,100,TRUE,0.0463477763102336,4.6453860734637e-05,4.24490395308428e-05,4.00482120379427e-06,0.0068157069137865,0.00200120493797968,0.0553924123707066,0.0583589936338348,0.0657490732102251,0.000651529274329579,0.00068157069137865,-4.80129509346695e-06,0.913789270892437,0.0604709286308872,0.0585769361834913,0.0662540957084748,0.0650801476282255,0,-0.000984098409840984,TRUE,FALSE
"poisson",0.5,1,"queen",0.5,0.5,"both",1,"Design 3","Design 3: Saturation Quadrants","oracle",100,100,TRUE,0.0462824817643054,3.59528376782855e-05,4.4134499760855e-05,-8.18166208256948e-06,0.00599606851847821,NA,0.0535880202736514,0.0567565846175526,0.0616720682794336,0.00066433801457432,0.000599606851847821,-1.9900422012398e-05,1.2275665179973,0.0542977539401038,0.0615421880285421,0.0628748762751964,0.0653814992619819,0.0526315789473684,-0.161608160816082,TRUE,FALSE
"iid",0,2,"queen",0.5,0.5,"both",1,"Design 3","Design 3: Saturation Quadrants","oracle",100,100,TRUE,0.0461097617022909,4.14086039836426e-05,4.38802415284656e-05,-2.47163754482296e-06,0.00643495174679986,NA,0.0543660884366396,0.0571349724848338,0.065681850223589,0.000662421629541681,0.000643495174679986,7.36851974135238e-06,1.05968898506695,0.0574013166215119,0.0577224840508822,0.0603137453199057,0.0617632337420205,0,0.106738673867387,TRUE,FALSE
"spatial",0.2,2,"queen",0.5,0.5,"both",1,"Design 3","Design 3: Saturation Quadrants","oracle",100,100,TRUE,0.0458712403670932,4.98694140951584e-05,4.3844836282509e-05,6.02457781264939e-06,0.00706182795706313,0.00245450154056774,0.0547886512601611,0.0593742643450994,0.0630256679874654,0.000662154334596618,0.000706182795706313,9.9249203587335e-06,0.879192929735377,0.058428792579162,0.0583702569217819,0.0649850534275866,0.0637787229485132,0.0526315789473684,0.141602160216022,TRUE,FALSE
"spatial",0.5,2,"queen",0.5,0.5,"both",1,"Design 3","Design 3: Saturation Quadrants","oracle",100,100,TRUE,0.0470895144059523,4.19077844074752e-05,4.45700160017101e-05,-2.66223159423491e-06,0.00647362220147849,NA,0.0547327181672583,0.0592198553626363,0.0618736785007568,0.000667607789062636,0.000647362220147849,7.2097025819313e-06,1.06352594468726,0.0588444700491634,0.0560757283516433,0.0637759024617628,0.061749863831253,0.0526315789473684,0.0983618361836184,TRUE,FALSE
"poisson",0.2,2,"queen",0.5,0.5,"both",1,"Design 3","Design 3: Saturation Quadrants","oracle",100,100,TRUE,0.0460717415095234,5.56140923183052e-05,4.29565565727974e-05,1.26575357455078e-05,0.007457485656594,0.0035577430690689,0.0553295704529732,0.060784845135264,0.0705564168687577,0.000655412515693723,0.0007457485656594,1.58455316236345e-05,0.772404165601357,0.0579458099869825,0.0595477839708023,0.0623291357016258,0.0672469291536014,0.176470588235294,0.112427242724272,TRUE,FALSE
"poisson",0.5,2,"queen",0.5,0.5,"both",1,"Design 3","Design 3: Saturation Quadrants","oracle",100,100,TRUE,0.0460355476119005,5.00794414101235e-05,4.25108858691581e-05,7.56855554096537e-06,0.00707668293836339,0.00275110078713328,0.0544898351986344,0.0589007710762834,0.0680774549790346,0.00065200372597983,0.000707668293836339,1.43231255685422e-05,0.848869010359301,0.0571429340606022,0.0578599710554253,0.0628415281048631,0.0644900302810035,0.176470588235294,0.168844884488449,TRUE,FALSE
"iid",0,1,"queen",0,0.8,"both",1,"Design 3","Design 3: Saturation Quadrants","oracle",100,100,TRUE,0.0441632755428626,3.95740529840848e-05,3.93746623554787e-05,1.99390628606009e-07,0.00629079112545352,0.000446531777823269,0.0516807853186674,0.0550848998417176,0.059573513787172,0.000627492329478845,0.000629079112545352,-5.4928190439997e-07,0.994961581804972,0.0567377607808208,0.0552053229155641,0.0616195156289564,0.0599850129947654,0,0.00478847884788479,TRUE,FALSE
"spatial",0.2,1,"queen",0,0.8,"both",1,"Design 3","Design 3: Saturation Quadrants","oracle",100,100,TRUE,0.0435135897360577,3.88919101151748e-05,3.6969054190311e-05,1.92285592486384e-06,0.00623633787692543,0.00138667080623479,0.0509102513409548,0.0544038239041748,0.061449561483322,0.000608021826831167,0.000623633787692543,-2.81961681696987e-06,0.950558974368462,0.0544016572051716,0.0557157032957331,0.0603836084341332,0.0600008078668325,0.0526315789473684,-0.00784878487848785,TRUE,FALSE
"spatial",0.5,1,"queen",0,0.8,"both",1,"Design 3","Design 3: Saturation Quadrants","oracle",100,100,TRUE,0.0446387505196614,4.82012169913913e-05,4.02495600603405e-05,7.95165693105082e-06,0.00694270962891228,0.00281986824710851,0.0542657659251929,0.0568273561405575,0.0617722345345677,0.000634425409802764,0.000694270962891228,-2.22187076363694e-06,0.835032029741677,0.0565573381381568,0.0566319481415216,0.0643399466690422,0.0631288578391025,0,-0.0287548754875488,TRUE,FALSE
"poisson",0.2,1,"queen",0,0.8,"both",1,"Design 3","Design 3: Saturation Quadrants","oracle",100,100,TRUE,0.0446377644943414,4.29181510247818e-05,3.97528020515884e-05,3.16534897319338e-06,0.00655119462577489,0.0017791427635784,0.052495591045914,0.056504479858722,0.061980482560759,0.000630498231968881,0.000655119462577489,2.65902142056131e-06,0.926246846669475,0.0581998724682263,0.0536666157757548,0.0637403411782741,0.0591520418869324,0.0526315789473684,0.0525172517251725,TRUE,FALSE
"poisson",0.5,1,"queen",0,0.8,"both",1,"Design 3","Design 3: Saturation Quadrants","oracle",100,100,TRUE,0.0440407680988182,3.86270104052876e-05,3.75998658924066e-05,1.02714451288099e-06,0.0062150631859449,0.00101348138260206,0.0508353588380177,0.0554040000906785,0.0708905769103045,0.000613187295142411,0.00062150631859449,6.15548421405567e-06,0.973408645864543,0.0553525183294301,0.0540096398879306,0.0606931546221625,0.058226240188429,0.0526315789473684,-0.000504050405040504,TRUE,FALSE
"iid",0,2,"queen",0,0.8,"both",1,"Design 3","Design 3: Saturation Quadrants","oracle",100,100,TRUE,0.043749288699743,3.85533639622474e-05,3.83204293618591e-05,2.32934600388285e-07,0.0062091355245515,0.000482632987256658,0.0505512850906614,0.0553837028240759,0.0652958374331226,0.000619034969624973,0.00062091355245515,-5.79285467909666e-06,0.993958125142688,0.0552249320703802,0.0547422315469642,0.061944978050034,0.061038837362189,0.0526315789473684,-0.0803120312031203,TRUE,FALSE
"spatial",0.2,2,"queen",0,0.8,"both",1,"Design 3","Design 3: Saturation Quadrants","oracle",100,100,TRUE,0.0442386639714917,3.51151377808783e-05,3.71324993563044e-05,-2.01736157542611e-06,0.00592580271194361,NA,0.0518843992363436,0.056302466095743,0.0637337482957367,0.000609364417703433,0.000592580271194361,-1.81083504493318e-06,1.05744991200133,0.0567446446057426,0.0537544851099828,0.0601271301270677,0.0608153640685578,0.176470588235294,-0.0775157515751575,TRUE,FALSE
"spatial",0.5,2,"queen",0,0.8,"both",1,"Design 3","Design 3: Saturation Quadrants","oracle",100,100,TRUE,0.0437402358555888,3.75826095240621e-05,3.82827911681478e-05,-7.00181644085756e-07,0.00613046568574216,NA,0.050577356351979,0.0541891307060605,0.0626080666074092,0.000618730887932289,0.000613046568574216,-3.90437749508031e-07,1.01863046906409,0.0546603303058621,0.05423392818507,0.0590756730395482,0.0575467877830038,0.0526315789473684,-0.00825682568256826,TRUE,FALSE
"poisson",0.2,2,"queen",0,0.8,"both",1,"Design 3","Design 3: Saturation Quadrants","oracle",100,100,TRUE,0.0444595028930622,3.73523182288249e-05,3.64079110566275e-05,9.44407172197451e-07,0.00611165429559174,0.000971806139205475,0.0525600274630304,0.0549042124773523,0.0649719288733731,0.000603389683841442,0.000611165429559174,6.75348674092026e-08,0.974716236716236,0.0558973069671336,0.0549746239737352,0.0635540449535093,0.0592430197172701,0,0.036051605160516,TRUE,FALSE
"poisson",0.5,2,"queen",0,0.8,"both",1,"Design 3","Design 3: Saturation Quadrants","oracle",100,100,TRUE,0.0445055271352257,4.38451895095132e-05,3.97609297033288e-05,4.08425980618436e-06,0.00662157001847094,0.00202095517174042,0.0526913353433406,0.0557779733066672,0.0628222785001685,0.000630562682874025,0.000662157001847093,1.8209870274629e-05,0.906848166198525,0.0560295612096328,0.0545005205809709,0.0588723074063177,0.0586303768610069,0.111111111111111,0.279327932793279,TRUE,FALSE
"iid",0,1,"queen",0.5,0.8,"both",1,"Design 3","Design 3: Saturation Quadrants","oracle",100,100,TRUE,0.0466610035991364,6.84361749331472e-05,4.33186297333043e-05,2.51175451998429e-05,0.00827261596673913,0.00501174073549729,0.0581382513706381,0.0622127176136575,0.0679070584109071,0.000658168897269571,0.000827261596673913,2.94149450051498e-05,0.632978534753304,0.0591030740101677,0.0589482819024379,0.0669556991009442,0.0657253986854984,0.0526315789473684,0.292937293729373,TRUE,FALSE
"spatial",0.2,1,"queen",0.5,0.8,"both",1,"Design 3","Design 3: Saturation Quadrants","oracle",100,100,TRUE,0.0481388907084416,5.69460334101959e-05,4.65808713346457e-05,1.03651620755502e-05,0.00754625956419443,0.00321949717744094,0.0597383680396852,0.0627342070937507,0.0685447114986779,0.000682501804647033,0.000754625956419443,1.66266572924909e-05,0.817982720571818,0.0621178465475875,0.0587755830827976,0.0699145547147608,0.0660248300776713,0.0526315789473684,0.181182118211821,TRUE,FALSE
"spatial",0.5,1,"queen",0.5,0.8,"both",1,"Design 3","Design 3: Saturation Quadrants","oracle",100,100,TRUE,0.0469718438583726,4.56496404529157e-05,4.40015356343559e-05,1.64810481855978e-06,0.00675645176501066,0.00128378534754054,0.0565300782021379,0.0595953092187878,0.0680056728343199,0.000663336533249571,0.000675645176501066,8.75673214524461e-06,0.963896652805849,0.0583716483679261,0.0583851360528906,0.0638893472341273,0.0644894031726578,0.176470588235294,0.0849204920492049,TRUE,FALSE
"poisson",0.2,1,"queen",0.5,0.8,"both",1,"Design 3","Design 3: Saturation Quadrants","oracle",100,100,TRUE,0.0465541124137924,4.16265490050944e-05,4.32413557220729e-05,-1.61480671697853e-06,0.00645186399462158,NA,0.0551558569448472,0.0576040111061168,0.0626974551072067,0.000657581597386004,0.000645186399462158,-3.50960430996763e-06,1.03879271175665,0.0566421050740059,0.0584474164770663,0.0633960107371801,0.065443714693163,0.0526315789473684,-0.028034803480348,TRUE,FALSE
"poisson",0.5,1,"queen",0.5,0.8,"both",1,"Design 3","Design 3: Saturation Quadrants","oracle",100,100,TRUE,0.0458539984198298,4.39542931667969e-05,4.31591242654248e-05,7.95168901372043e-07,0.00662980340332931,0.000891722435162446,0.053565121350471,0.057265183788305,0.0623415851928609,0.000656956043167462,0.000662980340332931,-3.07396413238371e-06,0.981909186928463,0.0596898152653994,0.0568618827347183,0.0644920592246302,0.0632050999939833,0.0526315789473684,-0.0324512451245125,TRUE,FALSE
"iid",0,2,"queen",0.5,0.8,"both",1,"Design 3","Design 3: Saturation Quadrants","oracle",100,100,TRUE,0.0462652273014517,4.3714994404302e-05,4.25541246020331e-05,1.1608698022689e-06,0.00661173157382406,0.00107743668132698,0.0537776859813096,0.0581489800198159,0.0684914644032473,0.000652335225187427,0.000661173157382406,5.79658256107173e-06,0.973444585362805,0.0563674666444462,0.0588442636997638,0.0619507215136172,0.0626532738761895,0.111111111111111,0.0461086108610861,TRUE,FALSE
"spatial",0.2,2,"queen",0.5,0.8,"both",1,"Design 3","Design 3: Saturation Quadrants","oracle",100,100,TRUE,0.0469692411268988,4.45057561830852e-05,4.41524915434501e-05,3.53264639635091e-07,0.00667126346227498,0.000594360698259138,0.0554567988329718,0.058395638401027,0.0638992060006584,0.000664473412135129,0.000667126346227498,4.34789399375822e-06,0.99206249550773,0.0581475749017341,0.0596208379738051,0.0637891079866857,0.063285340584709,0,0.0570777077707771,TRUE,FALSE
"spatial",0.5,2,"queen",0.5,0.8,"both",1,"Design 3","Design 3: Saturation Quadrants","oracle",100,100,TRUE,0.0481164469209469,6.19308869962276e-05,4.73351197975455e-05,1.45957671986821e-05,0.00786961797015761,0.00382044070738994,0.0576545237996576,0.0618575622876253,0.0669261065413078,0.000688005231066927,0.000786961797015761,-5.38740053098427e-06,0.764321683305275,0.0625247647329633,0.0637160868396215,0.0713735937633027,0.0711267921609129,0,0.0608940894089409,TRUE,FALSE
"poisson",0.2,2,"queen",0.5,0.8,"both",1,"Design 3","Design 3: Saturation Quadrants","oracle",100,100,TRUE,0.045902337887475,4.36492137045884e-05,4.19088633370392e-05,1.74035036754923e-06,0.0066067551570032,0.00131922339561927,0.0550232239372863,0.0562222349659194,0.0589637071603283,0.000647370553369855,0.00066067551570032,9.96505310823423e-06,0.960128712069645,0.0568691585440431,0.058063576762297,0.0611648421848406,0.0623095801459507,0,0.178877887788779,TRUE,FALSE
"poisson",0.5,2,"queen",0.5,0.8,"both",1,"Design 3","Design 3: Saturation Quadrants","oracle",100,100,TRUE,0.0477148965764057,5.9963520539774e-05,4.51913144292174e-05,1.47722061105567e-05,0.00774361159535872,0.00384346277600768,0.056969928976593,0.0617979767768947,0.0725749861164776,0.000672244854418517,0.000774361159535872,5.31388791903444e-06,0.753646784285152,0.0635306733262172,0.0618372292901498,0.0708282655122034,0.0668947987691307,0.111111111111111,0.062034203420342,TRUE,FALSE
"iid",0,1,"queen",0,0.5,"control_only",1,"Design 4","Design 4: Isolation Buffer","oracle",100,100,TRUE,0.166950101905509,0.000832279410631733,0.000575662645299428,0.000256616765332304,0.0288492532075222,0.0160192623217271,0.205605433546609,0.224602630189915,0.25098709075566,0.00239929707476883,0.00288492532075222,0.00030720194645237,0.691669934334285,0.212446531745199,0.216250299555822,0.241428725604967,0.245729664496181,0.111111111111111,0.197071707170717,TRUE,FALSE
"spatial",0.2,1,"queen",0,0.5,"control_only",1,"Design 4","Design 4: Isolation Buffer","oracle",100,100,TRUE,0.161739553832954,0.000685751859464681,0.00054980639524861,0.00013594546421607,0.0261868642541386,0.0116595653527938,0.195384827507501,0.209728603849641,0.244260451488514,0.0023447950768641,0.00261868642541386,0.000203300525079707,0.801757060750526,0.209839065345776,0.210009951865676,0.225557545089809,0.217832938319375,0.111111111111111,0.126900690069007,TRUE,FALSE
"spatial",0.5,1,"queen",0,0.5,"control_only",1,"Design 4","Design 4: Isolation Buffer","oracle",100,100,TRUE,0.166316457250977,0.000719901078955111,0.000550224006518097,0.000169677072437015,0.0268309723818409,0.0130260152171343,0.203285281478646,0.221386358279908,0.24344585862886,0.00234568541479478,0.00268309723818409,4.14518221682735e-05,0.76430501717918,0.217955974227489,0.209350221450442,0.249760286045914,0.234491241484859,0.0526315789473684,0.00537653765376538,TRUE,FALSE
"poisson",0.2,1,"queen",0,0.5,"control_only",1,"Design 4","Design 4: Isolation Buffer","oracle",100,100,TRUE,0.161118401244155,0.000888317527365028,0.00052532394795037,0.000362993579414658,0.0298046561356616,0.0190523903858455,0.196386171932285,0.219556473929635,0.297954103597526,0.00229199465084535,0.00298046561356616,0.000274890689590161,0.591369562985673,0.2060888757248,0.207134888186816,0.240657797253103,0.238276874388699,0.0526315789473684,0.212661266126613,TRUE,FALSE
"poisson",0.5,1,"queen",0,0.5,"control_only",1,"Design 4","Design 4: Isolation Buffer","oracle",100,100,TRUE,0.163677089019191,0.000917222229125846,0.000572789605194114,0.000344432623931731,0.030285676963308,0.0185588960860212,0.201402732679176,0.217184551068471,0.248421955894145,0.0023933023319132,0.0030285676963308,0.000397257915807608,0.624482908291493,0.224445166850812,0.206902617210085,0.238761722099971,0.226011076796292,0.111111111111111,0.275595559555956,TRUE,FALSE
"iid",0,2,"queen",0,0.5,"control_only",1,"Design 4","Design 4: Isolation Buffer","oracle",100,100,TRUE,0.161265641709509,0.000860862060105742,0.000523097221010589,0.000337764839095153,0.0293404509185824,0.018378379664572,0.191489830936936,0.226873537251017,0.260604421528102,0.00228713187422717,0.00293404509185824,0.000353836620554282,0.607643483494133,0.212606126524436,0.212762282503715,0.254075168852467,0.234201098282786,0.25,0.167536753675368,TRUE,FALSE
"spatial",0.2,2,"queen",0,0.5,"control_only",1,"Design 4","Design 4: Isolation Buffer","oracle",100,100,TRUE,0.162261099187678,0.000920078057987703,0.000542199798844101,0.000377878259143602,0.0303327884967357,0.0194390910061042,0.199524615118298,0.223270295917026,0.245996023972663,0.00232851841058666,0.00303327884967357,0.000427820570554728,0.589297608107233,0.205201026875079,0.210160384368985,0.235864835921203,0.232268585865144,0.25,0.299417941794179,TRUE,FALSE
"spatial",0.5,2,"queen",0,0.5,"control_only",1,"Design 4","Design 4: Isolation Buffer","oracle",100,100,TRUE,0.162371184068824,0.000685935791356528,0.000518632278943517,0.000167303512413011,0.0261903759300345,0.0129345859003298,0.194110674199951,0.211244748985775,0.244872233161857,0.00227734994882982,0.00261903759300345,0.000195091419677254,0.756094499629263,0.205756357338646,0.213483997555219,0.224358653917688,0.23136353156791,0.111111111111111,0.14967896789679,TRUE,FALSE
"poisson",0.2,2,"queen",0,0.5,"control_only",1,"Design 4","Design 4: Isolation Buffer","oracle",100,100,TRUE,0.160324997917919,0.000751143566391251,0.000519611735019423,0.000231531831371828,0.027406998492926,0.0152161700625298,0.192707258448464,0.208020811821428,0.235387393296608,0.00227949936393811,0.0027406998492926,0.000151904854429616,0.691760880700629,0.209693331366315,0.209322534416152,0.230859449492449,0.230016761465913,0.111111111111111,0.119147914791479,TRUE,FALSE
"poisson",0.5,2,"queen",0,0.5,"control_only",1,"Design 4","Design 4: Isolation Buffer","oracle",100,100,TRUE,0.159561594023382,0.000896503375623763,0.000519107882207554,0.000377395493416209,0.029941666213218,0.0194266696429473,0.198087646251601,0.218027722875899,0.256517239040986,0.00227839391284201,0.0029941666213218,0.000361330975937639,0.579036171332174,0.205618644648944,0.209531527133255,0.226851895815622,0.238340752876026,0.176470588235294,0.191371137113711,TRUE,FALSE
"iid",0,1,"queen",0.5,0.5,"control_only",1,"Design 4","Design 4: Isolation Buffer","oracle",100,100,TRUE,0.165743344177758,0.000779548188168053,0.000576722893804288,0.000202825294363765,0.0279203901865295,0.0142416745631883,0.200132669588724,0.2173247080632,0.261267901560645,0.00240150555652967,0.00279203901865295,0.000211898798043764,0.739816861302177,0.214539740678708,0.215834269562311,0.236491862633091,0.243408716133991,0.111111111111111,0.16033603360336,TRUE,FALSE
"spatial",0.2,1,"queen",0.5,0.5,"control_only",1,"Design 4","Design 4: Isolation Buffer","oracle",100,100,TRUE,0.166394373341519,0.000618171665296434,0.000563050394903957,5.51212703924767e-05,0.0248630582450437,0.007424370033375,0.192694436265765,0.21340875249162,0.244805639175692,0.0023728682957635,0.00248630582450437,2.40717833035523e-05,0.910831774591215,0.208632800773018,0.215768115327322,0.227925861364985,0.23671581832293,0.0526315789473684,-0.0192499249924992,TRUE,FALSE
"spatial",0.5,1,"queen",0.5,0.5,"control_only",1,"Design 4","Design 4: Isolation Buffer","oracle",100,100,TRUE,0.16449783391009,0.000763542179440411,0.000547377620864866,0.000216164558575546,0.0276322669978489,0.0147025357872561,0.201116907252542,0.218765487790403,0.284972293919364,0.00233961026853804,0.00276322669978489,0.000395268066149056,0.716892446290303,0.207126305847843,0.205676232055866,0.237815946773413,0.228521395837555,0.111111111111111,0.318847884788479,TRUE,FALSE
"poisson",0.2,1,"queen",0.5,0.5,"control_only",1,"Design 4","Design 4: Isolation Buffer","oracle",100,100,TRUE,0.167263723331971,0.000566968764348234,0.000561405159203076,5.5636051451576e-06,0.0238111059035114,0.00235872956168307,0.193435968855952,0.213006556754028,0.244537355085896,0.00236939899384438,0.00238111059035114,7.19931495590905e-05,0.990187104660777,0.204966768030246,0.21362216939686,0.230332836078805,0.233120756530012,0.111111111111111,0.0345634563456346,TRUE,FALSE
"poisson",0.5,1,"queen",0.5,0.5,"control_only",1,"Design 4","Design 4: Isolation Buffer","oracle",100,100,TRUE,0.165288170285036,0.000703847111611925,0.000546875725315435,0.00015697138629649,0.0265301170674373,0.012528822223038,0.202778417408749,0.222504285481267,0.241179703970808,0.00233853741752283,0.00265301170674373,3.26403326180799e-06,0.776980847535198,0.207125209779271,0.219017946199875,0.229728154546091,0.25074421290106,0.0526315789473684,-0.0336633663366337,TRUE,FALSE
"iid",0,2,"queen",0.5,0.5,"control_only",1,"Design 4","Design 4: Isolation Buffer","oracle",100,100,TRUE,0.167736563513677,0.000776998152350908,0.000549398809836164,0.000227599342514744,0.027874686587492,0.0150863959418658,0.199383309647664,0.224613852835387,0.264398855358054,0.00234392578772487,0.0027874686587492,0.000224629554442252,0.707078656717377,0.216303467593242,0.207091587897871,0.24977608035458,0.232119850580696,0.111111111111111,0.0795679567956796,TRUE,FALSE
"spatial",0.2,2,"queen",0.5,0.5,"control_only",1,"Design 4","Design 4: Isolation Buffer","oracle",100,100,TRUE,0.161061540906691,0.000801433367444552,0.000521935658327779,0.000279497709116773,0.0283095985037682,0.0167181849827298,0.198811284588288,0.212043333645415,0.242565525986748,0.00228459111949552,0.00283095985037682,0.000223613141096819,0.651252717355681,0.211907188889461,0.207879552658401,0.239408464896197,0.230745002905298,0.0526315789473684,0.184086408640864,TRUE,FALSE
"spatial",0.5,2,"queen",0.5,0.5,"control_only",1,"Design 4","Design 4: Isolation Buffer","oracle",100,100,TRUE,0.159285446726894,0.000647082368434387,0.000516098717972998,0.000130983650461389,0.0254378137510751,0.0114448088870627,0.190409756757218,0.210724065004073,0.234318129625426,0.00227178061875041,0.00254378137510751,0.000239241380078804,0.79757808765783,0.193051738036197,0.212515452609592,0.205616977906349,0.238372458426442,0.176470588235294,0.173261326132613,TRUE,FALSE
"poisson",0.2,2,"queen",0.5,0.5,"control_only",1,"Design 4","Design 4: Isolation Buffer","oracle",100,100,TRUE,0.165084669072355,0.000719337524260667,0.00052837231979273,0.000190965204467936,0.0268204683825743,0.0138190160455778,0.195051320856086,0.216003502566454,0.236105940681384,0.00229863507280458,0.00268204683825743,0.00011158890016303,0.734526285606732,0.210903824922766,0.214308393767764,0.234528053531873,0.237422591282698,0.111111111111111,0.0742034203420342,TRUE,FALSE
"poisson",0.5,2,"queen",0.5,0.5,"control_only",1,"Design 4","Design 4: Isolation Buffer","oracle",100,100,TRUE,0.161679844678007,0.000729800892085878,0.000532673219232474,0.000197127672853404,0.0270148272636691,0.0140402162680424,0.195201256000374,0.209292850182273,0.234399487868789,0.00230797144530099,0.00270148272636691,0.000137057465421978,0.72988841889466,0.209262733707625,0.212967574287964,0.234114263179657,0.222572823896048,0.0526315789473684,0.123828382838284,TRUE,FALSE
"iid",0,1,"queen",0,0.8,"control_only",1,"Design 4","Design 4: Isolation Buffer","oracle",100,100,TRUE,0.160291189842484,0.000616244330223408,0.000506439252015219,0.000109805078208189,0.0248242689766166,0.0104787918296046,0.19154017022528,0.207343272235461,0.2344965563086,0.00225042052073656,0.00248242689766166,2.06462186974784e-05,0.821815677933489,0.210076867576102,0.198304203734988,0.228682003102788,0.228487616225729,0.0526315789473684,0.00142814281428143,TRUE,FALSE
"spatial",0.2,1,"queen",0,0.8,"control_only",1,"Design 4","Design 4: Isolation Buffer","oracle",100,100,TRUE,0.158813453118457,0.00104031553844586,0.000525323701092473,0.000514991837353382,0.0322539228380961,0.022693431590515,0.201599022376101,0.223795744685764,0.262680804942478,0.00229199411232331,0.00322539228380961,0.000577775456652238,0.504965735566406,0.203906956313694,0.210491277274255,0.239746171883392,0.240368803232779,0.111111111111111,0.408076807680768,TRUE,FALSE
"spatial",0.5,1,"queen",0,0.8,"control_only",1,"Design 4","Design 4: Isolation Buffer","oracle",100,100,TRUE,0.161420180267639,0.000782684069512068,0.00051156098370564,0.000271123085806428,0.0279764913724375,0.0164658156738871,0.197042110807713,0.219761166831802,0.254876453310664,0.00226177139363296,0.00279764913724375,0.000191075300098287,0.65359830822231,0.224141996993616,0.203990048435395,0.245953760708022,0.217839389621158,0.111111111111111,0.134377437743774,TRUE,FALSE
"poisson",0.2,1,"queen",0,0.8,"control_only",1,"Design 4","Design 4: Isolation Buffer","oracle",100,100,TRUE,0.163055668958085,0.000733390153473235,0.000556207303898036,0.000177182849575199,0.0270811771064929,0.0133110048296588,0.196302376543314,0.214712248621634,0.242742597439918,0.00235840476572203,0.00270811771064929,2.97431673036473e-05,0.758405742514969,0.210825759143045,0.211161101391784,0.244945786884307,0.234045830398896,0.0526315789473684,0.0401560156015602,TRUE,FALSE
"poisson",0.5,1,"queen",0,0.8,"control_only",1,"Design 4","Design 4: Isolation Buffer","oracle",100,100,TRUE,0.160463849439247,0.000825051406880488,0.000523122068851763,0.000301929338028724,0.0287237080976758,0.0173761140082794,0.199429826629393,0.217520687074421,0.23644382961593,0.00228718619454509,0.00287237080976758,0.000268744618558801,0.634047847793731,0.206154418302742,0.207798099849714,0.243148581460678,0.228820608420653,0.111111111111111,0.187326732673267,TRUE,FALSE
"iid",0,2,"queen",0,0.8,"control_only",1,"Design 4","Design 4: Isolation Buffer","oracle",100,100,TRUE,0.157584290551556,0.000831340696915902,0.000495086065868946,0.000336254631046955,0.028832979327775,0.0183372470956508,0.194900857461896,0.21167929311199,0.238809850384124,0.00222505295637867,0.0028832979327775,0.000308181444142213,0.595527282262989,0.199026068809999,0.202930781380033,0.229719875928509,0.216993366764256,0.176470588235294,0.221002100210021,TRUE,FALSE
"spatial",0.2,2,"queen",0,0.8,"control_only",1,"Design 4","Design 4: Isolation Buffer","oracle",100,100,TRUE,0.160642136845664,0.000831630330738799,0.000522371854218832,0.000309258476519967,0.0288380015038976,0.0175857464021283,0.192979199065149,0.216620359937247,0.269419708265323,0.00228554556773395,0.00288380015038976,0.000274401901037585,0.62812987322717,0.206415365716603,0.204787721985079,0.234072044472252,0.236245567078568,0.111111111111111,0.219117911791179,TRUE,FALSE
"spatial",0.5,2,"queen",0,0.8,"control_only",1,"Design 4","Design 4: Isolation Buffer","oracle",100,100,TRUE,0.162459563437775,0.000793181235096788,0.000538142457336821,0.000255038777759967,0.028163473420315,0.0159699335552772,0.191074743842039,0.219276559500597,0.270180953125778,0.00231978976921794,0.0028163473420315,0.000373267304163935,0.678460903416549,0.200968728294705,0.201348999625231,0.225204826957645,0.235801052386147,0.176470588235294,0.225106510651065,TRUE,FALSE
"poisson",0.2,2,"queen",0,0.8,"control_only",1,"Design 4","Design 4: Isolation Buffer","oracle",100,100,TRUE,0.161758436601059,0.000775574277492954,0.00054016675955511,0.000235407517937845,0.027849134232377,0.0153429957289261,0.194115127648009,0.215516820299083,0.305578732252353,0.00232414878946058,0.0027849134232377,0.000202617068562157,0.69647327822836,0.200707046662646,0.210077348210746,0.226091378328488,0.243653244061833,0.111111111111111,0.0261146114611461,TRUE,FALSE
"poisson",0.5,2,"queen",0,0.8,"control_only",1,"Design 4","Design 4: Isolation Buffer","oracle",100,100,TRUE,0.159264163388096,0.000766010143174237,0.000528917456673931,0.000237092686500306,0.0276768882494806,0.0153978143416625,0.192865575499378,0.212854280742682,0.233229464134328,0.00229982055098638,0.00276768882494806,0.000291119090525675,0.690483620076063,0.207779005454506,0.20002777233763,0.229446388169952,0.222234080175405,0.111111111111111,0.247236723672367,TRUE,FALSE
"iid",0,1,"queen",0.5,0.8,"control_only",1,"Design 4","Design 4: Isolation Buffer","oracle",100,100,TRUE,0.162951332393647,0.000702486349594201,0.00053956098484528,0.000162925364748921,0.0265044590511522,0.012764222058117,0.198570683952956,0.220578018757404,0.244679148084466,0.0023228452054437,0.00265044590511521,0.000190431650001673,0.768073265988675,0.201330003620797,0.211544387612036,0.229710149081831,0.233056918558163,0.111111111111111,0.076963696369637,TRUE,FALSE
"spatial",0.2,1,"queen",0.5,0.8,"control_only",1,"Design 4","Design 4: Isolation Buffer","oracle",100,100,TRUE,0.16648519165835,0.000833697747641447,0.000569005462272216,0.000264692285369231,0.0288738246105612,0.0162693664710471,0.203849604627997,0.221952527447306,0.260784695088011,0.00238538353786601,0.00288738246105612,0.000240124978946346,0.682508095868014,0.21028157147764,0.207884040853403,0.232278900536369,0.245357859771569,0.111111111111111,0.132649264926493,TRUE,FALSE
"spatial",0.5,1,"queen",0.5,0.8,"control_only",1,"Design 4","Design 4: Isolation Buffer","oracle",100,100,TRUE,0.166776253008854,0.000927992748629526,0.000562283087418375,0.000365709661211151,0.0304629734042743,0.0191235368384394,0.209918592618959,0.224418957323666,0.25392333807465,0.00237125090915823,0.00304629734042743,0.000441552449437449,0.605913233965205,0.219703636744247,0.22418528555724,0.237327556982517,0.248055758745957,0.176470588235294,0.301434143414341,TRUE,FALSE
"poisson",0.2,1,"queen",0.5,0.8,"control_only",1,"Design 4","Design 4: Isolation Buffer","oracle",100,100,TRUE,0.166747628864684,0.000849335627352285,0.000550408499585418,0.000298927127766868,0.0291433633500371,0.0172895091823588,0.199242705725345,0.226717100236938,0.257045990181114,0.00234607864229957,0.00291433633500371,0.000221796996077615,0.648045933621386,0.221868878738084,0.205199719076657,0.253966727627727,0.22847076942497,0.111111111111111,0.0850645064506451,TRUE,FALSE
"poisson",0.5,1,"queen",0.5,0.8,"control_only",1,"Design 4","Design 4: Isolation Buffer","oracle",100,100,TRUE,0.165652154316918,0.000731273620931113,0.000580119809116456,0.000151153811814656,0.0270420713136238,0.0122944626484713,0.200828860797975,0.216181981635767,0.23401823443768,0.00240856764305356,0.00270420713136238,0.000245374049471861,0.79330060939133,0.220555686585978,0.212638046710343,0.240358641794155,0.226403767539212,0.111111111111111,0.202544254425443,TRUE,FALSE
"iid",0,2,"queen",0.5,0.8,"control_only",1,"Design 4","Design 4: Isolation Buffer","oracle",100,100,TRUE,0.162029423909726,0.000723465353237251,0.000560988207478533,0.000162477145758718,0.0268973112640883,0.0127466523353671,0.191301154539345,0.212857586003438,0.261680873485076,0.00236851896230225,0.00268973112640883,0.00014339804571043,0.775418207614655,0.209017441205566,0.203864797001858,0.241550913490988,0.222164494627493,0,0.151707170717072,TRUE,FALSE
"spatial",0.2,2,"queen",0.5,0.8,"control_only",1,"Design 4","Design 4: Isolation Buffer","oracle",100,100,TRUE,0.159456581806202,0.000779236635422906,0.000530405865686431,0.000248830769736475,0.0279148103239643,0.0157743706605517,0.192529700089913,0.215191639757826,0.246149736401872,0.00230305420189459,0.00279148103239643,0.000177753805228894,0.680673676743355,0.193932408037578,0.20770347094137,0.220776679675943,0.243028931890882,0.176470588235294,0.158223822382238,TRUE,FALSE
"spatial",0.5,2,"queen",0.5,0.8,"control_only",1,"Design 4","Design 4: Isolation Buffer","oracle",100,100,TRUE,0.168227136463884,0.000699062849537447,0.000579937779026307,0.000119125070511139,0.0264397967000022,0.0109144432066477,0.199898361039981,0.217888480995293,0.247662217637552,0.00240818973302833,0.00264397967000022,0.000156949900037938,0.829593189525146,0.212060337498506,0.207218829233827,0.241267546158717,0.234934503517611,0.111111111111111,0.137029702970297,TRUE,FALSE
"poisson",0.2,2,"queen",0.5,0.8,"control_only",1,"Design 4","Design 4: Isolation Buffer","oracle",100,100,TRUE,0.166174997409697,0.000965113791950467,0.000559609599529696,0.000405504192420771,0.031066280626275,0.0201371346626269,0.201995535653692,0.226728299681363,0.290283990945165,0.0023656068978799,0.0031066280626275,0.000344803696719614,0.579837946775936,0.219337525704574,0.213592590419899,0.241709365952604,0.241201795328187,0.111111111111111,0.169168916891689,TRUE,FALSE
"poisson",0.5,2,"queen",0.5,0.8,"control_only",1,"Design 4","Design 4: Isolation Buffer","oracle",100,100,TRUE,0.166859781796932,0.000969238103736709,0.000599435144991313,0.000369802958745396,0.0311325890946562,0.0192302615360633,0.210569207905495,0.229869639365052,0.276388770524135,0.00244833646583004,0.00311325890946562,0.000353360495485332,0.618460152031072,0.223581405713016,0.211473758437132,0.24928286097056,0.234721332769928,0.111111111111111,0.192691269126913,TRUE,FALSE
"iid",0,1,"queen",0,0.5,"both",1,"Design 4","Design 4: Isolation Buffer","oracle",100,100,TRUE,0.156809550314713,0.000761637868566321,0.000494761366695294,0.000266876501871026,0.027597787385338,0.0163363552199083,0.186039943675632,0.211545784394296,0.266774341365558,0.00222432319300792,0.0027597787385338,0.000287405639521768,0.649601847695172,0.20783026956607,0.194022998316556,0.237246376422367,0.214953505131016,0.111111111111111,0.154743474347435,TRUE,FALSE
"spatial",0.2,1,"queen",0,0.5,"both",1,"Design 4","Design 4: Isolation Buffer","oracle",100,100,TRUE,0.159208556256423,0.000500074371665875,0.000496350236608404,3.72413505747061e-06,0.0223623427141674,0.00192980181818512,0.185227409197666,0.195793016308576,0.210388483668643,0.00222789191077216,0.00223623427141674,5.01137534716814e-05,0.992552837600806,0.197348600921766,0.20043400633485,0.217157070924362,0.214328586710656,0,0.0763996399639964,TRUE,FALSE
"spatial",0.5,1,"queen",0,0.5,"both",1,"Design 4","Design 4: Isolation Buffer","oracle",100,100,TRUE,0.163825889495444,0.00063895787259208,0.000545745241210416,9.32126313816641e-05,0.0252776160385445,0.00965466889031748,0.193258153501866,0.207930133496407,0.229129140742605,0.00233611909202082,0.00252776160385445,6.39016964647239e-05,0.854117719837263,0.207060062087931,0.209936814839375,0.232682628129721,0.227060364663315,0.0526315789473684,0.0501890189018902,TRUE,FALSE
"poisson",0.2,1,"queen",0,0.5,"both",1,"Design 4","Design 4: Isolation Buffer","oracle",100,100,TRUE,0.158154209590613,0.000834798587389175,0.000530428957582644,0.00030436962980653,0.028892881258005,0.0174461924157259,0.200552803342158,0.21307934384141,0.230360921112057,0.00230310433455075,0.0028892881258005,0.000276208623018155,0.635397526535779,0.211516068789259,0.19884541152701,0.232164352682454,0.228143383664471,0.111111111111111,0.195115511551155,TRUE,FALSE
"poisson",0.5,1,"queen",0,0.5,"both",1,"Design 4","Design 4: Isolation Buffer","oracle",100,100,TRUE,0.159526784603007,0.00075078490854837,0.000517876488478556,0.000232908420069814,0.0274004545317841,0.0152613374272969,0.18856210684995,0.216230367547917,0.248754159103299,0.00227568997993698,0.00274004545317841,0.000129140639316636,0.689780098909902,0.21540205310392,0.203916488575143,0.241751208421063,0.221708742543617,0.111111111111111,0.0606540654065407,TRUE,FALSE
"iid",0,2,"queen",0,0.5,"both",1,"Design 4","Design 4: Isolation Buffer","oracle",100,100,TRUE,0.164035505646174,0.000737918868598393,0.00054647182705696,0.000191447041541433,0.0271646621292884,0.0138364389039027,0.195739865762806,0.212124900963876,0.228649411317706,0.00233767368778656,0.00271646621292884,0.000144120296866068,0.740558143058371,0.213230864302725,0.208344559664176,0.237897850568483,0.230028447934213,0,0.0866246624662466,TRUE,FALSE
"spatial",0.2,2,"queen",0,0.5,"both",1,"Design 4","Design 4: Isolation Buffer","oracle",100,100,TRUE,0.161743035243713,0.000597960428985957,0.00049501012958439,0.000102950299401567,0.0244532294183398,0.0101464426969045,0.193860863040455,0.207739128013128,0.227982742909689,0.00222488231056025,0.00244532294183398,5.70291818159661e-05,0.827830915874894,0.208752815318428,0.207280514839234,0.227472003497669,0.224903145119892,0,0.052013201320132,TRUE,FALSE
"spatial",0.5,2,"queen",0,0.5,"both",1,"Design 4","Design 4: Isolation Buffer","oracle",100,100,TRUE,0.158764033572303,0.000653782000303588,0.000522927157455919,0.000130854842847669,0.0255691611184956,0.0114391801650149,0.186620264364362,0.205455147506047,0.271463483666044,0.00228676006055712,0.00255691611184956,8.57483131560651e-05,0.799849425669557,0.200393398645728,0.202941121116609,0.212971118583381,0.237862624119396,0.176470588235294,0.0501530153015302,TRUE,FALSE
"poisson",0.2,2,"queen",0,0.5,"both",1,"Design 4","Design 4: Isolation Buffer","oracle",100,100,TRUE,0.160010910859349,0.000829338737328476,0.000528707223721642,0.000300631513606834,0.0287982419138474,0.0173387287194544,0.199447928239301,0.214711972220446,0.230059265598275,0.00229936344174131,0.00287982419138474,0.000297202333471824,0.637504556250141,0.211837204766828,0.205305975092885,0.235536381517243,0.222584088350529,0.0526315789473684,0.20957695769577,TRUE,FALSE
"poisson",0.5,2,"queen",0,0.5,"both",1,"Design 4","Design 4: Isolation Buffer","oracle",100,100,TRUE,0.159754360361571,0.000946690426611157,0.000504266399074335,0.000442424027536822,0.0307683348040019,0.0210338780907569,0.201923023173219,0.21878860202962,0.262183822567357,0.00224558767157806,0.00307683348040019,0.000370697405620907,0.532662404625179,0.211193444838407,0.218900655100485,0.228726901538319,0.239800869705479,0.111111111111111,0.1995199519952,TRUE,FALSE
"iid",0,1,"queen",0.5,0.5,"both",1,"Design 4","Design 4: Isolation Buffer","oracle",100,100,TRUE,0.161288271087231,0.000766112767852213,0.000538663960408802,0.000227448807443411,0.027678742165283,0.0150814060167947,0.192214038572699,0.214110530930841,0.231769313870037,0.00232091352792128,0.0027678742165283,0.000111799732864226,0.703113148628158,0.214155074960804,0.204909999758401,0.231521207922881,0.227263348187776,0.111111111111111,0.0884608460846085,TRUE,FALSE
"spatial",0.2,1,"queen",0.5,0.5,"both",1,"Design 4","Design 4: Isolation Buffer","oracle",100,100,TRUE,0.163944096523975,0.000498710997494126,0.000532873190492345,-3.41621929982186e-05,0.0223318382023094,NA,0.190887040572593,0.202991578989254,0.231236518173519,0.00230840462331097,0.00223318382023094,4.89568952417918e-07,1.06850098187101,0.205743598958418,0.20501872841431,0.215802137231126,0.22772198017556,0.0526315789473684,-0.028046804680468,TRUE,FALSE
"spatial",0.5,1,"queen",0.5,0.5,"both",1,"Design 4","Design 4: Isolation Buffer","oracle",100,100,TRUE,0.159936561169296,0.000749933442622025,0.000514016182005288,0.000235917260616738,0.0273849126823882,0.0153595983221156,0.196856887127718,0.205738879069715,0.22554713235098,0.00226719249735281,0.00273849126823882,0.000285800741763531,0.685415735305936,0.18987043563166,0.212777794432545,0.222527178243676,0.225579299400688,0.0526315789473684,0.264158415841584,TRUE,FALSE
"poisson",0.2,1,"queen",0.5,0.5,"both",1,"Design 4","Design 4: Isolation Buffer","oracle",100,100,TRUE,0.163118954733878,0.00104439963948114,0.000571171151715558,0.000473228487765578,0.0323171725168081,0.0217538154760396,0.210394273229719,0.226182014618737,0.27403520376224,0.00238991872605651,0.00323171725168081,0.000467287315589015,0.546889456989203,0.221760982203614,0.205447398949923,0.248145762813075,0.240800100416821,0.111111111111111,0.253381338133813,TRUE,FALSE
"poisson",0.5,1,"queen",0.5,0.5,"both",1,"Design 4","Design 4: Isolation Buffer","oracle",100,100,TRUE,0.166091581256978,0.000880308816711568,0.000544807962953682,0.000335500853757887,0.0296699985964201,0.0183166823895018,0.205918821222998,0.222296012722649,0.241566542209002,0.00233411217158405,0.00296699985964201,0.000364647724659361,0.618882774557269,0.207684814726644,0.211850359149842,0.236368673183847,0.236943280001499,0.111111111111111,0.268442844284428,TRUE,FALSE
"iid",0,2,"queen",0.5,0.5,"both",1,"Design 4","Design 4: Isolation Buffer","oracle",100,100,TRUE,0.168696141260758,0.000503116787085632,0.000584098233282256,-8.09814461966244e-05,0.0224302649802813,NA,0.197085834506822,0.208744321603804,0.227522324966561,0.00241681243227987,0.00224302649802813,-0.000124179811481518,1.16095953916728,0.208320969793959,0.216034597123478,0.226889314902159,0.237901749278941,0,-0.0794719471947195,TRUE,FALSE
"spatial",0.2,2,"queen",0.5,0.5,"both",1,"Design 4","Design 4: Isolation Buffer","oracle",100,100,TRUE,0.16180806483955,0.000886241072282113,0.00050785212881859,0.000378388943463523,0.0297698013477099,0.0194522220700753,0.195848720140193,0.217746914108128,0.285505834347239,0.0022535574739034,0.00297698013477099,0.000414512243275149,0.57304061468382,0.213344076643622,0.206510046850908,0.232086094355934,0.233842589013159,0.111111111111111,0.238019801980198,TRUE,FALSE
"spatial",0.5,2,"queen",0.5,0.5,"both",1,"Design 4","Design 4: Isolation Buffer","oracle",100,100,TRUE,0.166122919093219,0.000889487097525017,0.000556403198880909,0.000333083898644108,0.0298242702764882,0.0182505862548058,0.200027531711908,0.221561806212627,0.265972915665851,0.00235882004163291,0.00298242702764882,0.000404770181029751,0.625532624845365,0.214677394667965,0.216184243108885,0.234604729184707,0.231741993748348,0.25,0.245112511251125,TRUE,FALSE
"poisson",0.2,2,"queen",0.5,0.5,"both",1,"Design 4","Design 4: Isolation Buffer","oracle",100,100,TRUE,0.162012338527572,0.000789184156713401,0.000527373004548568,0.000261811152164833,0.0280924216954217,0.0161805794755575,0.19711851415832,0.219746033816832,0.25787350395455,0.00229646032961288,0.00280924216954217,0.00029337072047042,0.668250876632953,0.210609813133346,0.202698129797273,0.236701543742673,0.236128868997845,0.111111111111111,0.154695469546955,TRUE,FALSE
"poisson",0.5,2,"queen",0.5,0.5,"both",1,"Design 4","Design 4: Isolation Buffer","oracle",100,100,TRUE,0.164886572614629,0.000842703923243525,0.000588541332895505,0.000254162590348021,0.0290293631215624,0.0159424775473582,0.194976472254616,0.220926745816506,0.262223587197484,0.00242598708342708,0.00290293631215624,0.000317107621989025,0.698396336675684,0.208380802171847,0.216680153475074,0.229468515830696,0.239466423346724,0.111111111111111,0.233315331533153,TRUE,FALSE
"iid",0,1,"queen",0,0.8,"both",1,"Design 4","Design 4: Isolation Buffer","oracle",100,100,TRUE,0.159345402978377,0.000779715364569458,0.000515151501344544,0.000264563863224914,0.0279233838309303,0.0162654192452858,0.194203752984785,0.214173834529442,0.236113973363803,0.00226969491638093,0.00279233838309303,0.000244379947692723,0.660691740541755,0.198427549831466,0.217053775693076,0.220978298090684,0.239762089242482,0.111111111111111,0.216345634563456,TRUE,FALSE
"spatial",0.2,1,"queen",0,0.8,"both",1,"Design 4","Design 4: Isolation Buffer","oracle",100,100,TRUE,0.158566595430146,0.000527319282482088,0.000513160516866911,1.4158765615177e-05,0.0229634335952202,0.00376281352383784,0.192093764881046,0.206346172028663,0.234317545405998,0.00226530465250683,0.00229634335952202,-1.58791389665199e-05,0.973149539405174,0.208651019551236,0.195639511161385,0.227088913810269,0.213858379789169,0.176470588235294,-0.0778997899789979,TRUE,FALSE
"spatial",0.5,1,"queen",0,0.8,"both",1,"Design 4","Design 4: Isolation Buffer","oracle",100,100,TRUE,0.15910248702459,0.000790314547852729,0.000517655670793262,0.000272658877059467,0.0281125336434255,0.0165123855653708,0.196951609424589,0.212030306262569,0.240927761474778,0.0022752047617594,0.00281125336434255,0.000387294735252123,0.65499954695219,0.20518766120874,0.205405794819998,0.228627922102981,0.226469004969808,0.0526315789473684,0.335049504950495,TRUE,FALSE
"poisson",0.2,1,"queen",0,0.8,"both",1,"Design 4","Design 4: Isolation Buffer","oracle",100,100,TRUE,0.162724751806784,0.000756969210954945,0.000537477120691303,0.000219492090263642,0.0275130734552675,0.0148152654469517,0.198827131293517,0.220703593467265,0.260398790644169,0.00231835528056272,0.00275130734552675,0.000245384629945523,0.710038285458474,0.209498257748012,0.200324815110876,0.236550861900776,0.226452717987891,0.176470588235294,0.0760876087608761,TRUE,FALSE
"poisson",0.5,1,"queen",0,0.8,"both",1,"Design 4","Design 4: Isolation Buffer","oracle",100,100,TRUE,0.160282144563974,0.000596061594246138,0.000517396616187688,7.86649780584493e-05,0.0244143726981903,0.00886932793724808,0.192899312695232,0.208540237131285,0.231497427229103,0.0022746353909752,0.00244143726981903,2.30005352985988e-05,0.868025420832657,0.199148629665837,0.208807097182567,0.219640560000456,0.234183795889046,0.0526315789473684,0.0148454845484548,TRUE,FALSE
"iid",0,2,"queen",0,0.8,"both",1,"Design 4","Design 4: Isolation Buffer","oracle",100,100,TRUE,0.163212599116593,0.000878394239149493,0.000540437379943282,0.00033795685920621,0.029637716496881,0.0183836029984933,0.20568838257797,0.217962432215286,0.246280957648144,0.00232473090903718,0.0029637716496881,0.000389631929091103,0.615256061408784,0.206819753879515,0.214082679676177,0.227128536461984,0.237829442209993,0.111111111111111,0.29012901290129,TRUE,FALSE
"spatial",0.2,2,"queen",0,0.8,"both",1,"Design 4","Design 4: Isolation Buffer","oracle",100,100,TRUE,0.158247169599309,0.000673601628104247,0.000521229299718952,0.000152372328385295,0.0259538364814192,0.0123439186802771,0.185338305580898,0.212792708977707,0.255861483875466,0.00228304467700252,0.00259538364814192,0.000192499783131015,0.773794596052085,0.198907041192973,0.206794972538063,0.227010848947425,0.228184346584162,0.176470588235294,0.13050105010501,TRUE,FALSE
"spatial",0.5,2,"queen",0,0.8,"both",1,"Design 4","Design 4: Isolation Buffer","oracle",100,100,TRUE,0.160881859619433,0.000709184897995228,0.000530306491530679,0.000178878406464548,0.0266305256800392,0.0133745432245198,0.19785770984464,0.210220631009476,0.226176750378462,0.0023028384475049,0.00266305256800392,0.000229016283555014,0.74776901345444,0.206162036323282,0.197536346873669,0.226324245904865,0.216184372705333,0.176470588235294,0.188070807080708,TRUE,FALSE
"poisson",0.2,2,"queen",0,0.8,"both",1,"Design 4","Design 4: Isolation Buffer","oracle",100,100,TRUE,0.16204093518858,0.000578395054706971,0.000531890845575278,4.65042091316928e-05,0.024049845211705,0.00681939947001881,0.194372961307701,0.210079597525291,0.232065657451947,0.00230627588457079,0.0024049845211705,3.72493232595871e-05,0.919597844495311,0.198880385586942,0.212724889599189,0.217820942886833,0.235337400211032,0.0526315789473684,-0.0388238823882388,TRUE,FALSE
"poisson",0.5,2,"queen",0,0.8,"both",1,"Design 4","Design 4: Isolation Buffer","oracle",100,100,TRUE,0.157817447889606,0.000661396486573539,0.000493432020037813,0.000167964466535726,0.0257176298786171,0.0129601105911843,0.191226014766385,0.204074661767093,0.221238696008169,0.00222133297827636,0.00257176298786171,9.44515159233238e-05,0.746045723033863,0.195405190054796,0.201153748497167,0.227655726876148,0.22405770772871,0.0526315789473684,0.103966396639664,TRUE,FALSE
"iid",0,1,"queen",0.5,0.8,"both",1,"Design 4","Design 4: Isolation Buffer","oracle",100,100,TRUE,0.16455665208482,0.000618406903571997,0.000552619427716619,6.5787475855378e-05,0.0248677884736861,0.00811094790116285,0.198975304364574,0.210559023845741,0.223387081302549,0.00235078588501084,0.00248677884736861,4.49398997126999e-05,0.893617817855232,0.210119886432907,0.207241309727321,0.226346249157153,0.228656214411414,0.0526315789473684,0.0890969096909691,TRUE,FALSE
"spatial",0.2,1,"queen",0.5,0.8,"both",1,"Design 4","Design 4: Isolation Buffer","oracle",100,100,TRUE,0.16293831224123,0.00080309075915284,0.000539191990437185,0.000263898768715655,0.0283388559958379,0.0162449613331536,0.199688781447999,0.220897826473188,0.246088258114292,0.00232205079711273,0.00283388559958379,0.000248331801648331,0.671396083558432,0.20722605880888,0.203680419210411,0.237280069121148,0.235141466588987,0.111111111111111,0.113123312331233,TRUE,FALSE
"spatial",0.5,1,"queen",0.5,0.8,"both",1,"Design 4","Design 4: Isolation Buffer","oracle",100,100,TRUE,0.164544622510337,0.000552735050650354,0.000548251200466647,4.4838501837074e-06,0.0235103179614899,0.00211751037393147,0.19666744910115,0.205662056195161,0.229661679517373,0.00234147645827723,0.00235103179614899,6.73815517172295e-05,0.991887885202084,0.202100287811496,0.210664144775875,0.220462009926014,0.221442799867828,0.0526315789473684,0.0479327932793279,TRUE,FALSE
"poisson",0.2,1,"queen",0.5,0.8,"both",1,"Design 4","Design 4: Isolation Buffer","oracle",100,100,TRUE,0.16460317125351,0.000884830477310523,0.000542796210528476,0.000342034266782047,0.0297461002033968,0.0184941684533814,0.205770433332968,0.221846208178685,0.251933858551967,0.00232979872634628,0.00297461002033968,0.000532538054987511,0.613446557783957,0.19870982773306,0.207872945297667,0.232174541272073,0.240619320569306,0.111111111111111,0.493081308130813,TRUE,FALSE
"poisson",0.5,1,"queen",0.5,0.8,"both",1,"Design 4","Design 4: Isolation Buffer","oracle",100,100,TRUE,0.162740136246313,0.000702689281247572,0.000536170444530408,0.000166518836717163,0.0265082870296738,0.0129042177878848,0.19723694476348,0.209161109138674,0.227695061626275,0.00231553545541935,0.00265082870296738,0.000101852414528162,0.763026360069814,0.217714106796605,0.209510374921511,0.231215456206907,0.226829468294261,0,0.125124512451245,TRUE,FALSE
"iid",0,2,"queen",0.5,0.8,"both",1,"Design 4","Design 4: Isolation Buffer","oracle",100,100,TRUE,0.166735126229028,0.0009221597059216,0.000558576071532359,0.000363583634389241,0.0303670826047153,0.0190678691622646,0.208599776630225,0.222604171046307,0.247115655848474,0.00236342140028468,0.00303670826047153,0.000250235017042652,0.605725958253752,0.229175160015165,0.213840909811435,0.250447374666189,0.237349593492015,0.0526315789473684,0.178181818181818,TRUE,FALSE
"spatial",0.2,2,"queen",0.5,0.8,"both",1,"Design 4","Design 4: Isolation Buffer","oracle",100,100,TRUE,0.166923146789222,0.000966725862837746,0.000554760786131642,0.000411965076706104,0.0310922154700778,0.0202969228383542,0.202245807399492,0.228125953813614,0.296130781108901,0.00235533603999863,0.00310922154700778,0.000412693701092712,0.573855326993307,0.212302338376712,0.220876191145819,0.246300725437022,0.248502934529502,0.111111111111111,0.183078307830783,TRUE,FALSE
"spatial",0.5,2,"queen",0.5,0.8,"both",1,"Design 4","Design 4: Isolation Buffer","oracle",100,100,TRUE,0.169158159872174,0.000795256729833107,0.000571556296331133,0.000223700433501974,0.0282002966266865,0.0149566183845806,0.210359293852613,0.221688641074834,0.232682358949922,0.0023907243595428,0.00282002966266865,0.00022465718839829,0.718706645149774,0.228423482668251,0.214226029964889,0.245613548480473,0.225176604903977,0,0.167044704470447,TRUE,FALSE
"poisson",0.2,2,"queen",0.5,0.8,"both",1,"Design 4","Design 4: Isolation Buffer","oracle",100,100,TRUE,0.160907311729725,0.000762928608103782,0.000519731938120634,0.000243196669983148,0.0276211623235479,0.0155947641849163,0.194691386952399,0.211664063032205,0.230767357731672,0.00227976300987764,0.00276211623235479,0.000239557816139077,0.681232729511087,0.211601460475043,0.202373948935832,0.238971393487387,0.214120258854498,0.0526315789473684,0.173897389738974,TRUE,FALSE
"poisson",0.5,2,"queen",0.5,0.8,"both",1,"Design 4","Design 4: Isolation Buffer","oracle",100,100,TRUE,0.166915078600575,0.000749077147929837,0.000569176463340744,0.000179900684589093,0.0273692737925184,0.0134127060874789,0.20189985550716,0.221640592065745,0.245391221923609,0.00238574194610554,0.00273692737925184,0.00020727917331043,0.759836907204725,0.203573298966534,0.207127737649133,0.232390385759076,0.238060932121212,0.0526315789473684,0.0946774677467747,TRUE,FALSE
"iid",0,1,"queen",0,0.5,"control_only",1,"Design 5","Design 5: 2x2 Blocking","oracle",100,100,TRUE,0.576043923389978,0.0233899049862063,0.00721255182947,0.0161773531567363,0.152937585263421,0.127190224297059,0.778468149897461,0.881721107286614,1.01215545573621,0.00849267439000813,0.0152937585263421,0.0167239396842495,0.308361741260747,0.873591968708259,0.833954185736352,0.91391647137326,0.924616259780496,0.25,0.556327632763276,TRUE,FALSE
"spatial",0.2,1,"queen",0,0.5,"control_only",1,"Design 5","Design 5: 2x2 Blocking","oracle",100,100,TRUE,0.572708024818641,0.025937862454237,0.00681247483410773,0.0191253876201293,0.161052359356319,0.138294568295828,0.813218572193149,0.924403497503071,1.10580947775457,0.00825377176453755,0.0161052359356319,0.0188856628762518,0.262645961907123,0.840281285511243,0.830867835962948,0.929360265552259,0.956313871374583,0.333333333333333,0.453261326132613,TRUE,FALSE
"spatial",0.5,1,"queen",0,0.5,"control_only",1,"Design 5","Design 5: 2x2 Blocking","oracle",100,100,TRUE,0.58819681397268,0.0326129430189984,0.0071387410731009,0.0254742019458975,0.180590539671929,0.159606396945415,0.84072297302286,0.98818133369459,1.23759773615344,0.00844910709667056,0.0180590539671929,0.0235745882010496,0.21889288154529,0.874617327316673,0.822666209576057,1.12086458328261,0.930656336173101,0.25,0.46965496549655,TRUE,FALSE
"poisson",0.2,1,"queen",0,0.5,"control_only",1,"Design 5","Design 5: 2x2 Blocking","oracle",100,100,TRUE,0.585339441281762,0.0257511437270355,0.00711326804899925,0.0186378756780363,0.160471629040885,0.136520605324018,0.819741399422647,0.905159870507535,1.05266306645471,0.00843401923699445,0.0160471629040885,0.0188092772252805,0.276231150134555,0.833691636885384,0.833954206607037,0.932707788455469,0.954120789394782,0.25,0.519159915991599,TRUE,FALSE
"poisson",0.5,1,"queen",0,0.5,"control_only",1,"Design 5","Design 5: 2x2 Blocking","oracle",100,100,TRUE,0.585287567950411,0.0294734007494777,0.0075052666538114,0.0219681340956663,0.171678189498485,0.148216510874013,0.767199127080345,0.960887706839838,1.44401068069612,0.0086632942082163,0.0171678189498485,0.022124862364832,0.254645424788464,0.775648386423072,0.819754613380942,1.0072052706879,0.987635387252945,0.25,0.466426642664266,TRUE,FALSE
"iid",0,2,"queen",0,0.5,"control_only",1,"Design 5","Design 5: 2x2 Blocking","oracle",100,100,TRUE,0.610746257454727,0.0237587819397294,0.0078111452313073,0.0159476367084221,0.154138839815698,0.12628395269559,0.843813857133157,0.923466892621819,0.982667456258945,0.00883806835870107,0.0154138839815698,0.0166880995381056,0.328768758058489,0.831182573567385,0.807070754484186,0.964570471155135,0.956779713823859,0.176470588235294,0.548262826282628,TRUE,FALSE
"spatial",0.2,2,"queen",0,0.5,"control_only",1,"Design 5","Design 5: 2x2 Blocking","oracle",100,100,TRUE,0.581897616395599,0.0252836294715461,0.00704903581250012,0.018234593659046,0.15900826856345,0.135035527395741,0.808334777824794,0.890617907953203,1.07562002771213,0.00839585362693998,0.015900826856345,0.0173804632752231,0.278798414619746,0.805805280565527,0.84890850891716,0.927420141986413,0.975278415173089,0.111111111111111,0.582790279027903,TRUE,FALSE
"spatial",0.5,2,"queen",0,0.5,"control_only",1,"Design 5","Design 5: 2x2 Blocking","oracle",100,100,TRUE,0.57684403430535,0.0269685571922435,0.00684632071464504,0.0201222364775985,0.164221061962964,0.14185286912008,0.786236442693404,0.925032110591578,1.06656502606804,0.00827424964250236,0.0164221061962964,0.0213873574274432,0.253863069716392,0.77813463036687,0.831153955780039,0.943218415009097,0.95218686699888,0.428571428571429,0.589270927092709,TRUE,FALSE
"poisson",0.2,2,"queen",0,0.5,"control_only",1,"Design 5","Design 5: 2x2 Blocking","oracle",100,100,TRUE,0.566909563361119,0.0255757169592444,0.00668809967022843,0.018887617289016,0.159924097493919,0.137432227985346,0.780513585375133,0.901097836614179,1.21032275040078,0.00817808025775513,0.0159924097493919,0.0198874132110987,0.261501942678131,0.807101816132935,0.755671652514836,0.956992842783008,0.893343278212847,0.333333333333333,0.58995499549955,TRUE,FALSE
"poisson",0.5,2,"queen",0,0.5,"control_only",1,"Design 5","Design 5: 2x2 Blocking","oracle",100,100,TRUE,0.576590669380073,0.0242262475010111,0.00686414509294768,0.0173621024080634,0.155647831661771,0.131765330827435,0.809013319247774,0.883502700559251,1.01146288063784,0.00828501363483952,0.0155647831661771,0.015106462917852,0.283335051896138,0.798457481698563,0.821131780782406,0.917490783817073,0.96262062064285,0.111111111111111,0.484068406840684,TRUE,FALSE
"iid",0,1,"queen",0.5,0.5,"control_only",1,"Design 5","Design 5: 2x2 Blocking","oracle",100,100,TRUE,0.558422900043531,0.0188431845824184,0.00665651028213318,0.0121866743002853,0.137270479646639,0.110393271082459,0.744769919932073,0.837582220363377,0.963580247421443,0.00815874394875411,0.0137270479646639,0.013034685604183,0.353258243213518,0.759128851189805,0.787991001234663,0.871493187413853,0.898824230633819,0.25,0.558139813981398,TRUE,FALSE
"spatial",0.2,1,"queen",0.5,0.5,"control_only",1,"Design 5","Design 5: 2x2 Blocking","oracle",100,100,TRUE,0.579819258702059,0.0206800355325044,0.00711880438740541,0.0135612311450989,0.143805547641613,0.116452699174811,0.747482043127402,0.870225956395343,1.13524886150626,0.00843730074573937,0.0143805547641613,0.0137454706393174,0.344235597478363,0.784229577987977,0.804148987891377,0.916821126590348,0.923565771056808,0.176470588235294,0.442772277227723,TRUE,FALSE
"spatial",0.5,1,"queen",0.5,0.5,"control_only",1,"Design 5","Design 5: 2x2 Blocking","oracle",100,100,TRUE,0.57396289321212,0.0322014923767732,0.00710197676108109,0.0250995156156921,0.179447742746386,0.158428266466853,0.838376833943091,0.951386247040223,1.32157802040236,0.00842732268343932,0.0179447742746386,0.0269674695133658,0.220548062741456,0.814742045118781,0.813925907161841,1.02517420654273,0.931842823467246,0.428571428571429,0.650573057305731,TRUE,FALSE
"poisson",0.2,1,"queen",0.5,0.5,"control_only",1,"Design 5","Design 5: 2x2 Blocking","oracle",100,100,TRUE,0.588391944039304,0.0325900337132492,0.00771590594374314,0.0248741277695061,0.180527099664425,0.157715337775075,0.788043175886319,0.985938071765488,1.4170846270934,0.00878402296430465,0.0180527099664425,0.0244104646232691,0.236756611288999,0.810234656776335,0.864107815043934,0.963446502192593,1.06355886431973,0.428571428571429,0.462862286228623,TRUE,FALSE
"poisson",0.5,1,"queen",0.5,0.5,"control_only",1,"Design 5","Design 5: 2x2 Blocking","oracle",100,100,TRUE,0.56663569131721,0.0251537084997589,0.00704412797239169,0.0181095805273672,0.1585992071221,0.134571841509906,0.788052739869047,0.90841941837204,1.0528796387877,0.0083929303418959,0.01585992071221,0.0178981165069926,0.28004331736846,0.792662282615207,0.857105174711623,0.954791209444166,0.958334076989041,0.333333333333333,0.467218721872187,TRUE,FALSE
"iid",0,2,"queen",0.5,0.5,"control_only",1,"Design 5","Design 5: 2x2 Blocking","oracle",100,100,TRUE,0.571201222722983,0.0263886927595733,0.00696008711016183,0.0194286056494114,0.162445968739065,0.139386533242675,0.7575420098546,0.88871049083786,1.45879416388085,0.00834271365333956,0.0162445968739065,0.0194695493415934,0.263752629718153,0.800606970533522,0.787441975070761,0.97347680531932,0.914497144454263,0.111111111111111,0.522184218421842,TRUE,FALSE
"spatial",0.2,2,"queen",0.5,0.5,"control_only",1,"Design 5","Design 5: 2x2 Blocking","oracle",100,100,TRUE,0.617978383283576,0.0422776124893554,0.00833738908651172,0.0339402234028436,0.205615204907992,0.184228725780872,0.852929781120898,1.06228317341713,1.41739626474176,0.00913093044903515,0.0205615204907992,0.0340741105456661,0.197205769096136,0.864626141628004,0.879554005577849,1.0619065149328,1.12976162915614,0.333333333333333,0.674419441944194,TRUE,FALSE
"spatial",0.5,2,"queen",0.5,0.5,"control_only",1,"Design 5","Design 5: 2x2 Blocking","oracle",100,100,TRUE,0.60354318820254,0.0215764527475403,0.00789489064950041,0.0136815620980399,0.146889253342579,0.116968209775306,0.793237544236862,0.890770835510828,1.06681636159773,0.00888531971822084,0.0146889253342579,0.0142283694218871,0.365903086196614,0.786258518546061,0.863882567035397,0.88716824702661,0.975772022025327,0.111111111111111,0.483636363636364,TRUE,FALSE
"poisson",0.2,2,"queen",0.5,0.5,"control_only",1,"Design 5","Design 5: 2x2 Blocking","oracle",100,100,TRUE,0.61131621091549,0.0347701603920832,0.00823397607164146,0.0265361843204418,0.186467585365616,0.162899307304978,0.883933545914196,1.0144262955793,1.2977691895206,0.00907412589269152,0.0186467585365616,0.0283431107447717,0.236811564249104,0.879243707590687,0.826899016000242,1.09987663072708,0.986208289297346,0.428571428571429,0.653369336933693,TRUE,FALSE
"poisson",0.5,2,"queen",0.5,0.5,"control_only",1,"Design 5","Design 5: 2x2 Blocking","oracle",100,100,TRUE,0.596521174614923,0.0321466603934323,0.00764604095693547,0.0245006194364969,0.179294897845511,0.156526737129785,0.88170557536873,0.985735154318698,1.11273729798114,0.00874416431509351,0.0179294897845511,0.0258566265054791,0.237848686717628,0.89991957509442,0.868039077781752,1.00470130104543,1.02140524395024,0.428571428571429,0.582070207020702,TRUE,FALSE
"iid",0,1,"queen",0,0.8,"control_only",1,"Design 5","Design 5: 2x2 Blocking","oracle",100,100,TRUE,0.578104081233799,0.0260600791283116,0.00664353218658558,0.019416546941726,0.161431344937443,0.139343270170202,0.816508711895303,0.931155738453832,1.22643447704198,0.00815078657957965,0.0161431344937443,0.0203135010655076,0.254931389650619,0.793014877289595,0.816326311697292,0.922599236134857,0.984436479352803,0.428571428571429,0.578637863786379,TRUE,FALSE
"spatial",0.2,1,"queen",0,0.8,"control_only",1,"Design 5","Design 5: 2x2 Blocking","oracle",100,100,TRUE,0.56528500724837,0.0226266042760344,0.0067045242750351,0.0159220800009993,0.150421422264365,0.126182724653572,0.744439826081396,0.870127807992464,0.944969826772213,0.00818811594631824,0.0150421422264365,0.0149214897669818,0.296311554011505,0.766167533457327,0.767542596792171,0.91994820116043,0.925059029240161,0.25,0.513075307530753,TRUE,FALSE
"spatial",0.5,1,"queen",0,0.8,"control_only",1,"Design 5","Design 5: 2x2 Blocking","oracle",100,100,TRUE,0.582064907762474,0.0261622069630324,0.0071386873542844,0.019023519608748,0.161747355350968,0.137925775722843,0.746634032420826,0.892198086545734,1.59039465518133,0.00844907530696963,0.0161747355350968,0.0209300135218396,0.272862582440827,0.769383878410519,0.755994996685259,0.969254214519801,0.907138592609364,0.176470588235294,0.583726372637264,TRUE,FALSE
"poisson",0.2,1,"queen",0,0.8,"control_only",1,"Design 5","Design 5: 2x2 Blocking","oracle",100,100,TRUE,0.576166923267784,0.0178552389149251,0.00683023796777065,0.0110250009471545,0.13362349686685,0.105000004510259,0.762210006153892,0.858408940172211,1.03487320209943,0.0082645253752231,0.013362349686685,0.0103220212947488,0.382534112274537,0.79391700792133,0.762162382040567,0.915805454651617,0.919550282477018,0.25,0.356759675967597,TRUE,FALSE
"poisson",0.5,1,"queen",0,0.8,"control_only",1,"Design 5","Design 5: 2x2 Blocking","oracle",100,100,TRUE,0.572869915203748,0.0218872662967825,0.00677969429406124,0.0151075720027213,0.147943456417587,0.122912863455056,0.762084464320986,0.86891854447341,1.14834739177432,0.00823388990335749,0.0147943456417587,0.0156149434073584,0.30975518834245,0.780524047464578,0.800872420797115,0.879368814623605,0.951194484489415,0.333333333333333,0.516339633963396,TRUE,FALSE
"iid",0,2,"queen",0,0.8,"control_only",1,"Design 5","Design 5: 2x2 Blocking","oracle",100,100,TRUE,0.573499595025546,0.0283611527700255,0.0070374486945664,0.021323704075459,0.168407698072343,0.146026381436571,0.788315715402329,0.893147072615947,1.13028818228979,0.00838895028866329,0.0168407698072343,0.0220968248945812,0.248136905845527,0.81897906695279,0.823868962106586,0.956853545533865,0.937920317124733,0.176470588235294,0.675655565556556,TRUE,FALSE
"spatial",0.2,2,"queen",0,0.8,"control_only",1,"Design 5","Design 5: 2x2 Blocking","oracle",100,100,TRUE,0.534683753612219,0.0198236424864825,0.00649006232443975,0.0133335801620427,0.140796457648914,0.115471122632642,0.736915375380434,0.820628138389561,0.905011414869936,0.00805609230609962,0.0140796457648914,0.0131353574800966,0.327390000544312,0.714737558245504,0.819894185663936,0.847030688171195,0.892282485162592,0.176470588235294,0.45963396339634,TRUE,FALSE
"spatial",0.5,2,"queen",0,0.8,"control_only",1,"Design 5","Design 5: 2x2 Blocking","oracle",100,100,TRUE,0.595262426060253,0.039380783172706,0.00743247773275553,0.0319483054399505,0.198445920020307,0.178740889110328,0.827482491313141,1.0576846377028,1.41720541007128,0.00862118189853081,0.0198445920020307,0.0327705278387625,0.188733619140079,0.834756853712097,0.81498842722043,1.0195296739586,1.14798466378626,0.428571428571429,0.642844284428443,TRUE,FALSE
"poisson",0.2,2,"queen",0,0.8,"control_only",1,"Design 5","Design 5: 2x2 Blocking","oracle",100,100,TRUE,0.559455272972399,0.0244268230570211,0.00646274685044763,0.0179640762065735,0.156290828448189,0.134030131711393,0.759101858112615,0.868438924520529,1.10303013681323,0.00803912112761565,0.0156290828448189,0.0194908164678066,0.264575824509034,0.748415252178811,0.755667102654145,0.88881682391055,0.912443561301246,0.25,0.622358235823582,TRUE,FALSE
"poisson",0.5,2,"queen",0,0.8,"control_only",1,"Design 5","Design 5: 2x2 Blocking","oracle",100,100,TRUE,0.570118891790449,0.0263141346142875,0.00721485381193638,0.0190992808023511,0.162216320431353,0.138200147620584,0.793915846898762,0.894475471312373,1.10423508059281,0.00849402955724571,0.0162216320431353,0.0202763458307868,0.274181686674925,0.802879032073812,0.860664299902058,0.948037408931875,0.940451032033814,0.176470588235294,0.607284728472847,TRUE,FALSE
"iid",0,1,"queen",0.5,0.8,"control_only",1,"Design 5","Design 5: 2x2 Blocking","oracle",100,100,TRUE,0.583939545203107,0.0235670415186441,0.00741724923270847,0.0161497922859356,0.153515606759196,0.127081833028705,0.78467706967079,0.915423651747655,1.07117954071898,0.0086123453441606,0.0153515606759196,0.0168286193241675,0.314729756250509,0.838523659994307,0.79502859114186,0.956148444262299,0.941408713321442,0.428571428571429,0.459369936993699,TRUE,FALSE
"spatial",0.2,1,"queen",0.5,0.8,"control_only",1,"Design 5","Design 5: 2x2 Blocking","oracle",100,100,TRUE,0.606440654311434,0.0289006389588195,0.00770218536176821,0.0211984535970513,0.170001879280258,0.14559688731924,0.80327210326431,0.976571181249613,1.30867131018424,0.00877620952448619,0.0170001879280258,0.0201065596373486,0.266505711958239,0.83501887504878,0.813714767332663,1.02176807479966,1.028307069702,0.176470588235294,0.491521152115212,TRUE,FALSE
"spatial",0.5,1,"queen",0.5,0.8,"control_only",1,"Design 5","Design 5: 2x2 Blocking","oracle",100,100,TRUE,0.58429360591069,0.0283755602458373,0.00742626720251206,0.0209492930433252,0.168450468226827,0.144738706099389,0.834360756584695,0.930090686003442,1.18378032667767,0.00861757924391303,0.0168450468226827,0.0182626401807052,0.261713500567852,0.859404029790349,0.830489789753176,0.978571963585121,1.01496023121325,0.111111111111111,0.538877887788779,TRUE,FALSE
"poisson",0.2,1,"queen",0.5,0.8,"control_only",1,"Design 5","Design 5: 2x2 Blocking","oracle",100,100,TRUE,0.598184087381785,0.0227877554547506,0.00775170556043705,0.0150360498943136,0.150956137519316,0.122621571896276,0.757397345665612,0.903782188185458,1.15554393621825,0.00880437707077397,0.0150956137519316,0.0150534212096853,0.340169771254107,0.792890958076939,0.796607207407542,0.985308252929616,0.935606777457802,0.25,0.425106510651065,TRUE,FALSE
"poisson",0.5,1,"queen",0.5,0.8,"control_only",1,"Design 5","Design 5: 2x2 Blocking","oracle",100,100,TRUE,0.568163354900411,0.0253501729506435,0.00674385916651123,0.0186063137841323,0.159217376409246,0.136404962461533,0.761530995389226,0.893861690808503,1.11096136878247,0.00821210031996153,0.0159217376409246,0.0188504178509195,0.266028132417141,0.793398720783184,0.758236171608333,0.894343977743305,0.961880500456397,0.25,0.580786078607861,TRUE,FALSE
"iid",0,2,"queen",0.5,0.8,"control_only",1,"Design 5","Design 5: 2x2 Blocking","oracle",100,100,TRUE,0.582184412847672,0.0244955740739265,0.00744510469473725,0.0170504693791893,0.156510619684182,0.130577445905444,0.826128390041884,0.907089749309116,0.97208844295686,0.00862850201062574,0.0156510619684182,0.0166404071679811,0.303936730458664,0.775442489441244,0.85297028167131,0.855764226203737,1.04026754794236,0.176470588235294,0.54028202820282,TRUE,FALSE
"spatial",0.2,2,"queen",0.5,0.8,"control_only",1,"Design 5","Design 5: 2x2 Blocking","oracle",100,100,TRUE,0.559551934480655,0.018856255949895,0.00653584043042674,0.0123204155194683,0.137318083113241,0.110997367173588,0.760359394173314,0.824811878341317,1.04125107055607,0.00808445448402472,0.0137318083113241,0.011747821281734,0.34661390086101,0.765045443026273,0.761272215734084,0.888505180613304,0.880337046541218,0.111111111111111,0.456033603360336,TRUE,FALSE
"spatial",0.5,2,"queen",0.5,0.8,"control_only",1,"Design 5","Design 5: 2x2 Blocking","oracle",100,100,TRUE,0.589897911689372,0.0252989130556003,0.00746587391357935,0.017833039142021,0.159056320388724,0.133540402657851,0.800821923981116,0.917829925342971,1.01555367627754,0.00864052886898675,0.0159056320388724,0.0184755039942342,0.295106509009748,0.852123471535409,0.800263361215103,0.986957312702129,0.908180512154467,0.333333333333333,0.54946294629463,TRUE,FALSE
"poisson",0.2,2,"queen",0.5,0.8,"control_only",1,"Design 5","Design 5: 2x2 Blocking","oracle",100,100,TRUE,0.584518086306302,0.0297972006776213,0.00749052937940415,0.0223066712982171,0.172618656806329,0.149354180718911,0.810341338144196,0.939285939453196,1.1650833670677,0.00865478444526734,0.0172618656806329,0.0228623795016705,0.251383660513781,0.828079367692966,0.856001584574221,0.950742111569523,1.02670233642043,0.333333333333333,0.602292229222922,TRUE,FALSE
"poisson",0.5,2,"queen",0.5,0.8,"control_only",1,"Design 5","Design 5: 2x2 Blocking","oracle",100,100,TRUE,0.596499351850756,0.0277885167100994,0.00779392685190162,0.0199945898581978,0.166698880350467,0.14140222720381,0.771603453058459,0.954224196967438,1.22596285886581,0.00882832195374728,0.0166698880350467,0.0198274820837542,0.280472935393094,0.810189030247581,0.90303965162689,0.949014965528911,1.04459420767495,0.428571428571429,0.448172817281728,TRUE,FALSE
"iid",0,1,"queen",0,0.5,"both",1,"Design 5","Design 5: 2x2 Blocking","oracle",100,100,TRUE,0.060133945991654,0.000114368851494646,7.43883525278688e-05,3.99804989667772e-05,0.0106943373565007,0.0063230134403445,0.0742079206923641,0.0801239501853062,0.0858849068791936,0.000862486826147906,0.00106943373565007,2.46178252742994e-05,0.650424932625569,0.077929088185621,0.0800867602385549,0.0854346407440035,0.0913702465323379,0.111111111111111,0.0896369636963696,TRUE,FALSE
"spatial",0.2,1,"queen",0,0.5,"both",1,"Design 5","Design 5: 2x2 Blocking","oracle",100,100,TRUE,0.0617742324582656,0.000176375548133029,7.80624528133752e-05,9.83130953196536e-05,0.0132806456218449,0.00991529602783768,0.0776763474709337,0.0872951126011652,0.100129839394913,0.00088352958531888,0.00132806456218449,8.6240803828627e-05,0.44259226202091,0.08355857144101,0.0806550844713289,0.097824480579703,0.0892059966053503,0.111111111111111,0.29029702970297,TRUE,FALSE
"spatial",0.5,1,"queen",0,0.5,"both",1,"Design 5","Design 5: 2x2 Blocking","oracle",100,100,TRUE,0.0632703062389111,0.000159962201820848,8.41563016210988e-05,7.58059001997492e-05,0.0126476164482027,0.00870665838308528,0.0797719499184576,0.0852809830050576,0.0979973455545228,0.000917367437950022,0.00126476164482027,7.55720520794185e-05,0.52610117054622,0.0836302463655458,0.0854593111144218,0.0917412953473848,0.0949032161420542,0.111111111111111,0.329120912091209,TRUE,FALSE
"poisson",0.2,1,"queen",0,0.5,"both",1,"Design 5","Design 5: 2x2 Blocking","oracle",100,100,TRUE,0.0627679156979462,0.000128606507252199,7.9102151819893e-05,4.95043554323063e-05,0.0113404809092119,0.00703593316002265,0.0771481132527304,0.0840999908655581,0.0970891633196205,0.000889393904970644,0.00113404809092119,4.33953732980293e-05,0.615071146165042,0.0830939546625062,0.0783096821338836,0.0909632765423041,0.0875750438254975,0.111111111111111,0.198211821182118,TRUE,FALSE
"poisson",0.5,1,"queen",0,0.5,"both",1,"Design 5","Design 5: 2x2 Blocking","oracle",100,100,TRUE,0.063662832839376,0.00016512403378305,7.99729267398662e-05,8.51511070431833e-05,0.0128500596801357,0.0092277357484479,0.0786645073912646,0.0902580270184687,0.106750194006095,0.00089427583406836,0.00128500596801357,8.51608254633381e-05,0.484320331254381,0.083130955201435,0.0815295881408872,0.0963320646881766,0.0939932494399457,0.25,0.278091809180918,TRUE,FALSE
"iid",0,2,"queen",0,0.5,"both",1,"Design 5","Design 5: 2x2 Blocking","oracle",100,100,TRUE,0.060008004426592,0.000167676296748462,7.79309732853253e-05,8.97453234631366e-05,0.0129489882519239,0.00947340083935735,0.0747819455076104,0.084909173763592,0.112200112379591,0.000882785213318196,0.00129489882519239,8.54736864756296e-05,0.464770362875039,0.0804342938666081,0.0760885458589174,0.0951541064405779,0.0860357715387109,0.111111111111111,0.316771677167717,TRUE,FALSE
"spatial",0.2,2,"queen",0,0.5,"both",1,"Design 5","Design 5: 2x2 Blocking","oracle",100,100,TRUE,0.0614836832568768,0.000125542245494103,7.6569053815849e-05,4.89731916782542e-05,0.0112045636012342,0.00699808485789178,0.0766121384828218,0.0833580293712722,0.0977215711562563,0.000875037449574868,0.00112045636012342,7.10750786058333e-05,0.609906677345878,0.0756748600093969,0.0813134475607879,0.0861162251853992,0.0880929556529506,0.333333333333333,0.364452445244524,TRUE,FALSE
"spatial",0.5,2,"queen",0,0.5,"both",1,"Design 5","Design 5: 2x2 Blocking","oracle",100,100,TRUE,0.0599371481225153,0.000132120733591161,7.46304476628334e-05,5.74902859283277e-05,0.0114943783473123,0.00758223489007876,0.0754251971391672,0.0815988119171496,0.096668379025365,0.000863889157605496,0.00114943783473123,5.27451300506001e-05,0.564865525904302,0.0814666936260956,0.0784783045168346,0.0900568907286144,0.086028916852411,0.0526315789473684,0.246972697269727,TRUE,FALSE
"poisson",0.2,2,"queen",0,0.5,"both",1,"Design 5","Design 5: 2x2 Blocking","oracle",100,100,TRUE,0.0618013807741135,0.000141369433337397,7.78737635047076e-05,6.34956698326894e-05,0.0118898878605896,0.00796841702176093,0.07509276817303,0.0859814409511421,0.105920064247213,0.000882461123816271,0.00118898878605896,6.79216096648156e-05,0.550852908343004,0.0776878660306144,0.0804252170850609,0.0864050496268411,0.0931596441785841,0.25,0.24007200720072,TRUE,FALSE
"poisson",0.5,2,"queen",0,0.5,"both",1,"Design 5","Design 5: 2x2 Blocking","oracle",100,100,TRUE,0.0597945401650627,0.000134551624463063,7.16054648118746e-05,6.29461596511883e-05,0.0115996389798589,0.00793386158507875,0.0750950387021603,0.0809877649153611,0.100285351686487,0.000846200122972543,0.00115996389798589,7.34147157243112e-05,0.532178374639629,0.0750898371208279,0.079846993739249,0.0850447067361956,0.0877265398458981,0.111111111111111,0.378049804980498,TRUE,FALSE
"iid",0,1,"queen",0.5,0.5,"both",1,"Design 5","Design 5: 2x2 Blocking","oracle",100,100,TRUE,0.063385329978624,0.000153114597350463,8.27614050607804e-05,7.03531922896823e-05,0.0123739483331095,0.0083876809840195,0.0804311204304779,0.0874433258212467,0.101386021105007,0.000909732955656661,0.00123739483331095,4.63302375326939e-05,0.540519365840401,0.0810427052894505,0.0870352359470677,0.0969016729074894,0.095766539514137,0.111111111111111,0.183570357035704,TRUE,FALSE
"spatial",0.2,1,"queen",0.5,0.5,"both",1,"Design 5","Design 5: 2x2 Blocking","oracle",100,100,TRUE,0.0620375410928856,0.000152002755008339,7.91956335797033e-05,7.2807121428636e-05,0.0123289397357737,0.00853270891503021,0.0774335653550766,0.0870472665148116,0.116278886360761,0.000889919286113653,0.00123289397357737,6.79521348873464e-05,0.521014461713924,0.0762974503830443,0.0815365234684811,0.0907402484725921,0.092484080309128,0.176470588235294,0.20954095409541,TRUE,FALSE
"spatial",0.5,1,"queen",0.5,0.5,"both",1,"Design 5","Design 5: 2x2 Blocking","oracle",100,100,TRUE,0.0615436230782012,0.000154949907082315,8.00455696324383e-05,7.4904337449877e-05,0.0124478876554344,0.00865472919564079,0.074999404261877,0.0861732903658238,0.0979723008551512,0.00089468189672329,0.00124478876554344,7.91537163854233e-05,0.516589981495859,0.0818943422260105,0.0793746044209208,0.0931748983956743,0.0896496243976923,0.25,0.302874287428743,TRUE,FALSE
"poisson",0.2,1,"queen",0.5,0.5,"both",1,"Design 5","Design 5: 2x2 Blocking","oracle",100,100,TRUE,0.0623738114677009,0.000172959522701059,8.00553326753195e-05,9.29041900257393e-05,0.0131514076319251,0.00963868196517238,0.0802217234668559,0.0865959322876918,0.0925582871262732,0.000894736456591099,0.00131514076319251,8.19500094150717e-05,0.462855883417799,0.0920462257698359,0.0756637423572541,0.101683638420863,0.0856646586627338,0.111111111111111,0.341470147014702,TRUE,FALSE
"poisson",0.5,1,"queen",0.5,0.5,"both",1,"Design 5","Design 5: 2x2 Blocking","oracle",100,100,TRUE,0.06458259532018,0.000194220800710315,8.80392182477636e-05,0.000106181582462551,0.0139363123067157,0.0103044447915718,0.0818020535522639,0.0934368555043016,0.125600762824479,0.000938292162643191,0.00139363123067157,0.000102094867982853,0.453294487128988,0.085895849375597,0.0854367637928333,0.0971784249495478,0.103810987517333,0.333333333333333,0.251485148514851,TRUE,FALSE
"iid",0,2,"queen",0.5,0.5,"both",1,"Design 5","Design 5: 2x2 Blocking","oracle",100,100,TRUE,0.062352405579544,0.000178518707276277,8.15235699150719e-05,9.69951373612047e-05,0.0133610892997643,0.00984861093561954,0.0794147814795401,0.0879623937453056,0.101055319716254,0.000902904036512584,0.00133610892997643,0.000100835805171542,0.456666817494401,0.0829135362952295,0.080113149348455,0.092842416373781,0.092964716554054,0.25,0.375865586558656,TRUE,FALSE
"spatial",0.2,2,"queen",0.5,0.5,"both",1,"Design 5","Design 5: 2x2 Blocking","oracle",100,100,TRUE,0.0629550893314399,0.000133541769368803,8.01721645463324e-05,5.3369604822471e-05,0.0115560274042944,0.00730545035042132,0.0759455220192214,0.0843559009015184,0.107323335672588,0.000895389102828108,0.00115560274042944,4.8438885437147e-05,0.600352720540345,0.0871085581370445,0.0808820145256532,0.094633156772119,0.0888803822370549,0.111111111111111,0.198691869186919,TRUE,FALSE
"spatial",0.5,2,"queen",0.5,0.5,"both",1,"Design 5","Design 5: 2x2 Blocking","oracle",100,100,TRUE,0.0624938813945864,0.000161754444259934,8.22330960838575e-05,7.9521348176077e-05,0.0127182720626638,0.00891747431597518,0.0799890832067602,0.0867982355979844,0.0922471355896177,0.000906824658265629,0.00127182720626638,7.27775391957727e-05,0.508382297995543,0.0860345128198276,0.0841160220835129,0.0931563302388485,0.0941048563724926,0,0.324560456045605,TRUE,FALSE
"poisson",0.2,2,"queen",0.5,0.5,"both",1,"Design 5","Design 5: 2x2 Blocking","oracle",100,100,TRUE,0.0624034550980565,0.00015453988083994,8.09505160664514e-05,7.35893647734885e-05,0.0124314070337971,0.00857842437592641,0.0787995717875408,0.0853627671855187,0.102356188324561,0.000899725047258614,0.00124314070337971,6.21102785038053e-05,0.52381634841749,0.0812350112446929,0.080845174291149,0.0941939324666485,0.0937386545226887,0.0526315789473684,0.302730273027303,TRUE,FALSE
"poisson",0.5,2,"queen",0.5,0.5,"both",1,"Design 5","Design 5: 2x2 Blocking","oracle",100,100,TRUE,0.0601575036697507,0.000136672453869526,7.28160757457893e-05,6.3856378123737e-05,0.0116906994602345,0.00799101859112698,0.0732862803108075,0.083900017088477,0.102566366331017,0.000853323360431374,0.00116906994602345,7.21109904845123e-05,0.532777993547279,0.0793434118236574,0.0778732766743404,0.0885401641484066,0.0876139518682516,0.333333333333333,0.301422142214221,TRUE,FALSE
"iid",0,1,"queen",0,0.8,"both",1,"Design 5","Design 5: 2x2 Blocking","oracle",100,100,TRUE,0.0591684744305697,0.00014985285168726,7.128855296835e-05,7.85642987189101e-05,0.0122414399352062,0.00886365041723274,0.072691722842091,0.0807418464105678,0.0949494418101427,0.00084432548799826,0.00122414399352062,7.17846408542673e-05,0.475723699386968,0.0769263507112156,0.079436577314056,0.086332010387793,0.0887400944925865,0.0526315789473684,0.336009600960096,TRUE,FALSE
"spatial",0.2,1,"queen",0,0.8,"both",1,"Design 5","Design 5: 2x2 Blocking","oracle",100,100,TRUE,0.0628341498204831,0.000116392029886866,7.99246030704244e-05,3.64674268164411e-05,0.0107885137941639,0.00603882660923802,0.0740587887525358,0.0851089307594678,0.104567968258447,0.000894005609995958,0.00107885137941639,4.05292584420484e-05,0.686684501920897,0.0784635385544723,0.0826957024716954,0.0839829924808886,0.0955989263115751,0.176470588235294,0.123480348034803,TRUE,FALSE
"spatial",0.5,1,"queen",0,0.8,"both",1,"Design 5","Design 5: 2x2 Blocking","oracle",100,100,TRUE,0.0609445370865237,0.000145930302907613,7.66003233757979e-05,6.93299795318154e-05,0.0120801615431092,0.00832646260616208,0.0764642494829392,0.0836230231322349,0.0926158113464048,0.000875216106889024,0.00120801615431092,8.6911874806612e-05,0.524910329448796,0.076667027283153,0.082143996191069,0.0843411514797823,0.0897515518121411,0.176470588235294,0.43966396639664,TRUE,FALSE
"poisson",0.2,1,"queen",0,0.8,"both",1,"Design 5","Design 5: 2x2 Blocking","oracle",100,100,TRUE,0.0593493023021893,0.000133129577723412,6.90410275442879e-05,6.40885501791241e-05,0.0115381791337894,0.00800553247317904,0.0728544725103625,0.0818645911022778,0.0971542425958438,0.000830909306388416,0.00115381791337894,5.04770060528765e-05,0.518600214354518,0.0788746702103197,0.079775090449828,0.0854514596405616,0.0876779779063269,0.176470588235294,0.184722472247225,TRUE,FALSE
"poisson",0.5,1,"queen",0,0.8,"both",1,"Design 5","Design 5: 2x2 Blocking","oracle",100,100,TRUE,0.062370569357044,0.000126971797967117,7.89709056086923e-05,4.80008923584246e-05,0.0112681763372392,0.00692826763039828,0.0773973829872205,0.0851808175845116,0.0920319054845924,0.000888655757921437,0.00112681763372392,5.12221140995326e-05,0.62195626803004,0.0823060670102978,0.0807849051966639,0.0927290374747958,0.0888710062820125,0.25,0.228454845484548,TRUE,FALSE
"iid",0,2,"queen",0,0.8,"both",1,"Design 5","Design 5: 2x2 Blocking","oracle",100,100,TRUE,0.0614434022852314,0.000179630753489764,7.49798187014808e-05,0.000104650934788283,0.0134026397955688,0.0102299039481455,0.0764982436448376,0.0907778324182549,0.108094364216576,0.000865908879163858,0.00134026397955688,0.000120036681304132,0.417410812151124,0.0890743466714457,0.0806466440715124,0.0930980472432291,0.0934828124498384,0.428571428571429,0.397827782778278,TRUE,FALSE
"spatial",0.2,2,"queen",0,0.8,"both",1,"Design 5","Design 5: 2x2 Blocking","oracle",100,100,TRUE,0.0620796956211531,0.000125658475347983,7.74944741109672e-05,4.81640012370156e-05,0.0112097491206531,0.00694002890750576,0.0768084227349731,0.0850944454516759,0.0923427637277073,0.000880309457582771,0.00112097491206531,4.07499603714862e-05,0.61670710150162,0.0792307470175732,0.0828714428138432,0.0901526261377169,0.0913987240209855,0.176470588235294,0.158931893189319,TRUE,FALSE
"spatial",0.5,2,"queen",0,0.8,"both",1,"Design 5","Design 5: 2x2 Blocking","oracle",100,100,TRUE,0.061971624305758,0.000151069474099035,7.91252003332861e-05,7.19442737657489e-05,0.0122910322633632,0.0084819970387727,0.0794505673982196,0.086130265669561,0.0977922577981315,0.000889523469804401,0.00122910322633632,7.11236720666228e-05,0.523766967517308,0.0846479964383999,0.0810971268293928,0.0903280097965425,0.0909265932019351,0.176470588235294,0.253405340534053,TRUE,FALSE
"poisson",0.2,2,"queen",0,0.8,"both",1,"Design 5","Design 5: 2x2 Blocking","oracle",100,100,TRUE,0.0604631713029331,0.000102228504763216,7.55895602150102e-05,2.66389445482062e-05,0.0101108112811592,0.00516129291439715,0.0736472374529675,0.0790723897270044,0.090983594923796,0.000869422568231411,0.00101108112811592,8.03369062162225e-06,0.73941764471751,0.0776609095168226,0.0778970454523286,0.0869565524152264,0.087994278595127,0.111111111111111,0.0674947494749475,TRUE,FALSE
"poisson",0.5,2,"queen",0,0.8,"both",1,"Design 5","Design 5: 2x2 Blocking","oracle",100,100,TRUE,0.0616290703802812,0.000160746290395293,7.4273598564108e-05,8.64726918311853e-05,0.0126785760397331,0.00929906940673019,0.0768277211930182,0.0851713014636854,0.103862730290444,0.000861821318859704,0.00126785760397331,6.73619988295488e-05,0.462054821803109,0.0810383011256848,0.085552263273772,0.0919983967319486,0.0941954800402172,0.176470588235294,0.281452145214521,TRUE,FALSE
"iid",0,1,"queen",0.5,0.8,"both",1,"Design 5","Design 5: 2x2 Blocking","oracle",100,100,TRUE,0.0582643816357605,0.000116093914702667,6.80473090113358e-05,4.8046605691331e-05,0.0107746886127937,0.00693156589028273,0.0742283561447287,0.0800372017905378,0.0914224030368008,0.000824907928264336,0.00107746886127937,3.98835436636697e-05,0.586140188188285,0.0755943916082688,0.0770891603459943,0.0864183829571375,0.0872857096884614,0.176470588235294,0.148010801080108,TRUE,FALSE
"spatial",0.2,1,"queen",0.5,0.8,"both",1,"Design 5","Design 5: 2x2 Blocking","oracle",100,100,TRUE,0.0627190274524191,0.000119022640802315,7.98722302376007e-05,3.91504105647142e-05,0.0109097498047533,0.00625702889275047,0.077667312795747,0.0851268608588543,0.0980256163506969,0.000893712650898491,0.00109097498047533,2.68073333009262e-05,0.671067535547802,0.080690185828068,0.0810599038661954,0.0940274745197085,0.089146949154088,0.111111111111111,0.119363936393639,TRUE,FALSE
"spatial",0.5,1,"queen",0.5,0.8,"both",1,"Design 5","Design 5: 2x2 Blocking","oracle",100,100,TRUE,0.0605598780670835,0.00016068605354774,7.65017693147441e-05,8.41842842329961e-05,0.0126762002803577,0.00917519941107527,0.0770475683356556,0.0862051740633433,0.0975363735276807,0.000874652898667489,0.00126762002803577,9.5065803269948e-05,0.476094643098664,0.0792089174088607,0.0796559660313383,0.092382691729145,0.0885400603600591,0.176470588235294,0.36032403240324,TRUE,FALSE
"poisson",0.2,1,"queen",0.5,0.8,"both",1,"Design 5","Design 5: 2x2 Blocking","oracle",100,100,TRUE,0.0615411356091176,0.000131031550684018,7.81676570285271e-05,5.28638936554906e-05,0.0114469013573114,0.00727075605803761,0.0757992769774395,0.0867237148802535,0.0968204198268626,0.00088412474814659,0.00114469013573114,5.51419227144784e-05,0.596555994495007,0.0769592015488167,0.0825336615894673,0.086984290829826,0.0941937603656588,0.25,0.194503450345034,TRUE,FALSE
"poisson",0.5,1,"queen",0.5,0.8,"both",1,"Design 5","Design 5: 2x2 Blocking","oracle",100,100,TRUE,0.0624914494234118,0.000135781130505582,8.00694253935026e-05,5.57117051120796e-05,0.0116525160590141,0.00746402740563562,0.0773077976322154,0.0849296569840569,0.092262097903503,0.000894815206584592,0.00116525160590141,5.72033358200982e-05,0.589694791134552,0.0803599278089712,0.0840873336964787,0.0894635455486822,0.0948926895484913,0.176470588235294,0.301914191419142,TRUE,FALSE
"iid",0,2,"queen",0.5,0.8,"both",1,"Design 5","Design 5: 2x2 Blocking","oracle",100,100,TRUE,0.0637438236279016,0.00015772158526928,8.67451239819826e-05,7.09764612872977e-05,0.0125587254635684,0.0084247528917647,0.0801795287922927,0.0877184237143527,0.0991705805356458,0.000931370624305827,0.00125587254635684,7.49983438267312e-05,0.549988917711431,0.0820327192154408,0.0841090020580606,0.0913626671656775,0.0949925877112026,0.111111111111111,0.314503450345035,TRUE,FALSE
"spatial",0.2,2,"queen",0.5,0.8,"both",1,"Design 5","Design 5: 2x2 Blocking","oracle",100,100,TRUE,0.0614881500711064,0.000150543588501101,7.62961924458206e-05,7.42473960552807e-05,0.0122696205524499,0.00861669287228463,0.0781034305618584,0.0853866272430956,0.102190816397936,0.000873476916957859,0.00122696205524499,8.73994669746167e-05,0.506804661729333,0.0823921644597932,0.0810008139375563,0.092019852370432,0.0886679279515141,0.176470588235294,0.367584758475848,TRUE,FALSE
"spatial",0.5,2,"queen",0.5,0.8,"both",1,"Design 5","Design 5: 2x2 Blocking","oracle",100,100,TRUE,0.0643630121897071,0.00016731414326996,8.84871315080645e-05,7.8827011761895e-05,0.0129349968407402,0.00887845773554704,0.0801147160213255,0.0900153190369096,0.106256430996336,0.000940675988361904,0.00129349968407402,9.7550737180221e-05,0.528868210294043,0.0854119405245371,0.0826192953650019,0.0950313563591022,0.0944757837532034,0.25,0.386546654665467,TRUE,FALSE
"poisson",0.2,2,"queen",0.5,0.8,"both",1,"Design 5","Design 5: 2x2 Blocking","oracle",100,100,TRUE,0.0624240330623207,0.000152365486250645,8.16262363801651e-05,7.07392498704797e-05,0.0123436415311951,0.00841066286748433,0.0768821791894286,0.0875302533685013,0.106322144592615,0.000903472392384876,0.00123436415311951,7.7319460076304e-05,0.535726550604039,0.0813356804625997,0.082746229016607,0.092134076581586,0.0905892169667244,0.25,0.248568856885689,TRUE,FALSE
"poisson",0.5,2,"queen",0.5,0.8,"both",1,"Design 5","Design 5: 2x2 Blocking","oracle",100,100,TRUE,0.0630498825956201,0.000142038167746351,7.93229551456422e-05,6.27152126007092e-05,0.0119179766632743,0.00791929369329798,0.0767449805039805,0.0859568923048575,0.10574360142355,0.000890634353400104,0.00119179766632743,4.24851630731548e-05,0.558462252817112,0.0809699830760922,0.0834206496286946,0.0964992685953412,0.0930726605039525,0.0526315789473684,0.161320132013201,TRUE,FALSE
"iid",0,1,"queen",0,0.5,"control_only",1,"Design 6","Design 6: Balanced Quartiles","oracle",100,100,TRUE,0.210305320661928,0.00508057239347095,0.000945156205600106,0.00413541618787084,0.0712781340487456,0.0643072016796785,0.29482638222419,0.358632205336484,0.547592680583401,0.00307433928771713,0.00712781340487456,0.00389744477522185,0.186033409702956,0.29917320054762,0.317006565890248,0.358140759947773,0.404830593834757,0.25,0.52994899489949,TRUE,FALSE
"spatial",0.2,1,"queen",0,0.5,"control_only",1,"Design 6","Design 6: Balanced Quartiles","oracle",100,100,TRUE,0.215939038469003,0.00499973210476637,0.00100967786380481,0.00399005424096156,0.0707087837879168,0.0631668761374311,0.315182518390589,0.363099127656248,0.49754576315741,0.00317754286171691,0.00707087837879168,0.00387853317202709,0.201946392856181,0.309064954991103,0.32308113938408,0.352342163815438,0.402870485153384,0.333333333333333,0.704506450645065,TRUE,FALSE
"spatial",0.5,1,"queen",0,0.5,"control_only",1,"Design 6","Design 6: Balanced Quartiles","oracle",100,100,TRUE,0.214982225729212,0.00438757417934003,0.00104596564755552,0.00334160853178451,0.0662387664388463,0.0578066478165315,0.300262909852009,0.351408684502382,0.521953903779105,0.00323413921709551,0.00662387664388463,0.00322152864448187,0.238392698288887,0.296678496235875,0.313541034717142,0.38621190957795,0.364208412511938,0.333333333333333,0.51961596159616,TRUE,FALSE
"poisson",0.2,1,"queen",0,0.5,"control_only",1,"Design 6","Design 6: Balanced Quartiles","oracle",100,100,TRUE,0.211594598491679,0.0038162027126261,0.000997830529785086,0.00281837218284101,0.0617754215900312,0.0530883431917121,0.28985815473934,0.33369727140883,0.398341225542941,0.00315884556410263,0.00617754215900312,0.00309451870875761,0.261472098031825,0.295954163773597,0.306352193635951,0.329053010101689,0.364942282495278,0.25,0.723792379237924,TRUE,FALSE
"poisson",0.5,1,"queen",0,0.5,"control_only",1,"Design 6","Design 6: Balanced Quartiles","oracle",100,100,TRUE,0.211865303588595,0.00349128033036041,0.000994910285698209,0.0024963700446622,0.0590870572152685,0.0499636872604715,0.283593747829027,0.34382650690624,0.467328781155359,0.00315421984918333,0.00590870572152685,0.00237170430457941,0.284970037222849,0.301725520627556,0.293736839903227,0.349634346514084,0.375550763871117,0.333333333333333,0.390603060306031,TRUE,FALSE
"iid",0,2,"queen",0,0.5,"control_only",1,"Design 6","Design 6: Balanced Quartiles","oracle",100,100,TRUE,0.213822820860541,0.00416590499620769,0.00101107923071303,0.00315482576549466,0.0645438222931342,0.0561678356846217,0.286443598364656,0.351728566682808,0.523993087518697,0.00317974720805448,0.00645438222931342,0.0030655592105795,0.242703381770212,0.30453671177095,0.280053394007372,0.365056530972787,0.371230106835608,0.176470588235294,0.448388838883888,TRUE,FALSE
"spatial",0.2,2,"queen",0,0.5,"control_only",1,"Design 6","Design 6: Balanced Quartiles","oracle",100,100,TRUE,0.210929040732304,0.00392931393956724,0.00100497716633107,0.00292433677323616,0.0626842399616302,0.0540771372507473,0.282722874489907,0.341692477093116,0.423576043685448,0.00317013748334528,0.00626842399616302,0.00303490696866392,0.255764029494105,0.301192018020894,0.308706897118656,0.354700549296021,0.359483184828915,0.428571428571429,0.534701470147015,TRUE,FALSE
"spatial",0.5,2,"queen",0,0.5,"control_only",1,"Design 6","Design 6: Balanced Quartiles","oracle",100,100,TRUE,0.207089125378934,0.0039082946442277,0.000919593594241945,0.00298870104998575,0.0625163550139297,0.0546690136181891,0.289509522682152,0.347845647884415,0.437846216442747,0.0030324801635657,0.00625163550139297,0.00288543924087133,0.235292801068652,0.289311434390395,0.281031796288739,0.345078228373064,0.376701173217873,0.333333333333333,0.527368736873687,TRUE,FALSE
"poisson",0.2,2,"queen",0,0.5,"control_only",1,"Design 6","Design 6: Balanced Quartiles","oracle",100,100,TRUE,0.221414887414696,0.00420087262443255,0.00108361563306813,0.00311725699136442,0.0648141390780789,0.0558324009099055,0.313828148892613,0.364396727555407,0.422782499669972,0.00329183175917016,0.00648141390780789,0.00305594060404636,0.257950128448493,0.293933105052478,0.307081815583416,0.36184629089731,0.395236214316988,0.25,0.510675067506751,TRUE,FALSE
"poisson",0.5,2,"queen",0,0.5,"control_only",1,"Design 6","Design 6: Balanced Quartiles","oracle",100,100,TRUE,0.218742231678993,0.00584286338683715,0.00104357014062177,0.00479929324621538,0.0764386249669443,0.0692769315588918,0.292276675519647,0.380456030664072,0.674209004989674,0.00323043362510634,0.00764386249669443,0.00479134145454442,0.178605945669162,0.300565541749397,0.302603324551013,0.400804769637784,0.394034148815263,0.176470588235294,0.532745274527453,TRUE,FALSE
"iid",0,1,"queen",0.5,0.5,"control_only",1,"Design 6","Design 6: Balanced Quartiles","oracle",100,100,TRUE,0.222380222171049,0.00385726312446311,0.00107763467136723,0.00277962845309588,0.06210686857718,0.0527221817937752,0.312175652398928,0.344957295201474,0.497069214603631,0.00328273463954556,0.006210686857718,0.00297652032581182,0.27937805552667,0.31468075815037,0.31823237489948,0.371585744137474,0.358954018722984,0.176470588235294,0.57014101410141,TRUE,FALSE
"spatial",0.2,1,"queen",0.5,0.5,"control_only",1,"Design 6","Design 6: Balanced Quartiles","oracle",100,100,TRUE,0.21897474498543,0.00301624960237556,0.00103180302359662,0.00198444657877894,0.0549203933195635,0.0445471276153574,0.295218287893159,0.326652304971166,0.369852950365668,0.00321216908583067,0.00549203933195635,0.00197772593047984,0.3420814453764,0.320871323231844,0.29303760627498,0.374442947443529,0.317050435918449,0.176470588235294,0.52985298529853,TRUE,FALSE
"spatial",0.5,1,"queen",0.5,0.5,"control_only",1,"Design 6","Design 6: Balanced Quartiles","oracle",100,100,TRUE,0.231043496540115,0.00411887776867443,0.0011757045447181,0.00294317322395633,0.06417848368943,0.0542510204876952,0.334279599600188,0.36268202632169,0.428511901994594,0.00342885483028678,0.006417848368943,0.00305040953207435,0.285442931484824,0.344573735506199,0.333738487377328,0.384021524597331,0.375617309029816,0.25,0.593999399939994,TRUE,FALSE
"poisson",0.2,1,"queen",0.5,0.5,"control_only",1,"Design 6","Design 6: Balanced Quartiles","oracle",100,100,TRUE,0.241721085690968,0.00472402572295874,0.00134180635128755,0.0033822193716712,0.0687315482362993,0.0581568514594041,0.324352476352467,0.379096722242901,0.463086326290719,0.00366306750045307,0.00687315482362993,0.00324021992505215,0.284038747876917,0.325517462826993,0.3623507645397,0.421209043057749,0.399638516347566,0.176470588235294,0.54037803780378,TRUE,FALSE
"poisson",0.5,1,"queen",0.5,0.5,"control_only",1,"Design 6","Design 6: Balanced Quartiles","oracle",100,100,TRUE,0.223468274511884,0.00390673305578349,0.00108649635249173,0.00282023670329176,0.0625038643268037,0.053105900833069,0.304702246076128,0.345957068965054,0.447020855344763,0.00329620441188305,0.00625038643268037,0.00272530979040484,0.278108674684924,0.29972027952605,0.333652366059148,0.339643299444792,0.390270401745506,0.111111111111111,0.556855685568557,TRUE,FALSE
"iid",0,2,"queen",0.5,0.5,"control_only",1,"Design 6","Design 6: Balanced Quartiles","oracle",100,100,TRUE,0.215941451475543,0.00443724053301897,0.00105514398038741,0.00338209655263157,0.0666126154194457,0.0581557955205805,0.310090638957426,0.36020649824811,0.416456017052717,0.0032482979856956,0.00666126154194457,0.00334592220568569,0.237792829245052,0.294604455526916,0.324532553101221,0.355003715812173,0.409694049085685,0.333333333333333,0.638499849984999,TRUE,FALSE
"spatial",0.2,2,"queen",0.5,0.5,"control_only",1,"Design 6","Design 6: Balanced Quartiles","oracle",100,100,TRUE,0.214171864825377,0.0035337296994761,0.00103213560205243,0.00250159409742367,0.0594451823066941,0.0500159384338999,0.27793646404002,0.334099900376905,0.505836451281597,0.00321268672928506,0.00594451823066941,0.00238684228382364,0.292081084245197,0.30257926527523,0.298509881277497,0.366924812571199,0.344331991751603,0.25,0.437119711971197,TRUE,FALSE
"spatial",0.5,2,"queen",0.5,0.5,"control_only",1,"Design 6","Design 6: Balanced Quartiles","oracle",100,100,TRUE,0.227621364778639,0.00472166282970858,0.00115328470707936,0.00356837812262922,0.0687143567946945,0.0597359031289326,0.301941452824746,0.374803203417392,0.475866401212811,0.00339600457461318,0.00687143567946945,0.00347035421012176,0.244253931014075,0.322660172896333,0.307829459507986,0.394937141686909,0.389442671478876,0.176470588235294,0.533141314131413,TRUE,FALSE
"poisson",0.2,2,"queen",0.5,0.5,"control_only",1,"Design 6","Design 6: Balanced Quartiles","oracle",100,100,TRUE,0.223509294100968,0.00580866512216833,0.00114540699830663,0.0046632581238617,0.0762145991406393,0.0682880525704292,0.303382964662094,0.401333968170035,0.629344961506534,0.00338438620477426,0.00762145991406393,0.00503047802595886,0.197189366957182,0.317705192982536,0.29235704098919,0.413956128217936,0.400162566601715,0.538461538461538,0.60976897689769,TRUE,FALSE
"poisson",0.5,2,"queen",0.5,0.5,"control_only",1,"Design 6","Design 6: Balanced Quartiles","oracle",100,100,TRUE,0.225689857986609,0.00379094883779736,0.0010702241947686,0.00272072464302876,0.0615706816414871,0.0521605659768829,0.303965865859731,0.350937344659497,0.495043589529089,0.00327142812051343,0.00615706816414871,0.00294603110806359,0.282310376784306,0.296316672161816,0.314374713372571,0.362136930724248,0.36497894658689,0.25,0.531701170117012,TRUE,FALSE
"iid",0,1,"queen",0,0.8,"control_only",1,"Design 6","Design 6: Balanced Quartiles","oracle",100,100,TRUE,0.202802050316738,0.00448980750669472,0.000893828436396867,0.00359597907029785,0.0670060258983826,0.0599664828908437,0.279511732789663,0.354270145515399,0.437927344077953,0.00298969636651762,0.00670060258983826,0.00360351756261643,0.199079456093404,0.285804806142973,0.2988657723574,0.368551162576948,0.354767246076596,0.333333333333333,0.691821182118212,TRUE,FALSE
"spatial",0.2,1,"queen",0,0.8,"control_only",1,"Design 6","Design 6: Balanced Quartiles","oracle",100,100,TRUE,0.220764025407686,0.00527665499597678,0.00110262773666952,0.00417402725930727,0.0726405878003254,0.0646067121846273,0.293172942423606,0.379701596271501,0.462589694583234,0.00332058388942294,0.00726405878003254,0.00398320391577243,0.208963393951323,0.318448264151749,0.339978002808234,0.37384543087713,0.413785798039646,0.333333333333333,0.526120612061206,TRUE,FALSE
"spatial",0.5,1,"queen",0,0.8,"control_only",1,"Design 6","Design 6: Balanced Quartiles","oracle",100,100,TRUE,0.218300331699885,0.00326214499651792,0.000959976490422971,0.00230216850609495,0.0571151905933782,0.0479809181456019,0.301964211036238,0.324330655780943,0.383378654518422,0.00309834873831686,0.00571151905933782,0.00208457588158696,0.294277688897235,0.305535913172565,0.323415114082747,0.328651917940157,0.370022907718336,0.111111111111111,0.516651665166517,TRUE,FALSE
"poisson",0.2,1,"queen",0,0.8,"control_only",1,"Design 6","Design 6: Balanced Quartiles","oracle",100,100,TRUE,0.211262070390443,0.00376454271419952,0.000952765122367199,0.00281177759183232,0.0613558694356092,0.0530261972220555,0.284524582109877,0.33145110922967,0.440427030530227,0.00308668936300237,0.00613558694356092,0.0030189815107408,0.253089204904875,0.30796850748409,0.306457137389126,0.3391132481283,0.353249117866745,0.333333333333333,0.658289828982898,TRUE,FALSE
"poisson",0.5,1,"queen",0,0.8,"control_only",1,"Design 6","Design 6: Balanced Quartiles","oracle",100,100,TRUE,0.214501253487495,0.00415456739310333,0.00100082787880926,0.00315373951429407,0.0644559337307539,0.056158165161391,0.30464679164179,0.350896205731287,0.41108316789552,0.00316358638069085,0.00644559337307539,0.00318030042187971,0.240898217338021,0.31725838316076,0.314798015686695,0.365503485640966,0.358683303080062,0.25,0.604620462046205,TRUE,FALSE
"iid",0,2,"queen",0,0.8,"control_only",1,"Design 6","Design 6: Balanced Quartiles","oracle",100,100,TRUE,0.202975690642043,0.00354381257236262,0.000835134882035406,0.00270867769032722,0.0595299300550792,0.052044958356475,0.266225655803526,0.334142330424815,0.553561232536548,0.00288987003520125,0.00595299300550792,0.00265368350343543,0.235660003169589,0.291990569542123,0.272121259304851,0.345381611610647,0.345272914063863,0.428571428571429,0.388058805880588,TRUE,FALSE
"spatial",0.2,2,"queen",0,0.8,"control_only",1,"Design 6","Design 6: Balanced Quartiles","oracle",100,100,TRUE,0.213407069279039,0.00442197118011368,0.000927615622620133,0.00349435555749355,0.0664979035768322,0.059113074336339,0.294240077281153,0.356922858662331,0.442860837220885,0.0030456782867206,0.00664979035768323,0.00343384329161598,0.209774235253222,0.302261792697465,0.317285041130177,0.390590205235938,0.35884477121823,0.333333333333333,0.564536453645365,TRUE,FALSE
"spatial",0.5,2,"queen",0,0.8,"control_only",1,"Design 6","Design 6: Balanced Quartiles","oracle",100,100,TRUE,0.209514668358512,0.00389818419677921,0.000945181491436433,0.00295300270534278,0.062435440230523,0.0543415375688136,0.291571805215647,0.342660827831782,0.38219019725495,0.00307438041145925,0.0062435440230523,0.00310304086070986,0.242467118977438,0.302823250769992,0.298617587312427,0.363803585481634,0.334576665536767,0.538461538461538,0.617029702970297,TRUE,FALSE
"poisson",0.2,2,"queen",0,0.8,"control_only",1,"Design 6","Design 6: Balanced Quartiles","oracle",100,100,TRUE,0.202790388684671,0.00312014481758139,0.000897114898707112,0.00222302991887428,0.0558582564853343,0.0471490182175014,0.292285836102052,0.318022241020852,0.357835853842721,0.00299518763804058,0.00558582564853343,0.00235461592627465,0.287523480850007,0.300074219960532,0.285266873075404,0.350668458565312,0.311745941235191,0.25,0.594563456345635,TRUE,FALSE
"poisson",0.5,2,"queen",0,0.8,"control_only",1,"Design 6","Design 6: Balanced Quartiles","oracle",100,100,TRUE,0.211326507274597,0.00273380024397139,0.000952160766900596,0.0017816394770708,0.0522857556507639,0.0422094714142549,0.283099047586145,0.313669768578939,0.353606518342973,0.00308571023736934,0.00522857556507639,0.0016981810885757,0.348292004509221,0.286823692906288,0.293351322577491,0.349966894125169,0.30958548311763,0.176470588235294,0.404968496849685,TRUE,FALSE
"iid",0,1,"queen",0.5,0.8,"control_only",1,"Design 6","Design 6: Balanced Quartiles","oracle",100,100,TRUE,0.219555594043158,0.0040366227573338,0.00102835310260544,0.00300826965472836,0.0635344218304834,0.0548476950721574,0.286535289809871,0.358338239439652,0.477369651651476,0.00320679450948365,0.00635344218304834,0.00314011733009785,0.254755810593674,0.30134128305143,0.292258207646554,0.362139241439743,0.366363750419827,0.538461538461538,0.540714071407141,TRUE,FALSE
"spatial",0.2,1,"queen",0.5,0.8,"control_only",1,"Design 6","Design 6: Balanced Quartiles","oracle",100,100,TRUE,0.222723173760634,0.00395672007756246,0.00116114184362201,0.00279557823394045,0.0629024647971958,0.0528732279508302,0.300993426083939,0.344951929258998,0.4805413076084,0.00340755314503239,0.00629024647971958,0.00296310815964769,0.293460699989,0.311479145976827,0.32750710001935,0.352107376429669,0.392382785774757,0.25,0.615241524152415,TRUE,FALSE
"spatial",0.5,1,"queen",0.5,0.8,"control_only",1,"Design 6","Design 6: Balanced Quartiles","oracle",100,100,TRUE,0.21463778438431,0.00293273539441843,0.00101459023812172,0.00191814515629672,0.0541547356601289,0.0437966340749688,0.283780901123694,0.323380932389009,0.368530640785626,0.00318526331426731,0.00541547356601289,0.00182209099665275,0.345953555868927,0.296192902812178,0.299817089037736,0.350057354479442,0.332684221917068,0.25,0.402388238823882,TRUE,FALSE
"poisson",0.2,1,"queen",0.5,0.8,"control_only",1,"Design 6","Design 6: Balanced Quartiles","oracle",100,100,TRUE,0.222770690064735,0.00417094565205845,0.0010912284478688,0.00307971720418965,0.0645828588098921,0.0554951998301623,0.311170256159803,0.344280053006517,0.41465687041103,0.00330337471060854,0.00645828588098921,0.0023992287079982,0.261626148815979,0.331510778868164,0.314579725319879,0.380516372766545,0.373942854248126,0.111111111111111,0.521116111611161,TRUE,FALSE
"poisson",0.5,1,"queen",0.5,0.8,"control_only",1,"Design 6","Design 6: Balanced Quartiles","oracle",100,100,TRUE,0.216698803047085,0.00348267879412291,0.00101331077636531,0.0024693680177576,0.0590142253539171,0.0496927360663267,0.289405843277497,0.340470784137372,0.409207927866151,0.0031832542725414,0.00590142253539171,0.00227329391932251,0.290957287842706,0.310877395790081,0.313269841537873,0.366488284703186,0.351343301729328,0.25,0.496993699369937,TRUE,FALSE
"iid",0,2,"queen",0.5,0.8,"control_only",1,"Design 6","Design 6: Balanced Quartiles","oracle",100,100,TRUE,0.210452320359741,0.00287220955336252,0.000962422564850057,0.00190978698851247,0.0535929991077428,0.0437011096942911,0.272469749893273,0.319384545936956,0.422037831185971,0.00310229361094345,0.00535929991077428,0.00201016916450513,0.335080900947265,0.288849748939284,0.288128178985009,0.336577021469008,0.336005330607406,0.333333333333333,0.481428142814281,TRUE,FALSE
"spatial",0.2,2,"queen",0.5,0.8,"control_only",1,"Design 6","Design 6: Balanced Quartiles","oracle",100,100,TRUE,0.215850517081506,0.00322078120188402,0.00105286931934138,0.00216791188254265,0.0567519268561344,0.0465608406554547,0.295400416099217,0.326123985467753,0.421047062740473,0.00324479478448388,0.00567519268561344,0.00206320697815215,0.326898740816511,0.302624342915736,0.308705441828583,0.345077951892647,0.352563923658788,0.111111111111111,0.48969696969697,TRUE,FALSE
"spatial",0.5,2,"queen",0.5,0.8,"control_only",1,"Design 6","Design 6: Balanced Quartiles","oracle",100,100,TRUE,0.214003767456504,0.00322243244013405,0.000993300445243307,0.00222913199489074,0.0567664728526799,0.0472136844028375,0.287320638125093,0.333235966336618,0.371783799451479,0.00315166693234438,0.00567664728526799,0.00238613507126362,0.308245545468127,0.296588541179976,0.293836736159675,0.343875748335778,0.346423899484286,0.333333333333333,0.580654065406541,TRUE,FALSE
"poisson",0.2,2,"queen",0.5,0.8,"control_only",1,"Design 6","Design 6: Balanced Quartiles","oracle",100,100,TRUE,0.218646398573725,0.00466744385523765,0.00105754902117818,0.00360989483405947,0.0683186933074517,0.0600824003686559,0.317562561429968,0.378973588000872,0.436982778426702,0.00325199788003956,0.00683186933074517,0.0034781839813497,0.226579912684206,0.327175979598919,0.31246418475968,0.386431224715596,0.400423553358708,0.333333333333333,0.488328832883288,TRUE,FALSE
"poisson",0.5,2,"queen",0.5,0.8,"control_only",1,"Design 6","Design 6: Balanced Quartiles","oracle",100,100,TRUE,0.217920231260099,0.00365619866583068,0.00104798204202353,0.00260821662380715,0.0604665086294113,0.0510707022059336,0.278957961604739,0.342336841779341,0.424497841615117,0.00323725507494162,0.00604665086294113,0.00282290346780435,0.286631591389586,0.298841473469652,0.309744830827049,0.349109987862464,0.362474526522068,0.25,0.543114311431143,TRUE,FALSE
"iid",0,1,"queen",0,0.5,"both",1,"Design 6","Design 6: Balanced Quartiles","oracle",100,100,TRUE,0.0407948996221635,3.30217277426514e-05,3.43395164204505e-05,-1.31778867779903e-06,0.00574645349260319,NA,0.0479025831318872,0.0510233674742642,0.0569239739433207,0.000585999286863478,0.000574645349260319,-1.77650336491324e-06,1.03990671499895,0.0485328882260319,0.0547563717749268,0.0540517532431476,0.0583074797692237,0.111111111111111,-0.0435763576357636,TRUE,FALSE
"spatial",0.2,1,"queen",0,0.5,"both",1,"Design 6","Design 6: Balanced Quartiles","oracle",100,100,TRUE,0.041224390434045,4.27194727072679e-05,3.4443340024228e-05,8.27613268303989e-06,0.00653601351798387,0.00287682684272792,0.0500268246005746,0.0540940662932702,0.0605087638589097,0.000586884486285232,0.000653601351798387,6.63783423244131e-06,0.806267911129159,0.0500783749276561,0.0511393762217662,0.0586056948381712,0.0591502481938183,0,0.0878727872787279,TRUE,FALSE
"spatial",0.5,1,"queen",0,0.5,"both",1,"Design 6","Design 6: Balanced Quartiles","oracle",100,100,TRUE,0.0424229513654755,3.14460504234296e-05,3.63089284791349e-05,-4.8628780557053e-06,0.00560767781023746,NA,0.050932548268972,0.053371291190863,0.0612880442380199,0.000602568904600419,0.000560767781023746,-8.21249690212616e-06,1.15464193404976,0.0545230003608166,0.0519002683842662,0.0592839696490812,0.0566585901675035,0.0526315789473684,-0.18007800780078,TRUE,FALSE
"poisson",0.2,1,"queen",0,0.5,"both",1,"Design 6","Design 6: Balanced Quartiles","oracle",100,100,TRUE,0.0417887853494218,4.50386763373811e-05,3.6399856246682e-05,8.63882009069909e-06,0.00671108607733361,0.00293918697783912,0.0497609814349179,0.0549588945733874,0.0596718606881968,0.000603322933814735,0.000671108607733361,1.59923008716077e-05,0.808191075022135,0.0517422558843806,0.0538764048789037,0.0567356439884859,0.0590913591087664,0.111111111111111,0.236843684368437,TRUE,FALSE
"poisson",0.5,1,"queen",0,0.5,"both",1,"Design 6","Design 6: Balanced Quartiles","oracle",100,100,TRUE,0.0418634248439068,5.43562690532229e-05,3.46711852685915e-05,1.96850837846315e-05,0.00737267041533954,0.00443678755234364,0.0504701508934294,0.0565543792525334,0.0734094539719953,0.000588822428823763,0.000737267041533954,2.65166800229317e-05,0.637850718463462,0.0508612115491798,0.05165627402555,0.0586041433144504,0.0603645336901529,0.111111111111111,0.224386438643864,TRUE,FALSE
"iid",0,2,"queen",0,0.5,"both",1,"Design 6","Design 6: Balanced Quartiles","oracle",100,100,TRUE,0.0408620068952713,3.97868793199114e-05,3.3586465080055e-05,6.2004142398564e-06,0.0063076841487119,0.00249006309957326,0.049589307279075,0.0517803554180165,0.055516295716554,0.000579538308311495,0.00063076841487119,1.00963136795164e-05,0.844159322222756,0.0516291447370464,0.0523848060412031,0.0581406732300899,0.0543570705169888,0.111111111111111,0.178793879387939,TRUE,FALSE
"spatial",0.2,2,"queen",0,0.5,"both",1,"Design 6","Design 6: Balanced Quartiles","oracle",100,100,TRUE,0.0410206981275496,3.69015876373484e-05,3.33125668051035e-05,3.58902083224484e-06,0.00607466769768918,0.00189447112204035,0.0483121566121569,0.0518783157038128,0.0569859120376828,0.000577170397760519,0.000607466769768918,4.17054654730263e-06,0.902740747430271,0.0507978806699376,0.053355064535864,0.0558951985883867,0.0572213789783037,0.0526315789473684,0.0884848484848485,TRUE,FALSE
"spatial",0.5,2,"queen",0,0.5,"both",1,"Design 6","Design 6: Balanced Quartiles","oracle",100,100,TRUE,0.0410288192215734,4.6166426165275e-05,3.44207741273469e-05,1.17456520379281e-05,0.00679458800555817,0.00342719302606785,0.048898042871798,0.0535989276868757,0.0657064132251082,0.000586692203181079,0.000679458800555817,1.50620102336797e-05,0.745580218926219,0.0524482870296847,0.051113674371763,0.0598710368268824,0.0556475086694113,0.0526315789473684,0.173957395739574,TRUE,FALSE
"poisson",0.2,2,"queen",0,0.5,"both",1,"Design 6","Design 6: Balanced Quartiles","oracle",100,100,TRUE,0.041311625654704,3.29964454555339e-05,3.53149326462112e-05,-2.31848719067734e-06,0.00574425325482206,NA,0.0480243817519389,0.0520042293867384,0.0569638422803628,0.000594263684286792,0.000574425325482206,2.31913968714512e-06,1.07026475605688,0.0514474305913815,0.0513411894949544,0.0565786706392532,0.0546506134164047,0.111111111111111,0.0367476747674767,TRUE,FALSE
"poisson",0.5,2,"queen",0,0.5,"both",1,"Design 6","Design 6: Balanced Quartiles","oracle",100,100,TRUE,0.040993652660417,3.53296852286565e-05,3.49542223235754e-05,3.7546290508109e-07,0.00594387796212678,0.00061275027954387,0.0484070922702958,0.0522495495263801,0.057537995502753,0.000591220959739888,0.000594387796212678,5.74691591970733e-06,0.989372594104616,0.0520021981800408,0.0519668163242971,0.0556031429509863,0.0568078512165873,0.111111111111111,0.06997899789979,TRUE,FALSE
"iid",0,1,"queen",0.5,0.5,"both",1,"Design 6","Design 6: Balanced Quartiles","oracle",100,100,TRUE,0.0423838277934269,3.57529723870067e-05,3.65787365062525e-05,-8.25764119245891e-07,0.00597937892987279,NA,0.0490605766120754,0.0537129078052088,0.0669878115252489,0.000604803575603291,0.000597937892987279,5.60727782422142e-07,1.0230963767238,0.0511789476718305,0.0531693416020579,0.0584816808622679,0.0585241652937234,0.111111111111111,-0.00769276927692769,TRUE,FALSE
"spatial",0.2,1,"queen",0.5,0.5,"both",1,"Design 6","Design 6: Balanced Quartiles","oracle",100,100,TRUE,0.0427777330755964,4.9461432348752e-05,3.86551803046981e-05,1.08062520440539e-05,0.00703288222201624,0.00328728642561823,0.0521031395179449,0.05714640429977,0.065930577720355,0.000621732903300912,0.000703288222201624,1.51684464386244e-05,0.781521651701085,0.0534038357684002,0.0541038707613833,0.0613391997676681,0.0606564559141446,0.111111111111111,0.0941374137413741,TRUE,FALSE
"spatial",0.5,1,"queen",0.5,0.5,"both",1,"Design 6","Design 6: Balanced Quartiles","oracle",100,100,TRUE,0.0417468360108602,3.61957758293413e-05,3.79450270065304e-05,-1.74925117718913e-06,0.00601629253189548,NA,0.0492755116296736,0.0540501970237936,0.0644900072137271,0.000615995349061423,0.000601629253189547,6.52403680504835e-06,1.04832749504905,0.050062482854384,0.0537485114573893,0.0585263846007882,0.0563410619684238,0.176470588235294,0.0753795379537954,TRUE,FALSE
"poisson",0.2,1,"queen",0.5,0.5,"both",1,"Design 6","Design 6: Balanced Quartiles","oracle",100,100,TRUE,0.0445642383350589,3.9318081406733e-05,3.8911018204231e-05,4.07063202502081e-07,0.00627041317671595,0.000638015048805341,0.0528448398121118,0.055315976707946,0.0605063591566507,0.000623786968477468,0.000627041317671595,7.14780282684128e-06,0.989646921010943,0.054550587105159,0.0565438945922321,0.058956073427043,0.0601728638421287,0.0526315789473684,0.088040804080408,TRUE,FALSE
"poisson",0.5,1,"queen",0.5,0.5,"both",1,"Design 6","Design 6: Balanced Quartiles","oracle",100,100,TRUE,0.0428994227862566,3.76075163069542e-05,3.77660802784507e-05,-1.58563971496478e-07,0.00613249674333009,NA,0.0504128820847114,0.0545331435708423,0.0593995145669319,0.00061454113188989,0.000613249674333009,9.5389266826322e-07,1.00421628405881,0.053294390856412,0.052670321702171,0.0587375656209757,0.0593335880225509,0.0526315789473684,-0.0081008100810081,TRUE,FALSE
"iid",0,2,"queen",0.5,0.5,"both",1,"Design 6","Design 6: Balanced Quartiles","oracle",100,100,TRUE,0.0428887264046884,3.43954013403109e-05,3.64211772563283e-05,-2.02577591601743e-06,0.00586475927385864,NA,0.0515126083272928,0.0534131451632168,0.0561463604071282,0.000603499604443353,0.000586475927385864,-1.61249932825922e-05,1.05889670819579,0.0548545424763764,0.0554320974130732,0.0582147631369402,0.0611115949559585,0,-0.204860486048605,TRUE,FALSE
"spatial",0.2,2,"queen",0.5,0.5,"both",1,"Design 6","Design 6: Balanced Quartiles","oracle",100,100,TRUE,0.0440638435283227,4.23634491025883e-05,3.89399522755783e-05,3.42349682700992e-06,0.00650872100359112,0.00185026939309116,0.0539651644717821,0.0563773761001232,0.060208120624924,0.000624018848077351,0.000650872100359112,-8.3393407615803e-06,0.919187485921661,0.0572601968430234,0.0559072202538772,0.0613748964770902,0.0623623223277629,0.0526315789473684,-0.10024602460246,TRUE,FALSE
"spatial",0.5,2,"queen",0.5,0.5,"both",1,"Design 6","Design 6: Balanced Quartiles","oracle",100,100,TRUE,0.0429198334683548,5.01513418808437e-05,3.79399376717278e-05,1.22114042091159e-05,0.00708176121320422,0.00349448196577345,0.0510386690144342,0.0566788031552033,0.0630228117245317,0.000615954037828537,0.000708176121320422,1.2390362949587e-05,0.756508923766599,0.0561889240090969,0.0570143569856693,0.0619172022256667,0.0603764153449643,0.176470588235294,0.120720072007201,TRUE,FALSE
"poisson",0.2,2,"queen",0.5,0.5,"both",1,"Design 6","Design 6: Balanced Quartiles","oracle",100,100,TRUE,0.041929113357412,3.23714445136137e-05,3.59715480783315e-05,-3.60010356471776e-06,0.00568959089158559,NA,0.0487953002697537,0.0525605711194823,0.0586194799541598,0.000599762853787491,0.000568959089158559,6.03445416350191e-06,1.11121232366395,0.0502905226701691,0.0531243017789864,0.05428743254205,0.0581874304612866,0.111111111111111,0.0739393939393939,TRUE,FALSE
"poisson",0.5,2,"queen",0.5,0.5,"both",1,"Design 6","Design 6: Balanced Quartiles","oracle",100,100,TRUE,0.0432503421857554,4.26840707979346e-05,3.71586332980625e-05,5.52543749987211e-06,0.0065333047378746,0.00235062491688319,0.05068797306473,0.0545278946962856,0.0627831534436033,0.000609578816053039,0.00065333047378746,1.21007313058387e-05,0.870550362311285,0.0532827088051998,0.0534830273700358,0.0584119380829797,0.0604034631238509,0.0526315789473684,0.148250825082508,TRUE,FALSE
"iid",0,1,"queen",0,0.8,"both",1,"Design 6","Design 6: Balanced Quartiles","oracle",100,100,TRUE,0.0410546028490112,3.45894298722749e-05,3.53823838011015e-05,-7.92953928826672e-07,0.00588127791149805,NA,0.0482650974841657,0.0527259395626462,0.0627864858862197,0.000594830932291702,0.000588127791149805,1.09875421459901e-05,1.02292474700377,0.0500063881504263,0.0503824397288874,0.055521286684777,0.0565540845000648,0.0526315789473684,0.157095709570957,TRUE,FALSE
"spatial",0.2,1,"queen",0,0.8,"both",1,"Design 6","Design 6: Balanced Quartiles","oracle",100,100,TRUE,0.0414890808718907,3.6711751922453e-05,3.4603567020088e-05,2.10818490236497e-06,0.00605902235698574,0.00145195898783849,0.0503532203381576,0.0527430753042696,0.055000325628913,0.000588247966593069,0.000605902235698574,4.13650688042109e-06,0.942574658196151,0.0518172836279666,0.052116519618351,0.0566063403574544,0.0580207387240812,0.0526315789473684,0.0433123312331233,TRUE,FALSE
"spatial",0.5,1,"queen",0,0.8,"both",1,"Design 6","Design 6: Balanced Quartiles","oracle",100,100,TRUE,0.041777620584909,3.6148443651743e-05,3.59473852924455e-05,2.01058359297524e-07,0.00601235757849972,0.000448395315873755,0.0492653082282839,0.05167656578353,0.0591906041058366,0.000599561383783558,0.000601235757849972,-2.51478940652868e-06,0.994437980200903,0.052305088235672,0.0528936310090143,0.0562251551238715,0.0587859238442286,0,-0.0357275727572757,TRUE,FALSE
"poisson",0.2,1,"queen",0,0.8,"both",1,"Design 6","Design 6: Balanced Quartiles","oracle",100,100,TRUE,0.0418280363701112,4.87828115941067e-05,3.53295299745518e-05,1.34532816195549e-05,0.00698446931370642,0.00366787153803877,0.0531840351848536,0.0567504453079579,0.0703866628399796,0.000594386490211141,0.000698446931370642,1.58730211004536e-05,0.724220864277119,0.0542391407494864,0.0512088196878102,0.0593366646483266,0.0607426677543206,0.111111111111111,0.0568496849684969,TRUE,FALSE
"poisson",0.5,1,"queen",0,0.8,"both",1,"Design 6","Design 6: Balanced Quartiles","oracle",100,100,TRUE,0.0413258567591083,4.56661226834254e-05,3.50574330463365e-05,1.06086896370889e-05,0.00675767139504618,0.00325709834624147,0.0499205356561918,0.0556870852289944,0.0619410090521469,0.000592093177180218,0.000675767139504618,-3.08047676360716e-07,0.767690160370471,0.0526453530535854,0.0538584897122745,0.0606837436317825,0.0603941436767586,0.111111111111111,-0.0441044104410441,TRUE,FALSE
"iid",0,2,"queen",0,0.8,"both",1,"Design 6","Design 6: Balanced Quartiles","oracle",100,100,TRUE,0.0413548545318424,4.37296125338915e-05,3.44225606786634e-05,9.30705185522808e-06,0.0066128369504995,0.00305074611451495,0.050149214512185,0.0530041890532824,0.0590446757597451,0.000586707428610406,0.00066128369504995,1.02796758945832e-05,0.787168206715418,0.050534480751536,0.053792651984503,0.0570798447491555,0.0595719030498797,0,0.144254425442544,TRUE,FALSE
"spatial",0.2,2,"queen",0,0.8,"both",1,"Design 6","Design 6: Balanced Quartiles","oracle",100,100,TRUE,0.0415497191772014,3.33546090225926e-05,3.41696700778679e-05,-8.15061055275288e-07,0.00577534492672018,NA,0.0489840507097343,0.0523082544903052,0.0570582635545213,0.000584548287807499,0.000577534492672018,6.40515479022145e-06,1.02443623472616,0.0531119195429153,0.0518220488376134,0.0557221369772669,0.0577333178258077,0.0526315789473684,0.106822682268227,TRUE,FALSE
"spatial",0.5,2,"queen",0,0.8,"both",1,"Design 6","Design 6: Balanced Quartiles","oracle",100,100,TRUE,0.0410885471480571,4.00755597775423e-05,3.43399887132218e-05,5.73557106432056e-06,0.00633052602692243,0.00239490523075978,0.0478803614310849,0.0541046624796794,0.0690097307626499,0.000586003316656329,0.000633052602692243,1.03331910945678e-07,0.856881074246786,0.0517704910049433,0.0497725977884894,0.0586534858822526,0.058180092381271,0.0526315789473684,-0.0944254425442544,TRUE,FALSE
"poisson",0.2,2,"queen",0,0.8,"both",1,"Design 6","Design 6: Balanced Quartiles","oracle",100,100,TRUE,0.0422741402448213,3.43897398240761e-05,3.53286226427794e-05,-9.38882818703296e-07,0.00586427658147841,NA,0.050366035268034,0.0526940600774574,0.0582531346064863,0.000594378857655447,0.000586427658147841,6.9494640815166e-06,1.02730124809045,0.0532727414091663,0.0533639802279055,0.0572216460555498,0.0573956280985589,0.111111111111111,0.10975097509751,TRUE,FALSE
"poisson",0.5,2,"queen",0,0.8,"both",1,"Design 6","Design 6: Balanced Quartiles","oracle",100,100,TRUE,0.0410396004664811,3.70383000919832e-05,3.29501747841689e-05,4.08812530781423e-06,0.00608590996416996,0.00202191130067919,0.0480904839005097,0.0514219032593108,0.0618914458833104,0.000574022427995361,0.000608590996416996,5.05615274813056e-06,0.889624380771754,0.0526675854236765,0.0501103321828975,0.0572321880560763,0.0553182959453275,0.0526315789473684,0.00626462646264626,TRUE,FALSE
"iid",0,1,"queen",0.5,0.8,"both",1,"Design 6","Design 6: Balanced Quartiles","oracle",100,100,TRUE,0.0434372786157392,4.82215784037526e-05,3.73515639120139e-05,1.08700144917387e-05,0.00694417586209858,0.00329697050210321,0.0522833313714111,0.0575821054458474,0.0713705952565669,0.000611159258393538,0.000694417586209858,9.36511506418197e-06,0.774581943363081,0.0554456380499571,0.0549283608791954,0.064545431742366,0.0596795987955977,0.111111111111111,0.0828202820282028,TRUE,FALSE
"spatial",0.2,1,"queen",0.5,0.8,"both",1,"Design 6","Design 6: Balanced Quartiles","oracle",100,100,TRUE,0.0432941426856783,4.48379518849129e-05,3.81139811307433e-05,6.72397075416965e-06,0.00669611468576464,0.00259306204209804,0.052630429868792,0.0564031684636362,0.0619863761439391,0.000617365217118225,0.000669611468576464,3.55672238649953e-06,0.850038405602729,0.0566888561846796,0.051042907060422,0.063020831490325,0.0578021640859326,0.0526315789473684,0.0313111311131113,TRUE,FALSE
"spatial",0.5,1,"queen",0.5,0.8,"both",1,"Design 6","Design 6: Balanced Quartiles","oracle",100,100,TRUE,0.0442090219259597,4.45331340277567e-05,4.03129516233021e-05,4.22018240445461e-06,0.00667331507031975,0.00205430825448729,0.0529359342804625,0.0571916578641781,0.0636429050768433,0.000634924811480085,0.000667331507031975,2.06512745163662e-06,0.905235000936062,0.0565451127547669,0.0554658672735937,0.0609787426022366,0.0638629181150462,0.176470588235294,0.023042304230423,TRUE,FALSE
"poisson",0.2,1,"queen",0.5,0.8,"both",1,"Design 6","Design 6: Balanced Quartiles","oracle",100,100,TRUE,0.043427336043871,3.53024372158264e-05,3.78891470681158e-05,-2.58670985228942e-06,0.00594158541265094,NA,0.0505039742160438,0.0556976949681587,0.061870067520807,0.000615541607595424,0.000594158541265094,6.16110930034115e-07,1.07327284052586,0.0521544422213155,0.054679279416151,0.058955479270507,0.060828462460753,0.176470588235294,-0.0391719171917192,TRUE,FALSE
"poisson",0.5,1,"queen",0.5,0.8,"both",1,"Design 6","Design 6: Balanced Quartiles","oracle",100,100,TRUE,0.0421315269768372,4.21073088712039e-05,3.64234385697028e-05,5.68387030150115e-06,0.00648901447611299,0.0023840868905099,0.0489854541606306,0.0547472862932029,0.0623462308404165,0.000603518339155512,0.000648901447611299,2.29712318200882e-06,0.865014638696414,0.0539049984589893,0.0543759100540885,0.0582711301416118,0.0609126581399849,0.111111111111111,-0.0587218721872187,TRUE,FALSE
"iid",0,2,"queen",0.5,0.8,"both",1,"Design 6","Design 6: Balanced Quartiles","oracle",100,100,TRUE,0.0433835750643285,4.96587938837919e-05,3.81679917969047e-05,1.14908020868872e-05,0.00704689959370728,0.00338980856198211,0.0531465928392801,0.0568838618460033,0.062235440739117,0.000617802491067369,0.000704689959370728,1.05491806983442e-05,0.768604889724523,0.0583219080823925,0.0552154772522371,0.0623563689051212,0.0590512805276285,0.176470588235294,0.0734713471347135,TRUE,FALSE
"spatial",0.2,2,"queen",0.5,0.8,"both",1,"Design 6","Design 6: Balanced Quartiles","oracle",100,100,TRUE,0.0431986061376797,3.28629803681864e-05,3.81218647954597e-05,-5.25888442727323e-06,0.00573262421306215,NA,0.050543282575745,0.0528399818323832,0.0552637315317026,0.000617429063095184,0.000573262421306215,-1.57881781334508e-05,1.16002457380172,0.0535794631633937,0.054656122031922,0.0621055272291324,0.0614037536007898,0,-0.114263426342634,TRUE,FALSE
"spatial",0.5,2,"queen",0.5,0.8,"both",1,"Design 6","Design 6: Balanced Quartiles","oracle",100,100,TRUE,0.0426633819228272,3.59081705864517e-05,3.65395496661408e-05,-6.31379079689169e-07,0.00599234266263635,NA,0.0503231538595638,0.0543458886915516,0.0601578068666154,0.000604479525427792,0.000599234266263635,-5.99075074519858e-07,1.01758315919128,0.0539547407171889,0.054319371981118,0.0590995797708568,0.060672369506838,0.0526315789473684,-0.0128532853285329,TRUE,FALSE
"poisson",0.2,2,"queen",0.5,0.8,"both",1,"Design 6","Design 6: Balanced Quartiles","oracle",100,100,TRUE,0.0429904347647321,4.25163800387982e-05,3.6513355142521e-05,6.00302489627719e-06,0.00652045857580571,0.00245010711934748,0.0515377928864637,0.0558693720873607,0.0665203682577989,0.000604262816517126,0.000652045857580571,1.2839712593161e-05,0.858806773041375,0.0551301402648347,0.0538346160816647,0.0591634063241228,0.0592291526689043,0.176470588235294,0.134881488148815,TRUE,FALSE
"poisson",0.5,2,"queen",0.5,0.8,"both",1,"Design 6","Design 6: Balanced Quartiles","oracle",100,100,TRUE,0.0427121681966034,4.53076833899448e-05,3.62544225739869e-05,9.05326081595792e-06,0.0067310982305969,0.00300886370843844,0.0521269993226847,0.056573333877888,0.0636877933774455,0.000602116455297369,0.00067310982305969,1.39077471668622e-05,0.800182659130016,0.0529953710833435,0.0557096312737837,0.0595102829493054,0.0605248550924933,0.176470588235294,0.131737173717372,TRUE,FALSE
"iid",0,1,"queen",0,0.5,"control_only",1,"Design 7","Design 7: Balanced Halves","oracle",100,100,TRUE,0.213207599543425,0.00321438910224272,0.00102502010936784,0.00218936899287487,0.0566955827401281,0.0467906934429794,0.28209507913956,0.324942150561597,0.463124502037836,0.00320159352411864,0.00566955827401281,0.0023322367172708,0.318884888158896,0.292220977472756,0.281571512494511,0.349061495247158,0.337978411730415,0.176470588235294,0.499129912991299,TRUE,FALSE
"spatial",0.2,1,"queen",0,0.5,"control_only",1,"Design 7","Design 7: Balanced Halves","oracle",100,100,TRUE,0.212741590044511,0.00366526257567904,0.000962982115645702,0.00270228046003334,0.0605414120720606,0.0519834633324227,0.282064764678923,0.337045463769884,0.442516758034544,0.00310319531393965,0.00605414120720606,0.0025135613413635,0.26273209511253,0.298550263440369,0.297623438239717,0.350808623059144,0.346131853252279,0.428571428571429,0.488436843684368,TRUE,FALSE
"spatial",0.5,1,"queen",0,0.5,"control_only",1,"Design 7","Design 7: Balanced Halves","oracle",100,100,TRUE,0.211834821583485,0.00319231713349008,0.000925573908706638,0.00226674322478344,0.0565005940985586,0.0476103268712098,0.288845000313578,0.331193136372444,0.386090614294334,0.00304232461894953,0.00565005940985587,0.00234848292405286,0.289937957290205,0.297983141964736,0.296559853682022,0.346090355255432,0.346788898369912,0.333333333333333,0.518655865586559,TRUE,FALSE
"poisson",0.2,1,"queen",0,0.5,"control_only",1,"Design 7","Design 7: Balanced Halves","oracle",100,100,TRUE,0.218024359783118,0.00360883162928332,0.00100661786382451,0.00260221376545881,0.0600735518284321,0.0510118982734304,0.288797168251417,0.342783287824327,0.469505757646897,0.00317272416674458,0.00600735518284321,0.00286465699184613,0.278931789351562,0.292969804788511,0.306240796630459,0.338468199255286,0.376219280772172,0.25,0.64002400240024,TRUE,FALSE
"poisson",0.5,1,"queen",0,0.5,"control_only",1,"Design 7","Design 7: Balanced Halves","oracle",100,100,TRUE,0.211458558886561,0.0039817592516148,0.000954445670969823,0.00302731358064498,0.0631011826483054,0.0550210285313259,0.292557852262195,0.347401275257811,0.426116735022873,0.00308941041457723,0.00631011826483054,0.00289094211875669,0.239704515179502,0.307017683591903,0.298462742784128,0.364969777049793,0.363541739318001,0.25,0.536717671767177,TRUE,FALSE
"iid",0,2,"queen",0,0.5,"control_only",1,"Design 7","Design 7: Balanced Halves","oracle",100,100,TRUE,0.210448241155104,0.00414507017977447,0.00101454172373614,0.00313052845603833,0.0643822194380907,0.0559511256011739,0.308749792308125,0.349543001129718,0.411824777036723,0.00318518715892196,0.00643822194380907,0.00319165694908157,0.244758636098976,0.303490259341611,0.342952331926532,0.343652071881958,0.379435010262912,0.176470588235294,0.574761476147615,TRUE,FALSE
"spatial",0.2,2,"queen",0,0.5,"control_only",1,"Design 7","Design 7: Balanced Halves","oracle",100,100,TRUE,0.213623680636885,0.0036006214876265,0.000999857217699814,0.00260076426992668,0.060005178840051,0.0509976888684839,0.293346270458679,0.334295367504811,0.439571911829942,0.00316205189347015,0.00600051788400509,0.00258320602622987,0.277690176858582,0.282300743859467,0.313402484116704,0.331001525119194,0.377044721165706,0.111111111111111,0.572157215721572,TRUE,FALSE
"spatial",0.5,2,"queen",0,0.5,"control_only",1,"Design 7","Design 7: Balanced Halves","oracle",100,100,TRUE,0.212848992500583,0.0047083955954499,0.000972370907288199,0.0037360246881617,0.068617749857088,0.0611230291147429,0.300619476323989,0.359990335095159,0.566894355021802,0.0031182862397288,0.0068617749857088,0.00363644386400914,0.206518523683073,0.305519547667595,0.327211519938193,0.36804925734369,0.383418933983656,0.333333333333333,0.54022202220222,TRUE,FALSE
"poisson",0.2,2,"queen",0,0.5,"control_only",1,"Design 7","Design 7: Balanced Halves","oracle",100,100,TRUE,0.208184578627727,0.00287555030556873,0.000940700805547726,0.00193484950002101,0.0536241578541681,0.0439869241936852,0.268328289376316,0.320351423252547,0.404201208473694,0.00306708461824535,0.00536241578541681,0.00188140081604965,0.327137662563574,0.28864248041025,0.292682291165418,0.336357652620388,0.344401887515619,0.25,0.404980498049805,TRUE,FALSE
"poisson",0.5,2,"queen",0,0.5,"control_only",1,"Design 7","Design 7: Balanced Halves","oracle",100,100,TRUE,0.218660419403661,0.00387479025720561,0.00100686745389974,0.00286792280330587,0.0622478132724806,0.0535529906102906,0.28742671301289,0.336439956456518,0.577043024761317,0.00317311747954553,0.00622478132724806,0.00295133685863605,0.259850827287324,0.292440779675716,0.294188913201034,0.357160165740753,0.361977981255339,0.111111111111111,0.556999699969997,TRUE,FALSE
"iid",0,1,"queen",0.5,0.5,"control_only",1,"Design 7","Design 7: Balanced Halves","oracle",100,100,TRUE,0.207609766321162,0.00322903284236735,0.000918475032266203,0.00231055781010114,0.0568245795617297,0.0480682619833622,0.290274165006786,0.329053828050029,0.383884266284782,0.00303063530017421,0.00568245795617297,0.00213726195460447,0.284442765714587,0.300093420009575,0.281170054359904,0.345796540512265,0.347073878851891,0.176470588235294,0.439207920792079,TRUE,FALSE
"spatial",0.2,1,"queen",0.5,0.5,"control_only",1,"Design 7","Design 7: Balanced Halves","oracle",100,100,TRUE,0.218333898573392,0.00358022279845551,0.00107907614996895,0.00250114664848656,0.0598349630103964,0.0500114651703643,0.304020092125446,0.333455029882584,0.38050944429953,0.00328492945124998,0.00598349630103964,0.00257395282603652,0.301399161648391,0.292066923169533,0.325403548352115,0.360667745149976,0.358787214650615,0.111111111111111,0.565088508850885,TRUE,FALSE
"spatial",0.5,1,"queen",0.5,0.5,"control_only",1,"Design 7","Design 7: Balanced Halves","oracle",100,100,TRUE,0.235566900212885,0.00582972802145996,0.00122590174452368,0.00460382627693628,0.0763526556280786,0.0678515016557208,0.355933484842687,0.392566302271357,0.465743443827804,0.00350128796948163,0.00763526556280786,0.00453173097104096,0.210284551871199,0.345622659381601,0.395693906309195,0.400355870602305,0.428062527044225,0.25,0.686696669666967,TRUE,FALSE
"poisson",0.2,1,"queen",0.5,0.5,"control_only",1,"Design 7","Design 7: Balanced Halves","oracle",100,100,TRUE,0.214206079206516,0.00326160933672301,0.00103433951315466,0.00222726982356835,0.0571105011072658,0.0471939596089198,0.302007041962817,0.332620164873783,0.410978781496994,0.00321611491267749,0.00571105011072658,0.00205652483746557,0.317125506573964,0.300039596444038,0.306325987026835,0.356458587796491,0.359450353706896,0.111111111111111,0.424218421842184,TRUE,FALSE
"poisson",0.5,1,"queen",0.5,0.5,"control_only",1,"Design 7","Design 7: Balanced Halves","oracle",100,100,TRUE,0.230209079025323,0.00497591466176107,0.00121151864130202,0.00376439602045905,0.0705401634656532,0.0613546739903249,0.319971000301766,0.392776037380752,0.534693145409742,0.00348068763508307,0.00705401634656532,0.0038854075800916,0.243476571375369,0.32787010578951,0.355966931506982,0.386424162259523,0.423679386731703,0.538461538461538,0.478727872787279,TRUE,FALSE
"iid",0,2,"queen",0.5,0.5,"control_only",1,"Design 7","Design 7: Balanced Halves","oracle",100,100,TRUE,0.211808637953189,0.00358466980258517,0.000936071513128556,0.00264859828945662,0.0598721120605009,0.0514645342877657,0.288518345531048,0.335764991865031,0.432109719641505,0.00305952857990991,0.00598721120605009,0.0026953409672928,0.261131865605442,0.305276043974162,0.295145359629184,0.341207722240473,0.356700112955948,0.25,0.561788178817882,TRUE,FALSE
"spatial",0.2,2,"queen",0.5,0.5,"control_only",1,"Design 7","Design 7: Balanced Halves","oracle",100,100,TRUE,0.224362428271741,0.003705622751415,0.00110955134511916,0.00259607140629584,0.0608738264890174,0.0509516575421825,0.293523427785987,0.349653417576728,0.508024809597954,0.00333099286267497,0.00608738264890174,0.0024029058249393,0.299423718913501,0.301437951046368,0.323743772381496,0.368855408188738,0.373595172597949,0.176470588235294,0.343282328232823,TRUE,FALSE
"spatial",0.5,2,"queen",0.5,0.5,"control_only",1,"Design 7","Design 7: Balanced Halves","oracle",100,100,TRUE,0.22610945127397,0.00362115002621415,0.00112849197245805,0.0024926580537561,0.0601759921082665,0.0499265265540885,0.292697625958884,0.359078380682743,0.452374360635537,0.00335930345824555,0.00601759921082665,0.00238803518575557,0.311639110307138,0.327022257357372,0.292183941065416,0.39746068424342,0.343227005280658,0.176470588235294,0.492157215721572,TRUE,FALSE
"poisson",0.2,2,"queen",0.5,0.5,"control_only",1,"Design 7","Design 7: Balanced Halves","oracle",100,100,TRUE,0.216650287660727,0.00313420064331286,0.00110091162893136,0.0020332890143815,0.0559839320101121,0.0450920061028726,0.284019063458094,0.326235805562183,0.441747971281946,0.00331799883805188,0.00559839320101121,0.00176879857558999,0.351257546730543,0.287621284447539,0.315238425385844,0.35050366594604,0.361799219334238,0.111111111111111,0.409096909690969,TRUE,FALSE
"poisson",0.5,2,"queen",0.5,0.5,"control_only",1,"Design 7","Design 7: Balanced Halves","oracle",100,100,TRUE,0.218815969045557,0.00430208512687823,0.00106880715270707,0.00323327797417117,0.0655902822594798,0.0568619202469558,0.304314638768959,0.357037173020756,0.415411814758994,0.00326926161802182,0.00655902822594798,0.00335873711729823,0.248439331437088,0.316254191298843,0.314014418112487,0.364718570345174,0.370182584315288,0.25,0.556975697569757,TRUE,FALSE
"iid",0,1,"queen",0,0.8,"control_only",1,"Design 7","Design 7: Balanced Halves","oracle",100,100,TRUE,0.20747204333821,0.00378306950252092,0.000936944693350284,0.00284612480917063,0.0615066622612617,0.0533490844267325,0.280701782296953,0.335036791879716,0.425160693730845,0.00306095523219514,0.00615066622612617,0.00285849267892286,0.247667850861829,0.293402651313096,0.27811787680076,0.356683024773993,0.344563853719173,0.25,0.519267926792679,TRUE,FALSE
"spatial",0.2,1,"queen",0,0.8,"control_only",1,"Design 7","Design 7: Balanced Halves","oracle",100,100,TRUE,0.22049866290636,0.00499114061746474,0.0010866513088863,0.00390448930857844,0.0706480050494332,0.0624859128810521,0.3091072921693,0.363298761222315,0.471078615653129,0.00329643945627141,0.00706480050494332,0.00381788593737006,0.217716027691936,0.308440009030003,0.334014431629164,0.367654732210708,0.400191554407551,0.25,0.654353435343534,TRUE,FALSE
"spatial",0.5,1,"queen",0,0.8,"control_only",1,"Design 7","Design 7: Balanced Halves","oracle",100,100,TRUE,0.209410460455588,0.00306736489338722,0.000916436193575246,0.00215092869981197,0.0553837963071079,0.0463781058238903,0.286288249612135,0.322934096560551,0.353191478637561,0.00302726971638677,0.00553837963071079,0.00214044859100357,0.29876986450192,0.292494900023248,0.296485859144117,0.353093645529218,0.320184858849202,0.25,0.53000900090009,TRUE,FALSE
"poisson",0.2,1,"queen",0,0.8,"control_only",1,"Design 7","Design 7: Balanced Halves","oracle",100,100,TRUE,0.21437337053736,0.00346569446649056,0.00103844080347541,0.00242725366301516,0.0588701491971149,0.0492671661760158,0.283797434446943,0.342899580922555,0.403199855578437,0.00322248476098089,0.00588701491971149,0.00217470411702889,0.299634261910847,0.307288188236855,0.297740153072985,0.363743554021039,0.352856037051467,0.25,0.408208820882088,TRUE,FALSE
"poisson",0.5,1,"queen",0,0.8,"control_only",1,"Design 7","Design 7: Balanced Halves","oracle",100,100,TRUE,0.20707153127814,0.00324197782725738,0.00090298949093343,0.00233898833632395,0.0569383686740091,0.0483630885730425,0.290103100466713,0.318988093124686,0.37382704630554,0.00300497835422059,0.00569383686740091,0.00237938475491426,0.278530433904088,0.30217828880346,0.287544791353256,0.340590271060641,0.327258871953197,0.25,0.598487848784878,TRUE,FALSE
"iid",0,2,"queen",0,0.8,"control_only",1,"Design 7","Design 7: Balanced Halves","oracle",100,100,TRUE,0.217236411637202,0.00417075383022944,0.00102440273363315,0.00314635109659629,0.0645813737096807,0.0560923443670907,0.291304442482021,0.348849925392747,0.496372678116981,0.00320062920944171,0.00645813737096807,0.00332301853119877,0.245615726876116,0.294061188063668,0.302596161754197,0.355983616297785,0.372118650217257,0.25,0.590831083108311,TRUE,FALSE
"spatial",0.2,2,"queen",0,0.8,"control_only",1,"Design 7","Design 7: Balanced Halves","oracle",100,100,TRUE,0.214553535996686,0.00291981915472027,0.00099497733531353,0.00192484181940674,0.0540353509724909,0.0438730192647684,0.280341057721385,0.318824928113975,0.380759881755258,0.00315432613296966,0.00540353509724909,0.0019134579350963,0.340766767594157,0.296691785318443,0.293789860726898,0.354419508138884,0.324214118861725,0.25,0.532301230123012,TRUE,FALSE
"spatial",0.5,2,"queen",0,0.8,"control_only",1,"Design 7","Design 7: Balanced Halves","oracle",100,100,TRUE,0.203227934812546,0.00332482565133257,0.000927775078749474,0.0023970505725831,0.0576613011588585,0.0489596831340144,0.276536680325776,0.321280427405216,0.414856940719104,0.00304594004988521,0.00576613011588585,0.00228861643779742,0.279044730774868,0.290328339906873,0.310877661152876,0.335796535430447,0.345361748082938,0.25,0.50988298829883,TRUE,FALSE
"poisson",0.2,2,"queen",0,0.8,"control_only",1,"Design 7","Design 7: Balanced Halves","oracle",100,100,TRUE,0.207569524536994,0.0040471168692127,0.000892118427034039,0.00315499844217866,0.0636169542591651,0.0561693728127586,0.294216089992015,0.342743182619424,0.414079180152016,0.00298683515955273,0.00636169542591651,0.00295560113123041,0.220433077636225,0.303064476819813,0.312522987903252,0.354911245357709,0.35582370174103,0.176470588235294,0.556279627962796,TRUE,FALSE
"poisson",0.5,2,"queen",0,0.8,"control_only",1,"Design 7","Design 7: Balanced Halves","oracle",100,100,TRUE,0.20849019921691,0.00299453698542675,0.000945004115850661,0.00204953286957609,0.0547223627544238,0.0452717668042245,0.275445845429469,0.315938459209423,0.397475088574031,0.00307409192421219,0.00547223627544238,0.00218137599606664,0.315576037447402,0.296519424931331,0.291413258640553,0.341949983698341,0.312146249322947,0.25,0.540606060606061,TRUE,FALSE
"iid",0,1,"queen",0.5,0.8,"control_only",1,"Design 7","Design 7: Balanced Halves","oracle",100,100,TRUE,0.213222599246848,0.00387179079135926,0.00106920463731044,0.00280258615404882,0.0622237156666111,0.0529394574400685,0.302512698033077,0.347532917406371,0.396294810543731,0.00326986947340478,0.00622237156666111,0.00269567025496461,0.276152482127031,0.313202882006873,0.301551233421042,0.365436314679598,0.368736510423817,0.333333333333333,0.513183318331833,TRUE,FALSE
"spatial",0.2,1,"queen",0.5,0.8,"control_only",1,"Design 7","Design 7: Balanced Halves","oracle",100,100,TRUE,0.231724987098852,0.00527977963793191,0.00126176142442924,0.00401801821350267,0.0726620921659424,0.0633878396342916,0.317665456440502,0.383696506400804,0.471453944766916,0.0035521281289239,0.00726620921659424,0.00410937318091022,0.23897994063318,0.32004752021101,0.349689292043982,0.370603112983003,0.422750383852423,0.333333333333333,0.59039903990399,TRUE,FALSE
"spatial",0.5,1,"queen",0.5,0.8,"control_only",1,"Design 7","Design 7: Balanced Halves","oracle",100,100,TRUE,0.223935811111779,0.00311090004091858,0.00109850680400086,0.00201239323691772,0.0557754429916839,0.0448597061617408,0.296070780020493,0.322870562014314,0.354622433076494,0.00331437294823751,0.00557754429916839,0.00210546412224041,0.353115429474389,0.324418182144008,0.297088397250028,0.356964981747918,0.327972822949511,0.176470588235294,0.532697269726973,TRUE,FALSE
"poisson",0.2,1,"queen",0.5,0.8,"control_only",1,"Design 7","Design 7: Balanced Halves","oracle",100,100,TRUE,0.223674226477512,0.00437171952267807,0.00118272137351189,0.00318899814916618,0.0661189800486825,0.0564712152265752,0.295464708960703,0.355396614249805,0.517963117813456,0.00343907163855581,0.00661189800486825,0.00320629612936125,0.270539170542984,0.295799264177588,0.324140362103017,0.381318287326715,0.362036835345555,0.176470588235294,0.561992199219922,TRUE,FALSE
"poisson",0.5,1,"queen",0.5,0.8,"control_only",1,"Design 7","Design 7: Balanced Halves","oracle",100,100,TRUE,0.227618060033031,0.00359517364342919,0.00110585316038909,0.0024893204830401,0.0599597668727055,0.0498930905340619,0.308970228461068,0.342458506782564,0.3843637532367,0.00332543705456754,0.00599597668727055,0.00252286395517783,0.307593810499314,0.318131323138039,0.313835724035148,0.383660717967705,0.339116797804991,0.111111111111111,0.537041704170417,TRUE,FALSE
"iid",0,2,"queen",0.5,0.8,"control_only",1,"Design 7","Design 7: Balanced Halves","oracle",100,100,TRUE,0.210305343540788,0.00321795915098086,0.000968088681734934,0.00224987046924593,0.0567270583670691,0.0474327995088412,0.28665719331664,0.328861296830758,0.404316260425148,0.00311141235090262,0.00567270583670691,0.00245106491420515,0.30083933210894,0.296699294472351,0.297321426737578,0.334442222590081,0.34577102174306,0.333333333333333,0.543750375037504,TRUE,FALSE
"spatial",0.2,2,"queen",0.5,0.8,"control_only",1,"Design 7","Design 7: Balanced Halves","oracle",100,100,TRUE,0.224772423733835,0.00332052164368936,0.0010990870484968,0.00222143459519256,0.0576239676149548,0.0471320972925305,0.297251935351666,0.349342069543097,0.403060996804634,0.00331524817848801,0.00576239676149548,0.00238793122556424,0.330998308830666,0.308436608213556,0.29267572532618,0.361375383641866,0.355229883348374,0.25,0.522988298829883,TRUE,FALSE
"spatial",0.5,2,"queen",0.5,0.8,"control_only",1,"Design 7","Design 7: Balanced Halves","oracle",100,100,TRUE,0.223555553997255,0.00364495348234343,0.001141051591046,0.00250390189129743,0.0603734501444421,0.0500390037000881,0.304689523177997,0.343438427617036,0.452251748849776,0.00337794551620656,0.00603734501444421,0.00246565616059432,0.313049699145238,0.320018244451344,0.334487648731151,0.355906390581514,0.379706920948929,0.25,0.531197119711971,TRUE,FALSE
"poisson",0.2,2,"queen",0.5,0.8,"control_only",1,"Design 7","Design 7: Balanced Halves","oracle",100,100,TRUE,0.227978602114181,0.00378161829010053,0.00117925522665964,0.00260236306344089,0.0614948639326939,0.051013361616746,0.30937809702963,0.353300488125869,0.447059135093407,0.00343402857684621,0.00614948639326938,0.00269334906900473,0.311838778056125,0.301517903973888,0.329156600557373,0.349560473746576,0.373588285663553,0.333333333333333,0.516219621962196,TRUE,FALSE
"poisson",0.5,2,"queen",0.5,0.8,"control_only",1,"Design 7","Design 7: Balanced Halves","oracle",100,100,TRUE,0.220930510231886,0.00494365504961617,0.00108323783575704,0.00386041721385913,0.0703111303394859,0.062132255824645,0.306942985211749,0.376305426367019,0.471108522282398,0.00329125786859225,0.00703111303394859,0.00389574426165746,0.219116792107318,0.353235134064217,0.324088826277584,0.394983367468875,0.376939047025426,0.538461538461538,0.539177917791779,TRUE,FALSE
"iid",0,1,"queen",0,0.5,"both",1,"Design 7","Design 7: Balanced Halves","oracle",100,100,TRUE,0.0417986766103182,3.71308363954375e-05,3.532459606554e-05,1.80624032989753e-06,0.00609350772506587,0.00134396440797274,0.0491398801130145,0.05312365222265,0.0580239438003476,0.000594344984546349,0.000609350772506587,3.03785962102367e-06,0.951354709313268,0.0523003069990083,0.0532078812090768,0.0595172780099218,0.0555071675904247,0.0526315789473684,0.0240504050405041,TRUE,FALSE
"spatial",0.2,1,"queen",0,0.5,"both",1,"Design 7","Design 7: Balanced Halves","oracle",100,100,TRUE,0.041739366231182,4.14232393372309e-05,3.44749910606287e-05,6.94824827660221e-06,0.00643608882297556,0.0026359530110763,0.0498480852579983,0.0537672402993983,0.0580847154145932,0.000587154077399014,0.000643608882297556,2.89282739296619e-06,0.832262073469538,0.0549498533485246,0.0504410008852548,0.0620479358967327,0.0554795407638154,0.0526315789473684,-0.0184698469846985,TRUE,FALSE
"spatial",0.5,1,"queen",0,0.5,"both",1,"Design 7","Design 7: Balanced Halves","oracle",100,100,TRUE,0.0418476911932004,3.20715812428713e-05,3.57996651370536e-05,-3.72808389418237e-06,0.00566317766301493,NA,0.0487303253959444,0.0513356110757226,0.0568504271664177,0.000598328213751062,0.000566317766301493,-4.33442061679703e-06,1.11624259701916,0.0551648271774059,0.0501862365834788,0.0593557568689544,0.0543836318311901,0,-0.0478847884788479,TRUE,FALSE
"poisson",0.2,1,"queen",0,0.5,"both",1,"Design 7","Design 7: Balanced Halves","oracle",100,100,TRUE,0.0413148196740539,4.78402029818277e-05,3.40217148673946e-05,1.3818488114433e-05,0.0069166612597284,0.00371732270786826,0.0495121520514909,0.0542497382879245,0.0657903803178186,0.000583281363214998,0.00069166612597284,1.86631501003894e-05,0.711153229853935,0.0496523595972903,0.0563279131425166,0.0546727697629818,0.0600700189041074,0.111111111111111,0.212505250525053,TRUE,FALSE
"poisson",0.5,1,"queen",0,0.5,"both",1,"Design 7","Design 7: Balanced Halves","oracle",100,100,TRUE,0.0411776931533124,3.38916478596265e-05,3.41817524778401e-05,-2.90104618213607e-07,0.00582165336134216,NA,0.0495943025796207,0.0524701461120384,0.0553389890965438,0.000584651626850042,0.000582165336134216,6.52075417800812e-07,1.00855976727408,0.0517211569963174,0.050341014679657,0.0567271643825727,0.0572780998985326,0,0.0203660366036604,TRUE,FALSE
"iid",0,2,"queen",0,0.5,"both",1,"Design 7","Design 7: Balanced Halves","oracle",100,100,TRUE,0.0417665396386653,3.96937259745953e-05,3.57952806907777e-05,3.89844528381765e-06,0.00630029570532966,0.00197444809600497,0.0495470915274611,0.0523335524589462,0.0568277460902616,0.000598291573488861,0.000630029570532966,1.41676109228151e-06,0.901786864596367,0.054174801212649,0.0529885632737927,0.0574833888061886,0.0572724216863715,0,0.0374437443744374,TRUE,FALSE
"spatial",0.2,2,"queen",0,0.5,"both",1,"Design 7","Design 7: Balanced Halves","oracle",100,100,TRUE,0.0411917178883016,3.79095282020638e-05,3.34359898663694e-05,4.47353833569436e-06,0.00615707139816194,0.00211507407333511,0.0504031619765297,0.052211130653309,0.0549487877706046,0.000578238617409538,0.000615707139816194,4.37653794889445e-06,0.88199435477409,0.0534199857332377,0.0522028292568318,0.0569834690250907,0.0573383560247506,0,0.0611941194119412,TRUE,FALSE
"spatial",0.5,2,"queen",0,0.5,"both",1,"Design 7","Design 7: Balanced Halves","oracle",100,100,TRUE,0.0414949066283878,3.49098355052337e-05,3.3906037820198e-05,1.00379768503572e-06,0.00590845457841843,0.00100189704313154,0.0497248868387272,0.0529810787033386,0.0556494520581709,0.000582288912999363,0.000590845457841843,-1.03427642235909e-06,0.971245992124906,0.0535649375520239,0.0516515281255773,0.05759285865108,0.0574107897260658,0.0526315789473684,-0.041020102010201,TRUE,FALSE
"poisson",0.2,2,"queen",0,0.5,"both",1,"Design 7","Design 7: Balanced Halves","oracle",100,100,TRUE,0.0419140124448657,3.73372943909825e-05,3.43833169373927e-05,2.9539774535898e-06,0.00611042505812668,0.00171871389521054,0.0498777273841917,0.0529467792490991,0.0583713997530767,0.000586372892768695,0.000611042505812668,6.82626497664292e-06,0.920883998110393,0.0526629020788723,0.0538189008327422,0.0548250731060886,0.0573965136203106,0.0526315789473684,0.0877167716771677,TRUE,FALSE
"poisson",0.5,2,"queen",0,0.5,"both",1,"Design 7","Design 7: Balanced Halves","oracle",100,100,TRUE,0.0404795261683486,3.12648369532389e-05,3.30436695387341e-05,-1.77883258549517e-06,0.00559149684371179,NA,0.048157860386406,0.0509150851753645,0.0543175991060089,0.000574836233537292,0.000559149684371179,-1.95048285129728e-06,1.05689562968634,0.0534556042785119,0.0493290626075895,0.0565356962216087,0.054741998175147,0.0526315789473684,-0.0582178217821782,TRUE,FALSE
"iid",0,1,"queen",0.5,0.5,"both",1,"Design 7","Design 7: Balanced Halves","oracle",100,100,TRUE,0.0423843671450735,4.07702577032929e-05,3.58547971117507e-05,4.91546059154222e-06,0.00638515917603413,0.00221708380345494,0.0511465226735625,0.0538568950265627,0.0587399252677891,0.000598788753332515,0.000638515917603413,-8.74554510851563e-07,0.879435135600205,0.0528623416466308,0.0554897053500579,0.0560912944745733,0.0612176548307894,0.176470588235294,0.0158415841584158,TRUE,FALSE
"spatial",0.2,1,"queen",0.5,0.5,"both",1,"Design 7","Design 7: Balanced Halves","oracle",100,100,TRUE,0.0440880116004238,4.66442001404387e-05,3.99078273269789e-05,6.73637281345978e-06,0.00682965593133642,0.00259545233311263,0.0534166808343378,0.0566492728817424,0.0602494139914694,0.000631726422804832,0.000682965593133642,1.03827252177029e-05,0.855579626337732,0.0581890497942639,0.0556824134596728,0.0615250399690213,0.0613408724303007,0,0.16021602160216,TRUE,FALSE
"spatial",0.5,1,"queen",0.5,0.5,"both",1,"Design 7","Design 7: Balanced Halves","oracle",100,100,TRUE,0.0430998178899986,3.84336729721494e-05,3.6280001046978e-05,2.15367192517136e-06,0.00619948973482087,0.00146753941179491,0.0514501742065319,0.053800339408895,0.0566031258154485,0.000602328822546108,0.000619948973482087,-1.69920425944096e-06,0.943963931661385,0.0552043435421257,0.0538034862779922,0.058838279809028,0.059662311157819,0,0.000564056405640564,TRUE,FALSE
"poisson",0.2,1,"queen",0.5,0.5,"both",1,"Design 7","Design 7: Balanced Halves","oracle",100,100,TRUE,0.0431183558433072,3.20617760496079e-05,3.61431701411989e-05,-4.08139409159102e-06,0.00566231189971092,NA,0.0504612495391893,0.0531288381972295,0.0559742562694088,0.000601191900654017,0.000566231189971092,-1.87352564431063e-06,1.12729781672968,0.0517862440651369,0.0554709117083046,0.0573031146923588,0.0595147125947936,0,0.0315391539153915,TRUE,FALSE
"poisson",0.5,1,"queen",0.5,0.5,"both",1,"Design 7","Design 7: Balanced Halves","oracle",100,100,TRUE,0.042579515072642,4.45839941904844e-05,3.6657371482341e-05,7.92662270814344e-06,0.00667712469484316,0.00281542584845409,0.0516893929951654,0.0558424540901159,0.0601142211181319,0.000605453313496102,0.000667712469484316,9.04470743351455e-06,0.822209228848428,0.053593992768278,0.0545961474625364,0.060888388923049,0.0590733421458025,0.111111111111111,0.0836123612361236,TRUE,FALSE
"iid",0,2,"queen",0.5,0.5,"both",1,"Design 7","Design 7: Balanced Halves","oracle",100,100,TRUE,0.0428365801841153,4.22542218465152e-05,3.81503715800201e-05,4.10385026649506e-06,0.00650032474931177,0.00202579620556833,0.051900793680627,0.0562622499406654,0.0589049142113237,0.000617659870640955,0.000650032474931177,1.31134463985144e-06,0.902877154349169,0.0536442067168685,0.0568772786190648,0.0589380404609695,0.062108014011367,0.111111111111111,-0.0503690369036904,TRUE,FALSE
"spatial",0.2,2,"queen",0.5,0.5,"both",1,"Design 7","Design 7: Balanced Halves","oracle",100,100,TRUE,0.0428024128235572,3.65015338850482e-05,3.64351890015939e-05,6.63448834542561e-08,0.00604164993069345,0.000257575005492102,0.0509197520667526,0.0540392149648364,0.0584038737267453,0.000603615680724034,0.000604164993069345,4.04421083909988e-06,0.99818240834308,0.0541435246194286,0.0540014986956356,0.059841073372071,0.0561028996105736,0.176470588235294,0.0245304530453045,TRUE,FALSE
"spatial",0.5,2,"queen",0.5,0.5,"both",1,"Design 7","Design 7: Balanced Halves","oracle",100,100,TRUE,0.0442278506513215,4.55180305482291e-05,3.99338209360229e-05,5.58420961220627e-06,0.00674670516239069,0.00236309322968991,0.0534279813958791,0.0573768526377601,0.0626459472035609,0.000631932124013512,0.000674670516239069,1.03011763342882e-05,0.877318734028058,0.0569645460109959,0.0545253557112965,0.0637270986064153,0.057718716508642,0.176470588235294,0.0756555655565557,TRUE,FALSE
"poisson",0.2,2,"queen",0.5,0.5,"both",1,"Design 7","Design 7: Balanced Halves","oracle",100,100,TRUE,0.0434202297546463,4.59449298735603e-05,3.72159592509118e-05,8.72897062264857e-06,0.0067782689437319,0.00295448313967919,0.0529670202723044,0.055766755314509,0.0611542003557404,0.000610048844363398,0.00067782689437319,5.79370588599895e-06,0.810012320256652,0.0548482814075986,0.0550291246740852,0.0620940897176021,0.0591153425812138,0.0526315789473684,0.0666186618661866,TRUE,FALSE
"poisson",0.5,2,"queen",0.5,0.5,"both",1,"Design 7","Design 7: Balanced Halves","oracle",100,100,TRUE,0.0435280679442479,3.50777104158778e-05,3.68639072599721e-05,-1.78619684409432e-06,0.00592264387042457,NA,0.0513425771101281,0.0552904875334536,0.0601407320612133,0.000607156547028623,0.000592264387042457,2.22959991161511e-06,1.05092113547085,0.0544718970879619,0.0548977983778659,0.0605301405638233,0.0610668191536477,0.0526315789473684,-0.0283828382838284,TRUE,FALSE
"iid",0,1,"queen",0,0.8,"both",1,"Design 7","Design 7: Balanced Halves","oracle",100,100,TRUE,0.0417695907963109,3.35085026568122e-05,3.52383222229013e-05,-1.72981956608916e-06,0.00578865292246928,NA,0.0493467029126785,0.0534313838670678,0.0686690059205462,0.000593618751581361,0.000578865292246928,-9.66601035352228e-06,1.05162330241389,0.0527869252365195,0.0508626800819829,0.0570654008212808,0.0584782327954318,0.0526315789473684,-0.208496849684969,TRUE,FALSE
"spatial",0.2,1,"queen",0,0.8,"both",1,"Design 7","Design 7: Balanced Halves","oracle",100,100,TRUE,0.0415461076965931,3.06259251029164e-05,3.32850338763998e-05,-2.65910877348337e-06,0.00553406948844306,NA,0.0493450901308939,0.0519281260122605,0.0559197156344638,0.000576931831990573,0.000553406948844306,-2.25785412504672e-06,1.08682541880931,0.0490135125933884,0.0530078939333838,0.0553290623771134,0.0597960203990971,0,-0.0317431743174317,TRUE,FALSE
"spatial",0.5,1,"queen",0,0.8,"both",1,"Design 7","Design 7: Balanced Halves","oracle",100,100,TRUE,0.0417363352918685,3.79782558015458e-05,3.43835911460312e-05,3.59466465551455e-06,0.00616265006320705,0.00189596008805949,0.049089688336363,0.053304808411135,0.0591799637884145,0.000586375230940319,0.000616265006320705,7.9923139482764e-06,0.905349401133681,0.0560141816215607,0.050332694443945,0.0596112349041881,0.0540469473357104,0.176470588235294,0.0911251125112511,TRUE,FALSE
"poisson",0.2,1,"queen",0,0.8,"both",1,"Design 7","Design 7: Balanced Halves","oracle",100,100,TRUE,0.041452783272337,4.16808837224665e-05,3.38005972011092e-05,7.88028652135733e-06,0.00645607339816289,0.00280718480356341,0.0501861622885019,0.0534861580738471,0.0583475893360646,0.000581382810212937,0.000645607339816289,5.27520965067177e-06,0.810937633332621,0.0546326730074045,0.0537385518362992,0.0586427379588143,0.0580771321316851,0.0526315789473684,0.0846924692469247,TRUE,FALSE
"poisson",0.5,1,"queen",0,0.8,"both",1,"Design 7","Design 7: Balanced Halves","oracle",100,100,TRUE,0.0418818275095603,4.6896949833234e-05,3.34664954614214e-05,1.34304543718126e-05,0.00684813477037609,0.00366475843294106,0.049500389564084,0.0550917271565141,0.0730019825275954,0.000578502337604797,0.000684813477037609,1.22765198537303e-06,0.713617742314342,0.0538261707793203,0.0518247463986056,0.0586298752556622,0.0627512667774593,0.0526315789473684,-0.0340594059405941,TRUE,FALSE
"iid",0,2,"queen",0,0.8,"both",1,"Design 7","Design 7: Balanced Halves","oracle",100,100,TRUE,0.0413048314510588,3.35922328802619e-05,3.48089070425081e-05,-1.21667416224623e-06,0.00579588068202425,NA,0.0480525884683312,0.0528849601708543,0.0617055888505013,0.000589990737575668,0.000579588068202425,-2.43905924245619e-06,1.03621891306193,0.0505852148934602,0.0526697681207158,0.0551531059753074,0.0601507150516011,0.111111111111111,-0.0941854185418542,TRUE,FALSE
"spatial",0.2,2,"queen",0,0.8,"both",1,"Design 7","Design 7: Balanced Halves","oracle",100,100,TRUE,0.0424876124287466,4.13157397842695e-05,3.56107174998799e-05,5.70502228438965e-06,0.00642773208715714,0.00238851884740097,0.0504416938443576,0.0548698688344597,0.0629346855143171,0.000596747161701502,0.000642773208715714,1.07513038129657e-05,0.861916492015429,0.0505207332091299,0.0567942159488561,0.0569623782260736,0.0600549822047097,0.176470588235294,0.0961176117611761,TRUE,FALSE
"spatial",0.5,2,"queen",0,0.8,"both",1,"Design 7","Design 7: Balanced Halves","oracle",100,100,TRUE,0.0410599100987913,3.10516486929251e-05,3.46775184401046e-05,-3.62586974717952e-06,0.00557240062207709,NA,0.0476892786115482,0.0512952006475956,0.0542180387316145,0.00058887620464835,0.000557240062207708,-6.22778474427902e-06,1.1167689929458,0.0534694384233564,0.0505779018181065,0.0579181621731482,0.054783882256357,0,-0.0922412241224122,TRUE,FALSE
"poisson",0.2,2,"queen",0,0.8,"both",1,"Design 7","Design 7: Balanced Halves","oracle",100,100,TRUE,0.0422862643743715,4.65461537025893e-05,3.73711708669848e-05,9.17498283560451e-06,0.0068224741628378,0.00302902341285182,0.0492508878593487,0.0553739414797964,0.068816730725323,0.000611319645251032,0.00068224741628378,4.61367431625421e-06,0.802884189008852,0.0526901531128026,0.0570858779404443,0.0597637024829953,0.0618524651854119,0.111111111111111,-0.0897929792979298,TRUE,FALSE
"poisson",0.5,2,"queen",0,0.8,"both",1,"Design 7","Design 7: Balanced Halves","oracle",100,100,TRUE,0.042003926105485,3.68993725160456e-05,3.6246144768082e-05,6.53227747963604e-07,0.0060744853704693,0.000808225060217514,0.0507203281261415,0.0539223635652131,0.0610736591005674,0.000602047712129877,0.00060744853704693,9.74907524443785e-06,0.982297049965293,0.0516105682488644,0.052444067913582,0.0570598431050459,0.0569142870993657,0.111111111111111,0.155895589558956,TRUE,FALSE
"iid",0,1,"queen",0.5,0.8,"both",1,"Design 7","Design 7: Balanced Halves","oracle",100,100,TRUE,0.0427622582467857,3.44454493061661e-05,3.68725852130853e-05,-2.42713590691923e-06,0.00586902456172796,NA,0.0509521674260928,0.0534710943470486,0.0584887698511171,0.000607228006708233,0.000586902456172796,7.16299890311378e-07,1.07046318035645,0.0517186573432687,0.0528404983324565,0.0551348566162171,0.0604351491723106,0,0.042964296429643,TRUE,FALSE
"spatial",0.2,1,"queen",0.5,0.8,"both",1,"Design 7","Design 7: Balanced Halves","oracle",100,100,TRUE,0.0439254056294818,3.18179515122236e-05,3.91506269149267e-05,-7.33267540270308e-06,0.00564074033369944,NA,0.0506930346819573,0.0542600980640486,0.0619469087021648,0.000625704618130046,0.000564074033369944,-3.38928092092534e-06,1.23045718074861,0.0533080739119725,0.0528810638663243,0.0592743431020093,0.0572536778154395,0,-0.00730873087308731,TRUE,FALSE
"spatial",0.5,1,"queen",0.5,0.8,"both",1,"Design 7","Design 7: Balanced Halves","oracle",100,100,TRUE,0.0428955271452258,3.83136302274874e-05,3.69244943041411e-05,1.38913592334627e-06,0.00618980049981317,0.00117861610516159,0.0506737002162251,0.0545725259468686,0.060252054558948,0.00060765528306879,0.000618980049981317,1.59443648370134e-06,0.963743035700395,0.0521633311499461,0.0533839856453812,0.06015987809106,0.0574480993703928,0.176470588235294,0.0667626762676268,TRUE,FALSE
"poisson",0.2,1,"queen",0.5,0.8,"both",1,"Design 7","Design 7: Balanced Halves","oracle",100,100,TRUE,0.0438186130000146,4.19055195800283e-05,3.91253813163922e-05,2.78013826363609e-06,0.00647344727174234,0.00166737466204692,0.0525893959464853,0.0551506226355143,0.0580088284266347,0.000625502848246051,0.000647344727174234,9.75371236593426e-06,0.933656990976409,0.0551694403842356,0.054949057359951,0.0601746747067972,0.0569228630555847,0.111111111111111,0.124080408040804,TRUE,FALSE
"poisson",0.5,1,"queen",0.5,0.8,"both",1,"Design 7","Design 7: Balanced Halves","oracle",100,100,TRUE,0.0430910967513414,4.56757881414098e-05,3.74520942149068e-05,8.22369392650307e-06,0.00675838650429301,0.00286769836741995,0.0519392934253644,0.0558119036420712,0.0630440674949354,0.000611981161596554,0.000675838650429301,1.1440855526467e-05,0.819955073330252,0.0556282260836552,0.0549390842820045,0.0584557702473595,0.0618611749493112,0.0526315789473684,0.149402940294029,TRUE,FALSE
"iid",0,2,"queen",0.5,0.8,"both",1,"Design 7","Design 7: Balanced Halves","oracle",100,100,TRUE,0.0441795901521699,4.68482998046654e-05,3.99961109946831e-05,6.85218880998225e-06,0.0068445817844968,0.00261766858291539,0.053886893379144,0.057117646367366,0.0624700894705226,0.000632424785999752,0.00068445817844968,3.94007335250515e-06,0.85373665984566,0.0570657763649897,0.05564356383662,0.0628195975971268,0.0615314607814549,0.0526315789473684,-0.00102010201020102,TRUE,FALSE
"spatial",0.2,2,"queen",0.5,0.8,"both",1,"Design 7","Design 7: Balanced Halves","oracle",100,100,TRUE,0.0450322730535987,4.44164510966267e-05,4.2096006424479e-05,2.32044467214767e-06,0.00666456683488332,0.00152330058496269,0.0539072586479222,0.0565760665665334,0.0605765993739192,0.000648814352680943,0.000666456683488332,-1.4469849477312e-06,0.947757089662576,0.0571797464807855,0.058994128826187,0.0613590349071716,0.0630628731403436,0,-0.00787278727872787,TRUE,FALSE
"spatial",0.5,2,"queen",0.5,0.8,"both",1,"Design 7","Design 7: Balanced Halves","oracle",100,100,TRUE,0.043834212193809,3.96657048943354e-05,3.87506052676068e-05,9.15099626728647e-07,0.0062980715218498,0.000956608397793291,0.0536697836267615,0.0578022626458757,0.0673020584834703,0.000622499841506862,0.00062980715218498,1.00531167012363e-05,0.976929702140265,0.0538742682740449,0.0550346794592688,0.0588093808893933,0.0620235309950555,0.25,0.0497449744974498,TRUE,FALSE
"poisson",0.2,2,"queen",0.5,0.8,"both",1,"Design 7","Design 7: Balanced Halves","oracle",100,100,TRUE,0.0435632451860824,4.06519009735664e-05,3.79500613407419e-05,2.70183963282446e-06,0.00637588432874738,0.00164372735963859,0.0524020501652312,0.0556694565911206,0.062978731970694,0.000616036211117025,0.000637588432874738,6.21071069057665e-06,0.933537188467981,0.055148755435976,0.0538389714149912,0.0594653281037883,0.0609809254593924,0.0526315789473684,0.0736153615361536,TRUE,FALSE
"poisson",0.5,2,"queen",0.5,0.8,"both",1,"Design 7","Design 7: Balanced Halves","oracle",100,100,TRUE,0.0442273753012633,3.80327675320523e-05,3.99231033786136e-05,-1.8903358465613e-06,0.00616707122806704,NA,0.0516823328024414,0.0555101050916411,0.0602900498050895,0.000631847318413346,0.000616707122806704,-3.0081835203925e-06,1.04970282125718,0.0577225804280123,0.0531654706341808,0.061949833409205,0.0576260630600192,0.111111111111111,-0.0476327632763276,TRUE,FALSE
"iid",0,1,"queen",0,0.5,"control_only",1,"Design 8","Design 8: Incidence-Guided Saturation Quadrants","oracle",100,100,TRUE,0.130172021173724,0.000645434401496161,0.000357353185279563,0.000288081216216598,0.0254054010300204,0.0169729554355333,0.158131535393413,0.18138819776528,0.224412930674411,0.00189037875908391,0.00254054010300204,0.000183848424940747,0.553663059253108,0.173682277945353,0.174787955470506,0.194888456334893,0.198706162485319,0.0526315789473684,0.107794779477948,TRUE,FALSE
"spatial",0.2,1,"queen",0,0.5,"control_only",1,"Design 8","Design 8: Incidence-Guided Saturation Quadrants","oracle",100,100,TRUE,0.128307714699934,0.000581450237130337,0.000358596712021242,0.000222853525109095,0.0241132792695298,0.0149282793753699,0.15619958417392,0.177625357046731,0.232289060342162,0.00189366499682822,0.00241132792695298,0.000231570257909219,0.616728120691882,0.159763520339855,0.161060853768239,0.193252800077728,0.185790838387193,0.176470588235294,0.138661866186619,TRUE,FALSE
"spatial",0.5,1,"queen",0,0.5,"control_only",1,"Design 8","Design 8: Incidence-Guided Saturation Quadrants","oracle",100,100,TRUE,0.131846560213489,0.00061554142286141,0.000370819726742795,0.000244721696118615,0.0248101072722673,0.0156435832250356,0.163533777208135,0.181362326980086,0.206080591014704,0.00192566800550561,0.00248101072722673,0.000203491293543626,0.60242854984316,0.17691551410798,0.166201530610181,0.195710192498028,0.194271393035551,0.0526315789473684,0.202088208820882,TRUE,FALSE
"poisson",0.2,1,"queen",0,0.5,"control_only",1,"Design 8","Design 8: Incidence-Guided Saturation Quadrants","oracle",100,100,TRUE,0.134743458246576,0.000718551333384375,0.000396553894621988,0.000321997438762386,0.0268058078293562,0.0179442870786885,0.16305389213052,0.185872156626432,0.258089357594747,0.00199136610049983,0.00268058078293562,0.000323038939169463,0.551879700444254,0.182830972430822,0.170857391523399,0.200890025758495,0.197879803924836,0.0526315789473684,0.213993399339934,TRUE,FALSE
"poisson",0.5,1,"queen",0,0.5,"control_only",1,"Design 8","Design 8: Incidence-Guided Saturation Quadrants","oracle",100,100,TRUE,0.13588161025252,0.000641910092226291,0.000398902651539797,0.000243007440686494,0.025335944668125,0.0155886959264235,0.167678284295585,0.187492262975856,0.229305552784155,0.00199725474474289,0.0025335944668125,0.000376338733839832,0.621430721172044,0.167720120693005,0.173212965285173,0.19409786188007,0.200010940496445,0.111111111111111,0.357875787578758,TRUE,FALSE
"iid",0,2,"queen",0,0.5,"control_only",1,"Design 8","Design 8: Incidence-Guided Saturation Quadrants","oracle",100,100,TRUE,0.138714569539517,0.000805587054280579,0.00042067555184776,0.000384911502432819,0.0283828655050997,0.0196191616139125,0.173352222251129,0.197326998074254,0.216137773128867,0.0020510376687125,0.00283828655050997,0.00039600192435087,0.522197507534974,0.189269179716348,0.175802702245725,0.203232238054989,0.208135704945512,0.25,0.286072607260726,TRUE,FALSE
"spatial",0.2,2,"queen",0,0.5,"control_only",1,"Design 8","Design 8: Incidence-Guided Saturation Quadrants","oracle",100,100,TRUE,0.124783198526771,0.000538052797513112,0.000342359078723099,0.000195693718790013,0.0231959651127758,0.0139890571086836,0.158396870436685,0.16925920860773,0.184970147601442,0.00185029478387391,0.00231959651127758,0.000171637851263828,0.636292721282164,0.167318455544886,0.173660048559516,0.177245025470125,0.186758537630611,0.0526315789473684,0.17988598859886,TRUE,FALSE
"spatial",0.5,2,"queen",0,0.5,"control_only",1,"Design 8","Design 8: Incidence-Guided Saturation Quadrants","oracle",100,100,TRUE,0.12863938423582,0.000606866314778877,0.000356311257742765,0.000250555057036113,0.0246346567822423,0.0158289310136886,0.16351739631091,0.179712405882225,0.223520392827603,0.00188762087756722,0.00246346567822423,0.000291529266534188,0.587133029244823,0.165389155856615,0.169976043563146,0.182707592717529,0.192280652763274,0.25,0.232595259525953,TRUE,FALSE
"poisson",0.2,2,"queen",0,0.5,"control_only",1,"Design 8","Design 8: Incidence-Guided Saturation Quadrants","oracle",100,100,TRUE,0.134127031955522,0.000860708727952071,0.00037926020961022,0.000481448518341852,0.0293378378199906,0.0219419351549003,0.170742571581844,0.197141527931092,0.224178108835526,0.00194746042221715,0.00293378378199906,0.000519674833045954,0.440637113687244,0.178808239862316,0.185200549746544,0.205593408771707,0.206290526694817,0.333333333333333,0.321896189618962,TRUE,FALSE
"poisson",0.5,2,"queen",0,0.5,"control_only",1,"Design 8","Design 8: Incidence-Guided Saturation Quadrants","oracle",100,100,TRUE,0.138843461021358,0.000706703383783404,0.000393458437514699,0.000313244946268705,0.0265838933150019,0.0176987272499664,0.174120635489748,0.189284734924726,0.229381002359783,0.00198357867883958,0.00265838933150019,0.000271603584463476,0.556751879987162,0.187036568373069,0.183652471198967,0.214717882553493,0.198743739909173,0.0526315789473684,0.236315631563156,TRUE,FALSE
"iid",0,1,"queen",0.5,0.5,"control_only",1,"Design 8","Design 8: Incidence-Guided Saturation Quadrants","oracle",100,100,TRUE,0.140943062198153,0.000652390783437838,0.00047018758898666,0.000182203194451178,0.0255419416536378,0.0134982663498383,0.171504823585574,0.188237541506406,0.195021036332162,0.0021683809374431,0.00255419416536378,0.000189709722900295,0.720714640554792,0.190338403117496,0.179277338843353,0.211753488996319,0.192844487832106,0.0526315789473684,0.178853885388539,TRUE,FALSE
"spatial",0.2,1,"queen",0.5,0.5,"control_only",1,"Design 8","Design 8: Incidence-Guided Saturation Quadrants","oracle",100,100,TRUE,0.142907257982862,0.00063078993111819,0.000465259734614701,0.00016553019650349,0.0251155316710236,0.0128658538971764,0.17952638979701,0.190793063024173,0.212101412589163,0.00215698802642644,0.00251155316710236,0.000285901315898248,0.737582690627199,0.177867430658674,0.185111550357964,0.200003783041971,0.206695600304423,0.0526315789473684,0.252841284128413,TRUE,FALSE
"spatial",0.5,1,"queen",0.5,0.5,"control_only",1,"Design 8","Design 8: Incidence-Guided Saturation Quadrants","oracle",100,100,TRUE,0.149768948990783,0.000702088495000946,0.000493789297153275,0.00020829919784767,0.0264969525606426,0.0144325741933887,0.182431870261461,0.200207442012641,0.234112398430231,0.00222213702807292,0.00264969525606426,0.000306067980614278,0.703314896439957,0.189798042708318,0.197313725396017,0.206030816196892,0.218868044152083,0.176470588235294,0.257065706570657,TRUE,FALSE
"poisson",0.2,1,"queen",0.5,0.5,"control_only",1,"Design 8","Design 8: Incidence-Guided Saturation Quadrants","oracle",100,100,TRUE,0.140971237468855,0.000615544212925003,0.00042375089580461,0.000191793317120393,0.0248101635005697,0.0138489464263673,0.168265692939577,0.190180305223513,0.237862684058811,0.00205852106087018,0.00248101635005697,0.000295170821583588,0.688416667571269,0.173940117794659,0.170553330157513,0.207739730995998,0.194002656989274,0.176470588235294,0.294173417341734,TRUE,FALSE
"poisson",0.5,1,"queen",0.5,0.5,"control_only",1,"Design 8","Design 8: Incidence-Guided Saturation Quadrants","oracle",100,100,TRUE,0.151541497523728,0.00072167597848242,0.000515783111390993,0.000205892867091427,0.0268640275923477,0.0143489674573269,0.182125029888013,0.205985416418537,0.241174595255695,0.0022710858887127,0.00268640275923477,0.000242571648734323,0.714701786909425,0.195709116195623,0.191342729897177,0.215982649866462,0.221679505184164,0.111111111111111,0.150579057905791,TRUE,FALSE
"iid",0,2,"queen",0.5,0.5,"control_only",1,"Design 8","Design 8: Incidence-Guided Saturation Quadrants","oracle",100,100,TRUE,0.154499290693325,0.000860502781749298,0.000525122721582192,0.000335380060167106,0.0293343277023575,0.0183133847272181,0.186291921351875,0.213860189850906,0.251764711437086,0.00229155563227732,0.00293343277023575,0.00038339510962795,0.610251044760926,0.201881963331643,0.196676458712718,0.225541365341888,0.219067067605004,0.25,0.203288328832883,TRUE,FALSE
"spatial",0.2,2,"queen",0.5,0.5,"control_only",1,"Design 8","Design 8: Incidence-Guided Saturation Quadrants","oracle",100,100,TRUE,0.138921663026313,0.000516146631769084,0.000451318835303076,6.48277964660081e-05,0.0227188607057899,0.00805157105576347,0.167463402260709,0.181381748722236,0.196850747504715,0.00212442659393794,0.00227188607057899,3.25897114671994e-05,0.87440042717355,0.189353553724663,0.180453311118688,0.201644033161613,0.200796960704513,0.0526315789473684,0.0475847584758476,TRUE,FALSE
"spatial",0.5,2,"queen",0.5,0.5,"control_only",1,"Design 8","Design 8: Incidence-Guided Saturation Quadrants","oracle",100,100,TRUE,0.14483294553465,0.000728476324020814,0.000489394900304502,0.000239081423716313,0.0269903005544735,0.0154622580406716,0.188469031742369,0.198023569092885,0.210797367116404,0.00221222715900628,0.00269903005544735,0.000274631118925261,0.671806185276268,0.184743996406703,0.192798764157437,0.210887732582624,0.21742974353881,0.111111111111111,0.225070507050705,TRUE,FALSE
"poisson",0.2,2,"queen",0.5,0.5,"control_only",1,"Design 8","Design 8: Incidence-Guided Saturation Quadrants","oracle",100,100,TRUE,0.160150060410522,0.00111804977459812,0.000581277371696242,0.000536772402901878,0.0334372513014769,0.0231683491622057,0.206831616433525,0.221868994186226,0.25734209951031,0.00241096945583357,0.00334372513014769,0.000531215846849532,0.519902946096636,0.221251397207762,0.207773652020178,0.24422369246869,0.239380264136459,0.176470588235294,0.314839483948395,TRUE,FALSE
"poisson",0.5,2,"queen",0.5,0.5,"control_only",1,"Design 8","Design 8: Incidence-Guided Saturation Quadrants","oracle",100,100,TRUE,0.160580737898162,0.0010080915195523,0.000561236831768563,0.000446854687783734,0.0317504569975346,0.0211389377165395,0.200449360828708,0.221175639899388,0.25741774528854,0.00236904375596687,0.00317504569975346,0.000540220858951697,0.556732023713297,0.213460443272212,0.207514755754918,0.246812609830779,0.221241979776772,0.176470588235294,0.365856585658566,TRUE,FALSE
"iid",0,1,"queen",0,0.8,"control_only",1,"Design 8","Design 8: Incidence-Guided Saturation Quadrants","oracle",100,100,TRUE,0.128760426971333,0.000702994974666093,0.000332133343841929,0.000370861630824165,0.0265140523999274,0.0192577680644504,0.159363226301081,0.177182671368952,0.223916369292165,0.00182245258879876,0.00265140523999274,0.000429284045087868,0.472454791017083,0.171512634187989,0.167303850944812,0.191268712564022,0.185904673728606,0.0526315789473684,0.449300930093009,TRUE,FALSE
"spatial",0.2,1,"queen",0,0.8,"control_only",1,"Design 8","Design 8: Incidence-Guided Saturation Quadrants","oracle",100,100,TRUE,0.126412161755744,0.000420637821080965,0.000342601546888482,7.80362741924834e-05,0.0205094568694777,0.00883381424937628,0.150776512982127,0.167659755408642,0.187843521671001,0.00185094988286685,0.00205094568694777,9.09309076680275e-05,0.814481080203525,0.165556265012336,0.159431169614176,0.186600187307652,0.174547778684088,0.111111111111111,0.114599459945995,TRUE,FALSE
"spatial",0.5,1,"queen",0,0.8,"control_only",1,"Design 8","Design 8: Incidence-Guided Saturation Quadrants","oracle",100,100,TRUE,0.130171264980799,0.000632775369596463,0.000357231118314116,0.000275544251282347,0.0251550267262124,0.0165995256342567,0.160014264990534,0.178580066565398,0.211468584545849,0.00189005586773015,0.00251550267262124,0.00023119813386855,0.56454649703248,0.177871588313429,0.163196818415731,0.190338774421733,0.197648810674001,0.111111111111111,0.279435943594359,TRUE,FALSE
"poisson",0.2,1,"queen",0,0.8,"control_only",1,"Design 8","Design 8: Incidence-Guided Saturation Quadrants","oracle",100,100,TRUE,0.128869959354813,0.000580543224288652,0.000338652563963811,0.000241890660324841,0.0240944645985059,0.0155528344787965,0.16171246054863,0.181003941623783,0.213204564455607,0.00184025151532015,0.00240944645985059,0.000279962869813514,0.583337380913827,0.159364077136395,0.159681477910526,0.191370056509413,0.188269680815144,0.111111111111111,0.314419441944194,TRUE,FALSE
"poisson",0.5,1,"queen",0,0.8,"control_only",1,"Design 8","Design 8: Incidence-Guided Saturation Quadrants","oracle",100,100,TRUE,0.137643892873966,0.000797629171517724,0.00040125767966841,0.000396371491849314,0.0282423294279655,0.0199090806379731,0.177246726061027,0.198059822706471,0.232120324816672,0.00200314173155174,0.00282423294279655,0.000437993034254499,0.503062944532106,0.173392055696639,0.192669470436632,0.198211248391328,0.217742694120216,0.25,0.267170717071707,TRUE,FALSE
"iid",0,2,"queen",0,0.8,"control_only",1,"Design 8","Design 8: Incidence-Guided Saturation Quadrants","oracle",100,100,TRUE,0.137561688055188,0.000950052125306406,0.000411814433747335,0.000538237691559072,0.0308229155873744,0.0231999502490646,0.180923737186396,0.198386770194185,0.241495199114896,0.00202932115188142,0.00308229155873744,0.00060360639234602,0.43346509394368,0.177297758529595,0.189392160109108,0.203517416255535,0.206244918208983,0.25,0.445100510051005,TRUE,FALSE
"spatial",0.2,2,"queen",0,0.8,"control_only",1,"Design 8","Design 8: Incidence-Guided Saturation Quadrants","oracle",100,100,TRUE,0.127664903802977,0.000508184943907341,0.000356318818107429,0.000151866125799912,0.0225429577453213,0.0123233974941942,0.155413850511739,0.171272530423178,0.23570386737432,0.00188764090363456,0.00225429577453213,0.000161250787840605,0.701159730093063,0.164042702223715,0.163128658629336,0.190673603434794,0.179191993859481,0.0526315789473684,0.0826522652265227,TRUE,FALSE
"spatial",0.5,2,"queen",0,0.8,"control_only",1,"Design 8","Design 8: Incidence-Guided Saturation Quadrants","oracle",100,100,TRUE,0.129245450286729,0.000575287381010358,0.000343808015526465,0.000231479365483893,0.0239851491763207,0.015214445947319,0.163284092833304,0.175797704539069,0.202645235047949,0.00185420607141295,0.00239851491763207,0.000252208135921921,0.597628293050069,0.169810889225937,0.166772705567039,0.192785433195825,0.179425915988857,0.0526315789473684,0.26036603660366,TRUE,FALSE
"poisson",0.2,2,"queen",0,0.8,"control_only",1,"Design 8","Design 8: Incidence-Guided Saturation Quadrants","oracle",100,100,TRUE,0.135999084147854,0.000724871610925837,0.000394311795523539,0.000330559815402298,0.0269234398048585,0.018181304007202,0.17442914510905,0.191502153952144,0.217309124503333,0.00198572857038302,0.00269234398048585,0.000376942390981248,0.543974670245269,0.18669478003806,0.174968035016751,0.204577197260663,0.196083555878172,0.25,0.29947794779478,TRUE,FALSE
"poisson",0.5,2,"queen",0,0.8,"control_only",1,"Design 8","Design 8: Incidence-Guided Saturation Quadrants","oracle",100,100,TRUE,0.142569036094558,0.000729388391966173,0.00042346281322127,0.000305925578744903,0.027007191486087,0.0174907283651912,0.178590237030454,0.19657197564305,0.224022396492707,0.0020578212099725,0.0027007191486087,0.000137944458540384,0.580572460276979,0.187739430006669,0.196115389785745,0.207134173541001,0.213039637364494,0.0526315789473684,0.0802760276027603,TRUE,FALSE
"iid",0,1,"queen",0.5,0.8,"control_only",1,"Design 8","Design 8: Incidence-Guided Saturation Quadrants","oracle",100,100,TRUE,0.146679305195997,0.000622477021121907,0.000502467621035522,0.000120009400086384,0.0249494893960158,0.0109548801949809,0.179865465976034,0.193254154785939,0.214176629286155,0.0022415789547449,0.00249494893960158,0.000106379075750986,0.807206698377254,0.191449288348221,0.187386844377801,0.215122760547646,0.205631173655876,0.111111111111111,0.082016201620162,TRUE,FALSE
"spatial",0.2,1,"queen",0.5,0.8,"control_only",1,"Design 8","Design 8: Incidence-Guided Saturation Quadrants","oracle",100,100,TRUE,0.14569741124167,0.000672545603840047,0.000481991430409248,0.000190554173430799,0.0259334842209844,0.0138041360986771,0.185047006276363,0.197922027240372,0.210197236064913,0.00219543032321513,0.00259334842209844,0.000148728626825542,0.716667282719881,0.194382488978622,0.198744445125599,0.20925981839566,0.219771641106324,0.0526315789473684,0.0928772877287729,TRUE,FALSE
"spatial",0.5,1,"queen",0.5,0.8,"control_only",1,"Design 8","Design 8: Incidence-Guided Saturation Quadrants","oracle",100,100,TRUE,0.148282148959308,0.000798378145690979,0.000488870713781047,0.000309507431909932,0.0282555860971062,0.0175928233069605,0.180108407061536,0.209372225616443,0.236289794224314,0.00221104209317925,0.00282555860971062,0.000370140756123805,0.612329779340265,0.178779386633932,0.20838812129916,0.20807284419193,0.233921715908062,0.428571428571429,0.206972697269727,TRUE,FALSE
"poisson",0.2,1,"queen",0.5,0.8,"control_only",1,"Design 8","Design 8: Incidence-Guided Saturation Quadrants","oracle",100,100,TRUE,0.149142215673288,0.000785312534492648,0.000505998617368544,0.000279313917124104,0.0280234283144059,0.0167126873100679,0.189162578896436,0.203964378239245,0.227297631442387,0.00224944130256503,0.00280234283144059,0.000302261445573622,0.644327697755957,0.191013979244464,0.199312382402866,0.21054591845701,0.224275681845357,0.111111111111111,0.218229822982298,TRUE,FALSE
"poisson",0.5,1,"queen",0.5,0.8,"control_only",1,"Design 8","Design 8: Incidence-Guided Saturation Quadrants","oracle",100,100,TRUE,0.154008932964716,0.000777620130446411,0.000520916222725716,0.000256703907720695,0.027885841038893,0.0160219820159896,0.184687310303334,0.206328406589299,0.256425261815392,0.00228235891727335,0.0027885841038893,0.000262883099190079,0.669885207867075,0.195630677738751,0.203939618193743,0.213123110967833,0.233024061998584,0.176470588235294,0.19048304830483,TRUE,FALSE
"iid",0,2,"queen",0.5,0.8,"control_only",1,"Design 8","Design 8: Incidence-Guided Saturation Quadrants","oracle",100,100,TRUE,0.156017866967462,0.000859121249659339,0.000539738084113167,0.000319383165546171,0.0293107701990128,0.0178712944563669,0.192051057616815,0.214742496169178,0.246111329499475,0.002323226386113,0.00293107701990128,0.000254446474395977,0.628244365189647,0.204940499428499,0.207314466670556,0.222729156535953,0.238279543329654,0.0526315789473684,0.217341734173417,TRUE,FALSE
"spatial",0.2,2,"queen",0.5,0.8,"control_only",1,"Design 8","Design 8: Incidence-Guided Saturation Quadrants","oracle",100,100,TRUE,0.145440503247253,0.000775972180572414,0.000479023599848555,0.000296948580723859,0.0278562772202679,0.0172321960505288,0.176548954095438,0.199609221799348,0.228617644220354,0.00218866077739003,0.00278562772202679,0.00023842718338486,0.617320584218872,0.187721204501774,0.192018262633827,0.216539003764826,0.215681295570405,0.111111111111111,0.175841584158416,TRUE,FALSE
"spatial",0.5,2,"queen",0.5,0.8,"control_only",1,"Design 8","Design 8: Incidence-Guided Saturation Quadrants","oracle",100,100,TRUE,0.150002699656402,0.000780778779802246,0.000517579900667367,0.00026319887913488,0.0279424190041279,0.0162234052878821,0.18524197337441,0.207258591060925,0.250204083929843,0.00227503824290355,0.00279424190041279,3.16802228874061e-05,0.662902110119409,0.188033821567037,0.201368192957558,0.206726228697395,0.245973365676665,0,0.0517971797179718,TRUE,FALSE
"poisson",0.2,2,"queen",0.5,0.8,"control_only",1,"Design 8","Design 8: Incidence-Guided Saturation Quadrants","oracle",100,100,TRUE,0.148974625002529,0.000698085451066762,0.000485828771802369,0.000212256679264394,0.0264213067630419,0.0145690315142906,0.182113474213767,0.202742397066622,0.222764885892332,0.00220415238085385,0.00264213067630419,0.000116160277820337,0.695944559595049,0.197069576629119,0.198602014456245,0.215708634288713,0.225209226738122,0.25,0.133609360936094,TRUE,FALSE
"poisson",0.5,2,"queen",0.5,0.8,"control_only",1,"Design 8","Design 8: Incidence-Guided Saturation Quadrants","oracle",100,100,TRUE,0.154653015557933,0.000834073298364943,0.000540073838531374,0.000293999459833569,0.0288803271859053,0.017146412447902,0.191188534953713,0.213777170206234,0.235627369500227,0.00232394887751726,0.00288803271859053,0.000212806015596481,0.647513641295191,0.197141879349107,0.192918541722066,0.223268521960748,0.242389429735596,0.0526315789473684,0.174581458145815,TRUE,FALSE
"iid",0,1,"queen",0,0.5,"both",1,"Design 8","Design 8: Incidence-Guided Saturation Quadrants","oracle",100,100,TRUE,0.0440807636945159,4.17150021324813e-05,3.94758570858841e-05,2.23914504659721e-06,0.00645871520756886,0.00149637730756558,0.0522211763911802,0.0567681877316192,0.0618948987413107,0.000628298154428963,0.000645871520756886,-5.21630621963889e-06,0.946322787195696,0.0541222168178335,0.0562717227454953,0.0619440705299695,0.0641329124882843,0.0526315789473684,-0.116915691569157,TRUE,FALSE
"spatial",0.2,1,"queen",0,0.5,"both",1,"Design 8","Design 8: Incidence-Guided Saturation Quadrants","oracle",100,100,TRUE,0.0444790139936718,4.6204335256485e-05,4.09971412148867e-05,5.20719404159825e-06,0.00679737708653014,0.00228192770297357,0.0534528077035087,0.0569663580423811,0.0661206248106548,0.00064029009999286,0.000679737708653014,-1.04332854358854e-06,0.887300747588022,0.0579842649528572,0.0582275257040243,0.064101659349675,0.0641075268520579,0,-0.0157695769576958,TRUE,FALSE
"spatial",0.5,1,"queen",0,0.5,"both",1,"Design 8","Design 8: Incidence-Guided Saturation Quadrants","oracle",100,100,TRUE,0.0438635810841932,4.28686699886737e-05,3.82485979204381e-05,4.62007206823562e-06,0.00654741704710138,0.00214943529054392,0.0514260221004909,0.0569796156524031,0.0647825068137938,0.000618454508597343,0.000654741704710138,-1.18461208263681e-06,0.892227305641712,0.0545386907312072,0.0566660893977661,0.0626259375383746,0.0636720243654368,0.0526315789473684,0.00518451845184518,TRUE,FALSE
"poisson",0.2,1,"queen",0,0.5,"both",1,"Design 8","Design 8: Incidence-Guided Saturation Quadrants","oracle",100,100,TRUE,0.0446966329827114,5.30135945666298e-05,3.96987619080532e-05,1.33148326585766e-05,0.00728104350808521,0.00364894952809389,0.0542557729917868,0.0581277298629403,0.0612046008660033,0.000630069535115396,0.000728104350808521,1.41259120893582e-05,0.748841164847972,0.0577642940251109,0.0542873144705236,0.0611491760641784,0.0626613684551227,0.111111111111111,0.195499549954995,TRUE,FALSE
"poisson",0.5,1,"queen",0,0.5,"both",1,"Design 8","Design 8: Incidence-Guided Saturation Quadrants","oracle",100,100,TRUE,0.0452003202003376,4.26041233211864e-05,4.01603857971355e-05,2.44373752405081e-06,0.00652718341409113,0.00156324582969244,0.0543394564511584,0.0564088325970701,0.0589870875893588,0.000633722224615293,0.000652718341409113,3.39214517029025e-06,0.942640821273851,0.0557246927958638,0.0585428679002671,0.0610309624691324,0.0622489398637669,0,0.0738193819381938,TRUE,FALSE
"iid",0,2,"queen",0,0.5,"both",1,"Design 8","Design 8: Incidence-Guided Saturation Quadrants","oracle",100,100,TRUE,0.0437048919416636,3.27993313713087e-05,3.71040461696951e-05,-4.30471479838639e-06,0.00572707005119622,NA,0.0525099625270812,0.0548687841015594,0.0576419560329498,0.000609130906863993,0.000572707005119622,1.47773266868182e-06,1.13124398024016,0.0533175478455318,0.0539083213426525,0.0586800392848119,0.0605328775408568,0.111111111111111,0.0323312331233123,TRUE,FALSE
"spatial",0.2,2,"queen",0,0.5,"both",1,"Design 8","Design 8: Incidence-Guided Saturation Quadrants","oracle",100,100,TRUE,0.045100392192883,5.45813692667683e-05,4.20285902287785e-05,1.25527790379898e-05,0.00738792049678178,0.00354299012671356,0.0540264384537064,0.0589613805114111,0.0655363388214656,0.000648294610719374,0.000738792049678178,1.31857771567355e-05,0.77001714675501,0.0612198224820244,0.0550044534960216,0.0677772703392227,0.0586338953291315,0.176470588235294,0.117467746774677,TRUE,FALSE
"spatial",0.5,2,"queen",0,0.5,"both",1,"Design 8","Design 8: Incidence-Guided Saturation Quadrants","oracle",100,100,TRUE,0.0438462194065703,4.43876954115621e-05,3.90500193587771e-05,5.33767605278496e-06,0.00666240912970392,0.00231034111178089,0.0525931412519495,0.0561750149708912,0.061250114311359,0.000624900146893703,0.000666240912970392,7.24906858995838e-06,0.879748745608572,0.054953433957403,0.0553123434311306,0.060416356818477,0.0602776010913653,0.0526315789473684,0.0822322232223222,TRUE,FALSE
"poisson",0.2,2,"queen",0,0.5,"both",1,"Design 8","Design 8: Incidence-Guided Saturation Quadrants","oracle",100,100,TRUE,0.0440454986723755,4.47262601540594e-05,3.84332026558409e-05,6.29305749821855e-06,0.0066877694453427,0.00250859671892844,0.0524957144697332,0.0560262927303353,0.0613950067856628,0.000619945180284845,0.00066877694453427,6.45388184731459e-06,0.85929837467872,0.0555217453397417,0.0568666439628006,0.0586086492283436,0.0619677364732996,0.176470588235294,0.0939093909390939,TRUE,FALSE
"poisson",0.5,2,"queen",0,0.5,"both",1,"Design 8","Design 8: Incidence-Guided Saturation Quadrants","oracle",100,100,TRUE,0.0433158554533278,5.26319207089604e-05,3.78734094552205e-05,1.47585112537399e-05,0.0072547860553541,0.0038416807849872,0.0543181760537698,0.0568291512359098,0.062670821267863,0.000615413758825885,0.00072547860553541,2.06406157429652e-05,0.719590107012239,0.0535206531186065,0.0550844360469112,0.0611427437716652,0.0598758420374432,0,0.223786378637864,TRUE,FALSE
"iid",0,1,"queen",0.5,0.5,"both",1,"Design 8","Design 8: Incidence-Guided Saturation Quadrants","oracle",100,100,TRUE,0.046797419324091,4.13970439030872e-05,4.30955256879839e-05,-1.69848178489668e-06,0.00643405345820869,NA,0.054562503018602,0.0584309049481316,0.0680372087020226,0.000656471824894138,0.000643405345820869,6.89473316118007e-06,1.04102905968052,0.057435008489086,0.0580360797750967,0.0638948898689189,0.0624149067697074,0.0526315789473684,0.0433123312331233,TRUE,FALSE
"spatial",0.2,1,"queen",0.5,0.5,"both",1,"Design 8","Design 8: Incidence-Guided Saturation Quadrants","oracle",100,100,TRUE,0.046941916584697,4.61046056005616e-05,4.50391539046202e-05,1.06545169594148e-06,0.00679003723116167,0.00103220719622636,0.0560792910675495,0.0589908792971963,0.0663213807300569,0.000671112165771268,0.000679003723116167,-3.53399351628558e-06,0.976890558284518,0.0568973599439925,0.059424384443174,0.0654528659334104,0.0668381923718323,0.0526315789473684,-0.00858085808580858,TRUE,FALSE
"spatial",0.5,1,"queen",0.5,0.5,"both",1,"Design 8","Design 8: Incidence-Guided Saturation Quadrants","oracle",100,100,TRUE,0.0469341970175703,5.11660455002423e-05,4.48575665519891e-05,6.30847894825316e-06,0.00715304449170018,0.00251166855859868,0.0551721484728943,0.058399878111282,0.0670820928819431,0.000669757915608238,0.000715304449170018,7.97490320880722e-06,0.876705755026089,0.0579250031539006,0.0628248730746747,0.0631101757766854,0.0663850589260287,0.0526315789473684,0.102298229822982,TRUE,FALSE
"poisson",0.2,1,"queen",0.5,0.5,"both",1,"Design 8","Design 8: Incidence-Guided Saturation Quadrants","oracle",100,100,TRUE,0.0478042665962196,4.31057676926628e-05,4.60689347138581e-05,-2.96316702119533e-06,0.00656549828213082,NA,0.0559109980716319,0.0591236393342119,0.0666989172986414,0.000678741001515734,0.000656549828213082,1.83733627934151e-06,1.06874177586448,0.0602589327727364,0.0583912220772215,0.0655789287911876,0.0631404948985273,0.0526315789473684,0.0358235823582358,TRUE,FALSE
"poisson",0.5,1,"queen",0.5,0.5,"both",1,"Design 8","Design 8: Incidence-Guided Saturation Quadrants","oracle",100,100,TRUE,0.0471397650757046,3.57100704764737e-05,4.54304291863525e-05,-9.72035870987872e-06,0.00597579036416722,NA,0.0540190256519179,0.0585782307610662,0.062578910410686,0.000674020987702553,0.000597579036416722,-1.07401104935586e-05,1.27220217098935,0.0602027755811147,0.0589515672953017,0.0644912565521605,0.065166408219781,0.0526315789473684,-0.0885568556855686,TRUE,FALSE
"iid",0,2,"queen",0.5,0.5,"both",1,"Design 8","Design 8: Incidence-Guided Saturation Quadrants","oracle",100,100,TRUE,0.0453630860020176,5.21761492198589e-05,4.07634400772748e-05,1.14127091425842e-05,0.0072233059757883,0.00337827014055776,0.0533752057181496,0.0595599801520261,0.0762007158519597,0.00063846252887131,0.00072233059757883,1.13537757880955e-05,0.781265783059353,0.0568765992908065,0.0576298901984207,0.0644976720076075,0.0616715734165306,0.0526315789473684,0.0564056405640564,TRUE,FALSE
"spatial",0.2,2,"queen",0.5,0.5,"both",1,"Design 8","Design 8: Incidence-Guided Saturation Quadrants","oracle",100,100,TRUE,0.0477609564677932,5.12676168517529e-05,4.65008175271448e-05,4.76679932460807e-06,0.00716014084021766,0.00218330009953008,0.0577917233501997,0.0622977496592297,0.0716983200994736,0.000681915079222808,0.000716014084021766,1.82772403526359e-06,0.907021242309899,0.0611699230432674,0.0585629679853633,0.0689747702408071,0.066175616921624,0,-0.0237983798379838,TRUE,FALSE
"spatial",0.5,2,"queen",0.5,0.5,"both",1,"Design 8","Design 8: Incidence-Guided Saturation Quadrants","oracle",100,100,TRUE,0.0476580456054092,4.23271571668398e-05,4.61984019825083e-05,-3.87124481566851e-06,0.00650593245944344,NA,0.0568677082858263,0.0606704471127176,0.0682610518132572,0.000679694063402854,0.000650593245944344,-1.59046057858531e-05,1.09146007137709,0.0624096215491706,0.0587535342435921,0.0689817664984385,0.0650776605472708,0.0526315789473684,-0.211917191719172,TRUE,FALSE
"poisson",0.2,2,"queen",0.5,0.5,"both",1,"Design 8","Design 8: Incidence-Guided Saturation Quadrants","oracle",100,100,TRUE,0.0452234517907363,3.36865578152035e-05,4.00553725433075e-05,-6.36881472810399e-06,0.00580401221701019,NA,0.0520269372206893,0.0558986014839398,0.0661278804484034,0.000632893139031444,0.000580401221701019,-8.90539742443123e-06,1.18906101249768,0.0586840632170046,0.0555600721511963,0.0624294879683648,0.0605772413421077,0.0526315789473684,-0.106762676267627,TRUE,FALSE
"poisson",0.5,2,"queen",0.5,0.5,"both",1,"Design 8","Design 8: Incidence-Guided Saturation Quadrants","oracle",100,100,TRUE,0.0461976516468181,4.40141397648904e-05,4.41458769658315e-05,-1.31737200941123e-07,0.00663431531997767,NA,0.0555122820584068,0.0580244607324082,0.060246684111695,0.000664423637191148,0.000663431531997767,7.0687232621474e-06,1.00299306544771,0.0562740571562067,0.0594805046302291,0.0605830426517978,0.0646199093507587,0,0.0578457845784578,TRUE,FALSE
"iid",0,1,"queen",0,0.8,"both",1,"Design 8","Design 8: Incidence-Guided Saturation Quadrants","oracle",100,100,TRUE,0.0448468032299262,4.9167287653852e-05,4.05904812758102e-05,8.57680637804183e-06,0.00701193893683138,0.0029286185101583,0.0536224389067113,0.0576213370482478,0.0612398538115229,0.00063710659450213,0.000701193893683138,-7.28952740275225e-07,0.825558683683665,0.0605035610826009,0.056596111091793,0.0648592390582915,0.0598256888261093,0.0526315789473684,-0.0144494449444944,TRUE,FALSE
"spatial",0.2,1,"queen",0,0.8,"both",1,"Design 8","Design 8: Incidence-Guided Saturation Quadrants","oracle",100,100,TRUE,0.043607186185625,3.9972173502567e-05,3.80566196793102e-05,1.91555382325679e-06,0.00632235505983071,0.00138403534032076,0.051613717921343,0.0542647236000192,0.0591792203798128,0.000616900475598052,0.000632235505983071,5.31735764025507e-06,0.952077816755855,0.0535108103930887,0.0553909607575011,0.0594725218987587,0.059502238099199,0.0526315789473684,0.0766756675667567,TRUE,FALSE
"spatial",0.5,1,"queen",0,0.8,"both",1,"Design 8","Design 8: Incidence-Guided Saturation Quadrants","oracle",100,100,TRUE,0.0449505889803332,4.60215164610711e-05,4.29511448120187e-05,3.07037164905234e-06,0.00678391601223593,0.00175224759924285,0.0548376111204562,0.0574117380107482,0.0639519579073608,0.000655371229243539,0.000678391601223593,-9.81067980412653e-06,0.933283996592126,0.0550394169673125,0.0604605218349532,0.0622135658707406,0.0640555590885757,0,-0.0788358835883588,TRUE,FALSE
"poisson",0.2,1,"queen",0,0.8,"both",1,"Design 8","Design 8: Incidence-Guided Saturation Quadrants","oracle",100,100,TRUE,0.0449433409817206,4.70042324729565e-05,4.03180758317032e-05,6.68615664125331e-06,0.0068559632782678,0.00258576036036855,0.0533734347494395,0.0554691395687786,0.0601910959823306,0.00063496516307356,0.00068559632782678,7.20480848605643e-06,0.857754157668671,0.0557885114701934,0.056759486703,0.0613203395784393,0.0641686218950555,0,0.10048604860486,TRUE,FALSE
"poisson",0.5,1,"queen",0,0.8,"both",1,"Design 8","Design 8: Incidence-Guided Saturation Quadrants","oracle",100,100,TRUE,0.0451627289849513,5.37759968962513e-05,3.99218428727441e-05,1.38541540235072e-05,0.00733321190858762,0.00372211687397201,0.0542907287835518,0.0584091476540588,0.0673663103598199,0.000631837343568296,0.000733321190858762,9.47044426352585e-06,0.742372901980122,0.0591265258532179,0.0605541907428765,0.0632507423157888,0.0654130757585153,0.0526315789473684,0.100930093009301,TRUE,FALSE
"iid",0,2,"queen",0,0.8,"both",1,"Design 8","Design 8: Incidence-Guided Saturation Quadrants","oracle",100,100,TRUE,0.0440990570575248,3.95053863139115e-05,3.89694575572918e-05,5.35928756619667e-07,0.00628533104250774,0.000732071551571066,0.0532913930549518,0.0562203919860491,0.0591529840487405,0.000624255216696599,0.000628533104250774,-5.90659192767589e-06,0.986434033264195,0.0556366171036618,0.0550212330421944,0.0620489950022132,0.0632845982856042,0,-0.0503930393039304,TRUE,FALSE
"spatial",0.2,2,"queen",0,0.8,"both",1,"Design 8","Design 8: Incidence-Guided Saturation Quadrants","oracle",100,100,TRUE,0.0446162602656519,5.26435354971373e-05,4.00313605811131e-05,1.26121749160241e-05,0.00725558650262936,0.00355136240280039,0.0533003580814581,0.0597281787918885,0.070031068730033,0.000632703410620752,0.000725558650262936,1.46900900753826e-05,0.760423102344447,0.0571218921964185,0.0550114260395922,0.0644275982820273,0.0638889698020534,0.25,0.0636783678367837,TRUE,FALSE
"spatial",0.5,2,"queen",0,0.8,"both",1,"Design 8","Design 8: Incidence-Guided Saturation Quadrants","oracle",100,100,TRUE,0.0447993666452948,4.96946685693093e-05,4.12628491462974e-05,8.43181942301187e-06,0.00704944455750305,0.00290375953257357,0.053243813758632,0.0573543872752142,0.0627550582052719,0.000642361651612995,0.000704944455750305,1.6878682409612e-05,0.830327484501643,0.0553208366379081,0.056379451416561,0.0629345452843424,0.0615133059340978,0.0526315789473684,0.234347434743474,TRUE,FALSE
"poisson",0.2,2,"queen",0,0.8,"both",1,"Design 8","Design 8: Incidence-Guided Saturation Quadrants","oracle",100,100,TRUE,0.0436087214203628,4.77753947324599e-05,3.82532020684511e-05,9.52219266400876e-06,0.00691197473465144,0.00308580502689473,0.0533119373928015,0.0558050990494326,0.0618070663257277,0.000618491730489997,0.000691197473465144,1.4872582161996e-06,0.80068835187375,0.0563918359234353,0.0582173714315331,0.0634035552652192,0.0628219232245492,0,0.0769156915691569,TRUE,FALSE
"poisson",0.5,2,"queen",0,0.8,"both",1,"Design 8","Design 8: Incidence-Guided Saturation Quadrants","oracle",100,100,TRUE,0.0453743224636851,4.25106159028742e-05,4.0264344793109e-05,2.24627110976524e-06,0.00652001655694786,0.00149875652117522,0.0531371763642002,0.0571117562565777,0.0653351755572419,0.000634541919758726,0.000652001655694786,-1.94755729302842e-08,0.947159760872498,0.0580413852773273,0.0578059240940976,0.0626670883666866,0.0605451637962725,0.111111111111111,-0.00303630363036304,TRUE,FALSE
"iid",0,1,"queen",0.5,0.8,"both",1,"Design 8","Design 8: Incidence-Guided Saturation Quadrants","oracle",100,100,TRUE,0.047802664936295,4.43594160320058e-05,4.64093620005799e-05,-2.04994596857403e-06,0.00666028648272774,NA,0.0558914501863407,0.0601344934770037,0.0663838324564227,0.000681244170621517,0.000666028648272774,-7.50587934217838e-06,1.04621219465772,0.0629502002461371,0.0597217844845599,0.0666994368386898,0.0661950031173539,0.0526315789473684,-0.152571257125713,TRUE,FALSE
"spatial",0.2,1,"queen",0.5,0.8,"both",1,"Design 8","Design 8: Incidence-Guided Saturation Quadrants","oracle",100,100,TRUE,0.0466271860664063,6.35546120174006e-05,4.20139866252118e-05,2.15406253921889e-05,0.00797211465154639,0.00464118792898853,0.0569053564826213,0.0623908524064731,0.0729189164802237,0.000648181970014685,0.000797211465154639,1.23495872539554e-05,0.661069044268711,0.0613059454016611,0.0620249994265565,0.0695529928345259,0.0674463368601256,0.111111111111111,0.112211221122112,TRUE,FALSE
"spatial",0.5,1,"queen",0.5,0.8,"both",1,"Design 8","Design 8: Incidence-Guided Saturation Quadrants","oracle",100,100,TRUE,0.0474850838493034,4.01867190269174e-05,4.62059588994944e-05,-6.01923987257694e-06,0.00633929956910994,NA,0.0565469235722868,0.059451156389968,0.0650473988764435,0.000679749651706379,0.000633929956910994,-1.09912212318977e-05,1.14978181892742,0.0581882448974401,0.058949353793162,0.0647244988130618,0.0647966542752958,0.0526315789473684,-0.0759075907590759,TRUE,FALSE
"poisson",0.2,1,"queen",0.5,0.8,"both",1,"Design 8","Design 8: Incidence-Guided Saturation Quadrants","oracle",100,100,TRUE,0.047670139295647,5.47182391523173e-05,4.50587270954089e-05,9.65951205690841e-06,0.00739717778293298,0.00310797555603457,0.057672874095819,0.0619918360408368,0.0681375209813987,0.000671257976454723,0.000739717778293298,1.13001091575313e-05,0.823468148709618,0.0587844957867434,0.0641095196512372,0.0649647316538292,0.0690724889247046,0.111111111111111,0.102394239423942,TRUE,FALSE
"poisson",0.5,1,"queen",0.5,0.8,"both",1,"Design 8","Design 8: Incidence-Guided Saturation Quadrants","oracle",100,100,TRUE,0.0475338492865163,4.67231598031624e-05,4.41211192911772e-05,2.6020405119852e-06,0.00683543413421287,0.00161308416146995,0.0567332334179413,0.0604585414218252,0.0728579321305498,0.000664237301656398,0.000683543413421287,-4.39799201708858e-06,0.94430940623564,0.0623373545199985,0.0599831337820866,0.0653878726176454,0.0663736164535938,0.111111111111111,-0.0888808880888089,TRUE,FALSE
"iid",0,2,"queen",0.5,0.8,"both",1,"Design 8","Design 8: Incidence-Guided Saturation Quadrants","oracle",100,100,TRUE,0.0473953159029954,4.14912120678835e-05,4.38791421002509e-05,-2.38793003236745e-06,0.00644136725143688,NA,0.0561521991683952,0.0586593967817325,0.0627222412702379,0.000662413330936591,0.000644136725143688,6.05696994268117e-06,1.05755266991142,0.0580461052793539,0.0576868597975649,0.0650254361802296,0.061972393261206,0.0526315789473684,0.103750375037504,TRUE,FALSE
"spatial",0.2,2,"queen",0.5,0.8,"both",1,"Design 8","Design 8: Incidence-Guided Saturation Quadrants","oracle",100,100,TRUE,0.0478573996194107,3.87217419228056e-05,4.37912666212903e-05,-5.06952469848476e-06,0.00622267964166609,NA,0.056484384332478,0.0604221405435033,0.0667725235697585,0.000661749700576361,0.000622267964166609,2.95418558753378e-07,1.13092191742281,0.0581612631354148,0.060106404254152,0.0627719828450111,0.0660815636008582,0.111111111111111,0.0427482748274828,TRUE,FALSE
"spatial",0.5,2,"queen",0.5,0.8,"both",1,"Design 8","Design 8: Incidence-Guided Saturation Quadrants","oracle",100,100,TRUE,0.0487579772099754,6.3384549259535e-05,4.8781873403177e-05,1.4602675856358e-05,0.00796144140589724,0.00382134477067406,0.0600563952275895,0.0641085408517485,0.0699128408543159,0.000698440215073395,0.000796144140589724,1.70555184573239e-05,0.769617737651399,0.0639711508650561,0.0580806888934105,0.0723417225200443,0.0651328023897444,0.0526315789473684,0.137125712571257,TRUE,FALSE
"poisson",0.2,2,"queen",0.5,0.8,"both",1,"Design 8","Design 8: Incidence-Guided Saturation Quadrants","oracle",100,100,TRUE,0.0455295035279252,4.05368750152585e-05,3.96549640059829e-05,8.81911009275545e-07,0.00636685754632994,0.000939101170947809,0.0531157878814132,0.0565678810527827,0.065952999121719,0.000629721875163814,0.000636685754632994,6.77376779851164e-06,0.978244228028342,0.0569528728752628,0.056618584392655,0.0608865368782578,0.0600131270507862,0.111111111111111,0.0937653765376538,TRUE,FALSE
"poisson",0.5,2,"queen",0.5,0.8,"both",1,"Design 8","Design 8: Incidence-Guided Saturation Quadrants","oracle",100,100,TRUE,0.0472724257308274,4.13305630992842e-05,4.51288404817619e-05,-3.7982773824777e-06,0.00642888505880174,NA,0.0551023408585299,0.0575051295502251,0.0612512749837339,0.000671780027105316,0.000642888505880174,-1.4709838222569e-05,1.09189996694101,0.0619163430442006,0.0586499334109509,0.066995788627839,0.0633978814308211,0,-0.155535553555356,TRUE,FALSE
"iid",0,1,"queen",0,0.5,"control_only",1,"Design 9","Design 9: Simple Random Sampling","oracle",100,100,TRUE,0.208169676350059,0.00327529454376124,0.000949377519792779,0.00232591702396847,0.0572301890942293,0.04822776196309,0.281849522267232,0.327064753572207,0.405363956865497,0.00308119703977655,0.00572301890942293,0.0023467697754315,0.289860196421462,0.288241323165738,0.278809206534631,0.348702639993452,0.349173278983191,0.25,0.614941494149415,TRUE,FALSE
"spatial",0.2,1,"queen",0,0.5,"control_only",1,"Design 9","Design 9: Simple Random Sampling","oracle",100,100,TRUE,0.2175705230075,0.00473944043161338,0.00108034793401272,0.00365909249760066,0.0688435939765885,0.0604904331080598,0.309204309768566,0.373171455701591,0.491026992201959,0.00328686466714515,0.00688435939765885,0.00363874393334341,0.227948414923944,0.342626265776099,0.301872908289424,0.400826461471547,0.368298644739334,0.428571428571429,0.543234323432343,TRUE,FALSE
"spatial",0.5,1,"queen",0,0.5,"control_only",1,"Design 9","Design 9: Simple Random Sampling","oracle",100,100,TRUE,0.205874284845269,0.0038949803893644,0.000904310918440589,0.00299066947092381,0.0624097779948335,0.0546870137319987,0.291920451149984,0.348112819791005,0.483715417065178,0.00300717628089972,0.00624097779948335,0.00318344412891308,0.232173420156336,0.301023345144583,0.28328544901082,0.352040136197707,0.361214352518421,0.538461538461538,0.582106210621062,TRUE,FALSE
"poisson",0.2,1,"queen",0,0.5,"control_only",1,"Design 9","Design 9: Simple Random Sampling","oracle",100,100,TRUE,0.207126854151806,0.00401620576536855,0.000928822567325713,0.00308738319804284,0.063373541524587,0.055564225883592,0.286254029338045,0.346005075359317,0.445227668109892,0.00304765904806577,0.0063373541524587,0.00295060962933683,0.231268670379113,0.303173781271205,0.288277826185312,0.370483575978887,0.347449027719008,0.25,0.613213321332133,TRUE,FALSE
"poisson",0.5,1,"queen",0,0.5,"control_only",1,"Design 9","Design 9: Simple Random Sampling","oracle",100,100,TRUE,0.207764151662852,0.00352723415557037,0.000893740576546475,0.0026334935790239,0.0593905224389411,0.0513175757321397,0.290041248276214,0.328881651822637,0.40677857135923,0.00298954942515837,0.00593905224389411,0.0027744764975232,0.253382831172418,0.301630525756513,0.290257767843425,0.340724880419739,0.332257316239476,0.428571428571429,0.590603060306031,TRUE,FALSE
"iid",0,2,"queen",0,0.5,"control_only",1,"Design 9","Design 9: Simple Random Sampling","oracle",100,100,TRUE,0.221350283195666,0.00538797830425266,0.00101719057295862,0.00437078773129404,0.0734028494287017,0.0661119333501452,0.301416614652664,0.37404391589227,0.541317110279629,0.00318934252308939,0.00734028494287018,0.00434427116910916,0.188788914045138,0.32910265809937,0.305542808397425,0.394437685900229,0.381705630230261,0.333333333333333,0.577233723372337,TRUE,FALSE
"spatial",0.2,2,"queen",0,0.5,"control_only",1,"Design 9","Design 9: Simple Random Sampling","oracle",100,100,TRUE,0.203618202626744,0.00369399770332637,0.000888369410489099,0.00280562829283727,0.0607782667022215,0.0529681818909926,0.270445596479333,0.342059113018299,0.407325504855894,0.00298055265091744,0.00607782667022215,0.0027025167687284,0.240489973691413,0.290670119162611,0.287148053224536,0.367807910163,0.34229801850886,0.428571428571429,0.535229522952295,TRUE,FALSE
"spatial",0.5,2,"queen",0,0.5,"control_only",1,"Design 9","Design 9: Simple Random Sampling","oracle",100,100,TRUE,0.219570366372071,0.00363272508407914,0.00105082269277748,0.00258190239130166,0.0602720920831453,0.0508124235920868,0.283748357137188,0.333347375641594,0.387534288081083,0.00324163954315942,0.00602720920831453,0.00247829320706762,0.289265680296821,0.303671840617358,0.292404826654934,0.334286912779667,0.364261130861047,0.25,0.500690069006901,TRUE,FALSE
"poisson",0.2,2,"queen",0,0.5,"control_only",1,"Design 9","Design 9: Simple Random Sampling","oracle",100,100,TRUE,0.215090733042084,0.00411855380723951,0.000999059605751507,0.00311949420148801,0.0641759597297891,0.0558524323685908,0.287456796107698,0.342312229313692,0.580496484907488,0.00316079041657543,0.00641759597297891,0.00328422365844785,0.242575343800384,0.313668262852708,0.289412158683881,0.364059898960357,0.34775064518029,0.176470588235294,0.587950795079508,TRUE,FALSE
"poisson",0.5,2,"queen",0,0.5,"control_only",1,"Design 9","Design 9: Simple Random Sampling","oracle",100,100,TRUE,0.216169451110483,0.004483006511274,0.00102243564250046,0.00346057086877354,0.0669552575327285,0.0588266170094248,0.28949831444944,0.36117445619382,0.489149078518531,0.003197554757155,0.00669552575327285,0.00346020588656283,0.228069185250837,0.298610193411356,0.285794718715541,0.366887103604064,0.393211431883429,0.333333333333333,0.581266126612661,TRUE,FALSE
"iid",0,1,"queen",0.5,0.5,"control_only",1,"Design 9","Design 9: Simple Random Sampling","oracle",100,100,TRUE,0.2235359220686,0.00310495564178219,0.00109463567637127,0.00201031996541092,0.0557221288339039,0.0448365918130595,0.293854305400838,0.328657884413765,0.371196576964523,0.00330852788468115,0.00557221288339039,0.00209154281140523,0.352544706803918,0.313010933394794,0.309073489836806,0.349008986478122,0.346491668269501,0.25,0.536813681368137,TRUE,FALSE
"spatial",0.2,1,"queen",0.5,0.5,"control_only",1,"Design 9","Design 9: Simple Random Sampling","oracle",100,100,TRUE,0.228424934794021,0.00430104850400565,0.00116785121896324,0.00313319728504241,0.0655823795238146,0.0559749701656232,0.327163520544605,0.358972918393016,0.456399250379938,0.00341738382240456,0.00655823795238146,0.00301705134725687,0.271527098072854,0.335392597581103,0.318992959049979,0.384724655607952,0.371977639410389,0.176470588235294,0.521860186018602,TRUE,FALSE
"spatial",0.5,1,"queen",0.5,0.5,"control_only",1,"Design 9","Design 9: Simple Random Sampling","oracle",100,100,TRUE,0.217487974295901,0.0027688767019367,0.00105607456829938,0.00171280213363732,0.0526201168939855,0.0413860137442267,0.277924468863406,0.322423894933251,0.411241623408386,0.00324973009386838,0.00526201168939855,0.00166344963446588,0.381409026830521,0.298909620986641,0.288476756370641,0.348884971019758,0.330577652312425,0.25,0.446780678067807,TRUE,FALSE
"poisson",0.2,1,"queen",0.5,0.5,"control_only",1,"Design 9","Design 9: Simple Random Sampling","oracle",100,100,TRUE,0.230877650196964,0.00469714573507844,0.00117147734591337,0.00352566838916507,0.0685357259761538,0.0593773390205815,0.310057226154067,0.371907810370098,0.48009800761127,0.00342268512415818,0.00685357259761538,0.00358448719891044,0.249401958547877,0.322900808629689,0.322319850795046,0.362562022812364,0.408134183803811,0.333333333333333,0.613993399339934,TRUE,FALSE
"poisson",0.5,1,"queen",0.5,0.5,"control_only",1,"Design 9","Design 9: Simple Random Sampling","oracle",100,100,TRUE,0.232235861513314,0.00496435872909184,0.00122477558587892,0.00373958314321291,0.0704582055483379,0.0611521311420372,0.339299852389175,0.384854706534837,0.494440654877439,0.0034996793937144,0.00704582055483379,0.0038881280799025,0.246713755535345,0.330641446401141,0.345993016002143,0.396925132306781,0.40308025341054,0.333333333333333,0.591083108310831,TRUE,FALSE
"iid",0,2,"queen",0.5,0.5,"control_only",1,"Design 9","Design 9: Simple Random Sampling","oracle",100,100,TRUE,0.215694656583843,0.00470308177992315,0.00104045244962249,0.00366262933030066,0.0685790185109349,0.0605196606922136,0.299688069362699,0.363526953189681,0.56131333515504,0.00322560451640075,0.00685790185109349,0.00369559541210989,0.221227803025677,0.323648419803022,0.309174524369728,0.380298949697791,0.377293182125296,0.25,0.526420642064206,TRUE,FALSE
"spatial",0.2,2,"queen",0.5,0.5,"control_only",1,"Design 9","Design 9: Simple Random Sampling","oracle",100,100,TRUE,0.215239405413354,0.00295382763629143,0.00099695445526877,0.00195687318102266,0.0543491272817828,0.0442365593262254,0.286867612316409,0.318591349053176,0.371407710747141,0.0031574585591402,0.00543491272817828,0.00165739902923045,0.337512738732603,0.2905520973957,0.31304546462137,0.34736645792116,0.33511799429174,0.111111111111111,0.403468346834684,TRUE,FALSE
"spatial",0.5,2,"queen",0.5,0.5,"control_only",1,"Design 9","Design 9: Simple Random Sampling","oracle",100,100,TRUE,0.222342309002462,0.00500887646269446,0.00111519355861455,0.00389368290407991,0.0707734163559628,0.0623993822411722,0.292587916420306,0.368607919147245,0.537269503722143,0.00333945138999589,0.00707734163559628,0.00404232207301803,0.222643454459375,0.308979975928255,0.33065667567513,0.378935517169212,0.395387773500656,0.333333333333333,0.574965496549655,TRUE,FALSE
"poisson",0.2,2,"queen",0.5,0.5,"control_only",1,"Design 9","Design 9: Simple Random Sampling","oracle",100,100,TRUE,0.217107320007012,0.00311514931357614,0.00102456851705283,0.00209058079652331,0.055813522676643,0.045722869513224,0.297157629267601,0.326712890521773,0.408320192688638,0.0032008881846338,0.0055813522676643,0.00207406561433264,0.328898686360764,0.302923233869862,0.300037474535234,0.346177101638924,0.346979799641963,0.111111111111111,0.48013201320132,TRUE,FALSE
"poisson",0.5,2,"queen",0.5,0.5,"control_only",1,"Design 9","Design 9: Simple Random Sampling","oracle",100,100,TRUE,0.222500099495669,0.00410266335605291,0.0010604845801995,0.00304217877585341,0.0640520363146474,0.0551559495961534,0.296535578269115,0.352184954354376,0.505507752870569,0.00325650822231343,0.00640520363146474,0.00316035184198593,0.258486862841159,0.313903120621314,0.319674860869112,0.368436893418714,0.374564822308945,0.25,0.56013201320132,TRUE,FALSE
"iid",0,1,"queen",0,0.8,"control_only",1,"Design 9","Design 9: Simple Random Sampling","oracle",100,100,TRUE,0.210884143058083,0.00410611389900763,0.000952910960023764,0.00315320293898387,0.0640789661199963,0.0561533876002496,0.287390533576904,0.349176087874949,0.432266320693417,0.00308692559033055,0.00640789661199963,0.00300284813874756,0.232071243872233,0.281216800074778,0.310502777402625,0.348122318854531,0.388256896933135,0.333333333333333,0.57951395139514,TRUE,FALSE
"spatial",0.2,1,"queen",0,0.8,"control_only",1,"Design 9","Design 9: Simple Random Sampling","oracle",100,100,TRUE,0.209330596847104,0.00412966124723519,0.000985762455440966,0.00314389879179422,0.064262440408338,0.0560704805739546,0.297671507282273,0.34149817313898,0.403940673929836,0.0031396854228425,0.0064262440408338,0.0034848150080515,0.238702982260575,0.30634965953964,0.300784600169886,0.348848167198441,0.355400525507613,0.25,0.713219321932193,TRUE,FALSE
"spatial",0.5,1,"queen",0,0.8,"control_only",1,"Design 9","Design 9: Simple Random Sampling","oracle",100,100,TRUE,0.217052722333813,0.00427293611816033,0.00105339344003819,0.00321954267812214,0.06536769934884,0.0567410140737909,0.310585641805903,0.354897435016018,0.420275637446279,0.003245602317041,0.006536769934884,0.00318693539546619,0.246526840305706,0.30355571239364,0.322530674041457,0.362763752119155,0.379475186322928,0.25,0.58952295229523,TRUE,FALSE
"poisson",0.2,1,"queen",0,0.8,"control_only",1,"Design 9","Design 9: Simple Random Sampling","oracle",100,100,TRUE,0.201123911552166,0.00333847071676495,0.000856683597707958,0.00248178711905699,0.0577795008352006,0.0498175382677325,0.276815481921235,0.326448803756261,0.37759705822659,0.00292691577895224,0.00577795008352006,0.00227658083119538,0.256609588757484,0.289214950177778,0.278625425195537,0.339298067180811,0.35129373104068,0.176470588235294,0.60026402640264,TRUE,FALSE
"poisson",0.5,1,"queen",0,0.8,"control_only",1,"Design 9","Design 9: Simple Random Sampling","oracle",100,100,TRUE,0.222700115303266,0.00444290478308324,0.00110496930441366,0.00333793547866958,0.0666551182062056,0.0577748689195361,0.306838381786155,0.357561245710767,0.469020726551387,0.00332410785687477,0.00666551182062056,0.0034475493882706,0.24870425056619,0.33509628319668,0.314276058009183,0.390473818688101,0.363053963384487,0.25,0.642400240024002,TRUE,FALSE
"iid",0,2,"queen",0,0.8,"control_only",1,"Design 9","Design 9: Simple Random Sampling","oracle",100,100,TRUE,0.213280835103292,0.00359157830335503,0.00102551455197595,0.00256606375137909,0.0599297781020006,0.0506563298253939,0.301722325624368,0.331199476490021,0.394326671735168,0.00320236561306785,0.00599297781020006,0.00238276620607485,0.285533118133043,0.305346230791344,0.321225366149123,0.337234019170789,0.36806178157359,0.176470588235294,0.477011701170117,TRUE,FALSE
"spatial",0.2,2,"queen",0,0.8,"control_only",1,"Design 9","Design 9: Simple Random Sampling","oracle",100,100,TRUE,0.210363905781246,0.00438214816396428,0.000968126417420723,0.00341402174654356,0.0661977957636377,0.0584296307240048,0.28767628083014,0.358495065018658,0.46016621077406,0.0031114729910779,0.00661977957636377,0.00303886593566059,0.220925076286082,0.308539296189836,0.308457413561446,0.383697330992349,0.375872203240025,0.25,0.516195619561956,TRUE,FALSE
"spatial",0.5,2,"queen",0,0.8,"control_only",1,"Design 9","Design 9: Simple Random Sampling","oracle",100,100,TRUE,0.210205241271936,0.00311984250566429,0.00092440676272084,0.00219543574294345,0.0558555503568292,0.04685547719257,0.277898201502188,0.329299475659313,0.43902759620078,0.00304040583264938,0.00558555503568292,0.00215905786549197,0.296299175693169,0.271958269667568,0.296977709235417,0.332928145339077,0.354963427421574,0.333333333333333,0.457353735373537,TRUE,FALSE
"poisson",0.2,2,"queen",0,0.8,"control_only",1,"Design 9","Design 9: Simple Random Sampling","oracle",100,100,TRUE,0.202428126946185,0.00385701636423876,0.000969551185849667,0.00288746517838909,0.0621048819678353,0.0537351391399435,0.281680049350146,0.334801865349791,0.383422145764429,0.00311376168941951,0.00621048819678353,0.00258826078878014,0.251373365910265,0.315348247771607,0.293118773741615,0.384704021020154,0.328452901677069,0.25,0.487008700870087,TRUE,FALSE
"poisson",0.5,2,"queen",0,0.8,"control_only",1,"Design 9","Design 9: Simple Random Sampling","oracle",100,100,TRUE,0.215335675213019,0.00535418152327596,0.0010592225630538,0.00429495896022216,0.0731722729131463,0.0655359364030313,0.30141019224365,0.368698281402069,0.570082157702476,0.00325456996092234,0.00731722729131463,0.00419626570515532,0.197830902529005,0.307832161233729,0.330463275819197,0.381593827861872,0.383000557112591,0.25,0.578373837383738,TRUE,FALSE
"iid",0,1,"queen",0.5,0.8,"control_only",1,"Design 9","Design 9: Simple Random Sampling","oracle",100,100,TRUE,0.219505891249147,0.00308430193940566,0.00108010227393005,0.00200419966547561,0.0555364919616432,0.0447682886145496,0.286963037750796,0.32642394191622,0.394276901592218,0.00328649094617656,0.00555364919616432,0.00204185126904587,0.350193429550604,0.314121645484959,0.304188124116856,0.35471626576111,0.343544519155469,0.25,0.528412841284128,TRUE,FALSE
"spatial",0.2,1,"queen",0.5,0.8,"control_only",1,"Design 9","Design 9: Simple Random Sampling","oracle",100,100,TRUE,0.228667904049764,0.0045310623020023,0.00116164097501709,0.00336942132698521,0.0673131658890168,0.0580467167631832,0.325693017981158,0.378674000100963,0.461079341052788,0.00340828545608652,0.00673131658890168,0.00350026853747904,0.256372765941389,0.305686383022352,0.33945867955121,0.377021235215452,0.408316034982304,0.333333333333333,0.51013501350135,TRUE,FALSE
"spatial",0.5,1,"queen",0.5,0.8,"control_only",1,"Design 9","Design 9: Simple Random Sampling","oracle",100,100,TRUE,0.217872734838313,0.00412928755634479,0.00108737308086653,0.00304191447547826,0.0642595328052172,0.0551535536069822,0.301379925022357,0.359063567513108,0.439662690303094,0.00329753404965974,0.00642595328052172,0.00312893097527887,0.26333188619808,0.291126508969974,0.309345924605175,0.387728541303179,0.363268058549497,0.333333333333333,0.562772277227723,TRUE,FALSE
"poisson",0.2,1,"queen",0.5,0.8,"control_only",1,"Design 9","Design 9: Simple Random Sampling","oracle",100,100,TRUE,0.238876173635377,0.00599467226842672,0.0012571643330438,0.00473750793538292,0.0774252689270546,0.0688295571348743,0.354417098803533,0.405208229255061,0.471994827649707,0.00354565132668711,0.00774252689270546,0.00467043243530758,0.209713605139876,0.353039590959014,0.339865692168462,0.408170073199753,0.443669167973011,0.25,0.622994299429943,TRUE,FALSE
"poisson",0.5,1,"queen",0.5,0.8,"control_only",1,"Design 9","Design 9: Simple Random Sampling","oracle",100,100,TRUE,0.214717664903385,0.00438131038241759,0.00103336524644197,0.00334794513597562,0.0661914675952844,0.05786143046949,0.310265017795575,0.364943459185442,0.447856661066578,0.00321459989180919,0.00661914675952844,0.00325854925379299,0.235857575986607,0.308250114949432,0.323329062536581,0.383180694786534,0.384096276535534,0.333333333333333,0.482736273627363,TRUE,FALSE
"iid",0,2,"queen",0.5,0.8,"control_only",1,"Design 9","Design 9: Simple Random Sampling","oracle",100,100,TRUE,0.224750961191848,0.00385923875711609,0.00106515277177719,0.0027940859853389,0.0621227716470868,0.0528591144963562,0.307464654858697,0.342418222801423,0.450306669777164,0.0032636678320215,0.00621227716470868,0.00275444742042734,0.276000744917155,0.318636794369102,0.308313131161704,0.37322198730252,0.356345202660562,0.176470588235294,0.525052505250525,TRUE,FALSE
"spatial",0.2,2,"queen",0.5,0.8,"control_only",1,"Design 9","Design 9: Simple Random Sampling","oracle",100,100,TRUE,0.222558422900726,0.0030136677048718,0.00107151743328345,0.00194215027158834,0.0548968824695155,0.0440698340317767,0.297896412386749,0.330928599694368,0.383968643980716,0.003273404089451,0.00548968824695155,0.0018288238481043,0.355552615024965,0.315781560600182,0.304898587383272,0.353466357050244,0.360046690964802,0.25,0.433879387938794,TRUE,FALSE
"spatial",0.5,2,"queen",0.5,0.8,"control_only",1,"Design 9","Design 9: Simple Random Sampling","oracle",100,100,TRUE,0.216815549907638,0.00329839910732115,0.00103294786594834,0.00226545124137281,0.0574316907928119,0.0475967566266107,0.296732702688097,0.334667850461311,0.404942622194313,0.00321395063115216,0.00574316907928119,0.00226803846294474,0.313166427815117,0.29787817892503,0.294538322145665,0.353823903364044,0.34653819514703,0.25,0.496081608160816,TRUE,FALSE
"poisson",0.2,2,"queen",0.5,0.8,"control_only",1,"Design 9","Design 9: Simple Random Sampling","oracle",100,100,TRUE,0.224578367124206,0.00370230097807733,0.0010878420955953,0.00261445888248202,0.0608465362866065,0.0511317795747617,0.301168839089126,0.347136828286325,0.391211816774208,0.00329824513278699,0.00608465362866065,0.0026516923084329,0.29382864927428,0.300498414647765,0.323452478075751,0.359344269761866,0.36844119926119,0.333333333333333,0.581926192619262,TRUE,FALSE
"poisson",0.5,2,"queen",0.5,0.8,"control_only",1,"Design 9","Design 9: Simple Random Sampling","oracle",100,100,TRUE,0.217856098574469,0.00294261847545255,0.00103048531166129,0.00191213316379126,0.0542459074534895,0.04372794488415,0.294409758449184,0.328272232706596,0.360062119485934,0.00321011730574023,0.00542459074534895,0.00181197626098574,0.350193312608359,0.315915801991768,0.296000631913547,0.356119589520641,0.328788578755677,0.25,0.441176117611761,TRUE,FALSE
"iid",0,1,"queen",0,0.5,"both",1,"Design 9","Design 9: Simple Random Sampling","oracle",100,100,TRUE,0.0416193525723472,4.10320809225484e-05,3.59642927395344e-05,5.06778818301398e-06,0.00640562884676816,0.00225117484505624,0.0500346861044056,0.0537180027220213,0.0577303586379294,0.000599702365674293,0.000640562884676816,5.59727443091248e-06,0.876492050389063,0.0528190129271337,0.0519070344157111,0.0577664831874638,0.0584376265080111,0.0526315789473684,0.0541014101410141,TRUE,FALSE
"spatial",0.2,1,"queen",0,0.5,"both",1,"Design 9","Design 9: Simple Random Sampling","oracle",100,100,TRUE,0.0430407228409413,4.07446126622693e-05,3.72141527987064e-05,3.53045986356294e-06,0.00638315068459686,0.00187895179915903,0.051992084601715,0.055141925198666,0.0628927563161016,0.000610034038383977,0.000638315068459686,6.78480766574092e-06,0.913351492801593,0.0546273220403092,0.0537782929972334,0.0585952956180517,0.0585497199152308,0,0.0818121812181218,TRUE,FALSE
"spatial",0.5,1,"queen",0,0.5,"both",1,"Design 9","Design 9: Simple Random Sampling","oracle",100,100,TRUE,0.0416017931146924,2.51717497115577e-05,3.41363638081147e-05,-8.96461409655697e-06,0.0050171455740847,NA,0.0467319050970928,0.0487601401970216,0.0526740858820557,0.000584263329399635,0.00050171455740847,-1.62154787848798e-05,1.35613790059421,0.0535779749864665,0.0507704967543991,0.0578960728762088,0.0553006003880376,0,-0.218205820582058,TRUE,FALSE
"poisson",0.2,1,"queen",0,0.5,"both",1,"Design 9","Design 9: Simple Random Sampling","oracle",100,100,TRUE,0.0417911286949294,4.01697779114329e-05,3.51302855433875e-05,5.03949236804537e-06,0.00633796323052074,0.0022448813705952,0.0507408611929041,0.0541507889289063,0.059459982189203,0.000592708069317329,0.000633796323052074,5.67726716357719e-06,0.874545177243535,0.0553402619040049,0.0503571857529693,0.0605210572324266,0.0550533123536433,0.0526315789473684,0.0477767776777678,TRUE,FALSE
"poisson",0.5,1,"queen",0,0.5,"both",1,"Design 9","Design 9: Simple Random Sampling","oracle",100,100,TRUE,0.0419548353291756,3.38690063810392e-05,3.51052404120264e-05,-1.23623403098719e-06,0.00581970844467652,NA,0.0499087583914593,0.0533430973574603,0.0563935755230059,0.00059249675452298,0.000581970844467652,-1.04913025610591e-05,1.03650045168373,0.0524027417996481,0.0545323642605349,0.0580298763589739,0.0600452502832635,0.111111111111111,-0.174377437743774,TRUE,FALSE
"iid",0,2,"queen",0,0.5,"both",1,"Design 9","Design 9: Simple Random Sampling","oracle",100,100,TRUE,0.0414543962244309,3.93363351556151e-05,3.42673870684543e-05,5.06894808716075e-06,0.00627186855375773,0.00225143245227583,0.0492332650418786,0.0528526473026725,0.0610375551866009,0.00058538352443893,0.000627186855375773,1.32761893984982e-06,0.87113827286889,0.0524234699745822,0.0517743850316294,0.0573218435470794,0.058426269265608,0,0.00908490849084908,TRUE,FALSE
"spatial",0.2,2,"queen",0,0.5,"both",1,"Design 9","Design 9: Simple Random Sampling","oracle",100,100,TRUE,0.042352869757165,3.69295435919636e-05,3.47250820760924e-05,2.2044615158712e-06,0.00607696828953086,0.00148474291238288,0.050012048820961,0.0526691728709886,0.061629547936366,0.000589279917153914,0.000607696828953086,-2.04611418706122e-06,0.940306288639025,0.0524346397586664,0.0548266401707651,0.060220116517709,0.0583378019541248,0,0.00175217521752175,TRUE,FALSE
"spatial",0.5,2,"queen",0,0.5,"both",1,"Design 9","Design 9: Simple Random Sampling","oracle",100,100,TRUE,0.0431628995380252,4.35873174114188e-05,3.61996943557055e-05,7.38762305571335e-06,0.00660206917650965,0.00271801822210841,0.0522891565403626,0.0556236266429959,0.0626345526053201,0.00060166181826426,0.000660206917650965,1.39718086910225e-05,0.830509802060496,0.0538326586532738,0.0540258807379003,0.05998092513768,0.0597014024722658,0.111111111111111,0.194635463546355,TRUE,FALSE
"poisson",0.2,2,"queen",0,0.5,"both",1,"Design 9","Design 9: Simple Random Sampling","oracle",100,100,TRUE,0.0417977572628038,3.89513102565198e-05,3.57461990207656e-05,3.20511123575413e-06,0.00624109848155914,0.00179028244580405,0.0498599188176028,0.0536591613006723,0.0556089099671626,0.000597881250925011,0.000624109848155914,1.0521184831868e-05,0.917714931419601,0.0517025369980098,0.0550557862694849,0.054260276394579,0.0597675881838,0.111111111111111,0.171989198919892,TRUE,FALSE
"poisson",0.5,2,"queen",0,0.5,"both",1,"Design 9","Design 9: Simple Random Sampling","oracle",100,100,TRUE,0.0416592871255441,3.57705259071547e-05,3.48140712916916e-05,9.56454615463055e-07,0.00598084658782974,0.000977984977115218,0.0496561940815929,0.0519778335616615,0.0558024538961024,0.000590034501463191,0.000598084658782974,2.95315611551576e-06,0.973261376756226,0.052800545681255,0.0521249357446889,0.0577489165813546,0.055934403084483,0,0.118607860786079,TRUE,FALSE
"iid",0,1,"queen",0.5,0.5,"both",1,"Design 9","Design 9: Simple Random Sampling","oracle",100,100,TRUE,0.0433132343422708,4.50187252923428e-05,3.68164012275714e-05,8.20232406477139e-06,0.00670959948822154,0.00286396998321759,0.0520986915003373,0.0556115784077235,0.0617282418764814,0.000606765203580194,0.000670959948822154,1.54743901335951e-05,0.8178019477116,0.0542043772603324,0.0549104821739365,0.0605405943901768,0.0585325305907952,0.0526315789473684,0.213849384938494,TRUE,FALSE
"spatial",0.2,1,"queen",0.5,0.5,"both",1,"Design 9","Design 9: Simple Random Sampling","oracle",100,100,TRUE,0.0440076680049038,3.36889433782399e-05,3.897130852437e-05,-5.28236514613007e-06,0.00580421772319405,NA,0.0508624118603402,0.0546562482024436,0.060987780326641,0.000624270041923925,0.000580421772319405,-1.00706630591627e-06,1.15679818410517,0.0554755532813709,0.0531238021989937,0.0573141282300081,0.0600988571890888,0,-0.0442364236423642,TRUE,FALSE
"spatial",0.5,1,"queen",0.5,0.5,"both",1,"Design 9","Design 9: Simple Random Sampling","oracle",100,100,TRUE,0.0426934481274502,4.28960293865128e-05,3.50153119811459e-05,7.88071740536694e-06,0.00654950604141357,0.0028072615491555,0.050893777132065,0.0550004516677471,0.0663390870097001,0.000591737374019471,0.000654950604141357,1.36582661171992e-05,0.81628328966399,0.0539868081480193,0.0534450926533214,0.0580330415676351,0.0591751303551497,0.111111111111111,0.100666066606661,TRUE,FALSE
"poisson",0.2,1,"queen",0.5,0.5,"both",1,"Design 9","Design 9: Simple Random Sampling","oracle",100,100,TRUE,0.0428524038052712,3.26559226553074e-05,3.7320865997751e-05,-4.66494334244352e-06,0.00571453608399732,NA,0.0507469741494734,0.0529838727796002,0.0572992044194439,0.000610908061804319,0.000571453608399732,-4.97552466755238e-06,1.14285137160825,0.0521796295755502,0.0553781579461087,0.0570270324459189,0.058889817997374,0,-0.0952415241524153,TRUE,FALSE
"poisson",0.5,1,"queen",0.5,0.5,"both",1,"Design 9","Design 9: Simple Random Sampling","oracle",100,100,TRUE,0.042983288204976,5.0005852238699e-05,3.7612891437581e-05,1.2392960801118e-05,0.00707148161552436,0.00352036373136612,0.0505544492146776,0.0571894257472713,0.073689617958897,0.000613293497744603,0.000707148161552436,1.22094125143584e-05,0.752169791208413,0.0547973999534095,0.0530263543170184,0.0630136224019941,0.0582442203022535,0.111111111111111,-0.0310591059105911,TRUE,FALSE
"iid",0,2,"queen",0.5,0.5,"both",1,"Design 9","Design 9: Simple Random Sampling","oracle",100,100,TRUE,0.0433463743458047,3.74955998335533e-05,3.74298592000646e-05,6.57406334886342e-08,0.00612336507433235,0.000256399363276577,0.051198322071235,0.055772540194957,0.0600155697717756,0.000611799470415468,0.000612336507433235,6.91405643963354e-06,0.998246710713245,0.054371240030461,0.0527321835402103,0.0617989267883049,0.0558176325433281,0.0526315789473684,0.0679387938793879,TRUE,FALSE
"spatial",0.2,2,"queen",0.5,0.5,"both",1,"Design 9","Design 9: Simple Random Sampling","oracle",100,100,TRUE,0.0429259295627179,4.28891822271763e-05,3.83087547139567e-05,4.58042751321964e-06,0.00654898329721311,0.00214019333547688,0.0520978519042296,0.0553672728594589,0.063309508413605,0.000618940665281872,0.000654898329721311,-9.8352283730079e-06,0.893203197744412,0.0554018072221655,0.0560569820490398,0.0612539357878226,0.0620479433475704,0,-0.113099309930993,TRUE,FALSE
"spatial",0.5,2,"queen",0.5,0.5,"both",1,"Design 9","Design 9: Simple Random Sampling","oracle",100,100,TRUE,0.0436445825181265,3.7670295010639e-05,3.88562132783764e-05,-1.18591826773739e-06,0.00613761313628018,NA,0.0505081706007675,0.0539922597551513,0.0614716592125103,0.000623347521679331,0.000613761313628018,-1.16399578376261e-05,1.03148152323741,0.055301126858293,0.0530685798314463,0.0647954904581929,0.0585044269812942,0,-0.105958595859586,TRUE,FALSE
"poisson",0.2,2,"queen",0.5,0.5,"both",1,"Design 9","Design 9: Simple Random Sampling","oracle",100,100,TRUE,0.0428439758167803,3.92148009425452e-05,3.63065279335262e-05,2.90827300901898e-06,0.00626217222236383,0.00170536594577791,0.0511291967801176,0.0535734783064399,0.0580399517349314,0.000602548985008906,0.000626217222236383,5.04505280582247e-06,0.925837363976934,0.051193442999172,0.0543951607722131,0.0586860719848855,0.059366475526447,0,0.12003600360036,TRUE,FALSE
"poisson",0.5,2,"queen",0.5,0.5,"both",1,"Design 9","Design 9: Simple Random Sampling","oracle",100,100,TRUE,0.0431116751738399,3.55426465964244e-05,3.76823440332983e-05,-2.1396974368739e-06,0.00596176539260179,NA,0.0511493686641014,0.053144861743191,0.0585647923746212,0.000613859463014934,0.000596176539260179,7.36086671411361e-07,1.0602008472011,0.0552565824488844,0.0553094427994929,0.0592227327954304,0.0583394130722353,0.0526315789473684,0.0155055505550555,TRUE,FALSE
"iid",0,1,"queen",0,0.8,"both",1,"Design 9","Design 9: Simple Random Sampling","oracle",100,100,TRUE,0.0418151623834325,3.56631584010905e-05,3.53337519034894e-05,3.29406497601093e-07,0.00597186389673195,0.00057393945464752,0.0505908366424067,0.0522326473706995,0.0540366625167263,0.000594422004164461,0.000597186389673195,2.70076065870591e-06,0.990763395269247,0.0529143043752699,0.0526815376154791,0.0553248055615767,0.0576604509564602,0.0526315789473684,0.0559135913591359,TRUE,FALSE
"spatial",0.2,1,"queen",0,0.8,"both",1,"Design 9","Design 9: Simple Random Sampling","oracle",100,100,TRUE,0.0428367125012811,4.91993914257363e-05,3.69835930242029e-05,1.22157984015334e-05,0.00701422778541846,0.00349511064224488,0.0510421198158874,0.057135629587006,0.0649380042278387,0.000608141373565415,0.000701422778541846,1.49781245797644e-05,0.751708343385254,0.0561027392464345,0.0531018210202946,0.0594793354442372,0.0613887356391421,0.176470588235294,0.141062106210621,TRUE,FALSE
"spatial",0.5,1,"queen",0,0.8,"both",1,"Design 9","Design 9: Simple Random Sampling","oracle",100,100,TRUE,0.0425507102485136,3.26945776911337e-05,3.65194725786041e-05,-3.82489488747041e-06,0.0057179172511618,NA,0.0495621285875022,0.0523052081691787,0.0566216360097673,0.000604313433398631,0.00057179172511618,-7.29732684107075e-06,1.11698866165528,0.0513950544850957,0.05511923160384,0.055549137589111,0.0601124978233957,0.0526315789473684,-0.0982298229822982,TRUE,FALSE
"poisson",0.2,1,"queen",0,0.8,"both",1,"Design 9","Design 9: Simple Random Sampling","oracle",100,100,TRUE,0.042504406310235,3.75014513053585e-05,3.55025009811167e-05,1.99895032424186e-06,0.00612384285439776,0.00141384239724301,0.0501804994834294,0.0549188937923801,0.0591302113324037,0.00059583975178832,0.000612384285439776,-4.2114317362627e-06,0.946696720935805,0.0533151527403564,0.0537553217425649,0.0608136522971503,0.0597956654381451,0,-0.0716591659165917,TRUE,FALSE
"poisson",0.5,1,"queen",0,0.8,"both",1,"Design 9","Design 9: Simple Random Sampling","oracle",100,100,TRUE,0.042387184828867,3.45369081227959e-05,3.72644810894359e-05,-2.72757296664002e-06,0.0058768110504589,NA,0.0496445477789645,0.0533822458197103,0.0603523977107678,0.000610446402966189,0.00058768110504589,-4.69867143478876e-06,1.07897559784281,0.0523953544973422,0.0558979856706114,0.057046751594424,0.0610441697083623,0.0526315789473684,-0.0254185418541854,TRUE,FALSE
"iid",0,2,"queen",0,0.8,"both",1,"Design 9","Design 9: Simple Random Sampling","oracle",100,100,TRUE,0.0423118452333391,4.51844616409525e-05,3.61578084153974e-05,9.02665322555505e-06,0.00672193883049768,0.003004438920257,0.0517671157872162,0.0547796288796389,0.0593382875235243,0.000601313632103891,0.000672193883049767,7.75035551525063e-06,0.800226606719735,0.054273266224097,0.0541580125012436,0.0597326714488848,0.0607949838181266,0.0526315789473684,0.11038703870387,TRUE,FALSE
"spatial",0.2,2,"queen",0,0.8,"both",1,"Design 9","Design 9: Simple Random Sampling","oracle",100,100,TRUE,0.0420649747955178,3.59321741490349e-05,3.56380187019234e-05,2.94155447111455e-07,0.00599434518100475,0.000542360993353556,0.0490023902606205,0.0534562083961272,0.0646366568254727,0.00059697586803759,0.000599434518100475,-3.49792577798214e-06,0.991813591743951,0.0548543501042922,0.0526681914528086,0.059399193033429,0.0570429759643821,0.0526315789473684,-0.106894689468947,TRUE,FALSE
"spatial",0.5,2,"queen",0,0.8,"both",1,"Design 9","Design 9: Simple Random Sampling","oracle",100,100,TRUE,0.0424112473937884,3.46461105789231e-05,3.71798303966928e-05,-2.53371981776971e-06,0.00588609467974506,NA,0.0503075766312778,0.0539064744596066,0.0571393474046497,0.000609752658023668,0.000588609467974506,-2.79445812747529e-06,1.07313143598032,0.0526278761200879,0.0534644868380335,0.0582932934395409,0.0595326795406723,0.0526315789473684,-0.0466966696669667,TRUE,FALSE
"poisson",0.2,2,"queen",0,0.8,"both",1,"Design 9","Design 9: Simple Random Sampling","oracle",100,100,TRUE,0.0421724585025069,4.67861586612302e-05,3.61811007227997e-05,1.06050579384306e-05,0.00684004083768732,0.00325654079330055,0.0507990265574041,0.0556133972798338,0.0680121127441533,0.000601507279447221,0.000684004083768732,1.27471853885273e-05,0.773329158839054,0.0553970789900252,0.0532715921281928,0.0626207496932163,0.0569126087287867,0.0526315789473684,0.136213621362136,TRUE,FALSE
"poisson",0.5,2,"queen",0,0.8,"both",1,"Design 9","Design 9: Simple Random Sampling","oracle",100,100,TRUE,0.0409344870715783,2.62669848313851e-05,3.31806463195313e-05,-6.9136614881462e-06,0.00512513266475953,NA,0.0474748256866269,0.0504790549088996,0.0563140298856752,0.000576026443138953,0.000512513266475953,-6.03524391986262e-07,1.26320727455119,0.0499106887874191,0.0503110117486622,0.053718533689076,0.0559865403728048,0.0526315789473684,0.0414881488148815,TRUE,FALSE
"iid",0,1,"queen",0.5,0.8,"both",1,"Design 9","Design 9: Simple Random Sampling","oracle",100,100,TRUE,0.0424665497531099,4.01942929664994e-05,3.65384017511211e-05,3.65589121537825e-06,0.00633989692081026,0.0019120384973578,0.0494852591355602,0.0550556906039345,0.0636594362996352,0.000604470030283729,0.000633989692081026,9.481151142926e-06,0.909044519866904,0.052882393906852,0.0517355007908861,0.062087111017232,0.0543571347562431,0.111111111111111,0.0902130213021302,TRUE,FALSE
"spatial",0.2,1,"queen",0.5,0.8,"both",1,"Design 9","Design 9: Simple Random Sampling","oracle",100,100,TRUE,0.0436423943027057,4.34628059281888e-05,3.643598197258e-05,7.0268239556088e-06,0.0065926327008403,0.0026508157151354,0.05235237821546,0.0566091990025851,0.0660430516627005,0.000603622249197129,0.00065926327008403,1.20943229872239e-05,0.838325579641158,0.0566181781261771,0.0567568778324929,0.06071633498214,0.0594620753577066,0.111111111111111,0.10983498349835,TRUE,FALSE
"spatial",0.5,1,"queen",0.5,0.8,"both",1,"Design 9","Design 9: Simple Random Sampling","oracle",100,100,TRUE,0.0436906775716704,3.67608125522778e-05,3.77092957908256e-05,-9.48483238547862e-07,0.00606306956518543,NA,0.0534654168999658,0.0551525797075939,0.0596564686571585,0.00061407895087542,0.000606306956518542,-2.60455031266944e-06,1.02580147642817,0.0552805289938472,0.0550785012685574,0.0613341941308319,0.0597987661633358,0,-0.041044104410441,TRUE,FALSE
"poisson",0.2,1,"queen",0.5,0.8,"both",1,"Design 9","Design 9: Simple Random Sampling","oracle",100,100,TRUE,0.0443818770617984,3.95812353749149e-05,3.93554173340497e-05,2.25818040865263e-07,0.00629136196502116,0.000475203157465587,0.0532635991372771,0.0566368493290499,0.0645187060305562,0.000627338962077517,0.000629136196502116,-1.2674263919637e-05,0.994294820797625,0.0582739382935949,0.055723218064203,0.0644817973503114,0.0601412982206127,0,-0.15968796879688,TRUE,FALSE
"poisson",0.5,1,"queen",0.5,0.8,"both",1,"Design 9","Design 9: Simple Random Sampling","oracle",100,100,TRUE,0.0438469124036396,3.80520105300228e-05,3.92233531704203e-05,-1.17134264039748e-06,0.00616863117150173,NA,0.0516281996947599,0.0552789065602746,0.0612678414643295,0.000626285503348276,0.000616863117150173,-7.74721892380385e-07,1.03078267413684,0.0540124901794271,0.0557449062367461,0.0585764606794277,0.0603543535405136,0,-0.0262946294629463,TRUE,FALSE
"iid",0,2,"queen",0.5,0.8,"both",1,"Design 9","Design 9: Simple Random Sampling","oracle",100,100,TRUE,0.0438370459513182,3.36956524053796e-05,3.85394749474327e-05,-4.84382254205305e-06,0.00580479563855435,NA,0.0521011517522925,0.0550272190152324,0.0599088925539289,0.000620801698994395,0.000580479563855435,4.80208153754277e-06,1.14375215187345,0.0546050755317954,0.0520848477833321,0.0595589603057701,0.0569409354070527,0.111111111111111,0.0607860786078608,TRUE,FALSE
"spatial",0.2,2,"queen",0.5,0.8,"both",1,"Design 9","Design 9: Simple Random Sampling","oracle",100,100,TRUE,0.0434645410176388,7.1429239647934e-05,3.87017859841267e-05,3.27274536638073e-05,0.00845158207958332,0.00572079134943823,0.0535147446553528,0.05935659965267,0.072158616679489,0.000622107595067981,0.000845158207958332,2.59723191743308e-05,0.541819935013771,0.0571315482565685,0.0595244555766889,0.0652611089845635,0.065650536477554,0.111111111111111,0.152319231923192,TRUE,FALSE
"spatial",0.5,2,"queen",0.5,0.8,"both",1,"Design 9","Design 9: Simple Random Sampling","oracle",100,100,TRUE,0.0443437177961934,4.71578300376643e-05,3.98520009127985e-05,7.30582912486582e-06,0.00686715589146368,0.00270292972991638,0.0532199929167376,0.0570717010334083,0.0609287150763042,0.000631284412232699,0.000686715589146368,7.08940980336307e-06,0.845077071633051,0.059026561124041,0.0567784812334942,0.0612459301824898,0.0619786724565862,0.111111111111111,0.0823042304230423,TRUE,FALSE
"poisson",0.2,2,"queen",0.5,0.8,"both",1,"Design 9","Design 9: Simple Random Sampling","oracle",100,100,TRUE,0.0430926366340971,3.68927683757015e-05,3.60903732633797e-05,8.02395112321784e-07,0.00607394174944915,0.000895765098852251,0.0523806899065491,0.055159427774193,0.0604385683664335,0.00060075263847427,0.000607394174944915,2.94332155218654e-06,0.978250612582105,0.0530787452681019,0.0554949306933068,0.0584956671194271,0.06003346062906,0.111111111111111,0.0156615661566157,TRUE,FALSE
"poisson",0.5,2,"queen",0.5,0.8,"both",1,"Design 9","Design 9: Simple Random Sampling","oracle",100,100,TRUE,0.0438890536977787,3.72867981327801e-05,3.68490663106479e-05,4.37731822132187e-07,0.00610629168422048,0.000661613045618197,0.0515941153516964,0.0550353192178308,0.0619679170794979,0.000607034317898485,0.000610629168422047,1.38196287763309e-06,0.988260407327725,0.0552552801530257,0.0554741981777638,0.0589663379538508,0.061602695005694,0.0526315789473684,0.00478847884788479,TRUE,FALSE
