"region_id","n_clusters","n_counties","population","mean_incidence_rank01","population_share","score"
1,15,32,3351341,0.493103448275862,0.303220313603399,0.414713810728202
2,13,23,2523428,0.533819628647215,0.228312973676984,0.414713810728202
3,15,20,1863093,0.553448275862069,0.168567640157268,0.414713810728202
4,15,25,3314633,0.457471264367816,0.299899072562349,0.414713810728202
