"Neighbor_Type","True_Tau","Estimator","Spillover_Type","Incidence_Mode","Rho_Incidence","Rho","Gamma","Design","Design_Name","N_Fixed_Units","Mean_Allocation_MSE","MCSE_Mean_MSE","Average_Corrected_Within_Variance","RMS_Corrected_Within_SD","N_Negative_Variance","Average_Conditional_Q90","Average_Conditional_Worst10","Observed_Max_Sample_Dependent","Average_Conditional_Coverage","Mean_Allocation_MSE_Ratio_To_SRS","Average_Conditional_Q90_Ratio_To_SRS","Average_Conditional_Worst10_Ratio_To_SRS","Mean_Difference_To_SRS","MCSE_Difference_To_SRS","Share_Fixed_Units_Below_SRS_Mean_MSE","Share_Fixed_Units_Below_SRS_Q90_Estimated","Share_Fixed_Units_Below_SRS_Worst10_Mean_Estimated"
"queen",1,"oracle","both","iid",0,0.5,0.5,"Design 1","Checkerboard",2,0.0564120203675589,0.00621443076600288,0,0,0,0.0564120203675589,0.0564120203675589,0.0612351310846819,0.96,1.30192188082939,1.09222945401945,1.01292753536591,0.0130822160235212,0.00623100598284562,0,0,0.5
"queen",1,"oracle","both","iid",0,0.5,0.5,"Design 2","High Incidence Focus",2,0.158219206591933,0.0162832894545673,0,0,0,0.158219206591933,0.158219206591933,0.159863388396023,0.94,3.65150983225486,3.06338394734532,2.84096527542349,0.114889402247895,0.0162896225025026,0,0,0
"queen",1,"oracle","both","iid",0,0.5,0.5,"Design 3","Saturation Quadrants",2,0.0456686682448143,0.000484186727624721,4.24164757447504e-06,0.0020595260557893,1,0.0551937687713826,0.0577958861625876,0.065681850223589,0.94185,1.05397817821207,1.06864210034765,1.03777606516333,0.00233886390077652,0.000663869414887202,0,0,0
"queen",1,"oracle","both","iid",0,0.5,0.5,"Design 4","Isolation Buffer",2,0.164992206173994,0.00178131240588073,7.32336806233932e-05,0.00855766794304343,1,0.194649936539761,0.211427426267322,0.231769313870037,0.93775,3.80782255243895,3.76874277018458,3.79636574620674,0.121662401829957,0.0018383034842374,0,0,0
"queen",1,"oracle","both","iid",0,0.5,0.5,"Design 5","2x2 Blocking",2,0.062868867779084,0.000910540093332989,8.36741648254435e-05,0.00914735835230279,0,0.079922950955009,0.0877028597832761,0.101386021105007,0.9373,1.45093818748653,1.54743972147137,1.5747821302267,0.0195390634350463,0.00101753087146366,0,0,0
"queen",1,"oracle","both","iid",0,0.5,0.5,"Design 6","Balanced Quartiles",2,0.0426362770990577,0.00041877312989051,-1.42577001763166e-06,NA,2,0.0502865924696841,0.0535630264842128,0.0669878115252489,0.94095,0.983994221633832,0.973631099893156,0.961771339687628,-0.000693527244980091,0.000617783738158455,1,0.5,1
"queen",1,"oracle","both","iid",0,0.5,0.5,"Design 7","Balanced Halves",2,0.0426104736645944,0.000455588848496668,4.50965542901864e-06,0.00212359493054081,0,0.0515236581770947,0.055059572483614,0.0589049142113237,0.94125,0.983398709264139,0.997582725688291,0.988643141847136,-0.000719330679443339,0.000643309421421185,1,0.5,0.5
"queen",1,"oracle","both","iid",0,0.5,0.5,"Design 8","Incidence-Guided Saturation Quadrants",2,0.0460802526630543,0.000483666189439954,4.85711367884375e-06,0.00220388604034867,1,0.0539688543683758,0.0589954425500788,0.0762007158519597,0.94085,1.06347705374292,1.04492574378217,1.05931515713694,0.00275044831901654,0.00066348986097913,0,0,0
"queen",1,"oracle","both","iid",0,0.5,0.5,"Design 9","Simple Random Sampling",2,0.0433298043440378,0.000454186980014553,4.13403234913001e-06,0.00203323199589472,0,0.0516485067857861,0.0556920593013402,0.0617282418764814,0.9403,1,1,1,0,0,0,0,0
"queen",1,"oracle","both","iid",0,0.5,0.8,"Design 1","Checkerboard",2,0.0559645362012823,0.00534956350092397,0,0,0,0.0559645362012823,0.0559645362012823,0.0589672678649812,0.945,1.29692246874509,1.10181146695034,1.01677065758695,0.0128127383490683,0.00536680114349765,0,0,0.5
"queen",1,"oracle","both","iid",0,0.5,0.8,"Design 2","High Incidence Focus",2,0.179127467856755,0.0187782989543167,0,0,0,0.179127467856755,0.179127467856755,0.188164528223639,0.935,4.15110092214998,3.52660294405922,3.2544101255399,0.135975670004541,0.0187832168831945,0,0,0
"queen",1,"oracle","both","iid",0,0.5,0.8,"Design 3","Saturation Quadrants",2,0.046463115450294,0.000529507245789539,1.31392075010559e-05,0.0036248044776313,0,0.0559579686759739,0.0601808488167367,0.0684914644032473,0.9435,1.07673649217167,1.10168216766215,1.09337314983648,0.00331131759807995,0.000681984447603698,0,0,0
"queen",1,"oracle","both","iid",0,0.5,0.8,"Design 4","Isolation Buffer",2,0.165645889156924,0.0019625026175101,0.00021468555512231,0.0146521518939134,0,0.2037875404974,0.216581597446024,0.247115655848474,0.9348,3.8386787434495,4.01210238094488,3.93488141247883,0.12249409130471,0.00200901502910349,0,0,0
"queen",1,"oracle","both","iid",0,0.5,0.8,"Design 5","2x2 Blocking",2,0.061004102631831,0.000827368569580612,5.95115334893144e-05,0.00771437187911721,0,0.0772039424685107,0.0838778127524452,0.0991705805356458,0.93955,1.41370940883523,1.51996594414071,1.52390253932461,0.017852304779617,0.000932343077069576,0,0,0
"queen",1,"oracle","both","iid",0,0.5,0.8,"Design 6","Balanced Quartiles",2,0.0434104268400338,0.000494672548984539,1.1180408289313e-05,0.00334371175332339,0,0.0527149621053456,0.0572329836459254,0.0713705952565669,0.9387,1.00599346958163,1.03783491600153,1.039815968599,0.000258628987819767,0.0006553058783107,0.5,0,0
"queen",1,"oracle","both","iid",0,0.5,0.8,"Design 7","Balanced Halves",2,0.0434709241994778,0.000450815231305552,2.21252645153151e-06,0.00148745636962282,1,0.0524195304026184,0.0552943703572073,0.0624700894705226,0.93835,1.00739543572105,1.03201855335725,1.00459500114048,0.000319126347263728,0.000622863738073406,0,0,0.5
"queen",1,"oracle","both","iid",0,0.5,0.8,"Design 8","Incidence-Guided Saturation Quadrants",2,0.0475989904196452,0.000463278070115264,-2.21893800047074e-06,NA,2,0.056021824677368,0.0593969451293681,0.0663838324564227,0.93725,1.10305926493867,1.1029393437123,1.07913109010023,0.00444719256743113,0.000631942587328486,0,0,0
"queen",1,"oracle","both","iid",0,0.5,0.8,"Design 9","Simple Random Sampling",2,0.0431517978522141,0.000429796304578922,-5.93965663337399e-07,NA,1,0.0507932054439263,0.0550414548095835,0.0636594362996352,0.9394,1,1,1,0,0,0,0,0
"queen",1,"oracle","both","iid",0,0,0.5,"Design 1","Checkerboard",2,0.058795565141202,0.00557590785369976,0,0,0,0.058795565141202,0.058795565141202,0.0622583753040828,0.95,1.41550287528332,1.18458302931143,1.10341008762879,0.0172586907428129,0.00559389572955611,0,0,0
"queen",1,"oracle","both","iid",0,0,0.5,"Design 2","High Incidence Focus",2,0.16137368152659,0.0169902155354278,0,0,0,0.16137368152659,0.16137368152659,0.183900245655368,0.94,3.88507040705133,3.25127454859594,3.02848263549481,0.119836807128201,0.0169961273524438,0,0,0
"queen",1,"oracle","both","iid",0,0,0.5,"Design 3","Saturation Quadrants",2,0.0437191027454647,0.00047678353664924,7.57437157249698e-06,0.00275215762130314,0,0.0522515749720735,0.0554383919637286,0.0707260371698237,0.94085,1.05253713426161,1.05273805631536,1.04040637738219,0.00218222834707563,0.000654403225095328,0,0,0
"queen",1,"oracle","both","iid",0,0,0.5,"Design 4","Isolation Buffer",2,0.160422527980444,0.00193620552703265,0.00022916177170623,0.0151380900944019,0,0.190889904719219,0.211835342679086,0.266774341365558,0.9387,3.86217139117876,3.84595234443629,3.97549123759687,0.118885653582055,0.00198741361651449,0,0,0
"queen",1,"oracle","both","iid",0,0,0.5,"Design 5","2x2 Blocking",2,0.060070975209123,0.000839709991966137,6.48629112149569e-05,0.00805375137528822,0,0.0744949330999873,0.0825165619744491,0.112200112379591,0.93945,1.44620836495711,1.50088587987898,1.54857950017813,0.0185341008107339,0.00095185813586016,0,0,0
"queen",1,"oracle","both","iid",0,0,0.5,"Design 6","Balanced Quartiles",2,0.0408284532587174,0.00042663979849096,2.44131278102869e-06,0.0015624700896429,1,0.0487459452054811,0.0514018614461404,0.0569239739433207,0.9393,0.982944765345676,0.982108417522341,0.964653240535362,-0.000708421139671712,0.000618823527228737,1,0.5,1
"queen",1,"oracle","both","iid",0,0,0.5,"Design 7","Balanced Halves",2,0.0417826081244918,0.000438248110007427,2.85234280685759e-06,0.0016888880385797,0,0.0493434858202378,0.0527286023407981,0.0580239438003476,0.93805,1.00591603797016,0.994147360763471,0.989552045118993,0.00024573372610269,0.000626883119983694,0,0.5,1
"queen",1,"oracle","both","iid",0,0,0.5,"Design 8","Incidence-Guided Saturation Quadrants",2,0.0438928278180897,0.000431608426423158,-1.03278487589459e-06,NA,1,0.0523655694591307,0.0558184859165893,0.0618948987413107,0.94275,1.05671956433467,1.05503475904249,1.04753955997557,0.00235595341970067,0.000622259490851593,0,0,0
"queen",1,"oracle","both","iid",0,0,0.5,"Design 9","Simple Random Sampling",2,0.0415368743983891,0.000448242166909148,5.06836813508737e-06,0.00225130365235065,0,0.0496339755731421,0.0532853250123469,0.0610375551866009,0.94015,1,1,1,0,0,0,0,0
"queen",1,"oracle","both","iid",0,0,0.8,"Design 1","Checkerboard",2,0.0592197543739749,0.00577584159772866,0,0,0,0.0592197543739749,0.0592197543739749,0.0619961770094119,0.95,1.40786546560034,1.15711096145054,1.10678431389385,0.0171562505655891,0.00579331211071507,0,0,0
"queen",1,"oracle","both","iid",0,0,0.8,"Design 2","High Incidence Focus",2,0.196965951766893,0.0189046035398793,0,0,0,0.196965951766893,0.196965951766893,0.20240417879004,0.905,4.68258547039122,3.84857154899262,3.68118422798749,0.154902447958507,0.0189099485469983,0,0,0
"queen",1,"oracle","both","iid",0,0,0.8,"Design 3","Saturation Quadrants",2,0.0439562821213028,0.000441948574345285,2.16162614497147e-07,0.000464932913974852,0,0.0511160352046644,0.0552343013328968,0.0652958374331226,0.9432,1.04499811336543,0.998770178405233,1.0322984103933,0.00189277831291697,0.000630426516313311,0,0.5,0
"queen",1,"oracle","both","iid",0,0,0.8,"Design 4","Isolation Buffer",2,0.161279001047485,0.00203599459952559,0.000301260361215562,0.0173568534364833,0,0.199946067781377,0.216068133372364,0.246280957648144,0.9347,3.83417895432981,3.90680085006296,4.03819339132468,0.119215497239099,0.00208504030162548,0,0,0
"queen",1,"oracle","both","iid",0,0,0.8,"Design 5","2x2 Blocking",2,0.0603059383579006,0.000907584163007795,9.16076167535966e-05,0.00957118679963967,0,0.0745949832434643,0.0857598394144114,0.108094364216576,0.93965,1.43368794555526,1.45753175933746,1.60280376082814,0.0182424345495147,0.00101283170519473,0,0,0
"queen",1,"oracle","both","iid",0,0,0.8,"Design 6","Balanced Quartiles",2,0.0412047286904268,0.000442490232677984,4.2570489632007e-06,0.00206326172920468,1,0.0492071559981754,0.0528650643079643,0.0627864858862197,0.939749999999999,0.979583842518897,0.961472066022583,0.988018686459763,-0.000858775117958982,0.00063080635389993,1,1,0.5
"queen",1,"oracle","both","iid",0,0,0.8,"Design 7","Balanced Halves",2,0.0415372111236849,0.000409575193148566,-1.4732468641677e-06,NA,2,0.0486996456905048,0.0531581720189611,0.0686690059205462,0.94,0.987488139668574,0.951555683452905,0.993496706762986,-0.000526292684700946,0.000608170115138678,1,1,0.5
"queen",1,"oracle","both","iid",0,0,0.8,"Design 8","Incidence-Guided Saturation Quadrants",2,0.0444729301437255,0.000470830845335571,4.55636756733075e-06,0.00213456495973553,0,0.0534569159808315,0.0569208645171485,0.0612398538115229,0.9414,1.05728068556332,1.04450928749452,1.0638193394558,0.00240942633533972,0.000650999796485772,0,0,0
"queen",1,"oracle","both","iid",0,0,0.8,"Design 9","Simple Random Sampling",2,0.0420635038083858,0.000449576523080451,4.67802986157807e-06,0.00216287536894248,0,0.0511789762148114,0.0535061381251692,0.0593382875235243,0.9416,1,1,1,0,0,0,0,0
"queen",1,"oracle","both","poisson",0.2,0.5,0.5,"Design 1","Checkerboard",2,0.0549471586356304,0.0060884471246621,0,0,0,0.0549471586356304,0.0549471586356304,0.0645660690803991,0.95,1.28236826054881,1.07870482634464,1.03131615183007,0.0120989688246047,0.00610318484062222,0,0.5,0.5
"queen",1,"oracle","both","poisson",0.2,0.5,0.5,"Design 2","High Incidence Focus",2,0.167136062595664,0.016933924260087,0,0,0,0.167136062595664,0.167136062595664,0.175364469838921,0.93,3.90065632487132,3.28116106191655,3.13701609306541,0.124287872784638,0.016939228661759,0,0,0
"queen",1,"oracle","both","poisson",0.2,0.5,0.5,"Design 3","Saturation Quadrants",2,0.0462097589098785,0.000505143427782997,8.33117847465105e-06,0.00288637808934503,0,0.0553609914118399,0.0595719193845494,0.0705564168687577,0.9383,1.07845300148451,1.08682905740737,1.11811937472897,0.00336156909885278,0.000659429064894009,0,0,0
"queen",1,"oracle","both","poisson",0.2,0.5,0.5,"Design 4","Isolation Buffer",2,0.162565646630725,0.00214101833025463,0.000367519819965206,0.0191708064505697,0,0.20375639369402,0.222964024217784,0.27403520376224,0.9387,3.7939910028333,4.00007954430954,4.18486424343922,0.119717456819699,0.00218257561140066,0,0,0
"queen",1,"oracle","both","poisson",0.2,0.5,0.5,"Design 5","2x2 Blocking",2,0.0623886332828787,0.000904847229565575,8.32467773996139e-05,0.00912396719632496,0,0.0795106476271984,0.0859793497366053,0.102356188324561,0.94055,1.45603894955732,1.56092728852462,1.61376664979558,0.019540443471853,0.0009992123487263,0,0,0
"queen",1,"oracle","both","poisson",0.2,0.5,0.5,"Design 6","Balanced Quartiles",2,0.0432466758462355,0.00042334833742542,-1.59652018110784e-06,NA,1,0.0508200700409328,0.0539382739137141,0.0605063591566507,0.93965,1.00929995028885,0.997683159412336,1.01238015705104,0.000398486035209748,0.000599083152655371,0.5,0.5,0.5
"queen",1,"oracle","both","poisson",0.2,0.5,0.5,"Design 7","Balanced Halves",2,0.0432692927989767,0.000441607025315405,2.32378826552878e-06,0.00152439767302656,1,0.0517141349057469,0.0544477967558692,0.0611542003557404,0.937,1.00982778945408,1.01523515133854,1.0219435111878,0.000421102987951005,0.000612122188621318,0,0.5,0
"queen",1,"oracle","both","poisson",0.2,0.5,0.5,"Design 8","Incidence-Guided Saturation Quadrants",2,0.0465138591934779,0.000438156152267278,-4.66599087464966e-06,NA,2,0.0539689676461606,0.0575111204090758,0.0666989172986414,0.9401,1.08555015739566,1.05950129757939,1.07943975376487,0.00366566938245222,0.000609637287872303,0,0,0
"queen",1,"oracle","both","poisson",0.2,0.5,0.5,"Design 9","Simple Random Sampling",2,0.0428481898110257,0.000423883013335792,-8.7833516671227e-07,NA,1,0.0509380854647955,0.0532786755430201,0.0580399517349314,0.94095,1,1,1,0,0,0,0,0
"queen",1,"oracle","both","poisson",0.2,0.5,0.8,"Design 1","Checkerboard",2,0.0715505663635103,0.0064968589416368,0,0,0,0.0715505663635103,0.0715505663635103,0.0736092952711905,0.92,1.63591801406877,1.35455625687117,1.28001697762143,0.0278133095155626,0.00651155596742457,0,0,0
"queen",1,"oracle","both","poisson",0.2,0.5,0.8,"Design 2","High Incidence Focus",2,0.175404061684361,0.0194924098831038,0,0,0,0.175404061684361,0.175404061684361,0.203112615350836,0.95,4.01040381417041,3.32065392785397,3.13792312640924,0.131666804836413,0.0194973133549292,0,0,0
"queen",1,"oracle","both","poisson",0.2,0.5,0.8,"Design 3","Saturation Quadrants",2,0.0462282251506337,0.000461724383993532,6.27718252853487e-08,0.000250543060740761,1,0.0550895404410667,0.0569131230360181,0.0626974551072067,0.93995,1.05695300716608,1.04292510157767,1.01815775105748,0.00249096830268591,0.000635904408029028,0,0,0
"queen",1,"oracle","both","poisson",0.2,0.5,0.8,"Design 4","Isolation Buffer",2,0.162755241491618,0.00202962994497415,0.000292615468382598,0.0171060067924281,0,0.200230910142684,0.216755135605445,0.251933858551967,0.93865,3.7212036881379,3.79066226778465,3.87768074611775,0.11901798464367,0.00207619428833438,0,0,0
"queen",1,"oracle","both","poisson",0.2,0.5,0.8,"Design 5","2x2 Blocking",2,0.0619825843357191,0.000841720020159112,6.18015717629851e-05,0.00786139757059679,0,0.076340728083434,0.0871269841243774,0.106322144592615,0.9378,1.41715756320066,1.4452409831972,1.55867415949668,0.0182453274877714,0.000948513364014022,0,0,0
"queen",1,"oracle","both","poisson",0.2,0.5,0.8,"Design 6","Balanced Quartiles",2,0.0432088854043015,0.000441074872483756,1.70815752199388e-06,0.00130696500411981,1,0.0510208835512538,0.0557835335277597,0.0665203682577989,0.94,0.98791941969559,0.965899510764617,0.997949752409807,-0.000528371443646217,0.000621073306875366,1,1,0.5
"queen",1,"oracle","both","poisson",0.2,0.5,0.8,"Design 7","Balanced Halves",2,0.0436909290930485,0.00045430557049632,2.74098894823027e-06,0.00165559323151258,0,0.0524957230558583,0.0554100396133174,0.062978731970694,0.9387,0.998940771364323,0.993820367025814,0.991268064537547,-4.63277548992877e-05,0.000630538310303607,0.5,0.5,0.5
"queen",1,"oracle","both","poisson",0.2,0.5,0.8,"Design 8","Incidence-Guided Saturation Quadrants",2,0.0465998214117861,0.000487993632559831,5.27071153309198e-06,0.0022958030257607,0,0.0553943309886161,0.0592798585468098,0.0681375209813987,0.94235,1.06544911066988,1.04869522981287,1.06049789998043,0.00286256456383832,0.000655227284837468,0,0,0
"queen",1,"oracle","both","poisson",0.2,0.5,0.8,"Design 9","Simple Random Sampling",2,0.0437372568479477,0.000437247080466572,5.14106576593524e-07,0.000717012256933955,0,0.0528221445219131,0.0558981385516214,0.0645187060305562,0.94115,1,1,1,0,0,0,0,0
"queen",1,"oracle","both","poisson",0.2,0,0.5,"Design 1","Checkerboard",2,0.0419855417556025,0.00407215701461289,0,0,0,0.0419855417556025,0.0419855417556025,0.0461372631485093,0.97,1.00457234893243,0.834696147509342,0.778880644433938,0.000191098776735878,0.00409637223309611,0.5,1,1
"queen",1,"oracle","both","poisson",0.2,0,0.5,"Design 2","High Incidence Focus",2,0.177264958341,0.018064594197708,0,0,0,0.177264958341,0.177264958341,0.203580329008631,0.94,4.24135233553979,3.52412691675923,3.28847120258416,0.135470515362134,0.0180700682413843,0,0,0
"queen",1,"oracle","both","poisson",0.2,0,0.5,"Design 3","Saturation Quadrants",2,0.0440576247321088,0.000514847023520308,1.33728036331745e-05,0.00365688441616282,0,0.0535719717524985,0.058282580289148,0.065774210249446,0.9391,1.05415030305312,1.06504088232523,1.0812096687743,0.00226318175324217,0.000680345631313675,0,0,0
"queen",1,"oracle","both","poisson",0.2,0,0.5,"Design 4","Isolation Buffer",2,0.159082560224981,0.00203969196492856,0.000302500571706682,0.0173925435663299,0,0.200000365790729,0.213895658030928,0.230360921112057,0.9416,3.8063088986596,3.97611958415911,3.96801329701836,0.117288117246115,0.00208761730980896,0,0,0
"queen",1,"oracle","both","poisson",0.2,0,0.5,"Design 5","2x2 Blocking",2,0.0622846482360299,0.000821547230215032,5.65000126324978e-05,0.00751664902948766,0,0.0761204407128802,0.0850407159083501,0.105920064247213,0.9375,1.49026147489331,1.51331710757968,1.57760421421693,0.0204902052571633,0.00093420692134766,0,0,0
"queen",1,"oracle","both","poisson",0.2,0,0.5,"Design 6","Balanced Quartiles",2,0.0415502055020629,0.000441687451126119,3.16016645001087e-06,0.00177768570056995,1,0.0488926815934284,0.0534815619800629,0.0596718606881968,0.94,0.994156221272595,0.972013966259943,0.992145193763196,-0.00024423747680366,0.000626809799621998,1,1,0.5
"queen",1,"oracle","both","poisson",0.2,0,0.5,"Design 7","Balanced Halves",2,0.0416144160594598,0.000461458279188948,8.38623278401142e-06,0.0028958993048812,0,0.0496949397178413,0.0535982587685118,0.0657903803178186,0.94245,0.995692563255412,0.98796330828948,0.994310054950877,-0.000180026919406745,0.000640895049014975,0.5,0.5,0.5
"queen",1,"oracle","both","poisson",0.2,0,0.5,"Design 8","Incidence-Guided Saturation Quadrants",2,0.0443710658275435,0.000494317344225067,9.8039450783976e-06,0.00313112520963273,0,0.05337574373076,0.0570770112966378,0.0613950067856628,0.94105,1.06164989087137,1.06113975905923,1.05884496143619,0.00257662284867687,0.00066494537912644,0,0,0
"queen",1,"oracle","both","poisson",0.2,0,0.5,"Design 9","Simple Random Sampling",2,0.0417944429788666,0.000444750177537774,4.12230180189975e-06,0.00203034524204623,0,0.0503003900052534,0.0539049751147893,0.059459982189203,0.94055,1,1,1,0,0,0,0,0
"queen",1,"oracle","both","poisson",0.2,0,0.8,"Design 1","Checkerboard",2,0.0591415711229876,0.00571388221062185,0,0,0,0.0591415711229876,0.0591415711229876,0.0628285853184706,0.95,1.39687673259457,1.17135766906001,1.0701229577219,0.0168031387166167,0.00573229177046819,0,0,0
"queen",1,"oracle","both","poisson",0.2,0,0.8,"Design 2","High Incidence Focus",2,0.163324303499685,0.0170429436816038,0,0,0,0.163324303499685,0.163324303499685,0.18057895355524,0.94,3.85758976459197,3.23480035811698,2.95523239254999,0.120985871093314,0.01704912456284,0,0,0
"queen",1,"oracle","both","poisson",0.2,0,0.8,"Design 3","Saturation Quadrants",2,0.0445486336937018,0.000447968942153378,2.05487807269542e-06,0.00143348459102127,0,0.0525278092544722,0.0557043461680372,0.0649719288733731,0.9406,1.05220319132548,1.04036553376635,1.00792891611455,0.00221020128733083,0.000641400965115027,0,0,0.5
"queen",1,"oracle","both","poisson",0.2,0,0.8,"Design 4","Isolation Buffer",2,0.162382843497682,0.00182713181356868,0.000132998149697668,0.0115324823736118,0,0.196600046300609,0.215391595496278,0.260398790644169,0.9384,3.83535323034887,3.8938595576515,3.89735150528196,0.120044411091311,0.0018839133974446,0,0,0
"queen",1,"oracle","both","poisson",0.2,0,0.8,"Design 5","2x2 Blocking",2,0.0599062368025612,0.000767069231697225,4.53637473636651e-05,0.00673526149185502,0,0.073250854981665,0.0804684904146411,0.0971542425958438,0.93995,1.41493752597101,1.45080607631381,1.45601777786491,0.0175678043961903,0.000893931894012649,0,0,0
"queen",1,"oracle","both","poisson",0.2,0,0.8,"Design 6","Balanced Quartiles",2,0.0420510883074663,0.000455994932587476,6.25719940042579e-06,0.00250143946567287,1,0.0517750352264438,0.0547222526927076,0.0703866628399796,0.94045,0.993213161598741,1.02545609504064,0.99015866154364,-0.000287344098904657,0.000647031995701858,0.5,0.5,0.5
"queen",1,"oracle","both","poisson",0.2,0,0.8,"Design 7","Balanced Halves",2,0.0418695238233542,0.000469646242998536,8.52763467848092e-06,0.002920211409895,0,0.0497185250739253,0.0544300497768218,0.068816730725323,0.94015,0.988924753318308,0.984724864995315,0.984871466045358,-0.000468908583016701,0.000656724157069855,0.5,0.5,1
"queen",1,"oracle","both","poisson",0.2,0,0.8,"Design 8","Incidence-Guided Saturation Quadrants",2,0.0442760312010417,0.000486774144766894,8.10417465263103e-06,0.00284678321138632,0,0.0533426860711205,0.0556371193091056,0.0618070663257277,0.94135,1.04576453790432,1.05650498002041,1.006712495858,0.00193759879467072,0.000669080034771635,0,0,0
"queen",1,"oracle","both","poisson",0.2,0,0.8,"Design 9","Simple Random Sampling",2,0.0423384324063709,0.00045904141960881,6.30200413133621e-06,0.00251037928037502,0,0.0504897630204167,0.0552661455361069,0.0680121127441533,0.9406,1,1,1,0,0,0,0,0
"queen",1,"oracle","both","poisson",0.5,0.5,0.5,"Design 1","Checkerboard",2,0.0686706737718211,0.00659272425164405,0,0,0,0.0686706737718211,0.0686706737718211,0.0710117894982868,0.93,1.59523091890223,1.35040503304743,1.24477486253323,0.0256231920824132,0.00660892459521997,0,0,0
"queen",1,"oracle","both","poisson",0.5,0.5,0.5,"Design 2","High Incidence Focus",2,0.169984484344751,0.0124809588872757,3.65364284199685e-05,0.006044537072429,0,0.183810162936416,0.183810162936416,0.202746357360775,0.9376,3.9487672141011,3.61461677191901,3.33187746288397,0.126937002655344,0.0124895238497292,0,0,0
"queen",1,"oracle","both","poisson",0.5,0.5,0.5,"Design 3","Saturation Quadrants",2,0.0461590146881029,0.000463767935201456,-3.06553270802057e-07,NA,1,0.0540389277361429,0.057828677846918,0.0680774549790346,0.9416,1.07228141755527,1.06267254982605,1.04824491392881,0.00311153299869499,0.000654944230304253,0,0,0.5
"queen",1,"oracle","both","poisson",0.5,0.5,0.5,"Design 4","Isolation Buffer",2,0.165489076935804,0.00207545943103876,0.000294831722052954,0.0171706645780807,0,0.200447646738807,0.221611379269578,0.262223587197484,0.93725,3.84433816895085,3.9417919783055,4.0170899601583,0.122441595246396,0.0021263591175941,0,0,0
"queen",1,"oracle","both","poisson",0.5,0.5,0.5,"Design 5","2x2 Blocking",2,0.0623700494949653,0.000909523576632075,8.50189802931441e-05,0.00922057375075673,0,0.0775441669315357,0.0886684362963893,0.125600762824479,0.939,1.44886639234722,1.52490178931062,1.60726893358611,0.0193225678055574,0.00102034522762515,0,0,0
"queen",1,"oracle","both","poisson",0.5,0.5,0.5,"Design 6","Balanced Quartiles",2,0.043074882486006,0.000448027864939472,2.68343676418782e-06,0.00163811988700089,1,0.0505504275747207,0.054530519133564,0.0627831534436033,0.9371,1.00063652496087,0.994071385500431,0.988460076624464,2.74007965980413e-05,0.000643894568116575,0.5,1,0.5
"queen",1,"oracle","both","poisson",0.5,0.5,0.5,"Design 7","Balanced Halves",2,0.0430537915084449,0.000446267029384768,3.07021293202456e-06,0.00175220230910262,1,0.0515159850526467,0.0555664708117847,0.0601407320612133,0.9393,1.00014657812233,1.01305902034177,1.00723849449951,6.3098190370009e-06,0.000642670606612527,0.5,0,0.5
"queen",1,"oracle","both","poisson",0.5,0.5,0.5,"Design 8","Incidence-Guided Saturation Quadrants",2,0.0466687083612614,0.000446442074185902,-4.92604795540992e-06,NA,2,0.0547656538551624,0.0583013457467372,0.062578910410686,0.93895,1.08412168446881,1.07696357909469,1.05681283801786,0.00362122667185343,0.000642792169127175,0,0,0
"queen",1,"oracle","both","poisson",0.5,0.5,0.5,"Design 9","Simple Random Sampling",2,0.0430474816894079,0.000462462157465677,5.12663168212205e-06,0.00226420663414849,1,0.0508519089393895,0.0551671437452311,0.073689617958897,0.94085,1,1,1,0,0,0,0,0
"queen",1,"oracle","both","poisson",0.5,0.5,0.8,"Design 1","Checkerboard",2,0.0635979871557707,0.00683094112554139,0,0,0,0.0635979871557707,0.0635979871557707,0.0654162218348869,0.935,1.44975863335806,1.23225267960998,1.15303328663515,0.0197300041050615,0.00684471355735722,0,0,0
"queen",1,"oracle","both","poisson",0.5,0.5,0.8,"Design 2","High Incidence Focus",2,0.164668568883755,0.0197704402168581,-2.62449407381546e-05,NA,1,0.170664989057767,0.170664989057767,0.188970660490229,0.95625,3.75373011094233,3.30674600702296,3.09416102690248,0.120800585833046,0.0197752029923846,0,0,0
"queen",1,"oracle","both","poisson",0.5,0.5,0.8,"Design 3","Saturation Quadrants",2,0.0467844474981178,0.000509700435811494,7.78368750596436e-06,0.00278992607535834,0,0.055267525163532,0.0595315802825998,0.0725749861164776,0.9401,1.06648275677588,1.07084451920417,1.07930921624463,0.00291646444740862,0.000669433757681397,0,0,0
"queen",1,"oracle","both","poisson",0.5,0.5,0.8,"Design 4","Isolation Buffer",2,0.164827607423444,0.00190510264105206,0.000173209760653128,0.0131609179259324,0,0.19956840013532,0.21540085060221,0.245391221923609,0.938,3.75735550077403,3.86676853828558,3.90522344843327,0.120959624372735,0.00195390969458686,0,0,0
"queen",1,"oracle","both","poisson",0.5,0.5,0.8,"Design 5","2x2 Blocking",2,0.0627706660095159,0.000833395611717409,5.92134588563944e-05,0.00769502819074722,0,0.077026389068098,0.0854432746444572,0.10574360142355,0.9385,1.43089929475345,1.49243676686444,1.54908896004627,0.0189026829588068,0.000939625067400206,0,0,0
"queen",1,"oracle","both","poisson",0.5,0.5,0.8,"Design 6","Balanced Quartiles",2,0.0424218475867203,0.000467479925400944,7.36856555872954e-06,0.00271451018762677,0,0.0505562267416576,0.0556603100855455,0.0636877933774455,0.9404,0.967034375336628,0.979560024766045,1.0091229792521,-0.00144613546398885,0.000637874989562907,1,0.5,0.5
"queen",1,"oracle","both","poisson",0.5,0.5,0.8,"Design 7","Balanced Halves",2,0.0436592360263024,0.000457461899160635,3.16667903997089e-06,0.00177951651860017,1,0.0518108131139029,0.0556610043668561,0.0630440674949354,0.93865,0.995241472028347,1.00386845791213,1.00913556659169,-0.000208747024406784,0.000630569909558538,0.5,0,0
"queen",1,"oracle","both","poisson",0.5,0.5,0.8,"Design 8","Incidence-Guided Saturation Quadrants",2,0.0474031375086718,0.000469184726153907,-5.9811843524625e-07,NA,1,0.0559177871382356,0.0589818354860252,0.0728579321305498,0.94175,1.08058620916937,1.08344377110839,1.06934232770061,0.00353515445796265,0.000639125440671175,0,0,0
"queen",1,"oracle","both","poisson",0.5,0.5,0.8,"Design 9","Simple Random Sampling",2,0.0438679830507092,0.000433989656163609,-3.66805409132646e-07,NA,1,0.0516111575232281,0.0551571128890527,0.0619679170794979,0.9383,1,1,1,0,0,0,0,0
"queen",1,"oracle","both","poisson",0.5,0,0.5,"Design 1","Checkerboard",2,0.0700195357383657,0.00811010298920335,0,0,0,0.0700195357383657,0.0700195357383657,0.0761740992301097,0.93,1.67482558407006,1.40650970043534,1.3296414136737,0.0282124745110059,0.00812082934965423,0,0,0
"queen",1,"oracle","both","poisson",0.5,0,0.5,"Design 2","High Incidence Focus",2,0.160693596104394,0.0125809118098758,0.000130966680178437,0.0114440674665277,0,0.175758970941807,0.175758970941807,0.200039953527428,0.942,3.843695093288,3.5305389411877,3.3375886332941,0.118886534877034,0.0125878290740934,0,0,0
"queen",1,"oracle","both","poisson",0.5,0,0.5,"Design 3","Saturation Quadrants",2,0.0426867760732716,0.000461467935181452,6.00436563642347e-06,0.00245038071254723,0,0.0513777174457107,0.0542791631006407,0.0611218328998126,0.9429,1.02104225506614,1.03204423182176,1.0307383846108,0.000879714845911692,0.000622134620416769,0,0,0.5
"queen",1,"oracle","both","poisson",0.5,0,0.5,"Design 4","Isolation Buffer",2,0.159640572482289,0.00206002144112599,0.000337666223803318,0.0183756965528743,0,0.195242565011585,0.217509484788768,0.262183822567357,0.94,3.81850739553573,3.9219134878697,4.13041325955994,0.117833511254929,0.00210185327000229,0,0,0
"queen",1,"oracle","both","poisson",0.5,0,0.5,"Design 5","2x2 Blocking",2,0.0617286865022194,0.000865557130185686,7.40486333471858e-05,0.00860515155864124,0,0.0768797730467124,0.0856228959669149,0.106750194006095,0.93935,1.47651340921859,1.54431396062827,1.62594263494816,0.0199216252748595,0.000960878752151262,0,0,0
"queen",1,"oracle","both","poisson",0.5,0,0.5,"Design 6","Balanced Quartiles",2,0.0414285387521619,0.000473513342689199,1.00302733448563e-05,0.00316706067906131,0,0.0494386215818626,0.0544019643894568,0.0734094539719953,0.93985,0.990945967879937,0.993092857554338,1.03307032922512,-0.00037852247519797,0.000631120999829021,1,0.5,0
"queen",1,"oracle","both","poisson",0.5,0,0.5,"Design 7","Balanced Halves",2,0.0408286096608305,0.00040359783452363,-1.03446860185439e-06,NA,2,0.0488760814830134,0.0516926156437014,0.0553389890965438,0.9408,0.97659602139437,0.98179289537133,0.981620940730145,-0.000978451566529398,0.000580508434695525,1,1,1
"queen",1,"oracle","both","poisson",0.5,0,0.5,"Design 8","Incidence-Guided Saturation Quadrants",2,0.0442580878268327,0.000487944781789258,8.60112438889535e-06,0.00293276736017287,0,0.0543288162524641,0.05661899191649,0.062670821267863,0.9383,1.05862709617745,1.09132410357286,1.07517074568908,0.00245102659947281,0.000642019424001993,0,0,0
"queen",1,"oracle","both","poisson",0.5,0,0.5,"Design 9","Simple Random Sampling",2,0.0418070612273599,0.000417251519734182,-1.39889707762067e-07,NA,1,0.0497824762365261,0.0526604654595609,0.0563935755230059,0.93975,1,1,1,0,0,0,0,0
"queen",1,"oracle","both","poisson",0.5,0,0.8,"Design 1","Checkerboard",2,0.06855308751976,0.00687518770387161,0,0,0,0.06855308751976,0.06855308751976,0.0810997459771563,0.935,1.64550436773926,1.41172837248683,1.32008913885817,0.0268922515695374,0.00688623378167288,0,0,0
"queen",1,"oracle","both","poisson",0.5,0,0.8,"Design 2","High Incidence Focus",2,0.16247416601216,0.0114046566735028,-2.17515609012134e-05,NA,1,0.171561627836257,0.171561627836257,0.184981572905603,0.93345,3.89992572895773,3.53300524322349,3.30366800016396,0.120813330061938,0.011411319098722,0,0,0
"queen",1,"oracle","both","poisson",0.5,0,0.8,"Design 3","Saturation Quadrants",2,0.0442731476170219,0.000454071029451342,2.55570215953267e-06,0.00159865636067689,0,0.0517633470906791,0.0555909866986729,0.0708905769103045,0.94205,1.06270425466067,1.0659736619701,1.07048508556488,0.00261231166679929,0.000598489959959609,0,0,0
"queen",1,"oracle","both","poisson",0.5,0,0.8,"Design 4","Isolation Buffer",2,0.15904979622679,0.0017730327695926,0.000123314722297088,0.0111047162186653,0,0.192062663730808,0.206307449449189,0.231497427229103,0.93915,3.81772935177841,3.95518745389877,3.97274919535759,0.117388960276568,0.00181539387859347,0,0,0
"queen",1,"oracle","both","poisson",0.5,0,0.8,"Design 5","2x2 Blocking",2,0.0619998198686626,0.000848112740681347,6.7236792094805e-05,0.00819980439369165,0,0.0771125520901193,0.0851760595240985,0.103862730290444,0.93875,1.48820393193121,1.58799525446773,1.64018857700741,0.02033898391844,0.000933437171582254,0,0,0
"queen",1,"oracle","both","poisson",0.5,0,0.8,"Design 6","Balanced Quartiles",2,0.0411827286127947,0.00045470986017297,7.34840747245159e-06,0.00271079462011632,0,0.0490055097783507,0.0535544942441526,0.0619410090521469,0.93975,0.988523817957008,1.00918092919356,1.03126946934914,-0.000478107337427987,0.000598974781876478,0.5,0,0
"queen",1,"oracle","both","poisson",0.5,0,0.8,"Design 7","Balanced Halves",2,0.0419428768075227,0.000457701655965105,7.04184105988811e-06,0.00265364674738144,0,0.0501103588451128,0.0545070453608636,0.0730019825275954,0.93905,1.00676992793992,1.03193332199299,1.04961222281032,0.000282040857300006,0.000601249148239439,0.5,0.5,0
"queen",1,"oracle","both","poisson",0.5,0,0.8,"Design 8","Incidence-Guided Saturation Quadrants",2,0.0452685257243182,0.000490628710939152,8.05021256663621e-06,0.00283728965152242,0,0.053713952573876,0.0577604519553182,0.0673663103598199,0.9398,1.08659667267373,1.10614289728519,1.11226128596726,0.00360768977409558,0.000626678756926758,0,0,0
"queen",1,"oracle","both","poisson",0.5,0,0.8,"Design 9","Simple Random Sampling",2,0.0416608359502227,0.000389884255113556,-4.82061722739311e-06,NA,2,0.0485596867327957,0.051930650364305,0.0603523977107678,0.9409,1,1,1,0,0,0,0,0
"queen",1,"oracle","both","spatial",0.2,0.5,0.5,"Design 1","Checkerboard",2,0.0546643973633943,0.00581365862299914,0,0,0,0.0546643973633943,0.0546643973633943,0.0615543248068227,0.95,1.25761268123923,1.06185426036574,0.99368565622688,0.0111975985795835,0.00583010050503298,0,0.5,0.5
"queen",1,"oracle","both","spatial",0.2,0.5,0.5,"Design 2","High Incidence Focus",2,0.199756530217619,0.0213501137403265,0,0,0,0.199756530217619,0.199756530217619,0.236324058974737,0.885,4.59561172680647,3.88026453922815,3.63116046986407,0.156289731433808,0.021354596742596,0,0,0
"queen",1,"oracle","both","spatial",0.2,0.5,0.5,"Design 3","Saturation Quadrants",2,0.0463678389821262,0.000484016497615891,3.5770502571101e-06,0.00189130913843034,0,0.0549670482211548,0.0588067146948632,0.0630256679874654,0.9376,1.06674151949271,1.06773324409586,1.06898441582826,0.00290104019831539,0.00065247014029601,0,0,0
"queen",1,"oracle","both","spatial",0.2,0.5,0.5,"Design 4","Isolation Buffer",2,0.162876080681762,0.00186074720863437,0.000172113375232652,0.0131191987267764,1,0.193367880356393,0.210369246548691,0.285505834347239,0.939000000000001,3.74713770599608,3.75616520949384,3.82407769753762,0.119409281897951,0.00191149823134999,0,0,0
"queen",1,"oracle","both","spatial",0.2,0.5,0.5,"Design 5","2x2 Blocking",2,0.0624963152121627,0.000844903137018,6.30883631255535e-05,0.00794281833643157,0,0.076689543687149,0.085701583708165,0.116278886360761,0.9369,1.43779429267378,1.48969205950187,1.55787749530297,0.0190295164283519,0.000951476024372867,0,0,0
"queen",1,"oracle","both","spatial",0.2,0.5,0.5,"Design 6","Balanced Quartiles",2,0.0434207883019595,0.000479126500653377,7.1148744355319e-06,0.00266737219666321,0,0.0530341519948635,0.0567618901999466,0.065930577720355,0.9374,0.998941479861902,1.0301867935407,1.0318137367738,-4.60104818513288e-05,0.00064885092096867,0.5,0,0
"queen",1,"oracle","both","spatial",0.2,0.5,0.5,"Design 7","Balanced Halves",2,0.0434452122119905,0.000455921413254211,3.40135884845702e-06,0.00184427732417254,0,0.0521682164505452,0.0553442439232894,0.0602494139914694,0.9385,0.999503377924661,1.01336602186323,1.00604386024241,-2.1586571820352e-05,0.000631909526021928,0.5,0.5,0.5
"queen",1,"oracle","both","spatial",0.2,0.5,0.5,"Design 8","Incidence-Guided Saturation Quadrants",2,0.0473514365262451,0.000493386822007628,2.91612551027477e-06,0.0017076666859416,0,0.0569355072088746,0.060644314478213,0.0716983200994736,0.93885,1.08937022856813,1.10597050021286,1.10238817832584,0.00388463774243424,0.000659451188598767,0,0,0
"queen",1,"oracle","both","spatial",0.2,0.5,0.5,"Design 9","Simple Random Sampling",2,0.0434667987838109,0.000437544642309263,-3.50968816455213e-07,NA,1,0.0514801318822849,0.0550117605309513,0.063309508413605,0.9384,1,1,1,0,0,0,0,0
"queen",1,"oracle","both","spatial",0.2,0.5,0.8,"Design 1","Checkerboard",2,0.0572317085732124,0.00530637304856644,0,0,0,0.0572317085732124,0.0572317085732124,0.0573017076552717,0.945,1.31405630017259,1.08119890332811,0.98704461551378,0.0136782409130401,0.00533336901446849,0,0,0.5
"queen",1,"oracle","both","spatial",0.2,0.5,0.8,"Design 2","High Incidence Focus",2,0.152105043842481,0.0161814553542279,0,0,0,0.152105043842481,0.152105043842481,0.159224664890568,0.955,3.49237505103582,2.87350859677355,2.62327419991581,0.108551576182309,0.0161903282083721,0,0,0
"queen",1,"oracle","both","spatial",0.2,0.5,0.8,"Design 3","Saturation Quadrants",2,0.0475540659176702,0.000503616395665592,5.35921335759265e-06,0.00231499748543981,0,0.0575975834363285,0.0605649227473888,0.0685447114986779,0.9369,1.09185487338718,1.08811086717854,1.04453077458531,0.00400059825749791,0.000735431565764966,0,0,0.5
"queen",1,"oracle","both","spatial",0.2,0.5,0.8,"Design 4","Isolation Buffer",2,0.164930729515226,0.00210345942555982,0.00033793192271088,0.0183829247594304,0,0.200967294423745,0.224511890143401,0.296130781108901,0.9395,3.78685644050446,3.79659499519943,3.87203628564372,0.121377261855054,0.00217066157401765,0,0,0
"queen",1,"oracle","both","spatial",0.2,0.5,0.8,"Design 5","2x2 Blocking",2,0.0621035887617627,0.000820923609880079,5.66989033099975e-05,0.00752986741649529,0,0.0778853716788027,0.085256744050975,0.102190816397936,0.93795,1.42591605440762,1.47137977432039,1.47037738780944,0.0185501211015905,0.000980380378832037,0,0,0
"queen",1,"oracle","both","spatial",0.2,0.5,0.8,"Design 6","Balanced Quartiles",2,0.043246374411679,0.000440740661424322,7.32543163448208e-07,0.000855887354415409,1,0.0515868562222685,0.0546215751480097,0.0619863761439391,0.9402,0.992949051706069,0.974558575379795,0.942029042724735,-0.00030709324849329,0.000693889360469704,1,0.5,1
"queen",1,"oracle","both","spatial",0.2,0.5,0.8,"Design 7","Balanced Halves",2,0.0444788393415402,0.00043656157242951,-2.50611536527771e-06,NA,1,0.0523001466649398,0.055418082315291,0.0619469087021648,0.93605,1.02124679689315,0.988033777563983,0.955765975105102,0.000925371681367949,0.000691242446947837,0,0.5,1
"queen",1,"oracle","both","spatial",0.2,0.5,0.8,"Design 8","Incidence-Guided Saturation Quadrants",2,0.0472422928429085,0.00050565886212991,8.23555034685206e-06,0.00286976485915694,1,0.0566948704075497,0.0614064964749882,0.0729189164802237,0.9403,1.08469647495163,1.07105716808292,1.05904494578679,0.00368882518273626,0.000736831730309453,0,0,0
"queen",1,"oracle","both","spatial",0.2,0.5,0.8,"Design 9","Simple Random Sampling",2,0.0435534676601723,0.000535938535599286,1.98771388097081e-05,0.00445837849556406,0,0.0529335614354064,0.0579828993276276,0.072158616679489,0.94095,1,1,1,0,0,0,0,0
"queen",1,"oracle","both","spatial",0.2,0,0.5,"Design 1","Checkerboard",2,0.0633626648329402,0.00588205511092759,0,0,0,0.0633626648329402,0.0633626648329402,0.070042603620708,0.97,1.48401450050587,1.24235484792334,1.17543863233826,0.0206658685338871,0.00589853860872547,0,0,0
"queen",1,"oracle","both","spatial",0.2,0,0.5,"Design 2","High Incidence Focus",2,0.177969177880709,0.0171616466352754,0,0,0,0.177969177880709,0.177969177880709,0.18664603907443,0.92,4.1682091704069,3.48945031753282,3.30150014362578,0.135272381581656,0.0171673032426381,0,0,0
"queen",1,"oracle","both","spatial",0.2,0,0.5,"Design 3","Saturation Quadrants",2,0.0433841923160714,0.000448797792491087,2.79279837001057e-06,0.00167116676906004,1,0.0519484104956279,0.0541469761833139,0.0606858342097887,0.9429,1.01609947529093,1.01855500855771,1.0044787067901,0.000687396017018269,0.000628971262603034,0,0,0.5
"queen",1,"oracle","both","spatial",0.2,0,0.5,"Design 4","Isolation Buffer",2,0.160475795750068,0.00165683040822819,5.3337217229519e-05,0.00730323334075525,0,0.18954413611906,0.201766072160852,0.227982742909689,0.93495,3.75849735015428,3.7164010860941,3.74295551707479,0.117778999451015,0.00171443063209485,0,0,0
"queen",1,"oracle","both","spatial",0.2,0,0.5,"Design 5","2x2 Blocking",2,0.0616289578575712,0.00086878909067036,7.36431434989539e-05,0.00858155833744396,0,0.0771442429768777,0.0853265709862187,0.100129839394913,0.93905,1.4434094170887,1.51257092018446,1.58289030561753,0.018932161558518,0.000974155980684517,0,0,0
"queen",1,"oracle","both","spatial",0.2,0,0.5,"Design 6","Balanced Quartiles",2,0.0411225442807973,0.000446153169731585,5.93257675764236e-06,0.00243568814868455,0,0.0491694906063658,0.0529861909985415,0.0605087638589097,0.93985,0.963129504911103,0.964068591272109,0.982945020452499,-0.00157425201825585,0.000627086948913086,1,1,1
"queen",1,"oracle","both","spatial",0.2,0,0.5,"Design 7","Balanced Halves",2,0.0414655420597418,0.000445344719120185,5.71089330614829e-06,0.00238974754025363,0,0.050125623617264,0.0529891854763537,0.0580847154145932,0.93955,0.971162842507257,0.982815537671552,0.983000570908172,-0.00123125423931136,0.000626512018626793,1,0.5,1
"queen",1,"oracle","both","spatial",0.2,0,0.5,"Design 8","Incidence-Guided Saturation Quadrants",2,0.0447897030932774,0.000501960418069127,8.87998653979401e-06,0.00297993062667472,0,0.0537396230786075,0.0579638692768961,0.0661206248106548,0.9398,1.04901788835784,1.0536754007002,1.0752857602739,0.00209290679422428,0.000667944347939045,0,0,0
"queen",1,"oracle","both","spatial",0.2,0,0.5,"Design 9","Simple Random Sampling",2,0.0426967962990532,0.000440664714534284,2.86746068971707e-06,0.0016933578150282,0,0.051002066711338,0.0539055490348273,0.0628927563161016,0.93875,1,1,1,0,0,0,0,0
"queen",1,"oracle","both","spatial",0.2,0,0.8,"Design 1","Checkerboard",2,0.0624210297831241,0.00593155241653912,0,0,0,0.0624210297831241,0.0624210297831241,0.0631875743896001,0.93,1.47043084232032,1.24786516992064,1.12885418890758,0.0199701861347247,0.00594946577299912,0,0,0
"queen",1,"oracle","both","spatial",0.2,0,0.8,"Design 2","High Incidence Focus",2,0.171984370296846,0.0169008311345238,0,0,0,0.171984370296846,0.171984370296846,0.173093825087756,0.935,4.05137696959128,3.43815707959032,3.11025430869637,0.129533526648446,0.0169071263658738,0,0,0
"queen",1,"oracle","both","spatial",0.2,0,0.8,"Design 3","Saturation Quadrants",2,0.0438761268537747,0.000430136745396313,-4.72528252811351e-08,NA,1,0.0513973252886492,0.0553531449999589,0.0637337482957367,0.94245,1.03357490883291,1.0274891695575,1.00103490473503,0.00142528320537527,0.000630750769858476,0,0.5,0.5
"queen",1,"oracle","both","spatial",0.2,0,0.8,"Design 4","Isolation Buffer",2,0.158406882514728,0.00173271529007677,8.32655470002358e-05,0.00912499572603931,0,0.188716035230972,0.209569440503185,0.255861483875466,0.93905,3.73153673521163,3.77264149900186,3.78996215860247,0.115956038866328,0.00179307869052163,0,0,0
"queen",1,"oracle","both","spatial",0.2,0,0.8,"Design 5","2x2 Blocking",2,0.0624569227208181,0.000777898620057344,4.23157140267284e-05,0.00650505296110096,0,0.0754336057437544,0.0851016881055719,0.104567968258447,0.9385,1.47127635997342,1.50800090251964,1.53902294522949,0.0200060790724187,0.000904408744442494,0,0,0
"queen",1,"oracle","both","spatial",0.2,0,0.8,"Design 6","Balanced Quartiles",2,0.041519400024546,0.000418528257543758,6.46561923544839e-07,0.00080409074335229,1,0.0496686355239459,0.0525256648972874,0.0570582635545213,0.9417,0.978058301230286,0.992930756239646,0.949901292088089,-0.00093144362385339,0.000622892299117224,1,1,1
"queen",1,"oracle","both","spatial",0.2,0,0.8,"Design 7","Balanced Halves",2,0.0420168600626699,0.000424092162410442,1.52295675545314e-06,0.00123408134069564,1,0.0498933919876258,0.0533989974233601,0.0629346855143171,0.9379,0.989776797150981,0.997423885617919,0.965695089207292,-0.000433983585729575,0.000626644297951312,0.5,0.5,0.5
"queen",1,"oracle","both","spatial",0.2,0,0.8,"Design 8","Incidence-Guided Saturation Quadrants",2,0.0441117232256385,0.000481185278764075,7.26386436964046e-06,0.00269515572270703,0,0.0524570380014006,0.0569964511959538,0.070031068730033,0.94205,1.03912477195967,1.04867399443077,1.03075330395805,0.00166087957723906,0.000666609470706941,0,0,0.5
"queen",1,"oracle","both","spatial",0.2,0,0.8,"Design 9","Simple Random Sampling",2,0.0424508436483994,0.000461333842176062,6.25497692432242e-06,0.00250099518678514,0,0.050022255038254,0.0552959189915666,0.0649380042278387,0.9388,1,1,1,0,0,0,0,0
"queen",1,"oracle","both","spatial",0.5,0.5,0.5,"Design 1","Checkerboard",2,0.0522647144990716,0.00500720014367009,0,0,0,0.0522647144990716,0.0522647144990716,0.0573353556642985,0.975,1.21069971386356,1.03084241807219,0.959049716568319,0.00909569917628329,0.00502727252988762,0,0.5,0.5
"queen",1,"oracle","both","spatial",0.5,0.5,0.5,"Design 2","High Incidence Focus",2,0.157496507208604,0.0148141123391118,0,0,0,0.157496507208604,0.157496507208604,0.164538008048243,0.9,3.64836923036008,3.1063803157621,2.89003741906205,0.114327491885816,0.01482090888599,0,0,0
"queen",1,"oracle","both","spatial",0.5,0.5,0.5,"Design 3","Saturation Quadrants",2,0.0457934846301012,0.000466384160338046,1.22219724254798e-06,0.00110553029924466,1,0.0534566565167169,0.0586358612032293,0.0618736785007568,0.94115,1.06079520896386,1.05435167098686,1.07595930842969,0.00262446930731285,0.000647248017383679,0,0,0
"queen",1,"oracle","both","spatial",0.5,0.5,0.5,"Design 4","Isolation Buffer",2,0.163029740131257,0.0020244879229987,0.000284500579630423,0.0168671449756745,0,0.198442209419813,0.213650342641171,0.265972915665851,0.9406,3.77654525849692,3.91397234188551,3.9204519247566,0.119860724808469,0.00207363621721856,0,0,0
"queen",1,"oracle","both","spatial",0.5,0.5,0.5,"Design 5","2x2 Blocking",2,0.0620187522363938,0.000889809461826308,7.7212842812977e-05,0.00878708386286241,0,0.0774942437343186,0.0864857629819041,0.0979723008551512,0.93735,1.43664968433169,1.52845671048638,1.58700085267783,0.0188497369136054,0.000996582505038346,0,0,0
"queen",1,"oracle","both","spatial",0.5,0.5,0.5,"Design 6","Balanced Quartiles",2,0.0423333347396075,0.000464615749060944,5.23107651596337e-06,0.00228715467687766,1,0.0501570903220539,0.0553645000894984,0.0644900072137271,0.93945,0.980641657519121,0.989272719971903,1.01593031986663,-0.000835680583180842,0.000645974926191677,1,0.5,0.5
"queen",1,"oracle","both","spatial",0.5,0.5,0.5,"Design 7","Balanced Halves",2,0.04366383427066,0.000458125811105363,3.86894076868881e-06,0.00196696232009889,0,0.0524390778012055,0.0555885960233275,0.0626459472035609,0.93775,1.01146236355339,1.03428147039875,1.02004244683189,0.000494818947871706,0.00064132290602615,0,0,0.5
"queen",1,"oracle","both","spatial",0.5,0.5,0.5,"Design 8","Incidence-Guided Saturation Quadrants",2,0.0472961213114897,0.000483459415740044,1.21861706629232e-06,0.00110390989953543,1,0.0560199283793603,0.0595351626119998,0.0682610518132572,0.93855,1.09560343125368,1.10490833030068,1.09246135516346,0.0041271059887014,0.000659658106643574,0,0,0
"queen",1,"oracle","both","spatial",0.5,0.5,0.5,"Design 9","Simple Random Sampling",2,0.0431690153227883,0.000448793728780695,3.34739956881477e-06,0.00182959000019534,1,0.0507009738664162,0.0544963557114492,0.0663390870097001,0.93765,1,1,1,0,0,0,0,0
"queen",1,"oracle","both","spatial",0.5,0.5,0.8,"Design 1","Checkerboard",2,0.062507510330479,0.0062707872800035,0,0,0,0.062507510330479,0.062507510330479,0.0693697856343692,0.94,1.42007019118568,1.1718099117372,1.11397479970912,0.0184903126465471,0.00628749311868637,0,0,0
"queen",1,"oracle","both","spatial",0.5,0.5,0.8,"Design 2","High Incidence Focus",2,0.149758552492543,0.0152125994430067,0,0,0,0.149758552492543,0.149758552492543,0.150026904269382,0.92,3.40227366512274,2.80747953726463,2.66891534530151,0.105741354808611,0.0152194933693551,0,0,0
"queen",1,"oracle","both","spatial",0.5,0.5,0.8,"Design 3","Saturation Quadrants",2,0.0475441453896598,0.000518605166405868,8.12193600862096e-06,0.00284990105242638,0,0.0570923010008978,0.0607264357532065,0.0680056728343199,0.93865,1.08012658441033,1.07029257513259,1.08223345878874,0.00352694770572786,0.000691916125767938,0,0,0
"queen",1,"oracle","both","spatial",0.5,0.5,0.8,"Design 4","Isolation Buffer",2,0.166851391191255,0.0018357503782401,0.000114092141842841,0.0106813923176167,0,0.203513371476881,0.213675348634997,0.232682358949922,0.93725,3.79059549381907,3.81520531863801,3.80800566907851,0.122834193507324,0.00189202961332097,0,0,0
"queen",1,"oracle","both","spatial",0.5,0.5,0.8,"Design 5","2x2 Blocking",2,0.0624614451283953,0.000905538785499688,8.15056479974456e-05,0.00902804785086153,0,0.0785811421784906,0.0881102465501264,0.106256430996336,0.9401,1.41902366381666,1.47313756048744,1.57025281816637,0.0184442474444634,0.00101478918920094,0,0,0
"queen",1,"oracle","both","spatial",0.5,0.5,0.8,"Design 6","Balanced Quartiles",2,0.0434362019243935,0.000448445383001677,1.79440166238272e-06,0.00133955278447052,1,0.0516295440700131,0.0557687732778649,0.0636429050768433,0.9392,0.986800709947273,0.967883877630841,0.993880698715661,-0.00058099575953844,0.000641014717467841,0.5,1,0.5
"queen",1,"oracle","both","spatial",0.5,0.5,0.8,"Design 7","Balanced Halves",2,0.0433648696695174,0.000441529543524051,1.15211777503746e-06,0.00107336749300389,0,0.0521717419214933,0.0561873942963721,0.0673020584834703,0.93805,0.985180155740523,0.978048301283742,1.00134113447418,-0.000652328014414505,0.000636195680808517,1,0.5,0.5
"queen",1,"oracle","both","spatial",0.5,0.5,0.8,"Design 8","Incidence-Guided Saturation Quadrants",2,0.0481215305296394,0.000508849850855958,4.29171799189053e-06,0.0020716462033587,1,0.0583016593999382,0.0617798486208582,0.0699128408543159,0.94035,1.0932438469886,1.09296406134834,1.10100680909575,0.00410433284570747,0.00068463477649838,0,0,0
"queen",1,"oracle","both","spatial",0.5,0.5,0.8,"Design 9","Simple Random Sampling",2,0.0440171976839319,0.000458035595205062,3.17867294315898e-06,0.00178288332292357,1,0.0533427049083517,0.0561121403705011,0.0609287150763042,0.9369,1,1,1,0,0,0,0,0
"queen",1,"oracle","both","spatial",0.5,0,0.5,"Design 1","Checkerboard",2,0.0561369003210341,0.00525546916509283,0,0,0,0.0561369003210341,0.0561369003210341,0.0589094298087713,0.965,1.32453498182381,1.13383757743514,1.07558678941088,0.0137545539946752,0.00527179796777617,0,0,0
"queen",1,"oracle","both","spatial",0.5,0,0.5,"Design 2","High Incidence Focus",2,0.145596537464254,0.0163634956051738,0,0,0,0.145596537464254,0.145596537464254,0.156658543106941,0.94,3.4353109274109,2.94071857151612,2.78963945969492,0.103214191137895,0.0163687472363755,0,0,0
"queen",1,"oracle","both","spatial",0.5,0,0.5,"Design 3","Saturation Quadrants",2,0.04452504908529,0.000459202238319854,2.74471526674192e-06,0.00165671822188987,1,0.0532884677905179,0.0568440039007721,0.0667129902714906,0.94345,1.05055649214018,1.0763057254551,1.08913494160243,0.00214270275893114,0.00061867953213712,0,0,0
"queen",1,"oracle","both","spatial",0.5,0,0.5,"Design 4","Isolation Buffer",2,0.161294961533873,0.00179773459727491,0.000112033737114667,0.0105845990530897,0,0.189939208933114,0.206692640501227,0.271463483666044,0.93775,3.80571099796707,3.83633957851383,3.96024490700766,0.118912615207514,0.00184492475457581,0,0,0
"queen",1,"oracle","both","spatial",0.5,0,0.5,"Design 5","2x2 Blocking",2,0.0616037271807132,0.000854521701614431,6.66480930640384e-05,0.00816382833381732,0,0.0775985735288124,0.0834398974611036,0.0979973455545228,0.93575,1.45352328316944,1.56731451361172,1.59871405271256,0.0192213808543544,0.000949792085846931,0,0,0
"queen",1,"oracle","both","spatial",0.5,0,0.5,"Design 6","Balanced Quartiles",2,0.0417258852935245,0.000440489717782108,3.44138699111142e-06,0.00185509756916218,1,0.049915295570385,0.0534851094388694,0.0657064132251082,0.93995,0.984510979458773,1.00817532643993,1.0247782975842,-0.000656461032834378,0.000604920539640706,0.5,0.5,0.5
"queen",1,"oracle","both","spatial",0.5,0,0.5,"Design 7","Balanced Halves",2,0.0416712989107941,0.000409210877018515,-1.36214310457333e-06,NA,1,0.0492276061173358,0.0521583448895306,0.0568504271664177,0.9386,0.983223028520191,0.994285565177482,0.999357399498151,-0.000711047415564707,0.000582538590719708,0.5,0.5,0.5
"queen",1,"oracle","both","spatial",0.5,0,0.5,"Design 8","Incidence-Guided Saturation Quadrants",2,0.0438549002453817,0.000467055578599153,4.97887406051029e-06,0.00223133907340644,0,0.0520095816762202,0.0565773153116471,0.0647825068137938,0.9413,1.03474451149268,1.05047513763571,1.08402517028073,0.00147255391902291,0.000624530688844056,0,0,0
"queen",1,"oracle","both","spatial",0.5,0,0.5,"Design 9","Simple Random Sampling",2,0.0423823463263588,0.000414605436297501,-7.88495520421805e-07,NA,1,0.0495105308187277,0.0521918834200088,0.0626345526053201,0.93915,1,1,1,0,0,0,0,0
"queen",1,"oracle","both","spatial",0.5,0,0.8,"Design 1","Checkerboard",2,0.0656999392706331,0.00658568266391153,0,0,0,0.0656999392706331,0.0656999392706331,0.0684861602128948,0.915,1.54657310386458,1.31571309090594,1.23715089799033,0.0232189604494821,0.00659845192984081,0,0,0
"queen",1,"oracle","both","spatial",0.5,0,0.8,"Design 2","High Incidence Focus",2,0.154348480715846,0.0137243440912544,0,0,0,0.154348480715846,0.154348480715846,0.166968852202298,0.95,3.63335509206763,3.09099702212441,2.90643132460863,0.111867501894695,0.0137304760462201,0,0,0
"queen",1,"oracle","both","spatial",0.5,0,0.8,"Design 3","Saturation Quadrants",2,0.0441894931876251,0.000463097793439608,3.62573764348253e-06,0.00190413698128116,1,0.052421561138586,0.055508243423309,0.0626080666074092,0.93945,1.04021833803941,1.04979905615519,1.04523800112108,0.00170851436647408,0.00061871745325615,0,0,0
"queen",1,"oracle","both","spatial",0.5,0,0.8,"Design 4","Isolation Buffer",2,0.159992173322011,0.00193616853982805,0.000225768641762008,0.0150255995475058,0,0.197404659634614,0.211125468636023,0.240927761474778,0.9386,3.76620731823515,3.95324406339578,3.97556019094276,0.11751119450086,0.00197916657593418,0,0,0
"queen",1,"oracle","both","spatial",0.5,0,0.8,"Design 5","2x2 Blocking",2,0.0614580806961409,0.000861684073495977,7.06371266487821e-05,0.00840458961810641,0,0.0779574084405794,0.0848766444008979,0.0977922577981315,0.93765,1.44671997683682,1.56118230788409,1.59825439725959,0.0189771018749899,0.000954385227878011,0,0,0
"queen",1,"oracle","both","spatial",0.5,0,0.8,"Design 6","Balanced Quartiles",2,0.0414330838664831,0.000436531795603955,2.96831471180904e-06,0.0017228797728829,0,0.0485728348296844,0.0528906141316047,0.0690097307626499,0.9397,0.97533260805784,0.972724105338613,0.995947203217932,-0.00104789495466795,0.000599092421291035,1,1,0.5
"queen",1,"oracle","both","spatial",0.5,0,0.8,"Design 7","Balanced Halves",2,0.0413981226953299,0.000415421185348289,-1.56025458324823e-08,NA,1,0.0483894834739556,0.0523000045293653,0.0591799637884145,0.94135,0.974509623933571,0.969052294045545,0.984825835254982,-0.00108285612582114,0.000583889100695774,1,1,0.5
"queen",1,"oracle","both","spatial",0.5,0,0.8,"Design 8","Incidence-Guided Saturation Quadrants",2,0.044874977812814,0.000489173243928928,5.7510955360321e-06,0.00239814418583039,0,0.0540407124395441,0.0573830626429812,0.0639519579073608,0.93935,1.05635460994771,1.08222433061477,1.08054144747029,0.00239399899166296,0.000638468623544723,0,0,0
"queen",1,"oracle","both","spatial",0.5,0,0.8,"Design 9","Simple Random Sampling",2,0.042480978821151,0.000410306861598904,-3.17930735262006e-06,NA,2,0.04993485260939,0.0531058413143927,0.0571393474046497,0.9391,1,1,1,0,0,0,0,0
"queen",1,"oracle","control_only","iid",0,0.5,0.5,"Design 1","Checkerboard",2,1.79312935603318,0.196193335624014,0,0,0,1.79312935603318,1.79312935603318,2.0132884709493,0.96,8.16486575927609,6.04212751194909,5.18107088921953,1.57351406670696,0.196243076404828,0,0,0
"queen",1,"oracle","control_only","iid",0,0.5,0.5,"Design 2","High Incidence Focus",2,0.296983956283057,0.0315364381356239,0,0,0,0.296983956283057,0.296983956283057,0.351342964280219,0.965,1.35229180624993,1.00071694595141,0.858105928212197,0.077368666956835,0.0318444190375064,0,0.5,0.5
"queen",1,"oracle","control_only","iid",0,0.5,0.5,"Design 3","Saturation Quadrants",2,0.138648082647209,0.00192839043958963,0.000308697581640838,0.0175697917358413,0,0.17213837022845,0.193931616669074,0.234437348433997,0.93415,0.631322541670847,0.580037340373647,0.560346329863347,-0.080967206679013,0.00482066211653172,1,1,1
"queen",1,"oracle","control_only","iid",0,0.5,0.5,"Design 4","Isolation Buffer",2,0.166739953845717,0.00197265451899145,0.000215212318439255,0.0146701165107594,0,0.199757989618194,0.220969280449294,0.264398855358054,0.9383,0.759236546586871,0.673104391907238,0.638468999738152,-0.0528753354805045,0.0048385389742732,1,1,1
"queen",1,"oracle","control_only","iid",0,0.5,0.5,"Design 5","2x2 Blocking",2,0.564812061383257,0.0106338936121714,0.0158076399748483,0.125728437415122,0,0.751155964893336,0.863146355600618,1.45879416388085,0.9397,2.57182486299609,2.53109465079925,2.49397648925421,0.345196772057036,0.011515198083804,0,0,0
"queen",1,"oracle","control_only","iid",0,0.5,0.5,"Design 6","Balanced Quartiles",2,0.219160836823296,0.00455370828487127,0.00308086250286372,0.055505517769531,0,0.311133145678177,0.352581896724792,0.497069214603631,0.93535,0.997930688230676,1.04839404533545,1.01875070810721,-0.000454452502926139,0.00634478941320896,0.5,0,0.5
"queen",1,"oracle","control_only","iid",0,0.5,0.5,"Design 7","Balanced Halves",2,0.209709202137176,0.00412725775938229,0.00247957804977888,0.0497953617295716,0,0.289396255268917,0.33240940995753,0.432109719641505,0.9383,0.954893453823557,0.975149433548735,0.960464291903394,-0.00990608718904606,0.00604601936538783,1,1,0.5
"queen",1,"oracle","control_only","iid",0,0.5,0.5,"Design 8","Incidence-Guided Saturation Quadrants",2,0.147721176445739,0.00194479662509164,0.000258791627309142,0.0160870018123062,0,0.178898372468724,0.201048865678656,0.251764711437086,0.9311,0.672636121551222,0.602815839526188,0.580910920772978,-0.0718941128804824,0.0048272484364523,1,1,1
"queen",1,"oracle","control_only","iid",0,0.5,0.5,"Design 9","Simple Random Sampling",2,0.219615289326222,0.0044181549943685,0.00283647464785579,0.0532585640799279,0,0.296771187381768,0.346092418801723,0.56131333515504,0.93365,1,1,1,0,0,0,0,0
"queen",1,"oracle","control_only","iid",0,0.5,0.8,"Design 1","Checkerboard",2,2.11638701609626,0.22026843303226,0,0,0,2.11638701609626,2.11638701609626,2.50519850501346,0.94,9.52776306979913,7.12075511423593,6.32850955797533,1.89425858987576,0.220307833365563,0,0,0
"queen",1,"oracle","control_only","iid",0,0.5,0.8,"Design 2","High Incidence Focus",2,0.313811485539134,0.0337037961704025,0,0,0,0.313811485539134,0.313811485539134,0.404979468029409,0.95,1.41274798043015,1.05584409825029,0.938372315900904,0.0916830593186369,0.0339603405170994,0.5,0.5,0.5
"queen",1,"oracle","control_only","iid",0,0.5,0.8,"Design 3","Saturation Quadrants",2,0.139900927000873,0.00193496510964835,0.000300930669877689,0.0173473533969216,0,0.17546338782084,0.195187230822327,0.237620475211569,0.9318,0.629820007197096,0.590360745309722,0.583657075222603,-0.0822274992196241,0.00459379382611593,1,1,1
"queen",1,"oracle","control_only","iid",0,0.5,0.8,"Design 4","Isolation Buffer",2,0.162490378151687,0.00188808878421504,0.00016270125525382,0.0127554402218747,0,0.194935919246151,0.216717802380421,0.261680873485076,0.93815,0.73151546119716,0.6558776506202,0.648038696758629,-0.0596380480688109,0.00457424649514901,1,1,1
"queen",1,"oracle","control_only","iid",0,0.5,0.8,"Design 5","2x2 Blocking",2,0.58306197902539,0.0109615938157472,0.0166001308325624,0.128841494995061,0,0.805402729856337,0.911256700528386,1.07117954071898,0.93845,2.6248868231147,2.70984255905265,2.72487815092543,0.360933552804892,0.0117266956438176,0,0,0
"queen",1,"oracle","control_only","iid",0,0.5,0.8,"Design 6","Balanced Quartiles",2,0.215003957201449,0.00415596929448965,0.00245902832162041,0.0495885906395858,0,0.279502519851572,0.338861392688304,0.477369651651476,0.9348,0.967926351704415,0.940408811119067,1.01327760288964,-0.00712446901904815,0.00588480522345856,0.5,1,0.5
"queen",1,"oracle","control_only","iid",0,0.5,0.8,"Design 7","Balanced Halves",2,0.211763971393818,0.00421003264308607,0.00252622831164738,0.0502615987772711,0,0.294584945674859,0.338197107118565,0.404316260425148,0.93575,0.953340259042797,0.99115485142239,1.01129122821178,-0.0103644548266797,0.00592310953783185,1,0.5,0.5
"queen",1,"oracle","control_only","iid",0,0.5,0.8,"Design 8","Incidence-Guided Saturation Quadrants",2,0.15134858608173,0.00192457675267917,0.000219696282816278,0.0148221551339971,0,0.185958261796425,0.203998325477559,0.246111329499475,0.931,0.681356225571474,0.625671596759167,0.610004381418382,-0.0707798401387677,0.00458942778767217,1,1,1
"queen",1,"oracle","control_only","iid",0,0.5,0.8,"Design 9","Simple Random Sampling",2,0.222128426220497,0.00416639553346827,0.00239914282540725,0.048981045572826,0,0.297213846304747,0.334421082358822,0.450306669777164,0.93495,1,1,1,0,0,0,0,0
"queen",1,"oracle","control_only","iid",0,0,0.5,"Design 1","Checkerboard",2,2.28313904675937,0.228865949471133,0,0,0,2.28313904675937,2.28313904675937,2.49962282190557,0.91,10.6311196768322,7.82880713362219,6.51293913824595,2.0683790669865,0.228913260885959,0,0,0
"queen",1,"oracle","control_only","iid",0,0,0.5,"Design 2","High Incidence Focus",2,0.301454417895669,0.031185794530083,0,0,0,0.301454417895669,0.301454417895669,0.372806155925479,0.96,1.40368060294333,1.03367707745759,0.859936358014022,0.0866944381228066,0.0315311268842804,0,0.5,0.5
"queen",1,"oracle","control_only","iid",0,0,0.5,"Design 3","Saturation Quadrants",2,0.128386927813268,0.00198360593445026,0.000430181492861235,0.0207408170731347,0,0.165124272656036,0.185232152644888,0.227517252095062,0.93465,0.597815887061705,0.566205586794468,0.528397838202094,-0.086373051959595,0.005058940069147,1,1,1
"queen",1,"oracle","control_only","iid",0,0,0.5,"Design 4","Isolation Buffer",2,0.164107871807509,0.00205739001573442,0.000297190802213729,0.017239222784503,0,0.198547632241773,0.225738083720466,0.260604421528102,0.93885,0.764145498528518,0.680813164605306,0.643946063005868,-0.0506521079653541,0.00508832347604576,1,1,1
"queen",1,"oracle","control_only","iid",0,0,0.5,"Design 5","2x2 Blocking",2,0.593395090422352,0.0108568741963255,0.0160624949325792,0.126737898564633,0,0.811141003515309,0.902593999954216,1.01215545573621,0.93675,2.76306177272854,2.78137526652506,2.57476205691092,0.378635110649489,0.0118122774872111,0,0,0
"queen",1,"oracle","control_only","iid",0,0,0.5,"Design 6","Balanced Quartiles",2,0.212064070761235,0.00480793026927353,0.00364512097668275,0.0603748372807973,0,0.290634990294423,0.355180386009646,0.547592680583401,0.9352,0.987446874345587,0.996577623481468,1.0131963887451,-0.00269590901162786,0.00669136574954854,0.5,0.5,0.5
"queen",1,"oracle","control_only","iid",0,0,0.5,"Design 7","Balanced Halves",2,0.211827920349264,0.00428936454559915,0.0026599487244566,0.0515746907354431,0,0.295422435723843,0.337242575845657,0.463124502037836,0.9365,0.986347272770749,1.01299361311769,0.962026546050989,-0.00293205942359842,0.00632904655734793,0.5,0,1
"queen",1,"oracle","control_only","iid",0,0,0.5,"Design 8","Incidence-Guided Saturation Quadrants",2,0.134443295356621,0.0019046137769747,0.000336496359324709,0.0183438370938228,0,0.165741878822271,0.189357597919767,0.224412930674411,0.93545,0.626016520856503,0.568323337602002,0.540166185833654,-0.0803166844162422,0.0050284923942944,1,1,1
"queen",1,"oracle","control_only","iid",0,0,0.5,"Design 9","Simple Random Sampling",2,0.214759979772863,0.00465383520550897,0.00334835237763125,0.0578649494740232,0,0.291633068459948,0.350554334732238,0.541317110279629,0.9372,1,1,1,0,0,0,0,0
"queen",1,"oracle","control_only","iid",0,0,0.8,"Design 1","Checkerboard",2,1.82725535384929,0.198875664304889,0,0,0,1.82725535384929,1.82725535384929,1.90616837482212,0.965,8.61577663375172,6.2034135745287,5.37131387296298,1.6151728647686,0.198924040988556,0,0,0
"queen",1,"oracle","control_only","iid",0,0,0.8,"Design 2","High Incidence Focus",2,0.297764606623278,0.0281292406635625,0,0,0,0.297764606623278,0.297764606623278,0.338812548994702,0.945,1.40400373417907,1.01089155319744,0.875294828970517,0.0856821175425906,0.02846925378043,0,0.5,1
"queen",1,"oracle","control_only","iid",0,0,0.8,"Design 3","Saturation Quadrants",2,0.129988635841328,0.00172155440353102,0.000239362798862485,0.0154713541379701,0,0.162852970803401,0.175495453125303,0.212181931130338,0.9339,0.612915457588174,0.552875287849598,0.515878177632971,-0.0820938532393589,0.00471253435745817,1,1,1
"queen",1,"oracle","control_only","iid",0,0,0.8,"Design 4","Isolation Buffer",2,0.15893774019702,0.00190235710839166,0.000223029854627572,0.0149341840964805,0,0.193220513843588,0.209511282673726,0.238809850384124,0.94,0.749414724836389,0.655971129557617,0.615869509861875,-0.0531447488836675,0.00478154714227047,1,1,1
"queen",1,"oracle","control_only","iid",0,0,0.8,"Design 5","2x2 Blocking",2,0.575801838129672,0.0116641793430075,0.0203701255085925,0.142723948616175,0,0.802412213648816,0.912151405534889,1.22643447704198,0.9399,2.714990005189,2.72413749289648,2.68131735855695,0.363719349048985,0.0124618341447698,0,0,0
"queen",1,"oracle","control_only","iid",0,0,0.8,"Design 6","Balanced Quartiles",2,0.202888870479391,0.0044815232006142,0.00315232838031254,0.0561455998303744,0,0.272868694296594,0.344206237970107,0.553561232536548,0.9343,0.956650741694195,0.926371543362858,1.01181246358068,-0.0091936186012968,0.00627122641144059,1,1,0
"queen",1,"oracle","control_only","iid",0,0,0.8,"Design 7","Balanced Halves",2,0.212354227487706,0.00445921050544554,0.00299623795288346,0.0547379023427411,0,0.286003112389487,0.341943358636232,0.496372678116981,0.93645,1.00128128639095,0.97096204206866,1.00516060995043,0.000271738407018662,0.00625530085909403,0.5,1,0.5
"queen",1,"oracle","control_only","iid",0,0,0.8,"Design 8","Incidence-Guided Saturation Quadrants",2,0.133161057513261,0.00203288409653164,0.000454549661191618,0.0213201702899301,0,0.170143481743738,0.187784720781569,0.241495199114896,0.93395,0.627873890439862,0.577626100283811,0.552003130673389,-0.0789214315674266,0.00483496103974354,1,1,1
"queen",1,"oracle","control_only","iid",0,0,0.8,"Design 9","Simple Random Sampling",2,0.212082489080687,0.00438682464955082,0.00285963334518148,0.0534755396904181,0,0.294556429600636,0.340187782182485,0.432266320693417,0.9355,1,1,1,0,0,0,0,0
"queen",1,"oracle","control_only","poisson",0.2,0.5,0.5,"Design 1","Checkerboard",2,1.97683924482084,0.193201657287395,0,0,0,1.97683924482084,1.97683924482084,1.99702885843335,0.945,8.82547128275643,6.5111689121903,5.65926329493866,1.75284675971886,0.19325219563104,0,0,0
"queen",1,"oracle","control_only","poisson",0.2,0.5,0.5,"Design 2","High Incidence Focus",2,0.256420169558725,0.0244829165364611,0,0,0,0.256420169558725,0.256420169558725,0.268534077970398,0.955,1.1447713053497,0.844578050978873,0.734075498282186,0.0324276844567369,0.0248785839579538,0,1,1
"queen",1,"oracle","control_only","poisson",0.2,0.5,0.5,"Design 3","Saturation Quadrants",2,0.139442677642041,0.0017678134586016,0.000201048344504844,0.0141791517554769,0,0.172428241803034,0.183781364049027,0.210702158167216,0.9333,0.622532838896583,0.567931565782575,0.526126305202262,-0.0845498074599469,0.00475982164015096,1,1,1
"queen",1,"oracle","control_only","poisson",0.2,0.5,0.5,"Design 4","Isolation Buffer",2,0.166174196202163,0.00179325562079762,9.8264404806547e-05,0.00991284040053843,0,0.194243644856019,0.214505029660241,0.244537355085896,0.93595,0.741873979060061,0.63978554912373,0.614081516297472,-0.0578182888998247,0.00476932944376447,1,1,1
"queen",1,"oracle","control_only","poisson",0.2,0.5,0.5,"Design 5","2x2 Blocking",2,0.599854077477397,0.0129769212551873,0.0257051560449739,0.160328275874762,0,0.835988360900258,1.0001821836724,1.4170846270934,0.9378,2.67800983235787,2.75351748540382,2.86330531687809,0.375861592375409,0.0137088009280523,0,0,0
"queen",1,"oracle","control_only","poisson",0.2,0.5,0.5,"Design 6","Balanced Quartiles",2,0.232615189895968,0.00513144493420885,0.00402273874776645,0.0634250640343898,0,0.31386772050728,0.390215345206468,0.629344961506534,0.9302,1.03849550930271,1.03379460401812,1.11710215488408,0.00862270479398036,0.00677218315866118,0,0,0
"queen",1,"oracle","control_only","poisson",0.2,0.5,0.5,"Design 7","Balanced Halves",2,0.215428183433622,0.00399869040438112,0.00213027941897492,0.0461549501026155,0,0.293013052710455,0.329427985217983,0.441747971281946,0.935,0.961765227684014,0.965105020386824,0.943081087627177,-0.0085643016683663,0.00595988779858532,1,1,1
"queen",1,"oracle","control_only","poisson",0.2,0.5,0.5,"Design 8","Incidence-Guided Saturation Quadrants",2,0.150560648939689,0.00208182251136061,0.000364282860011135,0.0190861955352851,0,0.187548654686551,0.20602464970487,0.25734209951031,0.9291,0.672168304535465,0.617734078842032,0.589804022245133,-0.0734318361622994,0.00488515328218514,1,1,1
"queen",1,"oracle","control_only","poisson",0.2,0.5,0.5,"Design 9","Simple Random Sampling",2,0.223992485101988,0.00441935941304127,0.00280812459284419,0.0529917407983941,0,0.303607427710834,0.349310350445935,0.48009800761127,0.93295,1,1,1,0,0,0,0,0
"queen",1,"oracle","control_only","poisson",0.2,0.5,0.8,"Design 1","Checkerboard",2,2.61246193060419,0.25516032196506,0,0,0,2.61246193060419,2.61246193060419,2.92282731898801,0.895,11.2738648598522,7.96985346879706,6.94485038325777,2.3807346602244,0.255207821859812,0,0,0
"queen",1,"oracle","control_only","poisson",0.2,0.5,0.8,"Design 2","High Incidence Focus",2,0.274347675616635,0.0274388533205666,0,0,0,0.274347675616635,0.274347675616635,0.291968923263405,0.925,1.18392485773034,0.836954119237239,0.729313425712359,0.0426204052368433,0.0278771071788991,0,1,1
"queen",1,"oracle","control_only","poisson",0.2,0.5,0.8,"Design 3","Saturation Quadrants",2,0.14191549275581,0.00194321872381171,0.00030891864253657,0.0175760815467091,0,0.173821696099929,0.19626646884871,0.240544740302557,0.9322,0.61242465128604,0.530278903353749,0.521745884767545,-0.0898117776239817,0.00529325345367408,1,1,1
"queen",1,"oracle","control_only","poisson",0.2,0.5,0.8,"Design 4","Isolation Buffer",2,0.166461313137191,0.00212981772653363,0.000352215660093819,0.0187674095200648,0,0.200619120689518,0.22672269995915,0.290283990945165,0.9366,0.718350122816221,0.612029969204026,0.602709349085287,-0.0652659572426006,0.00536456490915312,1,1,1
"queen",1,"oracle","control_only","poisson",0.2,0.5,0.8,"Design 5","2x2 Blocking",2,0.591351086844043,0.0114657049644115,0.0186713605962653,0.136643187156423,0,0.783869341904904,0.921534063819327,1.1650833670677,0.93705,2.55192703851749,2.39135495927385,2.44976438558881,0.359623816464252,0.0124781738827118,0,0,0
"queen",1,"oracle","control_only","poisson",0.2,0.5,0.8,"Design 6","Balanced Quartiles",2,0.22070854431923,0.00470063546430057,0.00334480601912456,0.0578342979478835,0,0.314366408794885,0.361626820503694,0.436982778426702,0.93555,0.952449592823054,0.95903951144955,0.961332348445185,-0.0110187260605613,0.00680723195465678,1,0.5,0.5
"queen",1,"oracle","control_only","poisson",0.2,0.5,0.8,"Design 7","Balanced Halves",2,0.225826414295847,0.00451479174845823,0.00289568060630353,0.0538115285631577,0,0.302421402995167,0.354348551187837,0.517963117813456,0.9294,0.974535340297784,0.922598809752636,0.941984127192448,-0.00590085608394475,0.00668025281319552,0.5,0.5,0.5
"queen",1,"oracle","control_only","poisson",0.2,0.5,0.8,"Design 8","Incidence-Guided Saturation Quadrants",2,0.149058420337909,0.00192574530088964,0.000245785298194249,0.0156775412037172,0,0.185638026555102,0.203353387652933,0.227297631442387,0.93405,0.643249368508109,0.566327054396022,0.540585428493353,-0.0826688500418827,0.00528686372816234,1,1,1
"queen",1,"oracle","control_only","poisson",0.2,0.5,0.8,"Design 9","Simple Random Sampling",2,0.231727270379791,0.00492366054031552,0.00367598340893247,0.0606298887425375,0,0.32779296894633,0.376172528770693,0.471994827649707,0.93465,1,1,1,0,0,0,0,0
"queen",1,"oracle","control_only","poisson",0.2,0,0.5,"Design 1","Checkerboard",2,2.18644635287864,0.223637196215098,0,0,0,2.18644635287864,2.18644635287864,2.28650763096153,0.94,10.3569648408539,7.62211991094951,6.35301869656562,1.97533755928169,0.223682660101049,0,0,0
"queen",1,"oracle","control_only","poisson",0.2,0,0.5,"Design 2","High Incidence Focus",2,0.232268272546641,0.0214961840162548,0,0,0,0.232268272546641,0.232268272546641,0.260119739350574,0.95,1.10023021111141,0.80970503691012,0.674887209633592,0.0211594789496959,0.0219641258918311,0.5,1,1
"queen",1,"oracle","control_only","poisson",0.2,0,0.5,"Design 3","Saturation Quadrants",2,0.124625646294566,0.00151164679993236,0.000121757559839918,0.0110343808090857,0,0.151407853884823,0.164726447214889,0.19487503084372,0.93295,0.590338489321788,0.527819407162787,0.47863520529429,-0.0864831473023792,0.0047562564038607,1,1,1
"queen",1,"oracle","control_only","poisson",0.2,0,0.5,"Design 4","Isolation Buffer",2,0.160721699581037,0.00202451296226789,0.000297262705393243,0.0172413081114294,0,0.194546715190374,0.213788642875532,0.297954103597526,0.9388,0.761321671364821,0.678204790851635,0.62119212004148,-0.0503870940159077,0.00494323291641319,1,1,1
"queen",1,"oracle","control_only","poisson",0.2,0,0.5,"Design 5","2x2 Blocking",2,0.57612450232144,0.0113277160855885,0.0187627464835261,0.136977175045794,0,0.80012749239889,0.903128853560857,1.21032275040078,0.93945,2.72904075905713,2.78930589039254,2.62416431325927,0.365015708724495,0.0121923767431629,0,0,0
"queen",1,"oracle","control_only","poisson",0.2,0,0.5,"Design 6","Balanced Quartiles",2,0.216504742953188,0.00447690611277996,0.00296781458710271,0.0544776521805291,0,0.301843151815977,0.349046999482119,0.422782499669972,0.93565,1.02556004069894,1.05224840957624,1.01420376071451,0.00539594935624294,0.00635449347109325,0,0,0.5
"queen",1,"oracle","control_only","poisson",0.2,0,0.5,"Design 7","Balanced Halves",2,0.213104469205422,0.00402628300509665,0.00226853163273991,0.0476291048912312,0,0.278562728813866,0.331567355538437,0.469505757646897,0.93475,1.00945330402621,0.971091066993333,0.963414266319954,0.00199567560847752,0.00604548209563557,0.5,0.5,1
"queen",1,"oracle","control_only","poisson",0.2,0,0.5,"Design 8","Incidence-Guided Saturation Quadrants",2,0.134435245101049,0.00198699525750343,0.000401722978552119,0.0200430281782,0,0.166898231856182,0.191506842278762,0.258089357594747,0.9325,0.636805520085141,0.581820054472602,0.55644930318798,-0.0766735484958957,0.00492798631135084,1,1,1
"queen",1,"oracle","control_only","poisson",0.2,0,0.5,"Design 9","Simple Random Sampling",2,0.211108793596945,0.00450964510039539,0.00310343869976542,0.0557085155049515,0,0.286855412722872,0.344158652336504,0.580496484907488,0.9387,1,1,1,0,0,0,0,0
"queen",1,"oracle","control_only","poisson",0.2,0,0.8,"Design 1","Checkerboard",2,2.40255586180231,0.253474631570967,0,0,0,2.40255586180231,2.40255586180231,2.84210321357659,0.935,11.9070436157003,8.60367085241681,7.26670224787928,2.20077984255314,0.253510113344103,0,0,0
"queen",1,"oracle","control_only","poisson",0.2,0,0.8,"Design 2","High Incidence Focus",2,0.304127209120268,0.0301175449872013,0,0,0,0.304127209120268,0.304127209120268,0.353726592796364,0.94,1.50725150715109,1.08909451227995,0.919854522132793,0.102351189871093,0.0304147206753342,0,0.5,0.5
"queen",1,"oracle","control_only","poisson",0.2,0,0.8,"Design 3","Saturation Quadrants",2,0.126324801840611,0.001639015445559,0.000191881549241674,0.013852131577547,0,0.157597501543816,0.16987098246315,0.194038355725414,0.93335,0.626064496220488,0.564364413749398,0.513786950696925,-0.075451217408565,0.0045469868411169,1,1,1
"queen",1,"oracle","control_only","poisson",0.2,0,0.8,"Design 4","Isolation Buffer",2,0.162407052779572,0.00194226956867873,0.000206295183756522,0.0143629796266834,0,0.195208752095662,0.215114534460359,0.305578732252353,0.93615,0.804887782918415,0.699052154101505,0.650629313543602,-0.0393689664696032,0.00466488250440724,1,1,1
"queen",1,"oracle","control_only","poisson",0.2,0,0.8,"Design 5","2x2 Blocking",2,0.567811098120091,0.0102813012274646,0.014494538576864,0.120393266326917,0,0.760655932133254,0.86342393234637,1.10303013681323,0.93845,2.81406631091723,2.72394635065984,2.61148751203122,0.366035078870916,0.01112177470696,0,0,0
"queen",1,"oracle","control_only","poisson",0.2,0,0.8,"Design 6","Balanced Quartiles",2,0.207026229537557,0.00414870086044442,0.0025174037553533,0.0501737357125549,0,0.288405209105965,0.324736675125261,0.440427030530227,0.9351,1.02601999141384,1.03279325601559,0.982189327881586,0.00525021028838157,0.00593299557828603,0,0,0.5
"queen",1,"oracle","control_only","poisson",0.2,0,0.8,"Design 7","Balanced Halves",2,0.210971447537177,0.00433382375498337,0.00279112605259691,0.0528311087579743,0,0.289006762219479,0.34282138177099,0.414079180152016,0.9372,1.0455724536653,1.03494744733793,1.0368878181536,0.00919542828800166,0.00606388868975738,0,0,0
"queen",1,"oracle","control_only","poisson",0.2,0,0.8,"Design 8","Incidence-Guided Saturation Quadrants",2,0.132434521751333,0.00180652624891979,0.00028622523786357,0.0169181925117186,0,0.16807080282884,0.186253047787964,0.217309124503333,0.9333,0.656344209010232,0.60186982139763,0.563335680369927,-0.0693414974978421,0.00461001678853185,1,1,1
"queen",1,"oracle","control_only","poisson",0.2,0,0.8,"Design 9","Simple Random Sampling",2,0.201776019249176,0.00424131084719209,0.00268462614872304,0.0518133780863885,0,0.27924776563569,0.330625334553026,0.383422145764429,0.93895,1,1,1,0,0,0,0,0
"queen",1,"oracle","control_only","poisson",0.5,0.5,0.5,"Design 1","Checkerboard",2,2.20393405407877,0.226398312612603,0,0,0,2.20393405407877,2.20393405407877,2.33167712971862,0.94,9.69324726018418,6.93240403982208,5.98050327826267,1.97656607357428,0.226448368307318,0,0,0
"queen",1,"oracle","control_only","poisson",0.5,0.5,0.5,"Design 2","High Incidence Focus",2,0.286571645668332,0.0228661332223333,0.000566796733807123,0.023807493228123,0,0.311362655423836,0.311362655423836,0.37704730930336,0.9345,1.26038699482873,0.97938126883391,0.844900680237988,0.059203665163841,0.0233565323572305,0,0.5,0.5
"queen",1,"oracle","control_only","poisson",0.5,0.5,0.5,"Design 3","Saturation Quadrants",2,0.145403361399537,0.00193728479675743,0.00026218241499348,0.0161920478937496,0,0.181148504194032,0.197682263327287,0.268546362222309,0.93035,0.639506763779628,0.569796823075702,0.536422322480692,-0.0819646191049546,0.00514009995978768,1,1,1
"queen",1,"oracle","control_only","poisson",0.5,0.5,0.5,"Design 4","Isolation Buffer",2,0.163484007481522,0.00189317722605268,0.000177049529574947,0.0133059960008617,0,0.198989836704562,0.21589856783177,0.241179703970808,0.93885,0.719028277942999,0.625916163553655,0.585853324558669,-0.0638839730229697,0.00512363886530914,1,1,1
"queen",1,"oracle","control_only","poisson",0.5,0.5,0.5,"Design 5","2x2 Blocking",2,0.581578432966066,0.0119687477303592,0.021305099981932,0.14596266639772,0,0.834879157618888,0.947077286345369,1.11273729798114,0.94085,2.55787306407719,2.62608567362949,2.5699493164391,0.354210452461575,0.0128809346495446,0,0,0
"queen",1,"oracle","control_only","poisson",0.5,0.5,0.5,"Design 6","Balanced Quartiles",2,0.224579066249247,0.00438682171212281,0.00277048067316026,0.0526353557331976,0,0.304334055967929,0.348447206812275,0.495043589529089,0.93545,0.98773391816624,0.95727303416498,0.945531767969949,-0.00278891425524475,0.00647392925098923,0.5,0.5,1
"queen",1,"oracle","control_only","poisson",0.5,0.5,0.5,"Design 7","Balanced Halves",2,0.22451252403544,0.00481611871444198,0.00349883699731511,0.0591509678476617,0,0.312142819535362,0.374906605200754,0.534693145409742,0.9356,0.98744125508475,0.981835250080971,1.01733088487651,-0.00285545646905155,0.00677218979979593,1,0.5,0
"queen",1,"oracle","control_only","poisson",0.5,0.5,0.5,"Design 8","Incidence-Guided Saturation Quadrants",2,0.156061117710945,0.00207952368226159,0.000326373777437581,0.0180658179288285,0,0.19128719535836,0.213580528158963,0.25741774528854,0.93415,0.68638124578787,0.60168775168857,0.579563189045445,-0.0713068627935464,0.00519538005904752,1,1,1
"queen",1,"oracle","control_only","poisson",0.5,0.5,0.5,"Design 9","Simple Random Sampling",2,0.227367980504491,0.00476104560079631,0.00339088095953316,0.0582312713199116,0,0.317917715329145,0.368519830444607,0.505507752870569,0.9327,1,1,1,0,0,0,0,0
"queen",1,"oracle","control_only","poisson",0.5,0.5,0.8,"Design 1","Checkerboard",2,2.23672035863488,0.216956194623716,0,0,0,2.23672035863488,2.23672035863488,2.55664656422911,0.925,10.3414517822433,7.39809380680864,6.45317290071739,2.02043347689595,0.216998387569466,0,0,0
"queen",1,"oracle","control_only","poisson",0.5,0.5,0.8,"Design 2","High Incidence Focus",2,0.298785053523339,0.0223071923340988,0.00174588909978546,0.0417838377819159,0,0.326638064252211,0.326638064252211,0.40261601168725,0.93515,1.3814293826844,1.08037602058001,0.942385084678902,0.082498171784412,0.022713886765042,0,0.5,0.5
"queen",1,"oracle","control_only","poisson",0.5,0.5,0.8,"Design 3","Saturation Quadrants",2,0.143264138744,0.00193180057679433,0.00029673616380454,0.0172260315744672,0,0.178442054882909,0.196046617175521,0.239766906854837,0.933,0.66238015728078,0.590208362885901,0.565615058829491,-0.0730227429949271,0.00469485629313382,1,1,1
"queen",1,"oracle","control_only","poisson",0.5,0.5,0.8,"Design 4","Isolation Buffer",2,0.166255968056925,0.00206186306811814,0.000260478385280026,0.0161393427772021,0,0.205699034351735,0.223025810500409,0.276388770524135,0.9383,0.768682625225541,0.680362543412832,0.643452862100368,-0.0500309136820025,0.00474985278259705,1,1,1
"queen",1,"oracle","control_only","poisson",0.5,0.5,0.8,"Design 5","2x2 Blocking",2,0.582331353375584,0.0115259153281576,0.0193004518211651,0.138926066024937,0,0.766567224223842,0.92404294388797,1.22596285886581,0.93735,2.69240255670474,2.53546949315297,2.66596083930507,0.366044471636656,0.012294573855833,0,0,0
"queen",1,"oracle","control_only","poisson",0.5,0.5,0.8,"Design 6","Balanced Quartiles",2,0.217309517153592,0.0042245939035467,0.00253879232078238,0.0503864299269394,0,0.284181902441118,0.341403812958357,0.424497841615117,0.9348,1.00472814350294,0.939949584819749,0.984985818848219,0.00102263541466471,0.00601307041323809,0,1,0.5
"queen",1,"oracle","control_only","poisson",0.5,0.5,0.8,"Design 7","Balanced Halves",2,0.224274285132459,0.00462028913950343,0.00317486884844962,0.0563459745540852,0,0.307956606836409,0.359381966574791,0.471108522282398,0.9348,1.03692967104298,1.0185859206793,1.03685467821395,0.00798740339353152,0.00629737198181025,0,0.5,0.5
"queen",1,"oracle","control_only","poisson",0.5,0.5,0.8,"Design 8","Incidence-Guided Saturation Quadrants",2,0.154330974261324,0.0020072950884283,0.000275351683777132,0.0165937242286695,0,0.187937922628523,0.210052788397766,0.256425261815392,0.9312,0.713547548610055,0.621616544998563,0.606024332266501,-0.0619559074776028,0.00472642102617866,1,1,1
"queen",1,"oracle","control_only","poisson",0.5,0.5,0.8,"Design 9","Simple Random Sampling",2,0.216286881738927,0.00427899779675981,0.00263003914988344,0.0512839073188017,0,0.30233738812238,0.346607845946019,0.447856661066578,0.93535,1,1,1,0,0,0,0,0
"queen",1,"oracle","control_only","poisson",0.5,0,0.5,"Design 1","Checkerboard",2,1.89875216844753,0.1662385024781,0,0,0,1.89875216844753,1.89875216844753,1.92305657547543,0.95,8.95778091675706,6.55262311866143,5.50318197720306,1.68678536706086,0.166298723109434,0,0,0
"queen",1,"oracle","control_only","poisson",0.5,0,0.5,"Design 2","High Incidence Focus",2,0.313132199515941,0.0271399081583947,-0.000415044339851652,NA,1,0.328643287751568,0.328643287751568,0.341026077368393,0.9185,1.47727001335803,1.13415307215926,0.952511785443772,0.101165398129273,0.0275063668359384,0,0,1
"queen",1,"oracle","control_only","poisson",0.5,0,0.5,"Design 3","Saturation Quadrants",2,0.128689513908839,0.00188920485141593,0.000365497971810892,0.0191180012504156,0,0.160236615299435,0.180347776724778,0.225110812716831,0.9344,0.607121082485386,0.552979039242187,0.522704674676908,-0.0832772874778292,0.00485743725000379,1,1,1
"queen",1,"oracle","control_only","poisson",0.5,0,0.5,"Design 4","Isolation Buffer",2,0.161619341521286,0.00212939287400752,0.00036091405867397,0.0189977382515385,0,0.199745189465388,0.217606136972185,0.256517239040986,0.93935,0.762474785975856,0.689323740129007,0.630691140747051,-0.0503474598653815,0.00495579617004018,1,1,1
"queen",1,"oracle","control_only","poisson",0.5,0,0.5,"Design 5","2x2 Blocking",2,0.580939118665242,0.0115865922784148,0.0196651182518649,0.140232372339146,0,0.78810622316406,0.922195203699544,1.44401068069612,0.94015,2.7407080489246,2.71976677297919,2.67281223363232,0.368972317278574,0.0124207375905513,0,0,0
"queen",1,"oracle","control_only","poisson",0.5,0,0.5,"Design 6","Balanced Quartiles",2,0.215303767633794,0.00483066861759259,0.00364783164543879,0.0603972817719373,0,0.287935211674337,0.362141268785156,0.674209004989674,0.9364,1.01574287211628,0.993668871612968,1.04959948786228,0.00333696624712665,0.00658490402056893,0,0.5,0
"queen",1,"oracle","control_only","poisson",0.5,0,0.5,"Design 7","Balanced Halves",2,0.215059489145111,0.00443185895218372,0.00294761819197542,0.0542919717083053,0,0.289992282637542,0.341920615857165,0.577043024761317,0.9342,1.01459043462566,1.0007678553425,0.990993665254277,0.00309268775844321,0.00629817238880947,0,0.5,0.5
"queen",1,"oracle","control_only","poisson",0.5,0,0.5,"Design 8","Incidence-Guided Saturation Quadrants",2,0.137362535636939,0.00183617365464823,0.000278126193477599,0.0166771158620908,0,0.170899459892666,0.188388498950291,0.229381002359783,0.93425,0.648037969806241,0.589776680953076,0.546009220878596,-0.0746042657497288,0.00483705854390198,1,1,1
"queen",1,"oracle","control_only","poisson",0.5,0,0.5,"Design 9","Simple Random Sampling",2,0.211966801386668,0.00447499739297253,0.00304703222389872,0.0551999295642551,0,0.289769781362827,0.345028054008228,0.489149078518531,0.93905,1,1,1,0,0,0,0,0
"queen",1,"oracle","control_only","poisson",0.5,0,0.8,"Design 1","Checkerboard",2,2.20053107546806,0.189223323774652,0,0,0,2.20053107546806,2.20053107546806,2.2465002366933,0.95,10.0472661052396,7.23563085693393,6.05990281247264,1.98151318020992,0.1892880317825,0,0,0
"queen",1,"oracle","control_only","poisson",0.5,0,0.8,"Design 2","High Incidence Focus",2,0.270387093448443,0.0207881593816777,-0.000161167970358181,NA,1,0.283203656566918,0.283203656566918,0.301437803470948,0.9504,1.23454338345163,0.931210260603229,0.779896568635081,0.0513691981903002,0.0213691433203096,0,0.5,1
"queen",1,"oracle","control_only","poisson",0.5,0,0.8,"Design 3","Saturation Quadrants",2,0.13228551612994,0.0019761922291899,0.000392078004155198,0.0198009596776317,0,0.170195730286718,0.185003233519961,0.209313136458096,0.92775,0.603994098171856,0.55962557925661,0.509468658553563,-0.0867323791282027,0.00532898221920552,1,1,1
"queen",1,"oracle","control_only","poisson",0.5,0,0.8,"Design 4","Isolation Buffer",2,0.159864006413672,0.00199440564458106,0.000269511012264515,0.0164167905591963,0,0.196147701064386,0.215187483908552,0.23644382961593,0.93805,0.729912988275456,0.644959016557511,0.592591149238361,-0.0591538888444708,0.00533576326695955,1,1,1
"queen",1,"oracle","control_only","poisson",0.5,0,0.8,"Design 5","2x2 Blocking",2,0.571494403497098,0.0109774087232678,0.0171034264025362,0.13078006882754,0,0.778000155609874,0.881697007892891,1.14834739177432,0.9385,2.6093502671255,2.55816516085002,2.42804940927379,0.352476508238956,0.0120414375405752,0,0,0
"queen",1,"oracle","control_only","poisson",0.5,0,0.8,"Design 6","Balanced Quartiles",2,0.212913880381046,0.0041498095248682,0.00246768949568244,0.0496758441869128,0,0.293872919613967,0.332282987155113,0.41108316789552,0.9362,0.972130063299614,0.966292177775223,0.915053020993935,-0.00610401487709628,0.0064586093594972,1,1,1
"queen",1,"oracle","control_only","poisson",0.5,0,0.8,"Design 7","Balanced Halves",2,0.207780865247525,0.0039485803818221,0.00219426060295002,0.0468429354646997,0,0.282774472948091,0.317463276167055,0.397475088574031,0.93865,0.948693553111845,0.929799049341411,0.874241959837952,-0.0112370300106174,0.00633119284160642,1,1,1
"queen",1,"oracle","control_only","poisson",0.5,0,0.8,"Design 8","Incidence-Guided Saturation Quadrants",2,0.140106464484262,0.00195385360472829,0.000351148535297108,0.0187389576897198,0,0.177918481545741,0.197315899174761,0.232120324816672,0.93545,0.639703273192026,0.585018984481902,0.543375726743767,-0.0789114307738805,0.00532073863994537,1,1,1
"queen",1,"oracle","control_only","poisson",0.5,0,0.8,"Design 9","Simple Random Sampling",2,0.219017895258142,0.00494901159484376,0.00381644721944587,0.0617774005559142,0,0.304124287014902,0.363129763556418,0.570082157702476,0.9331,1,1,1,0,0,0,0,0
"queen",1,"oracle","control_only","spatial",0.2,0.5,0.5,"Design 1","Checkerboard",2,1.7477800158167,0.165626283683921,0,0,0,1.7477800158167,1.7477800158167,1.91385845561123,0.97,7.87883928196605,5.69280586042309,5.15900881964825,1.52594784571302,0.165681027994449,0,0,0
"queen",1,"oracle","control_only","spatial",0.2,0.5,0.5,"Design 2","High Incidence Focus",2,0.286214555419563,0.0260515156351884,0,0,0,0.286214555419563,0.286214555419563,0.306781809062824,0.96,1.29023015591374,0.932247699187422,0.844833676068353,0.0643823853158764,0.0263973229180765,0,0.5,1
"queen",1,"oracle","control_only","spatial",0.2,0.5,0.5,"Design 3","Saturation Quadrants",2,0.14229139045538,0.00191733603969212,0.000288755877441397,0.0169928184078274,0,0.178440449815839,0.192459341704309,0.244965485528997,0.9309,0.641437129650183,0.581209779981072,0.568091769153377,-0.0795407796483069,0.00467047833094694,1,1,1
"queen",1,"oracle","control_only","spatial",0.2,0.5,0.5,"Design 4","Isolation Buffer",2,0.163727957124105,0.001883882316349,0.000167309489754625,0.0129348169586827,0,0.195752860427027,0.212726043068518,0.244805639175692,0.94025,0.738071295284072,0.637599137734064,0.627913995141165,-0.0581042129795821,0.0046568447400139,1,1,1
"queen",1,"oracle","control_only","spatial",0.2,0.5,0.5,"Design 5","2x2 Blocking",2,0.598898820992818,0.0125456813308265,0.0237507272739713,0.154112709644504,0,0.80020591212415,0.966254564906236,1.41739626474176,0.9372,2.69978344760764,2.60640175815084,2.85214144644359,0.377066650889131,0.0132488229818876,0,0,0
"queen",1,"oracle","control_only","spatial",0.2,0.5,0.5,"Design 6","Balanced Quartiles",2,0.216573304905403,0.00404659712037523,0.0022430203381013,0.047360535661047,0,0.286577375966589,0.330376102674036,0.505836451281597,0.93075,0.97629349613347,0.933429465152074,0.975187501900762,-0.00525886519828381,0.00587470327807046,1,1,0.5
"queen",1,"oracle","control_only","spatial",0.2,0.5,0.5,"Design 7","Balanced Halves",2,0.221348163422566,0.00426785823038632,0.0025486090273912,0.0504837501320098,0,0.298771759955716,0.341554223729656,0.508024809597954,0.93265,0.997818140259394,0.973148571681115,1.00818251534134,-0.000484006681120613,0.00602924574266292,0.5,0.5,0.5
"queen",1,"oracle","control_only","spatial",0.2,0.5,0.5,"Design 8","Incidence-Guided Saturation Quadrants",2,0.140914460504588,0.00169332259396082,0.000115178996484749,0.0107321478038997,0,0.173494896028859,0.186087405873205,0.212101412589163,0.9345,0.635230049991047,0.565101301038199,0.54928341063376,-0.0809177095990994,0.00458307012361374,1,1,1
"queen",1,"oracle","control_only","spatial",0.2,0.5,0.5,"Design 9","Simple Random Sampling",2,0.221832170103687,0.00425877803492301,0.00254503523303253,0.0504483422228375,0,0.307015566430507,0.338782133723096,0.456399250379938,0.93375,1,1,1,0,0,0,0,0
"queen",1,"oracle","control_only","spatial",0.2,0.5,0.8,"Design 1","Checkerboard",2,2.53581876186711,0.272766873764912,0,0,0,2.53581876186711,2.53581876186711,2.63518566768481,0.91,11.2396755703723,8.13297544306042,7.14715183568526,2.31020559839187,0.272801446565997,0,0,0
"queen",1,"oracle","control_only","spatial",0.2,0.5,0.8,"Design 2","High Incidence Focus",2,0.318020890790795,0.031000194653867,0,0,0,0.318020890790795,0.318020890790795,0.335854717408258,0.935,1.40958482161299,1.01996882982179,0.896335190661706,0.0924077273155502,0.0313029374595234,0,0.5,0.5
"queen",1,"oracle","control_only","spatial",0.2,0.5,0.8,"Design 3","Saturation Quadrants",2,0.142225025384137,0.00197746249255371,0.000333396061869145,0.0182591363943957,0,0.178548288555001,0.196096710127627,0.270255474774964,0.9298,0.630393294404307,0.572646936782302,0.552694452315105,-0.0833881380911078,0.0047720208430645,1,1,1
"queen",1,"oracle","control_only","spatial",0.2,0.5,0.8,"Design 4","Isolation Buffer",2,0.162970886732276,0.00200806771739921,0.000256761527552853,0.0160237800644184,0,0.198189652358955,0.218572083602566,0.260784695088011,0.93805,0.722346534315396,0.635641474044955,0.616040819652038,-0.0626422767429688,0.00478478431852953,1,1,1
"queen",1,"oracle","control_only","spatial",0.2,0.5,0.8,"Design 5","2x2 Blocking",2,0.582996294396045,0.010926675490367,0.0167594345582598,0.129458234802811,0,0.781815748718812,0.900691529795465,1.30867131018424,0.93935,2.5840526563957,2.50746953250171,2.53858012937171,0.3573831309208,0.0117581487611346,0,0,0
"queen",1,"oracle","control_only","spatial",0.2,0.5,0.8,"Design 6","Balanced Quartiles",2,0.21928684542107,0.00423600675148379,0.00248174505824155,0.0498171161172699,0,0.298196921091578,0.335537957363375,0.4805413076084,0.9352,0.971959446174473,0.95638863191009,0.945706674299541,-0.00632631805417491,0.0060667601086413,1,1,1
"queen",1,"oracle","control_only","spatial",0.2,0.5,0.8,"Design 7","Balanced Halves",2,0.228248705416344,0.00463689046711837,0.00311972640434761,0.0558545110474312,0,0.307458695896084,0.366519287971951,0.471453944766916,0.93365,1.01168168514861,0.986093352206718,1.03302690288245,0.00263554194109869,0.00635315498167945,0,1,0
"queen",1,"oracle","control_only","spatial",0.2,0.5,0.8,"Design 8","Incidence-Guided Saturation Quadrants",2,0.145568957244462,0.00190296990544547,0.000243751377077329,0.0156125390977038,0,0.1807979801859,0.19876562451986,0.228617644220354,0.92725,0.645214822584738,0.579862234288457,0.560216731385116,-0.0800442062307833,0.0047416367931566,1,1,1
"queen",1,"oracle","control_only","spatial",0.2,0.5,0.8,"Design 9","Simple Random Sampling",2,0.225613163475245,0.00434302026442259,0.00265578579928678,0.051534316715047,0,0.311794715183954,0.354801299897665,0.461079341052788,0.93425,1,1,1,0,0,0,0,0
"queen",1,"oracle","control_only","spatial",0.2,0,0.5,"Design 1","Checkerboard",2,2.1874301903882,0.216457934295028,0,0,0,2.1874301903882,2.1874301903882,2.2810320264803,0.935,10.3869361037349,7.54741842208703,6.11671336783951,1.97683582757108,0.216506630186256,0,0,0
"queen",1,"oracle","control_only","spatial",0.2,0,0.5,"Design 2","High Incidence Focus",2,0.37603139318267,0.0374196369649069,0,0,0,0.37603139318267,0.37603139318267,0.434510721907039,0.92,1.78557197900503,1.29744312603012,1.05149698468757,0.165437030365549,0.0377003027298559,0,0,0.5
"queen",1,"oracle","control_only","spatial",0.2,0,0.5,"Design 3","Saturation Quadrants",2,0.13034275898545,0.00165327026887112,0.000190930445395352,0.0138177583346703,0,0.160221998206479,0.175277681772287,0.211085269255505,0.9321,0.618928053162746,0.55282333863764,0.490129167957674,-0.0802516038316716,0.00488025592764176,1,1,1
"queen",1,"oracle","control_only","spatial",0.2,0,0.5,"Design 4","Isolation Buffer",2,0.162000326510316,0.00200364038530644,0.000256911861679836,0.0160284703474735,0,0.1974547213129,0.216499449883334,0.245996023972663,0.9374,0.769252910397207,0.681289582503458,0.605397641968299,-0.0485940363068055,0.00500980739459915,1,1,1
"queen",1,"oracle","control_only","spatial",0.2,0,0.5,"Design 5","2x2 Blocking",2,0.57730282060712,0.0113160827946095,0.0186799906395876,0.136674762262781,0,0.810776675008972,0.907510702728137,1.10580947775457,0.9397,2.74130234487067,2.79747021872967,2.53767314322817,0.366708457789998,0.0122121793776462,0,0,0
"queen",1,"oracle","control_only","spatial",0.2,0,0.5,"Design 6","Balanced Quartiles",2,0.213434039600654,0.00472468148247414,0.00345719550709886,0.058797920941976,0,0.298952696440248,0.352395802374682,0.49754576315741,0.93835,1.01348410634333,1.03149398703567,0.985404756973391,0.00283967678353181,0.00658833897489977,0.5,0,1
"queen",1,"oracle","control_only","spatial",0.2,0,0.5,"Design 7","Balanced Halves",2,0.213182635340698,0.00426200776140352,0.00265152236498001,0.0514929350977395,0,0.287705517568801,0.335670415637348,0.442516758034544,0.9348,1.01229032196756,0.99268718744779,0.938635540251379,0.00258827252357618,0.00626484680543852,0.5,0.5,1
"queen",1,"oracle","control_only","spatial",0.2,0,0.5,"Design 8","Incidence-Guided Saturation Quadrants",2,0.126545456613353,0.00167294876986972,0.000209273621949554,0.0144662926124683,0,0.157298227305302,0.17344228282723,0.232289060342162,0.93345,0.600896695051821,0.542735280761111,0.48499683993556,-0.0840489062037692,0.00488695743013564,1,1,1
"queen",1,"oracle","control_only","spatial",0.2,0,0.5,"Design 9","Simple Random Sampling",2,0.210594362817122,0.00459168763499319,0.00323236039521896,0.0568538511907414,0,0.289824953123949,0.357615284359945,0.491026992201959,0.9335,1,1,1,0,0,0,0,0
"queen",1,"oracle","control_only","spatial",0.2,0,0.8,"Design 1","Checkerboard",2,1.94238041444553,0.200269506360999,0,0,0,1.94238041444553,1.94238041444553,2.16058860196108,0.95,9.25616324388959,6.63667123680156,5.54971193595475,1.73253316313135,0.200322626534314,0,0,0
"queen",1,"oracle","control_only","spatial",0.2,0,0.8,"Design 2","High Incidence Focus",2,0.257170687536917,0.0234663732042418,0,0,0,0.257170687536917,0.257170687536917,0.298631751725798,0.97,1.22551372927869,0.878693633971771,0.73478049077669,0.0473234362227417,0.023915480235378,0,0.5,1
"queen",1,"oracle","control_only","spatial",0.2,0,0.8,"Design 3","Saturation Quadrants",2,0.128190128523825,0.00172509224950812,0.000241841060476022,0.0155512398372613,0,0.159819693963694,0.176917070285397,0.20147465752604,0.93325,0.610873517384814,0.546067473763142,0.505482226517037,-0.0816571227903499,0.00492498393878718,1,1,1
"queen",1,"oracle","control_only","spatial",0.2,0,0.8,"Design 4","Isolation Buffer",2,0.159727794982061,0.00216329948757948,0.000412125156936675,0.0203008659159326,0,0.197289110720625,0.220208052311505,0.269419708265323,0.94145,0.761162197654534,0.674091932103574,0.629171941406425,-0.0501194563321144,0.00509503564275662,1,1,1
"queen",1,"oracle","control_only","spatial",0.2,0,0.8,"Design 5","2x2 Blocking",2,0.549984380430295,0.0103017288309435,0.014627830081521,0.120945566605482,0,0.740677600730915,0.845377973191012,0.944969826772213,0.93775,2.62087960164358,2.53072657238323,2.41538896980212,0.34013712911612,0.0112873885568935,0,0,0
"queen",1,"oracle","control_only","spatial",0.2,0,0.8,"Design 6","Balanced Quartiles",2,0.217085547343363,0.00492408016183999,0.00383419140840041,0.061920847930244,0,0.293706509852379,0.368312227466916,0.462589694583234,0.9361,1.03449316578539,1.00352821285787,1.05233081518417,0.00723829602918749,0.00674730234747376,0,0.5,0.5
"queen",1,"oracle","control_only","spatial",0.2,0,0.8,"Design 7","Balanced Halves",2,0.217526099451523,0.00444717881701001,0.00291466556399259,0.0539876426971264,0,0.294724174945342,0.341061844668145,0.471078615653129,0.9341,1.03659256001334,1.00700534256992,0.974471826515952,0.00767884813734784,0.00640756763198495,0,0.5,0.5
"queen",1,"oracle","control_only","spatial",0.2,0,0.8,"Design 8","Incidence-Guided Saturation Quadrants",2,0.12703853277936,0.00152382968617584,0.000114951199996198,0.010721529741422,0,0.153095181746933,0.16946614291591,0.23570386737432,0.9367,0.60538573645248,0.52309134793393,0.48419365696143,-0.0828087185348147,0.00485814578213432,1,1,1
"queen",1,"oracle","control_only","spatial",0.2,0,0.8,"Design 9","Simple Random Sampling",2,0.209847251314175,0.00461297339337641,0.00327896026916889,0.0572622062897413,0,0.292673894056206,0.349996619078819,0.46016621077406,0.9337,1,1,1,0,0,0,0,0
"queen",1,"oracle","control_only","spatial",0.5,0.5,0.5,"Design 1","Checkerboard",2,2.26793618946818,0.190077800231756,0,0,0,2.26793618946818,2.26793618946818,2.3735632033632,0.975,10.3127787039152,7.95052394293017,6.56391252401585,2.048021047819,0.190128941836467,0,0,0
"queen",1,"oracle","control_only","spatial",0.5,0.5,0.5,"Design 2","High Incidence Focus",2,0.326048741773862,0.030356235520176,0,0,0,0.326048741773862,0.326048741773862,0.34768940489434,0.945,1.48261160795371,1.14300320267971,0.943657687331545,0.10613360012468,0.0306748336241286,0,0,1
"queen",1,"oracle","control_only","spatial",0.5,0.5,0.5,"Design 3","Saturation Quadrants",2,0.14479695961714,0.00192135529088935,0.00026655943492777,0.0163266480003634,0,0.181071010771257,0.196204079315276,0.250699070920092,0.9275,0.658421964632734,0.634766274815266,0.567858310767789,-0.0751181820320415,0.00480998846832364,1,1,1
"queen",1,"oracle","control_only","spatial",0.5,0.5,0.5,"Design 4","Isolation Buffer",2,0.161891640318492,0.00187791410072106,0.000173574104518467,0.0131747525410714,0,0.19576333200488,0.214744776397238,0.284972293919364,0.93955,0.736155041914981,0.686271979555811,0.621519218136094,-0.0580235013306894,0.00479280129791179,1,1,1
"queen",1,"oracle","control_only","spatial",0.5,0.5,0.5,"Design 5","2x2 Blocking",2,0.58875304070733,0.01159503612805,0.019390538856866,0.139249915105418,0,0.815807189089977,0.921078541275525,1.32157802040236,0.9405,2.67718282739501,2.85991053002042,2.66580647231455,0.368837899058148,0.0124052104263637,0,0,0
"queen",1,"oracle","control_only","spatial",0.5,0.5,0.5,"Design 6","Balanced Quartiles",2,0.229332430659377,0.00470120745085319,0.00325577567329277,0.0570594047751357,0,0.318110526212467,0.368742614869541,0.475866401212811,0.9332,1.04282237657477,1.11517483026866,1.06722326629838,0.00941728901019545,0.00644559806437971,0,0,0
"queen",1,"oracle","control_only","spatial",0.5,0.5,0.5,"Design 7","Balanced Halves",2,0.230838175743427,0.00486078132805676,0.00354824216534619,0.0595671231917926,0,0.324315555400785,0.37582234147705,0.465743443827804,0.93375,1.04966931341031,1.13692730873671,1.08771357213742,0.0109230340942457,0.00656289402860988,0,0,0.5
"queen",1,"oracle","control_only","spatial",0.5,0.5,0.5,"Design 8","Incidence-Guided Saturation Quadrants",2,0.147300947262717,0.00189114040926484,0.000223690310781991,0.0149562799780558,0,0.185450451001915,0.199115505552763,0.234112398430231,0.9306,0.669808118522815,0.650118930931506,0.576284626830709,-0.0726141943864649,0.00479799905785029,1,1,1
"queen",1,"oracle","control_only","spatial",0.5,0.5,0.5,"Design 9","Simple Random Sampling",2,0.219915141649182,0.00440957854126422,0.00280324251885862,0.0529456562794212,0,0.285256192641856,0.345515907040248,0.537269503722143,0.9338,1,1,1,0,0,0,0,0
"queen",1,"oracle","control_only","spatial",0.5,0.5,0.8,"Design 1","Checkerboard",2,2.16022410075125,0.201275695452502,0,0,0,2.16022410075125,2.16022410075125,2.30102262433671,0.94,9.93918712124379,7.22346929547528,6.22783989532649,1.94287995837828,0.201321818977844,0,0,0
"queen",1,"oracle","control_only","spatial",0.5,0.5,0.8,"Design 2","High Incidence Focus",2,0.353896177783067,0.0334669093360902,0,0,0,0.353896177783067,0.353896177783067,0.418047071945482,0.92,1.62827566420336,1.18337637891968,1.02026856104164,0.136552035410092,0.033743195420251,0,0.5,0.5
"queen",1,"oracle","control_only","spatial",0.5,0.5,0.8,"Design 3","Saturation Quadrants",2,0.145262795816496,0.00189417125353747,0.000240706025389424,0.0155147035224468,0,0.180009350214863,0.197256187016004,0.2227116451818,0.92775,0.668353856839705,0.60192459371383,0.568681717175098,-0.0720813465564792,0.00470713303369392,1,1,1
"queen",1,"oracle","control_only","spatial",0.5,0.5,0.8,"Design 4","Isolation Buffer",2,0.167501694736369,0.00201683886203569,0.000242417365861145,0.0155697580540336,0,0.20490847682947,0.221153719159479,0.25392333807465,0.9385,0.77067498993797,0.685183583613172,0.637577348897392,-0.0498424476366059,0.00475782047313497,1,1,1
"queen",1,"oracle","control_only","spatial",0.5,0.5,0.8,"Design 5","2x2 Blocking",2,0.587095758800031,0.0115838760030309,0.0193911660926731,0.139252167281781,0,0.817591340282906,0.923960305673206,1.18378032667767,0.94085,2.70122650829273,2.733904292951,2.66374069772137,0.369751616427056,0.0123594255494646,0,0,0
"queen",1,"oracle","control_only","spatial",0.5,0.5,0.8,"Design 6","Balanced Quartiles",2,0.214320775920407,0.00392274388488226,0.00207363857559373,0.0455372218695182,0,0.285550769624394,0.328308449362813,0.371783799451479,0.93795,0.986089496502831,0.954839461315063,0.94650016088768,-0.0030233664525684,0.00582727519905711,1,1,1
"queen",1,"oracle","control_only","spatial",0.5,0.5,0.8,"Design 7","Balanced Halves",2,0.223745682554517,0.00410969996570979,0.00225814756410758,0.0475199701610552,0,0.300380151599245,0.333154494815675,0.452251748849776,0.93115,1.02945347462163,1.00442671725252,0.960471116584083,0.00640154018154201,0.00595473345056854,0,0.5,0.5
"queen",1,"oracle","control_only","spatial",0.5,0.5,0.8,"Design 8","Incidence-Guided Saturation Quadrants",2,0.149142424307855,0.00198693037465661,0.000286353155522406,0.0169219725659394,0,0.182675190217973,0.208315408338684,0.250204083929843,0.928000000000001,0.686204020405197,0.610838767665697,0.600565011015157,-0.06820171806512,0.00474521959164146,1,1,1
"queen",1,"oracle","control_only","spatial",0.5,0.5,0.8,"Design 9","Simple Random Sampling",2,0.217344142372975,0.0043092013945933,0.00265368285842553,0.0515139093684952,0,0.299056313855227,0.34686570898721,0.439662690303094,0.9363,1,1,1,0,0,0,0,0
"queen",1,"oracle","control_only","spatial",0.5,0,0.5,"Design 1","Checkerboard",2,1.95531312653078,0.212919121294279,0,0,0,1.95531312653078,1.95531312653078,2.0854788170687,0.955,9.19185666542509,6.79318767451917,5.7385982031996,1.74259080092211,0.212963310164947,0,0,0
"queen",1,"oracle","control_only","spatial",0.5,0,0.5,"Design 2","High Incidence Focus",2,0.298768582021378,0.0302149104352884,0,0,0,0.298768582021378,0.298768582021378,0.38126877555466,0.94,1.40450035588178,1.03798773781169,0.876848226862953,0.0860462564127079,0.030524745310913,0,0.5,0.5
"queen",1,"oracle","control_only","spatial",0.5,0,0.5,"Design 3","Saturation Quadrants",2,0.128159775625803,0.00175798822856095,0.000259155524954032,0.0160983081394919,0,0.159374529837703,0.17718726506136,0.195628948018486,0.93335,0.602474494668552,0.553702154931411,0.520022346863209,-0.0845625499828675,0.00468078906760043,1,1,1
"queen",1,"oracle","control_only","spatial",0.5,0,0.5,"Design 4","Isolation Buffer",2,0.164343820659901,0.0018747245599765,0.000168490292425013,0.0129803810585442,0,0.198697977839298,0.216315553632841,0.244872233161857,0.93575,0.772574388652708,0.690320458495913,0.634858954588013,-0.0483785049487695,0.00472587091014852,1,1,1
"queen",1,"oracle","control_only","spatial",0.5,0,0.5,"Design 5","2x2 Blocking",2,0.582520424139015,0.0122046610165176,0.022798219211748,0.150990791811117,0,0.813479707858132,0.956606722143084,1.23759773615344,0.9391,2.73840755770335,2.82620734751474,2.8075204643048,0.369798098530345,0.0129527222703073,0,0,0
"queen",1,"oracle","control_only","spatial",0.5,0,0.5,"Design 6","Balanced Quartiles",2,0.211035675554073,0.00455408300966499,0.00316515479088513,0.056259708414505,0,0.29488621626708,0.349627166193398,0.521953903779105,0.93815,0.99207111877058,1.02449954564839,1.02611177743537,-0.00168665005459726,0.00628958947329062,0.5,0,0
"queen",1,"oracle","control_only","spatial",0.5,0,0.5,"Design 7","Balanced Halves",2,0.212341907042034,0.00444429767481319,0.00300138395647257,0.0547848880301181,0,0.294732238318783,0.345591735733802,0.566894355021802,0.9368,0.998211666003803,1.02396459240417,1.01426829637325,-0.000380418566636176,0.00621055919430439,0.5,0.5,0.5
"queen",1,"oracle","control_only","spatial",0.5,0,0.5,"Design 8","Incidence-Guided Saturation Quadrants",2,0.130242972224655,0.00174814740342476,0.000247638376577364,0.0157365300043359,0,0.163525586759522,0.180537366431155,0.223520392827603,0.93195,0.612267526936751,0.568123839282074,0.529854473206753,-0.0824793533840154,0.00467710199030442,1,1,1
"queen",1,"oracle","control_only","spatial",0.5,0,0.5,"Design 9","Simple Random Sampling",2,0.21272232560867,0.00433811752763902,0.00278628593111274,0.0527852813870755,0,0.287834404143586,0.340730097716299,0.483715417065178,0.93455,1,1,1,0,0,0,0,0
"queen",1,"oracle","control_only","spatial",0.5,0,0.8,"Design 1","Checkerboard",2,2.03825220970589,0.203097058861538,0,0,0,2.03825220970589,2.03825220970589,2.24073485538961,0.945,9.54108469976549,6.92713056741914,5.95808656222679,1.82462322790301,0.203142554047069,0,0,0
"queen",1,"oracle","control_only","spatial",0.5,0,0.8,"Design 2","High Incidence Focus",2,0.333076782503297,0.0316581664552856,0,0,0,0.333076782503297,0.333076782503297,0.382703813783401,0.935,1.55913668497771,1.13198275973371,0.973628431541839,0.119447800700422,0.0319487315846832,0,0.5,0.5
"queen",1,"oracle","control_only","spatial",0.5,0,0.8,"Design 3","Saturation Quadrants",2,0.126190646398655,0.00196749003249602,0.00041601982956641,0.0203965641608191,0,0.160513434952388,0.182959870587586,0.255913137977822,0.9327,0.590700032054159,0.54551518033216,0.534816418293961,-0.087438335404219,0.00472789208712855,1,1,1
"queen",1,"oracle","control_only","spatial",0.5,0,0.8,"Design 4","Isolation Buffer",2,0.161939871852707,0.0019848584991183,0.000263080931783197,0.0162197697820653,0,0.194058427324876,0.219518863166199,0.270180953125778,0.9389,0.758042614284127,0.659519983535998,0.641683292458965,-0.0516891099501673,0.004735146230169,1,1,1
"queen",1,"oracle","control_only","spatial",0.5,0,0.8,"Design 5","2x2 Blocking",2,0.588663666911363,0.0128006826122417,0.0254859125243492,0.15964307853568,0,0.787058261866984,0.974941362124266,1.59039465518133,0.9377,2.75554216447351,2.6748678687341,2.8498853090756,0.375034685108489,0.0135033115160285,0,0,0
"queen",1,"oracle","control_only","spatial",0.5,0,0.8,"Design 6","Balanced Quartiles",2,0.213907500029199,0.00423093641919172,0.00262758560571886,0.0512599805473906,0,0.296768008125942,0.333495741806362,0.383378654518422,0.9315,1.00130374738471,1.00858506652518,0.974853106183097,0.000278518226324492,0.00603181312233763,0.5,0.5,0.5
"queen",1,"oracle","control_only","spatial",0.5,0,0.8,"Design 7","Balanced Halves",2,0.206319197634067,0.00399755880029293,0.00227398963619753,0.0476863674040866,0,0.281412464968956,0.322107261982884,0.414856940719104,0.9355,0.965782806681387,0.956398270467478,0.941563041157116,-0.00730978416880737,0.00587047041738233,1,1,1
"queen",1,"oracle","control_only","spatial",0.5,0,0.8,"Design 8","Incidence-Guided Saturation Quadrants",2,0.129708357633764,0.00173785985525791,0.00025351180838312,0.0159220541508663,0,0.161649178911919,0.177188885552233,0.211468584545849,0.93155,0.60716648340089,0.549375078857655,0.517947049416931,-0.0839206241691104,0.00463703606154606,1,1,1
"queen",1,"oracle","control_only","spatial",0.5,0,0.8,"Design 9","Simple Random Sampling",2,0.213628981802874,0.00429906345144632,0.00270748921053279,0.052033539285088,0,0.294241921654045,0.342098455337665,0.43902759620078,0.93805,1,1,1,0,0,0,0,0
