"Incidence_Mode","Rho_Incidence","Surface","Neighbor_Type","Rho","Gamma","Spillover_Type","True_Tau","Estimator","Design","Design_Name","Q90_Estimated","Q90_Half1","Q90_Half2","Worst10_Mean_Estimated","Worst10_Half1","Worst10_Half2","Tail_Half_Jaccard","Tail_Half_Rank_Cor","Tail_Boundary_Uncertain","Cross_Selected_Worst10","Half_Selected_Worst10","Selection_Noise_Optimism","Q90_Half_Absolute_Difference","Worst10_Half_Absolute_Difference"
"iid",0,1,"queen",0,0.5,"control_only",1,"oracle","Design 1","Design 1: Checkerboard",2.49962282190557,2.69064020187907,2.30860544193208,2.49962282190557,2.69064020187907,2.30860544193208,1,NA,FALSE,2.49962282190557,2.49962282190557,0,0.38203475994699,0.38203475994699
"spatial",0.2,1,"queen",0,0.5,"control_only",1,"oracle","Design 1","Design 1: Checkerboard",2.2810320264803,2.26449096896191,2.29757308399868,2.2810320264803,2.26449096896191,2.29757308399868,1,NA,FALSE,2.2810320264803,2.2810320264803,0,0.0330821150367755,0.0330821150367755
"spatial",0.5,1,"queen",0,0.5,"control_only",1,"oracle","Design 1","Design 1: Checkerboard",1.82514743599286,2.00648392628612,1.64381094569961,1.82514743599286,2.00648392628612,1.64381094569961,1,NA,FALSE,1.82514743599286,1.82514743599286,0,0.362672980586508,0.362672980586508
"poisson",0.2,1,"queen",0,0.5,"control_only",1,"oracle","Design 1","Design 1: Checkerboard",2.28650763096153,2.22610560523078,2.34690965669228,2.28650763096153,2.22610560523078,2.34690965669228,1,NA,FALSE,2.28650763096153,2.28650763096153,0,0.120804051461496,0.120804051461496
"poisson",0.5,1,"queen",0,0.5,"control_only",1,"oracle","Design 1","Design 1: Checkerboard",1.92305657547543,1.97632466795834,1.86978848299251,1.92305657547543,1.97632466795834,1.86978848299251,1,NA,FALSE,1.92305657547543,1.92305657547543,0,0.106536184965825,0.106536184965825
"iid",0,2,"queen",0,0.5,"control_only",1,"oracle","Design 1","Design 1: Checkerboard",2.06665527161316,2.35644043685394,1.77687010637238,2.06665527161316,2.35644043685394,1.77687010637238,1,NA,FALSE,2.06665527161316,2.06665527161316,0,0.579570330481557,0.579570330481557
"spatial",0.2,2,"queen",0,0.5,"control_only",1,"oracle","Design 1","Design 1: Checkerboard",2.09382835429611,2.20114762650759,1.98650908208463,2.09382835429611,2.20114762650759,1.98650908208463,1,NA,FALSE,2.09382835429611,2.09382835429611,0,0.214638544422959,0.214638544422959
"spatial",0.5,2,"queen",0,0.5,"control_only",1,"oracle","Design 1","Design 1: Checkerboard",2.0854788170687,1.86149392694108,2.30946370719632,2.0854788170687,1.86149392694108,2.30946370719632,1,NA,FALSE,2.0854788170687,2.0854788170687,0,0.447969780255238,0.447969780255238
"poisson",0.2,2,"queen",0,0.5,"control_only",1,"oracle","Design 1","Design 1: Checkerboard",2.08638507479575,1.63245974874813,2.54031040084336,2.08638507479575,1.63245974874813,2.54031040084336,1,NA,FALSE,2.08638507479575,2.08638507479575,0,0.907850652095236,0.907850652095236
"poisson",0.5,2,"queen",0,0.5,"control_only",1,"oracle","Design 1","Design 1: Checkerboard",1.87444776141963,1.65930795720964,2.08958756562962,1.87444776141963,1.65930795720964,2.08958756562962,1,NA,FALSE,1.87444776141963,1.87444776141963,0,0.430279608419979,0.430279608419979
"iid",0,1,"queen",0.5,0.5,"control_only",1,"oracle","Design 1","Design 1: Checkerboard",1.57297024111706,1.12674940998289,2.01919107225123,1.57297024111706,1.12674940998289,2.01919107225123,1,NA,FALSE,1.57297024111706,1.57297024111706,0,0.892441662268346,0.892441662268346
"spatial",0.2,1,"queen",0.5,0.5,"control_only",1,"oracle","Design 1","Design 1: Checkerboard",1.58170157602218,1.57067106015822,1.59273209188613,1.58170157602218,1.57067106015822,1.59273209188613,1,NA,FALSE,1.58170157602218,1.58170157602218,0,0.0220610317279066,0.0220610317279066
"spatial",0.5,1,"queen",0.5,0.5,"control_only",1,"oracle","Design 1","Design 1: Checkerboard",2.16230917557316,2.23452108979584,2.09009726135047,2.16230917557316,2.23452108979584,2.09009726135047,1,NA,FALSE,2.16230917557316,2.16230917557316,0,0.144423828445375,0.144423828445375
"poisson",0.2,1,"queen",0.5,0.5,"control_only",1,"oracle","Design 1","Design 1: Checkerboard",1.95664963120834,1.91160013820466,2.00169912421202,1.95664963120834,1.91160013820466,2.00169912421202,1,NA,FALSE,1.95664963120834,1.95664963120834,0,0.0900989860073558,0.0900989860073558
"poisson",0.5,1,"queen",0.5,0.5,"control_only",1,"oracle","Design 1","Design 1: Checkerboard",2.33167712971862,2.56032071191907,2.10303354751818,2.33167712971862,2.56032071191907,2.10303354751818,1,NA,FALSE,2.33167712971862,2.33167712971862,0,0.45728716440089,0.45728716440089
"iid",0,2,"queen",0.5,0.5,"control_only",1,"oracle","Design 1","Design 1: Checkerboard",2.0132884709493,2.2353371997585,1.79123974214009,2.0132884709493,2.2353371997585,1.79123974214009,1,NA,FALSE,2.0132884709493,2.0132884709493,0,0.444097457618409,0.444097457618409
"spatial",0.2,2,"queen",0.5,0.5,"control_only",1,"oracle","Design 1","Design 1: Checkerboard",1.91385845561123,1.8557098965737,1.97200701464877,1.91385845561123,1.8557098965737,1.97200701464877,1,NA,FALSE,1.91385845561123,1.91385845561123,0,0.116297118075073,0.116297118075073
"spatial",0.5,2,"queen",0.5,0.5,"control_only",1,"oracle","Design 1","Design 1: Checkerboard",2.3735632033632,2.56374955166769,2.18337685505872,2.3735632033632,2.56374955166769,2.18337685505872,1,NA,FALSE,2.3735632033632,2.3735632033632,0,0.380372696608971,0.380372696608971
"poisson",0.2,2,"queen",0.5,0.5,"control_only",1,"oracle","Design 1","Design 1: Checkerboard",1.99702885843335,1.90417171454583,2.08988600232087,1.99702885843335,1.90417171454583,2.08988600232087,1,NA,FALSE,1.99702885843335,1.99702885843335,0,0.185714287775043,0.185714287775043
"poisson",0.5,2,"queen",0.5,0.5,"control_only",1,"oracle","Design 1","Design 1: Checkerboard",2.07619097843892,1.62360402047531,2.52877793640253,2.07619097843892,1.62360402047531,2.52877793640253,1,NA,FALSE,2.07619097843892,2.07619097843892,0,0.905173915927219,0.905173915927219
"iid",0,1,"queen",0,0.8,"control_only",1,"oracle","Design 1","Design 1: Checkerboard",1.74834233287646,1.683990639009,1.81269402674391,1.74834233287646,1.683990639009,1.81269402674391,1,NA,FALSE,1.74834233287646,1.74834233287646,0,0.128703387734908,0.128703387734908
"spatial",0.2,1,"queen",0,0.8,"control_only",1,"oracle","Design 1","Design 1: Checkerboard",1.72417222692998,1.8269779251369,1.62136652872305,1.72417222692998,1.8269779251369,1.62136652872305,1,NA,FALSE,1.72417222692998,1.72417222692998,0,0.205611396413849,0.205611396413849
"spatial",0.5,1,"queen",0,0.8,"control_only",1,"oracle","Design 1","Design 1: Checkerboard",2.24073485538961,1.96449091832158,2.51697879245763,2.24073485538961,1.96449091832158,2.51697879245763,1,NA,FALSE,2.24073485538961,2.24073485538961,0,0.55248787413605,0.55248787413605
"poisson",0.2,1,"queen",0,0.8,"control_only",1,"oracle","Design 1","Design 1: Checkerboard",2.84210321357659,2.89056814776245,2.79363827939072,2.84210321357659,2.89056814776245,2.79363827939072,1,NA,FALSE,2.84210321357659,2.84210321357659,0,0.0969298683717281,0.0969298683717281
"poisson",0.5,1,"queen",0,0.8,"control_only",1,"oracle","Design 1","Design 1: Checkerboard",2.2465002366933,2.05999282578461,2.43300764760199,2.2465002366933,2.05999282578461,2.43300764760199,1,NA,FALSE,2.2465002366933,2.2465002366933,0,0.373014821817381,0.373014821817381
"iid",0,2,"queen",0,0.8,"control_only",1,"oracle","Design 1","Design 1: Checkerboard",1.90616837482212,1.70900199410431,2.10333475553993,1.90616837482212,1.70900199410431,2.10333475553993,1,NA,FALSE,1.90616837482212,1.90616837482212,0,0.39433276143562,0.39433276143562
"spatial",0.2,2,"queen",0,0.8,"control_only",1,"oracle","Design 1","Design 1: Checkerboard",2.16058860196108,2.41068725901827,1.9104899449039,2.16058860196108,2.41068725901827,1.9104899449039,1,NA,FALSE,2.16058860196108,2.16058860196108,0,0.500197314114365,0.500197314114365
"spatial",0.5,2,"queen",0,0.8,"control_only",1,"oracle","Design 1","Design 1: Checkerboard",1.83576956402216,1.42086670263718,2.25067242540715,1.83576956402216,1.42086670263718,2.25067242540715,1,NA,FALSE,1.83576956402216,1.83576956402216,0,0.829805722769966,0.829805722769966
"poisson",0.2,2,"queen",0,0.8,"control_only",1,"oracle","Design 1","Design 1: Checkerboard",1.96300851002804,1.97457155508757,1.9514454649685,1.96300851002804,1.97457155508757,1.9514454649685,1,NA,FALSE,1.96300851002804,1.96300851002804,0,0.0231260901190642,0.0231260901190642
"poisson",0.5,2,"queen",0,0.8,"control_only",1,"oracle","Design 1","Design 1: Checkerboard",2.15456191424281,2.1640635773364,2.14506025114922,2.15456191424281,2.1640635773364,2.14506025114922,1,NA,FALSE,2.15456191424281,2.15456191424281,0,0.0190033261871814,0.0190033261871814
"iid",0,1,"queen",0.5,0.8,"control_only",1,"oracle","Design 1","Design 1: Checkerboard",1.72757552717905,1.97707396670466,1.47807708765345,1.72757552717905,1.97707396670466,1.47807708765345,1,NA,FALSE,1.72757552717905,1.72757552717905,0,0.498996879051203,0.498996879051203
"spatial",0.2,1,"queen",0.5,0.8,"control_only",1,"oracle","Design 1","Design 1: Checkerboard",2.63518566768481,2.56673342378607,2.70363791158355,2.63518566768481,2.56673342378607,2.70363791158355,1,NA,FALSE,2.63518566768481,2.63518566768481,0,0.136904487797473,0.136904487797473
"spatial",0.5,1,"queen",0.5,0.8,"control_only",1,"oracle","Design 1","Design 1: Checkerboard",2.01942557716579,1.7215300747829,2.31732107954869,2.01942557716579,1.7215300747829,2.31732107954869,1,NA,FALSE,2.01942557716579,2.01942557716579,0,0.59579100476579,0.59579100476579
"poisson",0.2,1,"queen",0.5,0.8,"control_only",1,"oracle","Design 1","Design 1: Checkerboard",2.30209654222037,2.1315754790216,2.47261760541914,2.30209654222037,2.1315754790216,2.47261760541914,1,NA,FALSE,2.30209654222037,2.30209654222037,0,0.341042126397548,0.341042126397548
"poisson",0.5,1,"queen",0.5,0.8,"control_only",1,"oracle","Design 1","Design 1: Checkerboard",1.91679415304064,1.84735868815669,1.98622961792459,1.91679415304064,1.84735868815669,1.98622961792459,1,NA,FALSE,1.91679415304064,1.91679415304064,0,0.138870929767893,0.138870929767893
"iid",0,2,"queen",0.5,0.8,"control_only",1,"oracle","Design 1","Design 1: Checkerboard",2.50519850501346,1.98955456953033,3.02084244049659,2.50519850501346,1.98955456953033,3.02084244049659,1,NA,FALSE,2.50519850501346,2.50519850501346,0,1.03128787096625,1.03128787096625
"spatial",0.2,2,"queen",0.5,0.8,"control_only",1,"oracle","Design 1","Design 1: Checkerboard",2.43645185604942,2.10578784282901,2.76711586926982,2.43645185604942,2.10578784282901,2.76711586926982,1,NA,FALSE,2.43645185604942,2.43645185604942,0,0.661328026440809,0.661328026440809
"spatial",0.5,2,"queen",0.5,0.8,"control_only",1,"oracle","Design 1","Design 1: Checkerboard",2.30102262433671,2.81665044823282,1.7853948004406,2.30102262433671,2.81665044823282,1.7853948004406,1,NA,FALSE,2.30102262433671,2.30102262433671,0,1.03125564779222,1.03125564779222
"poisson",0.2,2,"queen",0.5,0.8,"control_only",1,"oracle","Design 1","Design 1: Checkerboard",2.92282731898801,3.3611690965346,2.48448554144143,2.92282731898801,3.3611690965346,2.48448554144143,1,NA,FALSE,2.92282731898801,2.92282731898801,0,0.876683555093165,0.876683555093165
"poisson",0.5,2,"queen",0.5,0.8,"control_only",1,"oracle","Design 1","Design 1: Checkerboard",2.55664656422911,2.48876182771864,2.62453130073959,2.55664656422911,2.48876182771864,2.62453130073959,1,NA,FALSE,2.55664656422911,2.55664656422911,0,0.135769473020944,0.135769473020944
"iid",0,1,"queen",0,0.5,"both",1,"oracle","Design 1","Design 1: Checkerboard",0.0622583753040828,0.0536685383078554,0.0708482123003102,0.0622583753040828,0.0536685383078554,0.0708482123003102,1,NA,FALSE,0.0622583753040828,0.0622583753040828,0,0.0171796739924548,0.0171796739924548
"spatial",0.2,1,"queen",0,0.5,"both",1,"oracle","Design 1","Design 1: Checkerboard",0.070042603620708,0.0466927976369298,0.0933924096044863,0.070042603620708,0.0466927976369298,0.0933924096044863,1,NA,FALSE,0.070042603620708,0.070042603620708,0,0.0466996119675566,0.0466996119675566
"spatial",0.5,1,"queen",0,0.5,"both",1,"oracle","Design 1","Design 1: Checkerboard",0.0533643708332969,0.0541731201434146,0.0525556215231792,0.0533643708332969,0.0541731201434146,0.0525556215231792,1,NA,FALSE,0.0533643708332969,0.0533643708332969,0,0.00161749862023533,0.00161749862023533
"poisson",0.2,1,"queen",0,0.5,"both",1,"oracle","Design 1","Design 1: Checkerboard",0.0461372631485093,0.0469611936323317,0.0453133326646869,0.0461372631485093,0.0469611936323317,0.0453133326646869,1,NA,FALSE,0.0461372631485093,0.0461372631485093,0,0.00164786096764484,0.00164786096764484
"poisson",0.5,1,"queen",0,0.5,"both",1,"oracle","Design 1","Design 1: Checkerboard",0.0761740992301097,0.076303162872738,0.0760450355874814,0.0761740992301097,0.076303162872738,0.0760450355874814,1,NA,FALSE,0.0761740992301097,0.0761740992301097,0,0.000258127285256621,0.000258127285256621
"iid",0,2,"queen",0,0.5,"both",1,"oracle","Design 1","Design 1: Checkerboard",0.0553327549783212,0.0504515344047577,0.0602139755518848,0.0553327549783212,0.0504515344047577,0.0602139755518848,1,NA,FALSE,0.0553327549783212,0.0553327549783212,0,0.0097624411471271,0.0097624411471271
"spatial",0.2,2,"queen",0,0.5,"both",1,"oracle","Design 1","Design 1: Checkerboard",0.0566827260451724,0.0589679530086891,0.0543974990816557,0.0566827260451724,0.0589679530086891,0.0543974990816557,1,NA,FALSE,0.0566827260451724,0.0566827260451724,0,0.00457045392703341,0.00457045392703341
"spatial",0.5,2,"queen",0,0.5,"both",1,"oracle","Design 1","Design 1: Checkerboard",0.0589094298087713,0.0503125652028803,0.0675062944146623,0.0589094298087713,0.0503125652028803,0.0675062944146623,1,NA,FALSE,0.0589094298087713,0.0589094298087713,0,0.017193729211782,0.017193729211782
"poisson",0.2,2,"queen",0,0.5,"both",1,"oracle","Design 1","Design 1: Checkerboard",0.0378338203626956,0.0417210755619812,0.0339465651634101,0.0378338203626956,0.0417210755619812,0.0339465651634101,1,NA,FALSE,0.0378338203626957,0.0378338203626957,0,0.00777451039857106,0.00777451039857106
"poisson",0.5,2,"queen",0,0.5,"both",1,"oracle","Design 1","Design 1: Checkerboard",0.0638649722466218,0.0705925725293454,0.0571373719638981,0.0638649722466218,0.0705925725293454,0.0571373719638981,1,NA,FALSE,0.0638649722466218,0.0638649722466218,0,0.0134552005654473,0.0134552005654473
"iid",0,1,"queen",0.5,0.5,"both",1,"oracle","Design 1","Design 1: Checkerboard",0.0612351310846819,0.0627574736959287,0.059712788473435,0.0612351310846819,0.0627574736959287,0.059712788473435,1,NA,FALSE,0.0612351310846819,0.0612351310846819,0,0.00304468522249376,0.00304468522249376
"spatial",0.2,1,"queen",0.5,0.5,"both",1,"oracle","Design 1","Design 1: Checkerboard",0.0477744699199659,0.0544931845879103,0.0410557552520215,0.0477744699199659,0.0544931845879103,0.0410557552520215,1,NA,FALSE,0.0477744699199659,0.0477744699199659,0,0.0134374293358888,0.0134374293358888
"spatial",0.5,1,"queen",0.5,0.5,"both",1,"oracle","Design 1","Design 1: Checkerboard",0.0573353556642985,0.0535719097588803,0.0610988015697166,0.0573353556642985,0.0535719097588803,0.0610988015697166,1,NA,FALSE,0.0573353556642985,0.0573353556642985,0,0.00752689181083626,0.00752689181083626
"poisson",0.2,1,"queen",0.5,0.5,"both",1,"oracle","Design 1","Design 1: Checkerboard",0.0645660690803991,0.0467406359136154,0.0823915022471828,0.0645660690803991,0.0467406359136154,0.0823915022471828,1,NA,FALSE,0.0645660690803991,0.0645660690803991,0,0.0356508663335674,0.0356508663335674
"poisson",0.5,1,"queen",0.5,0.5,"both",1,"oracle","Design 1","Design 1: Checkerboard",0.0710117894982868,0.059338666947346,0.0826849120492276,0.0710117894982868,0.059338666947346,0.0826849120492276,1,NA,FALSE,0.0710117894982868,0.0710117894982868,0,0.0233462451018817,0.0233462451018817
"iid",0,2,"queen",0.5,0.5,"both",1,"oracle","Design 1","Design 1: Checkerboard",0.051588909650436,0.0584568342334388,0.0447209850674332,0.051588909650436,0.0584568342334388,0.0447209850674332,1,NA,FALSE,0.051588909650436,0.051588909650436,0,0.0137358491660056,0.0137358491660056
"spatial",0.2,2,"queen",0.5,0.5,"both",1,"oracle","Design 1","Design 1: Checkerboard",0.0615543248068227,0.0660818421581891,0.0570268074554563,0.0615543248068227,0.0660818421581891,0.0570268074554563,1,NA,FALSE,0.0615543248068227,0.0615543248068227,0,0.00905503470273285,0.00905503470273285
"spatial",0.5,2,"queen",0.5,0.5,"both",1,"oracle","Design 1","Design 1: Checkerboard",0.0471940733338448,0.0559409635849923,0.0384471830826973,0.0471940733338448,0.0559409635849923,0.0384471830826973,1,NA,FALSE,0.0471940733338448,0.0471940733338448,0,0.017493780502295,0.017493780502295
"poisson",0.2,2,"queen",0.5,0.5,"both",1,"oracle","Design 1","Design 1: Checkerboard",0.0453282481908618,0.0410455404379365,0.0496109559437871,0.0453282481908618,0.0410455404379365,0.0496109559437871,1,NA,FALSE,0.0453282481908618,0.0453282481908618,0,0.0085654155058506,0.0085654155058506
"poisson",0.5,2,"queen",0.5,0.5,"both",1,"oracle","Design 1","Design 1: Checkerboard",0.0663295580453554,0.0530006826077914,0.0796584334829194,0.0663295580453554,0.0530006826077914,0.0796584334829194,1,NA,FALSE,0.0663295580453554,0.0663295580453554,0,0.0266577508751281,0.0266577508751281
"iid",0,1,"queen",0,0.8,"both",1,"oracle","Design 1","Design 1: Checkerboard",0.0564433317385379,0.0577986362039175,0.0550880272731584,0.0564433317385379,0.0577986362039175,0.0550880272731584,1,NA,FALSE,0.0564433317385379,0.0564433317385379,0,0.00271060893075908,0.00271060893075908
"spatial",0.2,1,"queen",0,0.8,"both",1,"oracle","Design 1","Design 1: Checkerboard",0.0616544851766481,0.0518042827909281,0.0715046875623682,0.0616544851766481,0.0518042827909281,0.0715046875623682,1,NA,FALSE,0.0616544851766481,0.0616544851766481,0,0.0197004047714401,0.0197004047714401
"spatial",0.5,1,"queen",0,0.8,"both",1,"oracle","Design 1","Design 1: Checkerboard",0.0629137183283714,0.0475122441332558,0.0783151925234871,0.0629137183283714,0.0475122441332558,0.0783151925234871,1,NA,FALSE,0.0629137183283714,0.0629137183283714,0,0.0308029483902313,0.0308029483902313
"poisson",0.2,1,"queen",0,0.8,"both",1,"oracle","Design 1","Design 1: Checkerboard",0.0554545569275047,0.0589501779871386,0.0519589358678708,0.0554545569275047,0.0589501779871386,0.0519589358678708,1,NA,FALSE,0.0554545569275047,0.0554545569275047,0,0.00699124211926779,0.00699124211926779
"poisson",0.5,1,"queen",0,0.8,"both",1,"oracle","Design 1","Design 1: Checkerboard",0.0810997459771563,0.0946827204673094,0.0675167714870031,0.0810997459771563,0.0946827204673094,0.0675167714870031,1,NA,FALSE,0.0810997459771563,0.0810997459771563,0,0.0271659489803063,0.0271659489803063
"iid",0,2,"queen",0,0.8,"both",1,"oracle","Design 1","Design 1: Checkerboard",0.0619961770094119,0.0860406566721557,0.0379516973466682,0.0619961770094119,0.0860406566721557,0.0379516973466682,1,NA,FALSE,0.0619961770094119,0.0619961770094119,0,0.0480889593254875,0.0480889593254875
"spatial",0.2,2,"queen",0,0.8,"both",1,"oracle","Design 1","Design 1: Checkerboard",0.0631875743896001,0.0907117131165055,0.0356634356626947,0.0631875743896001,0.0907117131165055,0.0356634356626947,1,NA,FALSE,0.0631875743896001,0.0631875743896001,0,0.0550482774538108,0.0550482774538108
"spatial",0.5,2,"queen",0,0.8,"both",1,"oracle","Design 1","Design 1: Checkerboard",0.0684861602128948,0.0659796099300716,0.070992710495718,0.0684861602128948,0.0659796099300716,0.070992710495718,1,NA,FALSE,0.0684861602128948,0.0684861602128948,0,0.00501310056564638,0.00501310056564638
"poisson",0.2,2,"queen",0,0.8,"both",1,"oracle","Design 1","Design 1: Checkerboard",0.0628285853184706,0.0673654314988728,0.0582917391380684,0.0628285853184706,0.0673654314988728,0.0582917391380684,1,NA,FALSE,0.0628285853184706,0.0628285853184706,0,0.00907369236080432,0.00907369236080432
"poisson",0.5,2,"queen",0,0.8,"both",1,"oracle","Design 1","Design 1: Checkerboard",0.0560064290623638,0.0461284400048935,0.0658844181198341,0.0560064290623638,0.0461284400048935,0.0658844181198341,1,NA,FALSE,0.0560064290623638,0.0560064290623638,0,0.0197559781149406,0.0197559781149406
"iid",0,1,"queen",0.5,0.8,"both",1,"oracle","Design 1","Design 1: Checkerboard",0.0529618045375835,0.0482743478627869,0.0576492612123801,0.0529618045375835,0.0482743478627869,0.0576492612123801,1,NA,FALSE,0.0529618045375835,0.0529618045375835,0,0.00937491334959323,0.00937491334959323
"spatial",0.2,1,"queen",0.5,0.8,"both",1,"oracle","Design 1","Design 1: Checkerboard",0.0573017076552717,0.0664354289100171,0.0481679864005263,0.0573017076552717,0.0664354289100171,0.0481679864005263,1,NA,FALSE,0.0573017076552717,0.0573017076552717,0,0.0182674425094908,0.0182674425094908
"spatial",0.5,1,"queen",0.5,0.8,"both",1,"oracle","Design 1","Design 1: Checkerboard",0.0556452350265888,0.0493799927760402,0.0619104772771374,0.0556452350265888,0.0493799927760402,0.0619104772771374,1,NA,FALSE,0.0556452350265888,0.0556452350265888,0,0.0125304845010972,0.0125304845010972
"poisson",0.2,1,"queen",0.5,0.8,"both",1,"oracle","Design 1","Design 1: Checkerboard",0.0694918374558302,0.070909001397078,0.0680746735145824,0.0694918374558302,0.070909001397078,0.0680746735145824,1,NA,FALSE,0.0694918374558302,0.0694918374558302,0,0.00283432788249555,0.00283432788249555
"poisson",0.5,1,"queen",0.5,0.8,"both",1,"oracle","Design 1","Design 1: Checkerboard",0.0617797524766545,0.0589101720221285,0.0646493329311805,0.0617797524766545,0.0589101720221285,0.0646493329311805,1,NA,FALSE,0.0617797524766545,0.0617797524766545,0,0.00573916090905197,0.00573916090905197
"iid",0,2,"queen",0.5,0.8,"both",1,"oracle","Design 1","Design 1: Checkerboard",0.0589672678649812,0.069236558079424,0.0486979776505384,0.0589672678649812,0.069236558079424,0.0486979776505384,1,NA,FALSE,0.0589672678649812,0.0589672678649812,0,0.0205385804288855,0.0205385804288855
"spatial",0.2,2,"queen",0.5,0.8,"both",1,"oracle","Design 1","Design 1: Checkerboard",0.0571617094911531,0.0735485817327804,0.0407748372495258,0.0571617094911531,0.0735485817327804,0.0407748372495258,1,NA,FALSE,0.0571617094911531,0.0571617094911531,0,0.0327737444832546,0.0327737444832546
"spatial",0.5,2,"queen",0.5,0.8,"both",1,"oracle","Design 1","Design 1: Checkerboard",0.0693697856343692,0.0720292063199634,0.0667103649487749,0.0693697856343692,0.0720292063199634,0.0667103649487749,1,NA,FALSE,0.0693697856343692,0.0693697856343692,0,0.00531884137118852,0.00531884137118852
"poisson",0.2,2,"queen",0.5,0.8,"both",1,"oracle","Design 1","Design 1: Checkerboard",0.0736092952711905,0.0610668711375994,0.0861517194047816,0.0736092952711905,0.0610668711375994,0.0861517194047816,1,NA,FALSE,0.0736092952711905,0.0736092952711905,0,0.0250848482671823,0.0250848482671823
"poisson",0.5,2,"queen",0.5,0.8,"both",1,"oracle","Design 1","Design 1: Checkerboard",0.0654162218348869,0.0772598833925885,0.0535725602771853,0.0654162218348869,0.0772598833925885,0.0535725602771853,1,NA,FALSE,0.0654162218348869,0.0654162218348869,0,0.0236873231154032,0.0236873231154032
"iid",0,1,"queen",0,0.5,"control_only",1,"oracle","Design 2","Design 2: High Incidence Focus",0.372806155925479,0.422275032184922,0.323337279666035,0.372806155925479,0.422275032184922,0.323337279666035,1,NA,FALSE,0.372806155925479,0.372806155925479,0,0.0989377525188871,0.0989377525188871
"spatial",0.2,1,"queen",0,0.5,"control_only",1,"oracle","Design 2","Design 2: High Incidence Focus",0.317552064458302,0.312257896781976,0.322846232134628,0.317552064458302,0.312257896781976,0.322846232134628,1,NA,FALSE,0.317552064458302,0.317552064458302,0,0.0105883353526522,0.0105883353526522
"spatial",0.5,1,"queen",0,0.5,"control_only",1,"oracle","Design 2","Design 2: High Incidence Focus",0.216268388488096,0.178312525595488,0.254224251380704,0.216268388488096,0.178312525595488,0.254224251380704,1,NA,FALSE,0.216268388488096,0.216268388488096,0,0.0759117257852159,0.0759117257852159
"poisson",0.2,1,"queen",0,0.5,"control_only",1,"oracle","Design 2","Design 2: High Incidence Focus",0.260119739350574,0.26470642032142,0.255533058379729,0.260119739350574,0.26470642032142,0.255533058379729,1,NA,FALSE,0.260119739350574,0.260119739350574,0,0.00917336194169105,0.00917336194169105
"poisson",0.5,1,"queen",0,0.5,"control_only",1,"oracle","Design 2","Design 2: High Incidence Focus",0.316260498134743,0.429942068593221,0.202578927676265,0.316260498134743,0.429942068593221,0.202578927676265,1,NA,FALSE,0.316260498134743,0.316260498134743,0,0.227363140916956,0.227363140916956
"iid",0,2,"queen",0,0.5,"control_only",1,"oracle","Design 2","Design 2: High Incidence Focus",0.23010267986586,0.261597947242318,0.198607412489402,0.23010267986586,0.261597947242318,0.198607412489402,1,NA,FALSE,0.23010267986586,0.23010267986586,0,0.0629905347529157,0.0629905347529157
"spatial",0.2,2,"queen",0,0.5,"control_only",1,"oracle","Design 2","Design 2: High Incidence Focus",0.434510721907039,0.449155557940793,0.419865885873284,0.434510721907039,0.449155557940793,0.419865885873284,1,NA,FALSE,0.434510721907039,0.434510721907039,0,0.0292896720675083,0.0292896720675083
"spatial",0.5,2,"queen",0,0.5,"control_only",1,"oracle","Design 2","Design 2: High Incidence Focus",0.38126877555466,0.414699813732477,0.347837737376843,0.38126877555466,0.414699813732477,0.347837737376843,1,NA,FALSE,0.38126877555466,0.38126877555466,0,0.0668620763556342,0.0668620763556342
"poisson",0.2,2,"queen",0,0.5,"control_only",1,"oracle","Design 2","Design 2: High Incidence Focus",0.204416805742707,0.205533153503922,0.203300457981492,0.204416805742707,0.205533153503922,0.203300457981492,1,NA,FALSE,0.204416805742707,0.204416805742707,0,0.00223269552243072,0.00223269552243072
"poisson",0.5,2,"queen",0,0.5,"control_only",1,"oracle","Design 2","Design 2: High Incidence Focus",0.341026077368393,0.350171607990193,0.392019388667729,0.341026077368393,0.350171607990193,0.392019388667729,0,-0.523297491039427,TRUE,0.254334079449374,0.371095498328961,0.116761418879587,0.041847780677536,0.041847780677536
"iid",0,1,"queen",0.5,0.5,"control_only",1,"oracle","Design 2","Design 2: High Incidence Focus",0.351342964280219,0.362853852874547,0.33983207568589,0.351342964280219,0.362853852874547,0.33983207568589,1,NA,FALSE,0.351342964280219,0.351342964280219,0,0.0230217771886571,0.0230217771886571
"spatial",0.2,1,"queen",0.5,0.5,"control_only",1,"oracle","Design 2","Design 2: High Incidence Focus",0.265647301776303,0.294215030841537,0.237079572711069,0.265647301776303,0.294215030841537,0.237079572711069,1,NA,FALSE,0.265647301776303,0.265647301776303,0,0.0571354581304682,0.0571354581304682
"spatial",0.5,1,"queen",0.5,0.5,"control_only",1,"oracle","Design 2","Design 2: High Incidence Focus",0.304408078653383,0.296799817442065,0.312016339864701,0.304408078653383,0.296799817442065,0.312016339864701,1,NA,FALSE,0.304408078653383,0.304408078653383,0,0.0152165224226358,0.0152165224226358
"poisson",0.2,1,"queen",0.5,0.5,"control_only",1,"oracle","Design 2","Design 2: High Incidence Focus",0.268534077970398,0.222501883079617,0.31456627286118,0.268534077970398,0.222501883079617,0.31456627286118,1,NA,FALSE,0.268534077970398,0.268534077970398,0,0.0920643897815627,0.0920643897815627
"poisson",0.5,1,"queen",0.5,0.5,"control_only",1,"oracle","Design 2","Design 2: High Incidence Focus",0.245678001544313,0.243824239075318,0.247531764013309,0.245678001544313,0.243824239075318,0.247531764013309,1,NA,FALSE,0.245678001544313,0.245678001544313,0,0.00370752493799062,0.00370752493799062
"iid",0,2,"queen",0.5,0.5,"control_only",1,"oracle","Design 2","Design 2: High Incidence Focus",0.242624948285895,0.220544576097908,0.264705320473882,0.242624948285895,0.220544576097908,0.264705320473882,1,NA,FALSE,0.242624948285895,0.242624948285895,0,0.0441607443759738,0.0441607443759738
"spatial",0.2,2,"queen",0.5,0.5,"control_only",1,"oracle","Design 2","Design 2: High Incidence Focus",0.306781809062824,0.338800734760583,0.274762883365065,0.306781809062824,0.338800734760583,0.274762883365065,1,NA,FALSE,0.306781809062824,0.306781809062824,0,0.0640378513955187,0.0640378513955187
"spatial",0.5,2,"queen",0.5,0.5,"control_only",1,"oracle","Design 2","Design 2: High Incidence Focus",0.34768940489434,0.315788042466696,0.379590767321984,0.34768940489434,0.315788042466696,0.379590767321984,1,NA,FALSE,0.34768940489434,0.34768940489434,0,0.0638027248552872,0.0638027248552872
"poisson",0.2,2,"queen",0.5,0.5,"control_only",1,"oracle","Design 2","Design 2: High Incidence Focus",0.244306261147052,0.262228019790237,0.226384502503866,0.244306261147052,0.262228019790237,0.226384502503866,1,NA,FALSE,0.244306261147052,0.244306261147052,0,0.0358435172863707,0.0358435172863707
"poisson",0.5,2,"queen",0.5,0.5,"control_only",1,"oracle","Design 2","Design 2: High Incidence Focus",0.37704730930336,0.35338407435402,0.400710544252699,0.37704730930336,0.35338407435402,0.400710544252699,1,1,TRUE,0.37704730930336,0.37704730930336,0,0.0473264698986786,0.0473264698986786
"iid",0,1,"queen",0,0.8,"control_only",1,"oracle","Design 2","Design 2: High Incidence Focus",0.338812548994702,0.367303762353468,0.310321335635937,0.338812548994702,0.367303762353468,0.310321335635937,1,NA,FALSE,0.338812548994702,0.338812548994702,0,0.0569824267175304,0.0569824267175304
"spatial",0.2,1,"queen",0,0.8,"control_only",1,"oracle","Design 2","Design 2: High Incidence Focus",0.215709623348036,0.213764296092478,0.217654950603594,0.215709623348036,0.213764296092478,0.217654950603594,1,NA,FALSE,0.215709623348036,0.215709623348036,0,0.00389065451111617,0.00389065451111617
"spatial",0.5,1,"queen",0,0.8,"control_only",1,"oracle","Design 2","Design 2: High Incidence Focus",0.283449751223192,0.305356229661011,0.261543272785373,0.283449751223192,0.305356229661011,0.261543272785373,1,NA,FALSE,0.283449751223192,0.283449751223192,0,0.0438129568756374,0.0438129568756374
"poisson",0.2,1,"queen",0,0.8,"control_only",1,"oracle","Design 2","Design 2: High Incidence Focus",0.254527825444172,0.248554937818771,0.260500713069574,0.254527825444172,0.248554937818771,0.260500713069574,1,NA,FALSE,0.254527825444172,0.254527825444172,0,0.0119457752508035,0.0119457752508035
"poisson",0.5,1,"queen",0,0.8,"control_only",1,"oracle","Design 2","Design 2: High Incidence Focus",0.264969509662889,0.329131367017034,0.200807652308743,0.264969509662889,0.329131367017034,0.200807652308743,1,NA,FALSE,0.264969509662888,0.264969509662888,0,0.128323714708291,0.128323714708291
"iid",0,2,"queen",0,0.8,"control_only",1,"oracle","Design 2","Design 2: High Incidence Focus",0.256716664251854,0.252096201400238,0.261337127103469,0.256716664251854,0.252096201400238,0.261337127103469,1,NA,FALSE,0.256716664251854,0.256716664251854,0,0.00924092570323098,0.00924092570323098
"spatial",0.2,2,"queen",0,0.8,"control_only",1,"oracle","Design 2","Design 2: High Incidence Focus",0.298631751725798,0.300280838672516,0.296982664779081,0.298631751725798,0.300280838672516,0.296982664779081,1,NA,FALSE,0.298631751725798,0.298631751725798,0,0.00329817389343495,0.00329817389343495
"spatial",0.5,2,"queen",0,0.8,"control_only",1,"oracle","Design 2","Design 2: High Incidence Focus",0.382703813783401,0.443465183256031,0.321942444310771,0.382703813783401,0.443465183256031,0.321942444310771,1,NA,FALSE,0.382703813783401,0.382703813783401,0,0.121522738945261,0.121522738945261
"poisson",0.2,2,"queen",0,0.8,"control_only",1,"oracle","Design 2","Design 2: High Incidence Focus",0.353726592796364,0.3805241593696,0.326929026223128,0.353726592796364,0.3805241593696,0.326929026223128,1,NA,FALSE,0.353726592796364,0.353726592796364,0,0.053595133146472,0.053595133146472
"poisson",0.5,2,"queen",0,0.8,"control_only",1,"oracle","Design 2","Design 2: High Incidence Focus",0.301437803470948,0.313792236188281,0.328846800283936,0.301437803470948,0.313792236188281,0.328846800283936,0,-1,TRUE,0.207916709945826,0.321319518236108,0.113402808290282,0.0150545640956549,0.0150545640956549
"iid",0,1,"queen",0.5,0.8,"control_only",1,"oracle","Design 2","Design 2: High Incidence Focus",0.404979468029409,0.388765133586522,0.421193802472297,0.404979468029409,0.388765133586522,0.421193802472297,1,NA,FALSE,0.404979468029409,0.404979468029409,0,0.032428668885775,0.032428668885775
"spatial",0.2,1,"queen",0.5,0.8,"control_only",1,"oracle","Design 2","Design 2: High Incidence Focus",0.300187064173333,0.307938530171723,0.292435598174942,0.300187064173333,0.307938530171723,0.292435598174942,1,NA,FALSE,0.300187064173333,0.300187064173333,0,0.0155029319967807,0.0155029319967807
"spatial",0.5,1,"queen",0.5,0.8,"control_only",1,"oracle","Design 2","Design 2: High Incidence Focus",0.289745283620651,0.284616814083981,0.294873753157322,0.289745283620651,0.284616814083981,0.294873753157322,1,NA,FALSE,0.289745283620651,0.289745283620651,0,0.0102569390733412,0.0102569390733412
"poisson",0.2,1,"queen",0.5,0.8,"control_only",1,"oracle","Design 2","Design 2: High Incidence Focus",0.291968923263405,0.240122911469857,0.343814935056954,0.291968923263405,0.240122911469857,0.343814935056954,1,NA,FALSE,0.291968923263405,0.291968923263405,0,0.103692023587097,0.103692023587097
"poisson",0.5,1,"queen",0.5,0.8,"control_only",1,"oracle","Design 2","Design 2: High Incidence Focus",0.250660116817172,0.252794186995666,0.248526046638678,0.250660116817172,0.252794186995666,0.248526046638678,1,NA,FALSE,0.250660116817172,0.250660116817172,0,0.00426814035698769,0.00426814035698769
"iid",0,2,"queen",0.5,0.8,"control_only",1,"oracle","Design 2","Design 2: High Incidence Focus",0.222643503048859,0.283385572320838,0.161901433776881,0.222643503048859,0.283385572320838,0.161901433776881,1,NA,FALSE,0.222643503048859,0.222643503048859,0,0.121484138543957,0.121484138543957
"spatial",0.2,2,"queen",0.5,0.8,"control_only",1,"oracle","Design 2","Design 2: High Incidence Focus",0.335854717408258,0.347683691996345,0.32402574282017,0.335854717408258,0.347683691996345,0.32402574282017,1,NA,FALSE,0.335854717408258,0.335854717408258,0,0.0236579491761751,0.0236579491761751
"spatial",0.5,2,"queen",0.5,0.8,"control_only",1,"oracle","Design 2","Design 2: High Incidence Focus",0.418047071945482,0.47478281527393,0.361311328617035,0.418047071945482,0.47478281527393,0.361311328617035,1,NA,FALSE,0.418047071945482,0.418047071945482,0,0.113471486656896,0.113471486656896
"poisson",0.2,2,"queen",0.5,0.8,"control_only",1,"oracle","Design 2","Design 2: High Incidence Focus",0.256726427969864,0.282763566821398,0.230689289118331,0.256726427969864,0.282763566821398,0.230689289118331,1,NA,FALSE,0.256726427969864,0.256726427969864,0,0.0520742777030668,0.0520742777030668
"poisson",0.5,2,"queen",0.5,0.8,"control_only",1,"oracle","Design 2","Design 2: High Incidence Focus",0.40261601168725,0.444934282516411,0.382257398797401,0.40261601168725,0.444934282516411,0.382257398797401,0,0.583904109589041,TRUE,0.391058789625763,0.413595840656906,0.0225370510311429,0.0626768837190095,0.0626768837190095
"iid",0,1,"queen",0,0.5,"both",1,"oracle","Design 2","Design 2: High Incidence Focus",0.183900245655368,0.148530168679719,0.219270322631017,0.183900245655368,0.148530168679719,0.219270322631017,1,NA,FALSE,0.183900245655368,0.183900245655368,0,0.0707401539512978,0.0707401539512978
"spatial",0.2,1,"queen",0,0.5,"both",1,"oracle","Design 2","Design 2: High Incidence Focus",0.169292316686987,0.187853788643902,0.150730844730072,0.169292316686987,0.187853788643902,0.150730844730072,1,NA,FALSE,0.169292316686987,0.169292316686987,0,0.0371229439138295,0.0371229439138295
"spatial",0.5,1,"queen",0,0.5,"both",1,"oracle","Design 2","Design 2: High Incidence Focus",0.134534531821566,0.153182958635698,0.115886105007435,0.134534531821566,0.153182958635698,0.115886105007435,1,NA,FALSE,0.134534531821566,0.134534531821566,0,0.0372968536282634,0.0372968536282634
"poisson",0.2,1,"queen",0,0.5,"both",1,"oracle","Design 2","Design 2: High Incidence Focus",0.203580329008631,0.176637803213774,0.230522854803488,0.203580329008631,0.176637803213774,0.230522854803488,1,NA,FALSE,0.203580329008631,0.203580329008631,0,0.0538850515897143,0.0538850515897143
"poisson",0.5,1,"queen",0,0.5,"both",1,"oracle","Design 2","Design 2: High Incidence Focus",0.151477988356185,0.162023153875521,0.140932822836849,0.151477988356185,0.162023153875521,0.140932822836849,1,NA,FALSE,0.151477988356185,0.151477988356185,0,0.021090331038672,0.021090331038672
"iid",0,2,"queen",0,0.5,"both",1,"oracle","Design 2","Design 2: High Incidence Focus",0.138847117397811,0.117670716139818,0.160023518655804,0.138847117397811,0.117670716139818,0.160023518655804,1,NA,FALSE,0.138847117397811,0.138847117397811,0,0.0423528025159854,0.0423528025159854
"spatial",0.2,2,"queen",0,0.5,"both",1,"oracle","Design 2","Design 2: High Incidence Focus",0.18664603907443,0.207962979998851,0.16532909815001,0.18664603907443,0.207962979998851,0.16532909815001,1,NA,FALSE,0.18664603907443,0.18664603907443,0,0.0426338818488405,0.0426338818488405
"spatial",0.5,2,"queen",0,0.5,"both",1,"oracle","Design 2","Design 2: High Incidence Focus",0.156658543106941,0.185061979857896,0.128255106355987,0.156658543106941,0.185061979857896,0.128255106355987,1,NA,FALSE,0.156658543106941,0.156658543106941,0,0.056806873501909,0.056806873501909
"poisson",0.2,2,"queen",0,0.5,"both",1,"oracle","Design 2","Design 2: High Incidence Focus",0.15094958767337,0.117673949299433,0.184225226047306,0.15094958767337,0.117673949299433,0.184225226047306,1,NA,FALSE,0.15094958767337,0.15094958767337,0,0.0665512767478738,0.0665512767478738
"poisson",0.5,2,"queen",0,0.5,"both",1,"oracle","Design 2","Design 2: High Incidence Focus",0.200039953527428,0.199342143494977,0.233901053501809,0.200039953527428,0.199342143494977,0.233901053501809,0,-0.494565217391304,TRUE,0.155856228454654,0.216621598498393,0.0607653700437388,0.0345589100068316,0.0345589100068316
"iid",0,1,"queen",0.5,0.5,"both",1,"oracle","Design 2","Design 2: High Incidence Focus",0.156575024787844,0.140698165802404,0.172451883773283,0.156575024787844,0.140698165802404,0.172451883773283,1,NA,FALSE,0.156575024787844,0.156575024787844,0,0.0317537179708783,0.0317537179708783
"spatial",0.2,1,"queen",0.5,0.5,"both",1,"oracle","Design 2","Design 2: High Incidence Focus",0.236324058974737,0.251936680449502,0.220711437499972,0.236324058974737,0.251936680449502,0.220711437499972,1,NA,FALSE,0.236324058974737,0.236324058974737,0,0.0312252429495297,0.0312252429495297
"spatial",0.5,1,"queen",0.5,0.5,"both",1,"oracle","Design 2","Design 2: High Incidence Focus",0.150455006368965,0.130647438105019,0.170262574632912,0.150455006368965,0.130647438105019,0.170262574632912,1,NA,FALSE,0.150455006368965,0.150455006368965,0,0.0396151365278933,0.0396151365278933
"poisson",0.2,1,"queen",0.5,0.5,"both",1,"oracle","Design 2","Design 2: High Incidence Focus",0.158907655352407,0.116238772618114,0.2015765380867,0.158907655352407,0.116238772618114,0.2015765380867,1,NA,FALSE,0.158907655352407,0.158907655352407,0,0.0853377654685863,0.0853377654685863
"poisson",0.5,1,"queen",0.5,0.5,"both",1,"oracle","Design 2","Design 2: High Incidence Focus",0.164873968512056,0.128838999571274,0.200908937452838,0.164873968512056,0.128838999571274,0.200908937452838,1,NA,FALSE,0.164873968512056,0.164873968512056,0,0.072069937881564,0.072069937881564
"iid",0,2,"queen",0.5,0.5,"both",1,"oracle","Design 2","Design 2: High Incidence Focus",0.159863388396023,0.186937388091541,0.132789388700504,0.159863388396023,0.186937388091541,0.132789388700504,1,NA,FALSE,0.159863388396023,0.159863388396023,0,0.0541479993910364,0.0541479993910364
"spatial",0.2,2,"queen",0.5,0.5,"both",1,"oracle","Design 2","Design 2: High Incidence Focus",0.1631890014605,0.205500403223634,0.120877599697366,0.1631890014605,0.205500403223634,0.120877599697366,1,NA,FALSE,0.1631890014605,0.1631890014605,0,0.0846228035262683,0.0846228035262683
"spatial",0.5,2,"queen",0.5,0.5,"both",1,"oracle","Design 2","Design 2: High Incidence Focus",0.164538008048243,0.141606940540234,0.187469075556251,0.164538008048243,0.141606940540234,0.187469075556251,1,NA,FALSE,0.164538008048243,0.164538008048243,0,0.0458621350160167,0.0458621350160167
"poisson",0.2,2,"queen",0.5,0.5,"both",1,"oracle","Design 2","Design 2: High Incidence Focus",0.175364469838921,0.123993320564666,0.226735619113177,0.175364469838921,0.123993320564666,0.226735619113177,1,NA,FALSE,0.175364469838921,0.175364469838921,0,0.102742298548511,0.102742298548511
"poisson",0.5,2,"queen",0.5,0.5,"both",1,"oracle","Design 2","Design 2: High Incidence Focus",0.202746357360775,0.17308966700906,0.232403047712491,0.202746357360775,0.17308966700906,0.232403047712491,1,0.579172001707213,TRUE,0.202746357360776,0.202746357360776,0,0.059313380703431,0.059313380703431
"iid",0,1,"queen",0,0.8,"both",1,"oracle","Design 2","Design 2: High Incidence Focus",0.20240417879004,0.189684788925802,0.215123568654278,0.20240417879004,0.189684788925802,0.215123568654278,1,NA,FALSE,0.20240417879004,0.20240417879004,0,0.0254387797284768,0.0254387797284768
"spatial",0.2,1,"queen",0,0.8,"both",1,"oracle","Design 2","Design 2: High Incidence Focus",0.173093825087756,0.16378561022563,0.182402039949883,0.173093825087756,0.16378561022563,0.182402039949883,1,NA,FALSE,0.173093825087756,0.173093825087756,0,0.0186164297242529,0.0186164297242529
"spatial",0.5,1,"queen",0,0.8,"both",1,"oracle","Design 2","Design 2: High Incidence Focus",0.141728109229393,0.171485196568122,0.111971021890665,0.141728109229393,0.171485196568122,0.111971021890665,1,NA,FALSE,0.141728109229393,0.141728109229393,0,0.0595141746774571,0.0595141746774571
"poisson",0.2,1,"queen",0,0.8,"both",1,"oracle","Design 2","Design 2: High Incidence Focus",0.146069653444131,0.150617429178221,0.141521877710041,0.146069653444131,0.150617429178221,0.141521877710041,1,NA,FALSE,0.146069653444131,0.146069653444131,0,0.00909555146817964,0.00909555146817964
"poisson",0.5,1,"queen",0,0.8,"both",1,"oracle","Design 2","Design 2: High Incidence Focus",0.158141682766912,0.1679185274607,0.148364838073124,0.158141682766912,0.1679185274607,0.148364838073124,1,NA,FALSE,0.158141682766912,0.158141682766912,0,0.0195536893875768,0.0195536893875768
"iid",0,2,"queen",0,0.8,"both",1,"oracle","Design 2","Design 2: High Incidence Focus",0.191527724743747,0.149570799857761,0.233484649629732,0.191527724743747,0.149570799857761,0.233484649629732,1,NA,FALSE,0.191527724743747,0.191527724743747,0,0.0839138497719711,0.0839138497719711
"spatial",0.2,2,"queen",0,0.8,"both",1,"oracle","Design 2","Design 2: High Incidence Focus",0.170874915505935,0.192691480765789,0.149058350246081,0.170874915505935,0.192691480765789,0.149058350246081,1,NA,FALSE,0.170874915505935,0.170874915505935,0,0.0436331305197084,0.0436331305197084
"spatial",0.5,2,"queen",0,0.8,"both",1,"oracle","Design 2","Design 2: High Incidence Focus",0.166968852202298,0.177581605418617,0.15635609898598,0.166968852202298,0.177581605418617,0.15635609898598,1,NA,FALSE,0.166968852202298,0.166968852202298,0,0.021225506432637,0.021225506432637
"poisson",0.2,2,"queen",0,0.8,"both",1,"oracle","Design 2","Design 2: High Incidence Focus",0.18057895355524,0.183397115083603,0.177760792026877,0.18057895355524,0.183397115083603,0.177760792026877,1,NA,FALSE,0.18057895355524,0.18057895355524,0,0.00563632305672576,0.00563632305672576
"poisson",0.5,2,"queen",0,0.8,"both",1,"oracle","Design 2","Design 2: High Incidence Focus",0.184981572905603,0.190596822889908,0.205168025247268,0.184981572905603,0.190596822889908,0.205168025247268,0,0.511681172698122,TRUE,0.154948850052717,0.197882424068588,0.0429335740158714,0.0145712023573591,0.0145712023573591
"iid",0,1,"queen",0.5,0.8,"both",1,"oracle","Design 2","Design 2: High Incidence Focus",0.170090407489872,0.217607927296023,0.12257288768372,0.170090407489872,0.217607927296023,0.12257288768372,1,NA,FALSE,0.170090407489872,0.170090407489872,0,0.0950350396123023,0.0950350396123023
"spatial",0.2,1,"queen",0.5,0.8,"both",1,"oracle","Design 2","Design 2: High Incidence Focus",0.159224664890568,0.200455413382153,0.117993916398984,0.159224664890568,0.200455413382153,0.117993916398984,1,NA,FALSE,0.159224664890568,0.159224664890568,0,0.0824614969831684,0.0824614969831684
"spatial",0.5,1,"queen",0.5,0.8,"both",1,"oracle","Design 2","Design 2: High Incidence Focus",0.150026904269382,0.110253132672482,0.189800675866283,0.150026904269382,0.110253132672482,0.189800675866283,1,NA,FALSE,0.150026904269382,0.150026904269382,0,0.0795475431938009,0.0795475431938009
"poisson",0.2,1,"queen",0.5,0.8,"both",1,"oracle","Design 2","Design 2: High Incidence Focus",0.203112615350836,0.158115689055723,0.248109541645949,0.203112615350836,0.158115689055723,0.248109541645949,1,NA,FALSE,0.203112615350836,0.203112615350836,0,0.0899938525902256,0.0899938525902256
"poisson",0.5,1,"queen",0.5,0.8,"both",1,"oracle","Design 2","Design 2: High Incidence Focus",0.188970660490229,0.222319524456592,0.155621796523865,0.188970660490229,0.222319524456592,0.155621796523865,1,NA,FALSE,0.188970660490229,0.188970660490229,0,0.0666977279327268,0.0666977279327268
"iid",0,2,"queen",0.5,0.8,"both",1,"oracle","Design 2","Design 2: High Incidence Focus",0.188164528223639,0.144557856166708,0.23177120028057,0.188164528223639,0.144557856166708,0.23177120028057,1,NA,FALSE,0.188164528223639,0.188164528223639,0,0.0872133441138611,0.0872133441138611
"spatial",0.2,2,"queen",0.5,0.8,"both",1,"oracle","Design 2","Design 2: High Incidence Focus",0.144985422794394,0.077257883191018,0.21271296239777,0.144985422794394,0.077257883191018,0.21271296239777,1,NA,FALSE,0.144985422794394,0.144985422794394,0,0.135455079206752,0.135455079206752
"spatial",0.5,2,"queen",0.5,0.8,"both",1,"oracle","Design 2","Design 2: High Incidence Focus",0.149490200715704,0.113966494703453,0.185013906727955,0.149490200715704,0.113966494703453,0.185013906727955,1,NA,FALSE,0.149490200715704,0.149490200715704,0,0.0710474120245023,0.0710474120245023
"poisson",0.2,2,"queen",0.5,0.8,"both",1,"oracle","Design 2","Design 2: High Incidence Focus",0.147695508017885,0.115285463425641,0.180105552610129,0.147695508017885,0.115285463425641,0.180105552610129,1,NA,FALSE,0.147695508017885,0.147695508017885,0,0.0648200891844873,0.0648200891844873
"poisson",0.5,2,"queen",0.5,0.8,"both",1,"oracle","Design 2","Design 2: High Incidence Focus",0.152359317625306,0.143020488197404,0.166187701960268,0.152359317625306,0.143020488197404,0.166187701960268,0,-0.538461538461539,TRUE,0.120623110500072,0.154604095078836,0.0339809845787635,0.0231672137628632,0.0231672137628632
"iid",0,1,"queen",0,0.5,"control_only",1,"oracle","Design 3","Design 3: Saturation Quadrants",0.166298269821695,0.171450034349782,0.17214230023388,0.185788007556619,0.205013484516146,0.188819983260183,0.176470588235294,0.296957695769577,TRUE,0.161666024384432,0.196916733888165,0.0352507095037325,0.000692265884098014,0.0161935012559628
"spatial",0.2,1,"queen",0,0.5,"control_only",1,"oracle","Design 3","Design 3: Saturation Quadrants",0.160491601572503,0.166946934390808,0.180495504306424,0.174592988030508,0.188337094988522,0.200901101140378,0.0526315789473684,0.106906690669067,TRUE,0.136430890347531,0.19461909806445,0.0581882077169187,0.0135485699156158,0.0125640061518563
"spatial",0.5,1,"queen",0,0.5,"control_only",1,"oracle","Design 3","Design 3: Saturation Quadrants",0.152457164244493,0.166201738346733,0.172940327468569,0.173743980702479,0.18673935000115,0.190917866309728,0.111111111111111,0.139237923792379,TRUE,0.135159621656651,0.188828608155439,0.0536689864987883,0.00673858912183636,0.00417851630857863
"poisson",0.2,1,"queen",0,0.5,"control_only",1,"oracle","Design 3","Design 3: Saturation Quadrants",0.152768649863317,0.158729500285933,0.16716863392917,0.16866737132376,0.179712199181445,0.179134891018245,0.111111111111111,0.165376537653765,TRUE,0.144632044897266,0.179423545099845,0.0347915002025796,0.00843913364323695,0.000577308163199813
"poisson",0.5,1,"queen",0,0.5,"control_only",1,"oracle","Design 3","Design 3: Saturation Quadrants",0.156103424243241,0.177812040918885,0.158253889104676,0.172596518052676,0.191471929375846,0.175472370718956,0.176470588235294,0.210957095709571,TRUE,0.144375770444909,0.183472150047401,0.0390963796024927,0.0195581518142098,0.0159995586568898
"iid",0,2,"queen",0,0.5,"control_only",1,"oracle","Design 3","Design 3: Saturation Quadrants",0.163950275490376,0.169312702833416,0.172669237644033,0.184676297733157,0.191912460988662,0.203265243965854,0.25,0.44996099609961,TRUE,0.162388553488941,0.197588852477258,0.0352002989883171,0.00335653481061732,0.0113527829771922
"spatial",0.2,2,"queen",0,0.5,"control_only",1,"oracle","Design 3","Design 3: Saturation Quadrants",0.159952394840455,0.160470061948464,0.172077324417214,0.175962375514066,0.185234199210586,0.186024598177524,0.111111111111111,0.304566456645665,TRUE,0.147945497096578,0.185629398694055,0.0376839015974768,0.0116072624687505,0.000790398966938638
"spatial",0.5,2,"queen",0,0.5,"control_only",1,"oracle","Design 3","Design 3: Saturation Quadrants",0.166291895430913,0.178481705956925,0.163697846047655,0.180630549420242,0.204010383177414,0.180684351299839,0.176470588235294,0.321680168016802,TRUE,0.153593892125921,0.192347367238626,0.0387534751127053,0.0147838599092691,0.0233260318775748
"poisson",0.2,2,"queen",0,0.5,"control_only",1,"oracle","Design 3","Design 3: Saturation Quadrants",0.150047057906328,0.168629612504822,0.15778304351088,0.160785523106018,0.183362496837468,0.171454623897159,0.0526315789473684,0.0376957695769577,TRUE,0.124773994006764,0.177408560367313,0.052634566360549,0.0108465689939422,0.0119078729403087
"poisson",0.5,2,"queen",0,0.5,"control_only",1,"oracle","Design 3","Design 3: Saturation Quadrants",0.164369806355628,0.184259725601096,0.17764495132865,0.18809903539688,0.208719303722057,0.197728491859968,0.111111111111111,0.28960096009601,TRUE,0.151296447351679,0.203223897791013,0.0519274504393336,0.00661477427244586,0.0109908118620883
"iid",0,1,"queen",0.5,0.5,"control_only",1,"oracle","Design 3","Design 3: Saturation Quadrants",0.174400652358649,0.193624889069186,0.181661147123583,0.197277472764258,0.217173118808558,0.199112138058656,0.111111111111111,0.14982298229823,TRUE,0.165349430937934,0.208142628433607,0.0427931974956729,0.0119637419456035,0.0180609807499027
"spatial",0.2,1,"queen",0.5,0.5,"control_only",1,"oracle","Design 3","Design 3: Saturation Quadrants",0.179834268464779,0.202053882697375,0.183721485767963,0.198968341059398,0.218681747467204,0.215853643639937,0.0526315789473684,0.2203900390039,TRUE,0.152366159148813,0.21726769555357,0.064901536404757,0.0183323969294122,0.0028281038272672
"spatial",0.5,1,"queen",0.5,0.5,"control_only",1,"oracle","Design 3","Design 3: Saturation Quadrants",0.183714919899445,0.196621414596606,0.198523123386464,0.202121398186519,0.211456872229368,0.220221866636554,0.176470588235294,0.221254125412541,TRUE,0.172171114938653,0.215839369432961,0.0436682544943076,0.0019017087898579,0.00876499440718573
"poisson",0.2,1,"queen",0.5,0.5,"control_only",1,"oracle","Design 3","Design 3: Saturation Quadrants",0.170746945836012,0.184888857755339,0.177901207868393,0.181332982887222,0.207000274522348,0.195920763898016,0.0526315789473684,0.144398439843984,TRUE,0.139015925501791,0.201460519210182,0.062444593708391,0.00698764988694647,0.0110795106243322
"poisson",0.5,1,"queen",0.5,0.5,"control_only",1,"oracle","Design 3","Design 3: Saturation Quadrants",0.185324031464446,0.185840530597891,0.190083508073701,0.197724841778079,0.211705743660127,0.226471539851661,0.111111111111111,0.218769876987699,TRUE,0.156840207601874,0.219088641755894,0.0622484341540196,0.00424297747580976,0.0147657961915338
"iid",0,2,"queen",0.5,0.5,"control_only",1,"oracle","Design 3","Design 3: Saturation Quadrants",0.169876088098251,0.179459128508118,0.185411818993339,0.190585760573889,0.203902961577188,0.205671886864516,0.111111111111111,0.216873687368737,TRUE,0.15902266230891,0.204787424220852,0.0457647619119418,0.00595269048522062,0.00176892528732731
"spatial",0.2,2,"queen",0.5,0.5,"control_only",1,"oracle","Design 3","Design 3: Saturation Quadrants",0.177046631166899,0.193158933611412,0.177293357401689,0.185950342349221,0.21024771423216,0.201160452913951,0.0526315789473684,0.253489348934893,TRUE,0.146290771238227,0.205704083573056,0.0594133123348288,0.0158655762097225,0.00908726131820919
"spatial",0.5,2,"queen",0.5,0.5,"control_only",1,"oracle","Design 3","Design 3: Saturation Quadrants",0.178427101643069,0.184637815403771,0.181140243835171,0.190286760444032,0.207705717322848,0.202665067696663,0.111111111111111,0.266414641464146,TRUE,0.153377502670246,0.205185392509756,0.0518078898395101,0.0034975715686002,0.00504064962618497
"poisson",0.2,2,"queen",0.5,0.5,"control_only",1,"oracle","Design 3","Design 3: Saturation Quadrants",0.174109537770056,0.175856983140587,0.182908979527612,0.186229745210832,0.191323109361667,0.211175403817667,0.111111111111111,0.123516351635164,TRUE,0.153314727009111,0.201249256589667,0.0479345295805561,0.00705199638702447,0.0198522944559995
"poisson",0.5,2,"queen",0.5,0.5,"control_only",1,"oracle","Design 3","Design 3: Saturation Quadrants",0.176972976923619,0.189749315824787,0.186492215613151,0.197639684876494,0.208095303236912,0.219368256931122,0.176470588235294,0.246204620462046,TRUE,0.168843683378231,0.213731780084017,0.0448880967057861,0.00325710021163556,0.0112729536942108
"iid",0,1,"queen",0,0.8,"control_only",1,"oracle","Design 3","Design 3: Saturation Quadrants",0.164267889653362,0.173750164997973,0.173495563760427,0.176518395634566,0.192350026776713,0.1861292641257,0.111111111111111,0.29983798379838,TRUE,0.150104911350466,0.189239645451207,0.0391347341007402,0.000254601237545421,0.00622076265101254
"spatial",0.2,1,"queen",0,0.8,"control_only",1,"oracle","Design 3","Design 3: Saturation Quadrants",0.163027072036042,0.162994750149076,0.177212964897655,0.18388066480581,0.187362996643466,0.203104020026933,0.111111111111111,0.164500450045005,TRUE,0.147250103177396,0.195233508335199,0.0479834051578037,0.0142182147485795,0.0157410233834671
"spatial",0.5,1,"queen",0,0.8,"control_only",1,"oracle","Design 3","Design 3: Saturation Quadrants",0.161777738954452,0.174469035378732,0.161369330587583,0.186868527247218,0.192053636446118,0.19627773615428,0.25,0.342970297029703,TRUE,0.16332381358356,0.194165686300199,0.0308418727166395,0.0130997047911486,0.00422409970816248
"poisson",0.2,1,"queen",0,0.8,"control_only",1,"oracle","Design 3","Design 3: Saturation Quadrants",0.157787747794118,0.160989061423242,0.162540306726001,0.171026872152618,0.184640135055217,0.177819649660982,0.0526315789473684,0.328388838883888,TRUE,0.13762051486631,0.1812298923581,0.0436093774917899,0.00155124530275927,0.00682048539423438
"poisson",0.5,1,"queen",0,0.8,"control_only",1,"oracle","Design 3","Design 3: Saturation Quadrants",0.174012866959143,0.178831788043382,0.170750560852892,0.186985737001236,0.199772066185394,0.195097893515601,0.176470588235294,0.378037803780378,TRUE,0.161916966685555,0.197434979850498,0.0355180131649422,0.00808122719049043,0.00467417266979306
"iid",0,2,"queen",0,0.8,"control_only",1,"oracle","Design 3","Design 3: Saturation Quadrants",0.161438051953441,0.164318561467042,0.17301592216456,0.174472510616039,0.192813070709512,0.184273446539847,0.111111111111111,0.182802280228023,TRUE,0.142246362416696,0.188543258624679,0.0462968962079831,0.00869736069751806,0.00853962416966536
"spatial",0.2,2,"queen",0,0.8,"control_only",1,"oracle","Design 3","Design 3: Saturation Quadrants",0.156612315891345,0.164317340752507,0.164302190261605,0.169953475764984,0.181401395888161,0.183279728500494,0.111111111111111,0.165652565256526,TRUE,0.13453470680664,0.182340562194327,0.0478058553876873,1.51504909020606e-05,0.00187833261233331
"spatial",0.5,2,"queen",0,0.8,"control_only",1,"oracle","Design 3","Design 3: Saturation Quadrants",0.159249130950324,0.164792101545011,0.176849291705802,0.179051213927955,0.186524914065516,0.197387012557443,0.176470588235294,0.2998499849985,TRUE,0.153029785830586,0.191955963311479,0.0389261774808933,0.0120571901607914,0.010862098491927
"poisson",0.2,2,"queen",0,0.8,"control_only",1,"oracle","Design 3","Design 3: Saturation Quadrants",0.157407255293513,0.168125499587559,0.153183004538821,0.168715092773681,0.183262016246267,0.177896187349461,0.176470588235294,0.377545754575458,TRUE,0.145359205558976,0.180579101797864,0.0352198962388879,0.0149424950487387,0.00536582889680637
"poisson",0.5,2,"queen",0,0.8,"control_only",1,"oracle","Design 3","Design 3: Saturation Quadrants",0.166378593614293,0.17913755859651,0.176144674681476,0.183020730038685,0.195028596426192,0.190774074832803,0.176470588235294,0.3797899789979,TRUE,0.158102937508128,0.192901335629498,0.0347983981213698,0.00299288391503355,0.0042545215933894
"iid",0,1,"queen",0.5,0.8,"control_only",1,"oracle","Design 3","Design 3: Saturation Quadrants",0.177775724084093,0.184021353583073,0.1795413031038,0.193423685968501,0.215231633005702,0.204051755419007,0.0526315789473684,0.247200720072007,TRUE,0.152853554790962,0.209641694212354,0.0567881394213926,0.00448005047927372,0.0111798775866951
"spatial",0.2,1,"queen",0.5,0.8,"control_only",1,"oracle","Design 3","Design 3: Saturation Quadrants",0.178298978777294,0.193649739386161,0.180625260378355,0.199957643605105,0.23167944797062,0.198909351283762,0.111111111111111,0.21992199219922,TRUE,0.160376267549183,0.215294399627191,0.0549181320780084,0.0130244790078065,0.0327700966868576
"spatial",0.5,1,"queen",0.5,0.8,"control_only",1,"oracle","Design 3","Design 3: Saturation Quadrants",0.178882248484886,0.202397259223283,0.191493730245095,0.197022533377763,0.21736244065746,0.2140981095451,0.111111111111111,0.0741434143414341,TRUE,0.160231742149242,0.21573027510128,0.055498532952038,0.0109035289781878,0.00326433111236077
"poisson",0.2,1,"queen",0.5,0.8,"control_only",1,"oracle","Design 3","Design 3: Saturation Quadrants",0.175936274519757,0.187432417949779,0.194998335310568,0.201254412290385,0.210998046285505,0.217545193246778,0.176470588235294,0.246444644464446,TRUE,0.170407547392271,0.214271619766141,0.0438640723738709,0.00756591736078852,0.00654714696127373
"poisson",0.5,1,"queen",0.5,0.8,"control_only",1,"oracle","Design 3","Design 3: Saturation Quadrants",0.183021498563778,0.188710291172666,0.193410835492475,0.20352540655523,0.221368332900098,0.212119999915848,0.176470588235294,0.213765376537654,TRUE,0.172462462676726,0.216744166407973,0.0442817037312472,0.00470054431980971,0.00924833298424968
"iid",0,2,"queen",0.5,0.8,"control_only",1,"oracle","Design 3","Design 3: Saturation Quadrants",0.173151051557586,0.179972984901853,0.185326207424069,0.196950775676153,0.205012123826843,0.209839869204674,0.25,0.335517551755176,TRUE,0.169946286892877,0.207425996515759,0.0374797096228812,0.00535322252221554,0.00482774537783046
"spatial",0.2,2,"queen",0.5,0.8,"control_only",1,"oracle","Design 3","Design 3: Saturation Quadrants",0.178797598332709,0.188955667624023,0.186668036216624,0.19223577665015,0.205090239826042,0.215877951024081,0.0526315789473684,0.258181818181818,TRUE,0.155948295714831,0.210484095425061,0.0545357997102305,0.0022876314073989,0.0107877111980391
"spatial",0.5,2,"queen",0.5,0.8,"control_only",1,"oracle","Design 3","Design 3: Saturation Quadrants",0.18113645194484,0.187895910858877,0.192334672407753,0.197489840654245,0.214031877746109,0.218773639987826,0,0.164860486048605,TRUE,0.150106009934195,0.216402758866968,0.0662967489327728,0.0044387615488759,0.00474176224171705
"poisson",0.2,2,"queen",0.5,0.8,"control_only",1,"oracle","Design 3","Design 3: Saturation Quadrants",0.171707117680101,0.186087767890079,0.19090361444143,0.191278525407035,0.203630157020925,0.213438103060119,0.111111111111111,0.108274827482748,TRUE,0.152131097267579,0.208534130040522,0.0564030327729429,0.00481584655135089,0.00980794603919435
"poisson",0.5,2,"queen",0.5,0.8,"control_only",1,"oracle","Design 3","Design 3: Saturation Quadrants",0.17386261120204,0.183638277966537,0.188701245528752,0.188567827795811,0.205966355476984,0.20084288766991,0.111111111111111,0.0886528652865287,TRUE,0.15472816945675,0.203404621573447,0.0486764521166972,0.005062967562215,0.0051234678070739
"iid",0,1,"queen",0,0.5,"both",1,"oracle","Design 3","Design 3: Saturation Quadrants",0.0538323514643914,0.0541955396502091,0.0573090377805013,0.0555975186055357,0.0599455251096775,0.0607495586228187,0,0.0871047104710471,TRUE,0.0427596553200767,0.0603475418662481,0.0175878865461714,0.00311349813029225,0.000804033513141227
"spatial",0.2,1,"queen",0,0.5,"both",1,"oracle","Design 3","Design 3: Saturation Quadrants",0.0523403236047492,0.0557076245946404,0.055708672563944,0.053659344325256,0.0604749409801815,0.0624308431579251,0,-0.0837323732373237,TRUE,0.0410883813087789,0.0614528920690533,0.0203645107602744,1.04796930366913e-06,0.00195590217774366
"spatial",0.5,1,"queen",0,0.5,"both",1,"oracle","Design 3","Design 3: Saturation Quadrants",0.0534547126671459,0.0564800157074892,0.0541272052622028,0.0554743820170943,0.062049390068518,0.0603807821879773,0,-0.00324032403240324,TRUE,0.0428376630743299,0.0612150861282477,0.0183774230539178,0.00235281044528634,0.0016686078805407
"poisson",0.2,1,"queen",0,0.5,"both",1,"oracle","Design 3","Design 3: Saturation Quadrants",0.054004551213006,0.0587656837235368,0.0559060354750002,0.0585685821600676,0.0654827318755181,0.0622301429521289,0.176470588235294,0.0462526252625262,TRUE,0.0482674818923133,0.0638564374138235,0.0155889555215102,0.00285964824853667,0.00325258892338918
"poisson",0.5,1,"queen",0,0.5,"both",1,"oracle","Design 3","Design 3: Saturation Quadrants",0.0506306100745102,0.0514609044349199,0.0530128335127247,0.0523644311121221,0.0567575988986282,0.0577133234740675,0,0.0812601260126013,TRUE,0.0425055199027453,0.0572354611863478,0.0147299412836026,0.00155192907780487,0.000955724575439229
"iid",0,2,"queen",0,0.5,"both",1,"oracle","Design 3","Design 3: Saturation Quadrants",0.0506707984797556,0.0563618950614468,0.0554681738702257,0.0552792653219215,0.061122579402792,0.0601260268680827,0.111111111111111,0.0542454245424542,TRUE,0.0459466936073218,0.0606243031354373,0.0146776095281155,0.000893721191221185,0.000996552534709295
"spatial",0.2,2,"queen",0,0.5,"both",1,"oracle","Design 3","Design 3: Saturation Quadrants",0.0515564973865066,0.0543786985058022,0.0545150352205736,0.0546346080413717,0.0609672334237104,0.0603166770411288,0,0.133417341734173,TRUE,0.0419598787510904,0.0606419552324196,0.0186820764813292,0.00013633671477143,0.000650556382581609
"spatial",0.5,2,"queen",0,0.5,"both",1,"oracle","Design 3","Design 3: Saturation Quadrants",0.0531222229138898,0.0566235044024825,0.0573232889512198,0.0582136257844499,0.0654475353490586,0.0599935306190868,0.176470588235294,0.107170717071707,TRUE,0.0473468233255167,0.0627205329840727,0.015373709658556,0.000699784548737328,0.00545400472997178
"poisson",0.2,2,"queen",0,0.5,"both",1,"oracle","Design 3","Design 3: Saturation Quadrants",0.053139392291991,0.055997951704264,0.0547535523016097,0.0579965784182284,0.0608363410535427,0.0601477143988207,0.25,0.171737173717372,TRUE,0.0515682634308346,0.0604920277261817,0.00892376429534708,0.00124439940265433,0.00068862665472199
"poisson",0.5,2,"queen",0,0.5,"both",1,"oracle","Design 3","Design 3: Saturation Quadrants",0.0521248248169111,0.0548478115613025,0.0557936401872557,0.0561938950891593,0.0607203899498649,0.0597005854998852,0.111111111111111,0.24999699969997,TRUE,0.047518842721467,0.060210487724875,0.0126916450034081,0.000945828625953167,0.00101980444997962
"iid",0,1,"queen",0.5,0.5,"both",1,"oracle","Design 3","Design 3: Saturation Quadrants",0.0560214491061255,0.0607509003846458,0.0562749370837982,0.0584567998403415,0.0651105867290671,0.0619699700343126,0.0526315789473684,0.0513651365136514,TRUE,0.0458231767940361,0.0635402783816899,0.0177171015876537,0.00447596330084762,0.00314061669475456
"spatial",0.2,1,"queen",0.5,0.5,"both",1,"oracle","Design 3","Design 3: Saturation Quadrants",0.0551454451821486,0.0593571933794816,0.0596681134457289,0.058239165044627,0.0632135889624912,0.0635004962209064,0.111111111111111,0.0454485448544854,TRUE,0.0477440722017009,0.0633570425916988,0.0156129703899979,0.000310920066247319,0.000286907258415153
"spatial",0.5,1,"queen",0.5,0.5,"both",1,"oracle","Design 3","Design 3: Saturation Quadrants",0.0521805948661756,0.0564495933136716,0.0556598686409066,0.0580518670438223,0.0648182581895674,0.0626425800655167,0.0526315789473684,0.0185178517851785,TRUE,0.0452702260153972,0.0637304191275421,0.0184601931121448,0.000789724672765016,0.0021756781240507
"poisson",0.2,1,"queen",0.5,0.5,"both",1,"oracle","Design 3","Design 3: Saturation Quadrants",0.0553924123707066,0.0604709286308872,0.0585769361834913,0.0583589936338348,0.0662540957084748,0.0650801476282255,0,-0.000984098409840984,TRUE,0.0428270700377746,0.0656671216683501,0.0228400516305755,0.00189399244739595,0.00117394808024926
"poisson",0.5,1,"queen",0.5,0.5,"both",1,"oracle","Design 3","Design 3: Saturation Quadrants",0.0535880202736514,0.0542977539401038,0.0615421880285421,0.0567565846175526,0.0628748762751964,0.0653814992619819,0.0526315789473684,-0.161608160816082,TRUE,0.043228708518782,0.0641281877685891,0.0208994792498071,0.00724443408843835,0.00250662298678551
"iid",0,2,"queen",0.5,0.5,"both",1,"oracle","Design 3","Design 3: Saturation Quadrants",0.0543660884366396,0.0574013166215119,0.0577224840508822,0.0571349724848338,0.0603137453199057,0.0617632337420205,0,0.106738673867387,TRUE,0.0456503613186099,0.0610384895309631,0.0153881282123531,0.000321167429370259,0.00144948842211481
"spatial",0.2,2,"queen",0.5,0.5,"both",1,"oracle","Design 3","Design 3: Saturation Quadrants",0.0547886512601611,0.058428792579162,0.0583702569217819,0.0593742643450994,0.0649850534275866,0.0637787229485132,0.0526315789473684,0.141602160216022,TRUE,0.0467564247859244,0.0643818881880499,0.0176254634021255,5.8535657380121e-05,0.00120633047907349
"spatial",0.5,2,"queen",0.5,0.5,"both",1,"oracle","Design 3","Design 3: Saturation Quadrants",0.0547327181672583,0.0588444700491634,0.0560757283516433,0.0592198553626363,0.0637759024617628,0.061749863831253,0.0526315789473684,0.0983618361836184,TRUE,0.048547147624346,0.0627628831465079,0.014215735522162,0.0027687416975201,0.0020260386305098
"poisson",0.2,2,"queen",0.5,0.5,"both",1,"oracle","Design 3","Design 3: Saturation Quadrants",0.0553295704529732,0.0579458099869825,0.0595477839708023,0.060784845135264,0.0623291357016258,0.0672469291536014,0.176470588235294,0.112427242724272,TRUE,0.050564090207295,0.0647880324276136,0.0142239422203186,0.00160197398381977,0.00491779345197561
"poisson",0.5,2,"queen",0.5,0.5,"both",1,"oracle","Design 3","Design 3: Saturation Quadrants",0.0544898351986344,0.0571429340606022,0.0578599710554253,0.0589007710762834,0.0628415281048631,0.0644900302810035,0.176470588235294,0.168844884488449,TRUE,0.0504164629837984,0.0636657791929333,0.0132493162091349,0.000717036994823124,0.00164850217614047
"iid",0,1,"queen",0,0.8,"both",1,"oracle","Design 3","Design 3: Saturation Quadrants",0.0516807853186674,0.0567377607808208,0.0552053229155641,0.0550848998417176,0.0616195156289564,0.0599850129947654,0,0.00478847884788479,TRUE,0.0433969614720798,0.0608022643118609,0.0174053028397811,0.00153243786525671,0.00163450263419099
"spatial",0.2,1,"queen",0,0.8,"both",1,"oracle","Design 3","Design 3: Saturation Quadrants",0.0509102513409548,0.0544016572051716,0.0557157032957331,0.0544038239041748,0.0603836084341332,0.0600008078668325,0.0526315789473684,-0.00784878487848785,TRUE,0.0433316164245116,0.0601922081504828,0.0168605917259712,0.00131404609056149,0.000382800567300785
"spatial",0.5,1,"queen",0,0.8,"both",1,"oracle","Design 3","Design 3: Saturation Quadrants",0.0542657659251929,0.0565573381381568,0.0566319481415216,0.0568273561405575,0.0643399466690422,0.0631288578391025,0,-0.0287548754875488,TRUE,0.0429699571704404,0.0637344022540723,0.020764445083632,7.46100033647834e-05,0.00121108882993971
"poisson",0.2,1,"queen",0,0.8,"both",1,"oracle","Design 3","Design 3: Saturation Quadrants",0.052495591045914,0.0581998724682263,0.0536666157757548,0.056504479858722,0.0637403411782741,0.0591520418869324,0.0526315789473684,0.0525172517251725,TRUE,0.0443400123970312,0.0614461915326033,0.017106179135572,0.00453325669247148,0.00458829929134165
"poisson",0.5,1,"queen",0,0.8,"both",1,"oracle","Design 3","Design 3: Saturation Quadrants",0.0508353588380177,0.0553525183294301,0.0540096398879306,0.0554040000906785,0.0606931546221625,0.058226240188429,0.0526315789473684,-0.000504050405040504,TRUE,0.0456043051070183,0.0594596974052958,0.0138553922982774,0.00134287844149948,0.00246691443373357
"iid",0,2,"queen",0,0.8,"both",1,"oracle","Design 3","Design 3: Saturation Quadrants",0.0505512850906614,0.0552249320703802,0.0547422315469642,0.0553837028240759,0.061944978050034,0.061038837362189,0.0526315789473684,-0.0803120312031203,TRUE,0.0422213298567794,0.0614919077061115,0.0192705778493321,0.000482700523416028,0.000906140687845003
"spatial",0.2,2,"queen",0,0.8,"both",1,"oracle","Design 3","Design 3: Saturation Quadrants",0.0518843992363436,0.0567446446057426,0.0537544851099828,0.056302466095743,0.0601271301270677,0.0608153640685578,0.176470588235294,-0.0775157515751575,TRUE,0.0480260019783424,0.0604712470978128,0.0124452451194704,0.00299015949575981,0.000688233941490125
"spatial",0.5,2,"queen",0,0.8,"both",1,"oracle","Design 3","Design 3: Saturation Quadrants",0.050577356351979,0.0546603303058621,0.05423392818507,0.0541891307060605,0.0590756730395482,0.0575467877830038,0.0526315789473684,-0.00825682568256826,TRUE,0.0426310792356505,0.058311230411276,0.0156801511756255,0.000426402120792091,0.00152888525654444
"poisson",0.2,2,"queen",0,0.8,"both",1,"oracle","Design 3","Design 3: Saturation Quadrants",0.0525600274630304,0.0558973069671336,0.0549746239737352,0.0549042124773523,0.0635540449535093,0.0592430197172701,0,0.036051605160516,TRUE,0.0430158091102709,0.0613985323353897,0.0183827232251189,0.00092268299339842,0.00431102523623919
"poisson",0.5,2,"queen",0,0.8,"both",1,"oracle","Design 3","Design 3: Saturation Quadrants",0.0526913353433406,0.0560295612096328,0.0545005205809709,0.0557779733066672,0.0588723074063177,0.0586303768610069,0.111111111111111,0.279327932793279,TRUE,0.0482575251141385,0.0587513421336623,0.0104938170195238,0.00152904062866195,0.000241930545310763
"iid",0,1,"queen",0.5,0.8,"both",1,"oracle","Design 3","Design 3: Saturation Quadrants",0.0581382513706381,0.0591030740101677,0.0589482819024379,0.0622127176136575,0.0669556991009442,0.0657253986854984,0.0526315789473684,0.292937293729373,TRUE,0.0503291307468839,0.0663405488932213,0.0160114181463374,0.000154792107729847,0.00123030041544586
"spatial",0.2,1,"queen",0.5,0.8,"both",1,"oracle","Design 3","Design 3: Saturation Quadrants",0.0597383680396852,0.0621178465475875,0.0587755830827976,0.0627342070937507,0.0699145547147608,0.0660248300776713,0.0526315789473684,0.181182118211821,TRUE,0.0510762946391829,0.0679696923962161,0.0168933977570332,0.00334226346478992,0.00388972463708949
"spatial",0.5,1,"queen",0.5,0.8,"both",1,"oracle","Design 3","Design 3: Saturation Quadrants",0.0565300782021379,0.0583716483679261,0.0583851360528906,0.0595953092187878,0.0638893472341273,0.0644894031726578,0.176470588235294,0.0849204920492049,TRUE,0.0512447920891053,0.0641893752033926,0.0129445831142873,1.34876849644597e-05,0.000600055938530575
"poisson",0.2,1,"queen",0.5,0.8,"both",1,"oracle","Design 3","Design 3: Saturation Quadrants",0.0551558569448472,0.0566421050740059,0.0584474164770663,0.0576040111061168,0.0633960107371801,0.065443714693163,0.0526315789473684,-0.028034803480348,TRUE,0.0446325702853309,0.0644198627151716,0.0197872924298407,0.00180531140306045,0.0020477039559829
"poisson",0.5,1,"queen",0.5,0.8,"both",1,"oracle","Design 3","Design 3: Saturation Quadrants",0.053565121350471,0.0596898152653994,0.0568618827347183,0.057265183788305,0.0644920592246302,0.0632050999939833,0.0526315789473684,-0.0324512451245125,TRUE,0.0458187128801695,0.0638485796093067,0.0180298667291373,0.00282793253068105,0.00128695923064695
"iid",0,2,"queen",0.5,0.8,"both",1,"oracle","Design 3","Design 3: Saturation Quadrants",0.0537776859813096,0.0563674666444462,0.0588442636997638,0.0581489800198159,0.0619507215136172,0.0626532738761895,0.111111111111111,0.0461086108610861,TRUE,0.0492514975979472,0.0623019976949034,0.0130505000969562,0.00247679705531754,0.000702552362572273
"spatial",0.2,2,"queen",0.5,0.8,"both",1,"oracle","Design 3","Design 3: Saturation Quadrants",0.0554567988329718,0.0581475749017341,0.0596208379738051,0.058395638401027,0.0637891079866857,0.063285340584709,0,0.0570777077707771,TRUE,0.0458411730750678,0.0635372242856974,0.0176960512106296,0.00147326307207103,0.000503767401976773
"spatial",0.5,2,"queen",0.5,0.8,"both",1,"oracle","Design 3","Design 3: Saturation Quadrants",0.0576545237996576,0.0625247647329633,0.0637160868396215,0.0618575622876253,0.0713735937633027,0.0711267921609129,0,0.0608940894089409,TRUE,0.0427597348632587,0.0712501929621078,0.0284904580988491,0.0011913221066582,0.000246801602389782
"poisson",0.2,2,"queen",0.5,0.8,"both",1,"oracle","Design 3","Design 3: Saturation Quadrants",0.0550232239372863,0.0568691585440431,0.058063576762297,0.0562222349659194,0.0611648421848406,0.0623095801459507,0,0.178877887788779,TRUE,0.0462262526571034,0.0617372111653956,0.0155109585082923,0.00119441821825395,0.00114473796111011
"poisson",0.5,2,"queen",0.5,0.8,"both",1,"oracle","Design 3","Design 3: Saturation Quadrants",0.056969928976593,0.0635306733262172,0.0618372292901498,0.0617979767768947,0.0708282655122034,0.0668947987691307,0.111111111111111,0.062034203420342,TRUE,0.048889258660156,0.068861532140667,0.0199722734805111,0.00169344403606744,0.0039334667430727
"iid",0,1,"queen",0,0.5,"control_only",1,"oracle","Design 4","Design 4: Isolation Buffer",0.205605433546609,0.212446531745199,0.216250299555822,0.224602630189915,0.241428725604967,0.245729664496181,0.111111111111111,0.197071707170717,TRUE,0.180888121616251,0.243579195050574,0.0626910734343231,0.00380376781062233,0.00430093889121388
"spatial",0.2,1,"queen",0,0.5,"control_only",1,"oracle","Design 4","Design 4: Isolation Buffer",0.195384827507501,0.209839065345776,0.210009951865676,0.209728603849641,0.225557545089809,0.217832938319375,0.111111111111111,0.126900690069007,TRUE,0.177203096493941,0.221695241704592,0.044492145210651,0.000170886519900132,0.00772460677043393
"spatial",0.5,1,"queen",0,0.5,"control_only",1,"oracle","Design 4","Design 4: Isolation Buffer",0.203285281478646,0.217955974227489,0.209350221450442,0.221386358279908,0.249760286045914,0.234491241484859,0.0526315789473684,0.00537653765376538,TRUE,0.174462600113919,0.242125763765387,0.0676631636514681,0.00860575277704667,0.0152690445610549
"poisson",0.2,1,"queen",0,0.5,"control_only",1,"oracle","Design 4","Design 4: Isolation Buffer",0.196386171932285,0.2060888757248,0.207134888186816,0.219556473929635,0.240657797253103,0.238276874388699,0.0526315789473684,0.212661266126613,TRUE,0.166419530078156,0.239467335820901,0.0730478057427453,0.00104601246201602,0.00238092286440414
"poisson",0.5,1,"queen",0,0.5,"control_only",1,"oracle","Design 4","Design 4: Isolation Buffer",0.201402732679176,0.224445166850812,0.206902617210085,0.217184551068471,0.238761722099971,0.226011076796292,0.111111111111111,0.275595559555956,TRUE,0.179966343599086,0.232386399448131,0.052420055849045,0.0175425496407274,0.0127506453036793
"iid",0,2,"queen",0,0.5,"control_only",1,"oracle","Design 4","Design 4: Isolation Buffer",0.191489830936936,0.212606126524436,0.212762282503715,0.226873537251017,0.254075168852467,0.234201098282786,0.25,0.167536753675368,TRUE,0.189674541494178,0.244138133567626,0.0544635920734482,0.000156155979279232,0.019874070569681
"spatial",0.2,2,"queen",0,0.5,"control_only",1,"oracle","Design 4","Design 4: Isolation Buffer",0.199524615118298,0.205201026875079,0.210160384368985,0.223270295917026,0.235864835921203,0.232268585865144,0.25,0.299417941794179,TRUE,0.192795127951516,0.234066710893173,0.0412715829416577,0.00495935749390633,0.00359625005605865
"spatial",0.5,2,"queen",0,0.5,"control_only",1,"oracle","Design 4","Design 4: Isolation Buffer",0.194110674199951,0.205756357338646,0.213483997555219,0.211244748985775,0.224358653917688,0.23136353156791,0.111111111111111,0.14967896789679,TRUE,0.176070849807993,0.227861092742799,0.0517902429348054,0.00772764021657335,0.00700487765022198
"poisson",0.2,2,"queen",0,0.5,"control_only",1,"oracle","Design 4","Design 4: Isolation Buffer",0.192707258448464,0.209693331366315,0.209322534416152,0.208020811821428,0.230859449492449,0.230016761465913,0.111111111111111,0.119147914791479,TRUE,0.169052163569312,0.230438105479181,0.0613859419098685,0.000370796950163371,0.000842688026535476
"poisson",0.5,2,"queen",0,0.5,"control_only",1,"oracle","Design 4","Design 4: Isolation Buffer",0.198087646251601,0.205618644648944,0.209531527133255,0.218027722875899,0.226851895815622,0.238340752876026,0.176470588235294,0.191371137113711,TRUE,0.181470418075954,0.232596324345824,0.0511259062698695,0.00391288248431076,0.0114888570604042
"iid",0,1,"queen",0.5,0.5,"control_only",1,"oracle","Design 4","Design 4: Isolation Buffer",0.200132669588724,0.214539740678708,0.215834269562311,0.2173247080632,0.236491862633091,0.243408716133991,0.111111111111111,0.16033603360336,TRUE,0.174401201669076,0.239950289383541,0.0655490877144646,0.00129452888360301,0.00691685350089988
"spatial",0.2,1,"queen",0.5,0.5,"control_only",1,"oracle","Design 4","Design 4: Isolation Buffer",0.192694436265765,0.208632800773018,0.215768115327322,0.21340875249162,0.227925861364985,0.23671581832293,0.0526315789473684,-0.0192499249924992,TRUE,0.165787150958585,0.232320839843957,0.0665336888853722,0.00713531455430444,0.00878995695794493
"spatial",0.5,1,"queen",0.5,0.5,"control_only",1,"oracle","Design 4","Design 4: Isolation Buffer",0.201116907252542,0.207126305847843,0.205676232055866,0.218765487790403,0.237815946773413,0.228521395837555,0.111111111111111,0.318847884788479,TRUE,0.184285130807478,0.233168671305484,0.048883540498006,0.0014500737919769,0.00929455093585746
"poisson",0.2,1,"queen",0.5,0.5,"control_only",1,"oracle","Design 4","Design 4: Isolation Buffer",0.193435968855952,0.204966768030246,0.21362216939686,0.213006556754028,0.230332836078805,0.233120756530012,0.111111111111111,0.0345634563456346,TRUE,0.171806167313792,0.231726796304408,0.0599206289906164,0.00865540136661391,0.00278792045120629
"poisson",0.5,1,"queen",0.5,0.5,"control_only",1,"oracle","Design 4","Design 4: Isolation Buffer",0.202778417408749,0.207125209779271,0.219017946199875,0.222504285481267,0.229728154546091,0.25074421290106,0.0526315789473684,-0.0336633663366337,TRUE,0.167940411261181,0.240236183723576,0.0722957724623948,0.0118927364206044,0.0210160583549684
"iid",0,2,"queen",0.5,0.5,"control_only",1,"oracle","Design 4","Design 4: Isolation Buffer",0.199383309647664,0.216303467593242,0.207091587897871,0.224613852835387,0.24977608035458,0.232119850580696,0.111111111111111,0.0795679567956796,TRUE,0.184998439149291,0.240947965467638,0.0559495263183468,0.00921187969537041,0.0176562297738835
"spatial",0.2,2,"queen",0.5,0.5,"control_only",1,"oracle","Design 4","Design 4: Isolation Buffer",0.198811284588288,0.211907188889461,0.207879552658401,0.212043333645415,0.239408464896197,0.230745002905298,0.0526315789473684,0.184086408640864,TRUE,0.168170360334153,0.235076733900747,0.0669063735665943,0.00402763623106012,0.00866346199089915
"spatial",0.5,2,"queen",0.5,0.5,"control_only",1,"oracle","Design 4","Design 4: Isolation Buffer",0.190409756757218,0.193051738036197,0.212515452609592,0.210724065004073,0.205616977906349,0.238372458426442,0.176470588235294,0.173261326132613,TRUE,0.183483466783714,0.221994718166395,0.0385112513826814,0.0194637145733951,0.0327554805200924
"poisson",0.2,2,"queen",0.5,0.5,"control_only",1,"oracle","Design 4","Design 4: Isolation Buffer",0.195051320856086,0.210903824922766,0.214308393767764,0.216003502566454,0.234528053531873,0.237422591282698,0.111111111111111,0.0742034203420342,TRUE,0.170821508430424,0.235975322407286,0.0651538139768622,0.00340456884499826,0.00289453775082513
"poisson",0.5,2,"queen",0.5,0.5,"control_only",1,"oracle","Design 4","Design 4: Isolation Buffer",0.195201256000374,0.209262733707625,0.212967574287964,0.209292850182273,0.234114263179657,0.222572823896048,0.0526315789473684,0.123828382838284,TRUE,0.161636677237903,0.228343543537853,0.0667068662999494,0.0037048405803389,0.0115414392836095
"iid",0,1,"queen",0,0.8,"control_only",1,"oracle","Design 4","Design 4: Isolation Buffer",0.19154017022528,0.210076867576102,0.198304203734988,0.207343272235461,0.228682003102788,0.228487616225729,0.0526315789473684,0.00142814281428143,TRUE,0.160485705291715,0.228584809664258,0.0680991043725428,0.0117726638411139,0.000194386877059416
"spatial",0.2,1,"queen",0,0.8,"control_only",1,"oracle","Design 4","Design 4: Isolation Buffer",0.201599022376101,0.203906956313694,0.210491277274255,0.223795744685764,0.239746171883392,0.240368803232779,0.111111111111111,0.408076807680768,TRUE,0.18453329055303,0.240057487558085,0.0555241970050559,0.0065843209605615,0.000622631349387254
"spatial",0.5,1,"queen",0,0.8,"control_only",1,"oracle","Design 4","Design 4: Isolation Buffer",0.197042110807713,0.224141996993616,0.203990048435395,0.219761166831802,0.245953760708022,0.217839389621158,0.111111111111111,0.134377437743774,TRUE,0.173935470144267,0.23189657516459,0.0579611050203231,0.0201519485582211,0.0281143710868642
"poisson",0.2,1,"queen",0,0.8,"control_only",1,"oracle","Design 4","Design 4: Isolation Buffer",0.196302376543314,0.210825759143045,0.211161101391784,0.214712248621634,0.244945786884307,0.234045830398896,0.0526315789473684,0.0401560156015602,TRUE,0.156995961234057,0.239495808641601,0.0824998474075447,0.000335342248739379,0.0108999564854111
"poisson",0.5,1,"queen",0,0.8,"control_only",1,"oracle","Design 4","Design 4: Isolation Buffer",0.199429826629393,0.206154418302742,0.207798099849714,0.217520687074421,0.243148581460678,0.228820608420653,0.111111111111111,0.187326732673267,TRUE,0.173688563984553,0.235984594940665,0.0622960309561123,0.00164368154697214,0.0143279730400253
"iid",0,2,"queen",0,0.8,"control_only",1,"oracle","Design 4","Design 4: Isolation Buffer",0.194900857461896,0.199026068809999,0.202930781380033,0.21167929311199,0.229719875928509,0.216993366764256,0.176470588235294,0.221002100210021,TRUE,0.183327534124457,0.223356621346382,0.0400290872219256,0.0039047125700333,0.0127265091642534
"spatial",0.2,2,"queen",0,0.8,"control_only",1,"oracle","Design 4","Design 4: Isolation Buffer",0.192979199065149,0.206415365716603,0.204787721985079,0.216620359937247,0.234072044472252,0.236245567078568,0.111111111111111,0.219117911791179,TRUE,0.17255223929137,0.23515880577541,0.0626065664840397,0.00162764373152435,0.00217352260631548
"spatial",0.5,2,"queen",0,0.8,"control_only",1,"oracle","Design 4","Design 4: Isolation Buffer",0.191074743842039,0.200968728294705,0.201348999625231,0.219276559500597,0.225204826957645,0.235801052386147,0.176470588235294,0.225106510651065,TRUE,0.186420709108488,0.230502939671896,0.0440822305634077,0.000380271330526122,0.0105962254285021
"poisson",0.2,2,"queen",0,0.8,"control_only",1,"oracle","Design 4","Design 4: Isolation Buffer",0.194115127648009,0.200707046662646,0.210077348210746,0.215516820299083,0.226091378328488,0.243653244061833,0.111111111111111,0.0261146114611461,TRUE,0.174747029939694,0.234872311195161,0.0601252812554667,0.0093703015480999,0.017561865733345
"poisson",0.5,2,"queen",0,0.8,"control_only",1,"oracle","Design 4","Design 4: Isolation Buffer",0.192865575499378,0.207779005454506,0.20002777233763,0.212854280742682,0.229446388169952,0.222234080175405,0.111111111111111,0.247236723672367,TRUE,0.171122883823912,0.225840234172678,0.0547173503487658,0.00775123311687584,0.00721230799454725
"iid",0,1,"queen",0.5,0.8,"control_only",1,"oracle","Design 4","Design 4: Isolation Buffer",0.198570683952956,0.201330003620797,0.211544387612036,0.220578018757404,0.229710149081831,0.233056918558163,0.111111111111111,0.076963696369637,TRUE,0.181970350248838,0.231383533819997,0.0494131835711585,0.0102143839912391,0.00334676947633195
"spatial",0.2,1,"queen",0.5,0.8,"control_only",1,"oracle","Design 4","Design 4: Isolation Buffer",0.203849604627997,0.21028157147764,0.207884040853403,0.221952527447306,0.232278900536369,0.245357859771569,0.111111111111111,0.132649264926493,TRUE,0.183186775618576,0.238818380153969,0.0556316045353933,0.00239753062423761,0.0130789592352
"spatial",0.5,1,"queen",0.5,0.8,"control_only",1,"oracle","Design 4","Design 4: Isolation Buffer",0.209918592618959,0.219703636744247,0.22418528555724,0.224418957323666,0.237327556982517,0.248055758745957,0.176470588235294,0.301434143414341,TRUE,0.189418486398437,0.242691657864237,0.0532731714657996,0.00448164881299346,0.0107282017634399
"poisson",0.2,1,"queen",0.5,0.8,"control_only",1,"oracle","Design 4","Design 4: Isolation Buffer",0.199242705725345,0.221868878738084,0.205199719076657,0.226717100236938,0.253966727627727,0.22847076942497,0.111111111111111,0.0850645064506451,TRUE,0.181507131570575,0.241218748526348,0.0597116169557731,0.0166691596614273,0.0254959582027563
"poisson",0.5,1,"queen",0.5,0.8,"control_only",1,"oracle","Design 4","Design 4: Isolation Buffer",0.200828860797975,0.220555686585978,0.212638046710343,0.216181981635767,0.240358641794155,0.226403767539212,0.111111111111111,0.202544254425443,TRUE,0.175460168074484,0.233381204666683,0.0579210365921998,0.00791763987563476,0.0139548742549426
"iid",0,2,"queen",0.5,0.8,"control_only",1,"oracle","Design 4","Design 4: Isolation Buffer",0.191301154539345,0.209017441205566,0.203864797001858,0.212857586003438,0.241550913490988,0.222164494627493,0,0.151707170717072,TRUE,0.159403998505122,0.23185770405924,0.072453705554118,0.00515264420370806,0.0193864188634955
"spatial",0.2,2,"queen",0.5,0.8,"control_only",1,"oracle","Design 4","Design 4: Isolation Buffer",0.192529700089913,0.193932408037578,0.20770347094137,0.215191639757826,0.220776679675943,0.243028931890882,0.176470588235294,0.158223822382238,TRUE,0.173689474552465,0.231902805783412,0.0582133312309479,0.013771062903792,0.0222522522149395
"spatial",0.5,2,"queen",0.5,0.8,"control_only",1,"oracle","Design 4","Design 4: Isolation Buffer",0.199898361039981,0.212060337498506,0.207218829233827,0.217888480995293,0.241267546158717,0.234934503517611,0.111111111111111,0.137029702970297,TRUE,0.178091699215941,0.238101024838164,0.0600093256222227,0.00484150826467836,0.00633304264110574
"poisson",0.2,2,"queen",0.5,0.8,"control_only",1,"oracle","Design 4","Design 4: Isolation Buffer",0.201995535653692,0.219337525704574,0.213592590419899,0.226728299681363,0.241709365952604,0.241201795328187,0.111111111111111,0.169168916891689,TRUE,0.182157431028309,0.241455580640395,0.0592981496120863,0.00574493528467473,0.000507570624416753
"poisson",0.5,2,"queen",0.5,0.8,"control_only",1,"oracle","Design 4","Design 4: Isolation Buffer",0.210569207905495,0.223581405713016,0.211473758437132,0.229869639365052,0.24928286097056,0.234721332769928,0.111111111111111,0.192691269126913,TRUE,0.188767856145324,0.242002096870244,0.0532342407249206,0.0121076472758842,0.0145615282006319
"iid",0,1,"queen",0,0.5,"both",1,"oracle","Design 4","Design 4: Isolation Buffer",0.186039943675632,0.20783026956607,0.194022998316556,0.211545784394296,0.237246376422367,0.214953505131016,0.111111111111111,0.154743474347435,TRUE,0.17470553119869,0.226099940776692,0.0513944095780013,0.0138072712495141,0.0222928712913508
"spatial",0.2,1,"queen",0,0.5,"both",1,"oracle","Design 4","Design 4: Isolation Buffer",0.185227409197666,0.197348600921766,0.20043400633485,0.195793016308576,0.217157070924362,0.214328586710656,0,0.0763996399639964,TRUE,0.156955252598905,0.215742828817509,0.058787576218604,0.00308540541308411,0.00282848421370618
"spatial",0.5,1,"queen",0,0.5,"both",1,"oracle","Design 4","Design 4: Isolation Buffer",0.193258153501866,0.207060062087931,0.209936814839375,0.207930133496407,0.232682628129721,0.227060364663315,0.0526315789473684,0.0501890189018902,TRUE,0.157796986638018,0.229871496396518,0.0720745097584999,0.0028767527514442,0.00562226346640543
"poisson",0.2,1,"queen",0,0.5,"both",1,"oracle","Design 4","Design 4: Isolation Buffer",0.200552803342158,0.211516068789259,0.19884541152701,0.21307934384141,0.232164352682454,0.228143383664471,0.111111111111111,0.195115511551155,TRUE,0.176726058860647,0.230153868173462,0.0534278093128151,0.0126706572622481,0.0040209690179826
"poisson",0.5,1,"queen",0,0.5,"both",1,"oracle","Design 4","Design 4: Isolation Buffer",0.18856210684995,0.21540205310392,0.203916488575143,0.216230367547917,0.241751208421063,0.221708742543617,0.111111111111111,0.0606540654065407,TRUE,0.166221827141045,0.23172997548234,0.0655081483412956,0.0114855645287772,0.0200424658774458
"iid",0,2,"queen",0,0.5,"both",1,"oracle","Design 4","Design 4: Isolation Buffer",0.195739865762806,0.213230864302725,0.208344559664176,0.212124900963876,0.237897850568483,0.230028447934213,0,0.0866246624662466,TRUE,0.164255095913722,0.233963149251348,0.0697080533376255,0.00488630463854928,0.0078694026342693
"spatial",0.2,2,"queen",0,0.5,"both",1,"oracle","Design 4","Design 4: Isolation Buffer",0.193860863040455,0.208752815318428,0.207280514839234,0.207739128013128,0.227472003497669,0.224903145119892,0,0.052013201320132,TRUE,0.162716669121844,0.22618757430878,0.0634709051869364,0.00147230047919403,0.00256885837777721
"spatial",0.5,2,"queen",0,0.5,"both",1,"oracle","Design 4","Design 4: Isolation Buffer",0.186620264364362,0.200393398645728,0.202941121116609,0.205455147506047,0.212971118583381,0.237862624119396,0.176470588235294,0.0501530153015302,TRUE,0.167770187427036,0.225416871351389,0.0576466839243524,0.00254772247088078,0.0248915055360152
"poisson",0.2,2,"queen",0,0.5,"both",1,"oracle","Design 4","Design 4: Isolation Buffer",0.199447928239301,0.211837204766828,0.205305975092885,0.214711972220446,0.235536381517243,0.222584088350529,0.0526315789473684,0.20957695769577,TRUE,0.170327883057071,0.229060234933886,0.0587323518768143,0.00653122967394293,0.0129522931667145
"poisson",0.5,2,"queen",0,0.5,"both",1,"oracle","Design 4","Design 4: Isolation Buffer",0.201923023173219,0.211193444838407,0.218900655100485,0.21878860202962,0.228726901538319,0.239800869705479,0.111111111111111,0.1995199519952,TRUE,0.180357747061342,0.234263885621899,0.0539061385605574,0.00770721026207807,0.0110739681671594
"iid",0,1,"queen",0.5,0.5,"both",1,"oracle","Design 4","Design 4: Isolation Buffer",0.192214038572699,0.214155074960804,0.204909999758401,0.214110530930841,0.231521207922881,0.227263348187776,0.111111111111111,0.0884608460846085,TRUE,0.169444088391074,0.229392278055328,0.0599481896642537,0.00924507520240289,0.00425785973510484
"spatial",0.2,1,"queen",0.5,0.5,"both",1,"oracle","Design 4","Design 4: Isolation Buffer",0.190887040572593,0.205743598958418,0.20501872841431,0.202991578989254,0.215802137231126,0.22772198017556,0.0526315789473684,-0.028046804680468,TRUE,0.166071164089395,0.221762058703343,0.0556908946139475,0.000724870544107192,0.0119198429444344
"spatial",0.5,1,"queen",0.5,0.5,"both",1,"oracle","Design 4","Design 4: Isolation Buffer",0.196856887127718,0.18987043563166,0.212777794432545,0.205738879069715,0.222527178243676,0.225579299400688,0.0526315789473684,0.264158415841584,TRUE,0.17298643345461,0.224053238822182,0.0510668053675723,0.0229073588008853,0.00305212115701273
"poisson",0.2,1,"queen",0.5,0.5,"both",1,"oracle","Design 4","Design 4: Isolation Buffer",0.210394273229719,0.221760982203614,0.205447398949923,0.226182014618737,0.248145762813075,0.240800100416821,0.111111111111111,0.253381338133813,TRUE,0.186471257075081,0.244472931614948,0.0580016745398664,0.0163135832536913,0.0073456623962545
"poisson",0.5,1,"queen",0.5,0.5,"both",1,"oracle","Design 4","Design 4: Isolation Buffer",0.205918821222998,0.207684814726644,0.211850359149842,0.222296012722649,0.236368673183847,0.236943280001499,0.111111111111111,0.268442844284428,TRUE,0.183915907124547,0.236655976592673,0.0527400694681259,0.00416554442319811,0.000574606817651646
"iid",0,2,"queen",0.5,0.5,"both",1,"oracle","Design 4","Design 4: Isolation Buffer",0.197085834506822,0.208320969793959,0.216034597123478,0.208744321603804,0.226889314902159,0.237901749278941,0,-0.0794719471947195,TRUE,0.159031358649433,0.23239553209055,0.0733641734411175,0.00771362732951894,0.0110124343767822
"spatial",0.2,2,"queen",0.5,0.5,"both",1,"oracle","Design 4","Design 4: Isolation Buffer",0.195848720140193,0.213344076643622,0.206510046850908,0.217746914108128,0.232086094355934,0.233842589013159,0.111111111111111,0.238019801980198,TRUE,0.181787710763077,0.232964341684547,0.0511766309214692,0.00683402979271397,0.00175649465722458
"spatial",0.5,2,"queen",0.5,0.5,"both",1,"oracle","Design 4","Design 4: Isolation Buffer",0.200027531711908,0.214677394667965,0.216184243108885,0.221561806212627,0.234604729184707,0.231741993748348,0.25,0.245112511251125,TRUE,0.196550243005511,0.233173361466528,0.0366231184610166,0.00150684844092022,0.00286273543635912
"poisson",0.2,2,"queen",0.5,0.5,"both",1,"oracle","Design 4","Design 4: Isolation Buffer",0.19711851415832,0.210609813133346,0.202698129797273,0.219746033816832,0.236701543742673,0.236128868997845,0.111111111111111,0.154695469546955,TRUE,0.182200140444014,0.236415206370259,0.0542150659262448,0.00791168333607253,0.00057267474482714
"poisson",0.5,2,"queen",0.5,0.5,"both",1,"oracle","Design 4","Design 4: Isolation Buffer",0.194976472254616,0.208380802171847,0.216680153475074,0.220926745816506,0.229468515830696,0.239466423346724,0.111111111111111,0.233315331533153,TRUE,0.177417985573229,0.23446746958871,0.057049484015481,0.00829935130322662,0.00999790751602794
"iid",0,1,"queen",0,0.8,"both",1,"oracle","Design 4","Design 4: Isolation Buffer",0.194203752984785,0.198427549831466,0.217053775693076,0.214173834529442,0.220978298090684,0.239762089242482,0.111111111111111,0.216345634563456,TRUE,0.174234429673714,0.230370193666583,0.0561357639928693,0.0186262258616097,0.0187837911517978
"spatial",0.2,1,"queen",0,0.8,"both",1,"oracle","Design 4","Design 4: Isolation Buffer",0.192093764881046,0.208651019551236,0.195639511161385,0.206346172028663,0.227088913810269,0.213858379789169,0.176470588235294,-0.0778997899789979,TRUE,0.169725292268332,0.220473646799719,0.050748354531387,0.0130115083898509,0.0132305340211003
"spatial",0.5,1,"queen",0,0.8,"both",1,"oracle","Design 4","Design 4: Isolation Buffer",0.196951609424589,0.20518766120874,0.205405794819998,0.212030306262569,0.228627922102981,0.226469004969808,0.0526315789473684,0.335049504950495,TRUE,0.174070274273079,0.227548463536394,0.0534781892633155,0.00021813361125797,0.00215891713317334
"poisson",0.2,1,"queen",0,0.8,"both",1,"oracle","Design 4","Design 4: Isolation Buffer",0.198827131293517,0.209498257748012,0.200324815110876,0.220703593467265,0.236550861900776,0.226452717987891,0.176470588235294,0.0760876087608761,TRUE,0.185168468057471,0.231501789944333,0.0463333218868619,0.00917344263713582,0.0100981439128854
"poisson",0.5,1,"queen",0,0.8,"both",1,"oracle","Design 4","Design 4: Isolation Buffer",0.192899312695232,0.199148629665837,0.208807097182567,0.208540237131285,0.219640560000456,0.234183795889046,0.0526315789473684,0.0148454845484548,TRUE,0.164009930040036,0.226912177944751,0.0629022479047155,0.00965846751673002,0.0145432358885902
"iid",0,2,"queen",0,0.8,"both",1,"oracle","Design 4","Design 4: Isolation Buffer",0.20568838257797,0.206819753879515,0.214082679676177,0.217962432215286,0.227128536461984,0.237829442209993,0.111111111111111,0.29012901290129,TRUE,0.186139371991979,0.232478989335989,0.0463396173440096,0.00726292579666171,0.0107009057480091
"spatial",0.2,2,"queen",0,0.8,"both",1,"oracle","Design 4","Design 4: Isolation Buffer",0.185338305580898,0.198907041192973,0.206794972538063,0.212792708977707,0.227010848947425,0.228184346584162,0.176470588235294,0.13050105010501,TRUE,0.178496403133807,0.227597597765793,0.0491011946319861,0.00788793134509028,0.00117349763673652
"spatial",0.5,2,"queen",0,0.8,"both",1,"oracle","Design 4","Design 4: Isolation Buffer",0.19785770984464,0.206162036323282,0.197536346873669,0.210220631009476,0.226324245904865,0.216184372705333,0.176470588235294,0.188070807080708,TRUE,0.1767805445016,0.221254309305099,0.0444737648034991,0.00862568944961287,0.0101398731995312
"poisson",0.2,2,"queen",0,0.8,"both",1,"oracle","Design 4","Design 4: Isolation Buffer",0.194372961307701,0.198880385586942,0.212724889599189,0.210079597525291,0.217820942886833,0.235337400211032,0.0526315789473684,-0.0388238823882388,TRUE,0.170296049847984,0.226579171548933,0.0562831217009487,0.0138445040122468,0.0175164573241991
"poisson",0.5,2,"queen",0,0.8,"both",1,"oracle","Design 4","Design 4: Isolation Buffer",0.191226014766385,0.195405190054796,0.201153748497167,0.204074661767093,0.227655726876148,0.22405770772871,0.0526315789473684,0.103966396639664,TRUE,0.159611073804568,0.225856717302429,0.066245643497861,0.0057485584423719,0.00359801914743788
"iid",0,1,"queen",0.5,0.8,"both",1,"oracle","Design 4","Design 4: Isolation Buffer",0.198975304364574,0.210119886432907,0.207241309727321,0.210559023845741,0.226346249157153,0.228656214411414,0.0526315789473684,0.0890969096909691,TRUE,0.167639347740259,0.227501231784283,0.0598618840440241,0.00287857670558594,0.0023099652542605
"spatial",0.2,1,"queen",0.5,0.8,"both",1,"oracle","Design 4","Design 4: Isolation Buffer",0.199688781447999,0.20722605880888,0.203680419210411,0.220897826473188,0.237280069121148,0.235141466588987,0.111111111111111,0.113123312331233,TRUE,0.179813176815849,0.236210767855068,0.0563975910392192,0.0035456395984691,0.00213860253216069
"spatial",0.5,1,"queen",0.5,0.8,"both",1,"oracle","Design 4","Design 4: Isolation Buffer",0.19666744910115,0.202100287811496,0.210664144775875,0.205662056195161,0.220462009926014,0.221442799867828,0.0526315789473684,0.0479327932793279,TRUE,0.166515811925286,0.220952404896921,0.054436592971635,0.00856385696437864,0.000980789941814164
"poisson",0.2,1,"queen",0.5,0.8,"both",1,"oracle","Design 4","Design 4: Isolation Buffer",0.205770433332968,0.19870982773306,0.207872945297667,0.221846208178685,0.232174541272073,0.240619320569306,0.111111111111111,0.493081308130813,TRUE,0.191343288772115,0.23639693092069,0.0450536421485743,0.00916311756460736,0.00844477929723345
"poisson",0.5,1,"queen",0.5,0.8,"both",1,"oracle","Design 4","Design 4: Isolation Buffer",0.19723694476348,0.217714106796605,0.209510374921511,0.209161109138674,0.231215456206907,0.226829468294261,0,0.125124512451245,TRUE,0.157761726438162,0.229022462250584,0.0712607358124218,0.00820373187509421,0.00438598791264555
"iid",0,2,"queen",0.5,0.8,"both",1,"oracle","Design 4","Design 4: Isolation Buffer",0.208599776630225,0.229175160015165,0.213840909811435,0.222604171046307,0.250447374666189,0.237349593492015,0.0526315789473684,0.178181818181818,TRUE,0.170046267032382,0.243898484079102,0.0738522170467195,0.0153342502037302,0.0130977811741738
"spatial",0.2,2,"queen",0.5,0.8,"both",1,"oracle","Design 4","Design 4: Isolation Buffer",0.202245807399492,0.212302338376712,0.220876191145819,0.228125953813614,0.246300725437022,0.248502934529502,0.111111111111111,0.183078307830783,TRUE,0.188511299732855,0.247401829983262,0.0588905302504066,0.00857385276910677,0.00220220909248045
"spatial",0.5,2,"queen",0.5,0.8,"both",1,"oracle","Design 4","Design 4: Isolation Buffer",0.210359293852613,0.228423482668251,0.214226029964889,0.221688641074834,0.245613548480473,0.225176604903977,0,0.167044704470447,TRUE,0.175850247777552,0.235395076692225,0.0595448289146726,0.0141974527033625,0.0204369435764958
"poisson",0.2,2,"queen",0.5,0.8,"both",1,"oracle","Design 4","Design 4: Isolation Buffer",0.194691386952399,0.211601460475043,0.202373948935832,0.211664063032205,0.238971393487387,0.214120258854498,0.0526315789473684,0.173897389738974,TRUE,0.168091328256942,0.226545826170942,0.0584544979139998,0.00922751153921078,0.0248511346328886
"poisson",0.5,2,"queen",0.5,0.8,"both",1,"oracle","Design 4","Design 4: Isolation Buffer",0.20189985550716,0.203573298966534,0.207127737649133,0.221640592065745,0.232390385759076,0.238060932121212,0.0526315789473684,0.0946774677467747,TRUE,0.176573232766527,0.235225658940144,0.0586524261736172,0.0035544386825988,0.0056705463621354
"iid",0,1,"queen",0,0.5,"control_only",1,"oracle","Design 5","Design 5: 2x2 Blocking",0.778468149897461,0.873591968708259,0.833954185736352,0.881721107286614,0.91391647137326,0.924616259780496,0.25,0.556327632763276,TRUE,0.7641676568561,0.919266365576878,0.155098708720778,0.0396377829719071,0.0106997884072366
"spatial",0.2,1,"queen",0,0.5,"control_only",1,"oracle","Design 5","Design 5: 2x2 Blocking",0.813218572193149,0.840281285511243,0.830867835962948,0.924403497503071,0.929360265552259,0.956313871374583,0.333333333333333,0.453261326132613,TRUE,0.824001573248923,0.942837068463421,0.118835495214498,0.00941344954829426,0.0269536058223242
"spatial",0.5,1,"queen",0,0.5,"control_only",1,"oracle","Design 5","Design 5: 2x2 Blocking",0.84072297302286,0.874617327316673,0.822666209576057,0.98818133369459,1.12086458328261,0.930656336173101,0.25,0.46965496549655,TRUE,0.873620845333117,1.02576045972785,0.152139614394738,0.0519511177406164,0.190208247109507
"poisson",0.2,1,"queen",0,0.5,"control_only",1,"oracle","Design 5","Design 5: 2x2 Blocking",0.819741399422647,0.833691636885384,0.833954206607037,0.905159870507535,0.932707788455469,0.954120789394782,0.25,0.519159915991599,TRUE,0.788295553280377,0.943414288925126,0.155118735644749,0.000262569721653394,0.0214130009393129
"poisson",0.5,1,"queen",0,0.5,"control_only",1,"oracle","Design 5","Design 5: 2x2 Blocking",0.767199127080345,0.775648386423072,0.819754613380942,0.960887706839838,1.0072052706879,0.987635387252945,0.25,0.466426642664266,TRUE,0.83045906511639,0.997420328970424,0.166961263854033,0.0441062269578697,0.0195698834349565
"iid",0,2,"queen",0,0.5,"control_only",1,"oracle","Design 5","Design 5: 2x2 Blocking",0.843813857133157,0.831182573567385,0.807070754484186,0.923466892621819,0.964570471155135,0.956779713823859,0.176470588235294,0.548262826282628,TRUE,0.77508980351197,0.960675092489497,0.185585288977527,0.024111819083199,0.00779075733127566
"spatial",0.2,2,"queen",0,0.5,"control_only",1,"oracle","Design 5","Design 5: 2x2 Blocking",0.808334777824794,0.805805280565527,0.84890850891716,0.890617907953203,0.927420141986413,0.975278415173089,0.111111111111111,0.582790279027903,TRUE,0.731315585619234,0.951349278579751,0.220033692960516,0.0431032283516337,0.0478582731866759
"spatial",0.5,2,"queen",0,0.5,"control_only",1,"oracle","Design 5","Design 5: 2x2 Blocking",0.786236442693404,0.77813463036687,0.831153955780039,0.925032110591578,0.943218415009097,0.95218686699888,0.428571428571429,0.589270927092709,TRUE,0.865685921466631,0.947702641003989,0.0820167195373577,0.0530193254131689,0.0089684519897828
"poisson",0.2,2,"queen",0,0.5,"control_only",1,"oracle","Design 5","Design 5: 2x2 Blocking",0.780513585375133,0.807101816132935,0.755671652514836,0.901097836614179,0.956992842783008,0.893343278212847,0.333333333333333,0.58995499549955,TRUE,0.814745754122922,0.925168060497928,0.110422306375006,0.051430163618099,0.0636495645701606
"poisson",0.5,2,"queen",0,0.5,"control_only",1,"oracle","Design 5","Design 5: 2x2 Blocking",0.809013319247774,0.798457481698563,0.821131780782406,0.883502700559251,0.917490783817073,0.96262062064285,0.111111111111111,0.484068406840684,TRUE,0.684888365936515,0.940055702229962,0.255167336293447,0.0226742990838426,0.0451298368257773
"iid",0,1,"queen",0.5,0.5,"control_only",1,"oracle","Design 5","Design 5: 2x2 Blocking",0.744769919932073,0.759128851189805,0.787991001234663,0.837582220363377,0.871493187413853,0.898824230633819,0.25,0.558139813981398,TRUE,0.73220761881897,0.885158709023836,0.152951090204866,0.028862150044858,0.0273310432199659
"spatial",0.2,1,"queen",0.5,0.5,"control_only",1,"oracle","Design 5","Design 5: 2x2 Blocking",0.747482043127402,0.784229577987977,0.804148987891377,0.870225956395343,0.916821126590348,0.923565771056808,0.176470588235294,0.442772277227723,TRUE,0.736195879584493,0.920193448823578,0.183997569239085,0.0199194099033997,0.00674464446646006
"spatial",0.5,1,"queen",0.5,0.5,"control_only",1,"oracle","Design 5","Design 5: 2x2 Blocking",0.838376833943091,0.814742045118781,0.813925907161841,0.951386247040223,1.02517420654273,0.931842823467246,0.428571428571429,0.650573057305731,TRUE,0.890978410824461,0.978508515004989,0.0875301041805284,0.000816137956939911,0.0933313830754857
"poisson",0.2,1,"queen",0.5,0.5,"control_only",1,"oracle","Design 5","Design 5: 2x2 Blocking",0.788043175886319,0.810234656776335,0.864107815043934,0.985938071765488,0.963446502192593,1.06355886431973,0.428571428571429,0.462862286228623,TRUE,0.905991782077368,1.01350268325616,0.107510901178795,0.0538731582675991,0.100112362127139
"poisson",0.5,1,"queen",0.5,0.5,"control_only",1,"oracle","Design 5","Design 5: 2x2 Blocking",0.788052739869047,0.792662282615207,0.857105174711623,0.90841941837204,0.954791209444166,0.958334076989041,0.333333333333333,0.467218721872187,TRUE,0.81694557384467,0.956562643216603,0.139617069371933,0.0644428920964161,0.00354286754487509
"iid",0,2,"queen",0.5,0.5,"control_only",1,"oracle","Design 5","Design 5: 2x2 Blocking",0.7575420098546,0.800606970533522,0.787441975070761,0.88871049083786,0.97347680531932,0.914497144454263,0.111111111111111,0.522184218421842,TRUE,0.737267523611199,0.943986974886791,0.206719451275592,0.0131649954627607,0.0589796608650571
"spatial",0.2,2,"queen",0.5,0.5,"control_only",1,"oracle","Design 5","Design 5: 2x2 Blocking",0.852929781120898,0.864626141628004,0.879554005577849,1.06228317341713,1.0619065149328,1.12976162915614,0.333333333333333,0.674419441944194,TRUE,0.96138452410179,1.09583407204447,0.13444954794268,0.0149278639498447,0.0678551142233488
"spatial",0.5,2,"queen",0.5,0.5,"control_only",1,"oracle","Design 5","Design 5: 2x2 Blocking",0.793237544236862,0.786258518546061,0.863882567035397,0.890770835510828,0.88716824702661,0.975772022025327,0.111111111111111,0.483636363636364,TRUE,0.739383686835988,0.931470134525968,0.192086447689981,0.0776240484893364,0.0886037749987169
"poisson",0.2,2,"queen",0.5,0.5,"control_only",1,"oracle","Design 5","Design 5: 2x2 Blocking",0.883933545914196,0.879243707590687,0.826899016000242,1.0144262955793,1.09987663072708,0.986208289297346,0.428571428571429,0.653369336933693,TRUE,0.950039541109251,1.04304246001221,0.0930029189029602,0.0523446915904456,0.113668341429732
"poisson",0.5,2,"queen",0.5,0.5,"control_only",1,"oracle","Design 5","Design 5: 2x2 Blocking",0.88170557536873,0.89991957509442,0.868039077781752,0.985735154318698,1.00470130104543,1.02140524395024,0.428571428571429,0.582070207020702,TRUE,0.942617548853671,1.01305327249784,0.0704357236441657,0.0318804973126675,0.016703942904813
"iid",0,1,"queen",0,0.8,"control_only",1,"oracle","Design 5","Design 5: 2x2 Blocking",0.816508711895303,0.793014877289595,0.816326311697292,0.931155738453832,0.922599236134857,0.984436479352803,0.428571428571429,0.578637863786379,TRUE,0.870633733260703,0.95351785774383,0.082884124483127,0.023311434407697,0.0618372432179468
"spatial",0.2,1,"queen",0,0.8,"control_only",1,"oracle","Design 5","Design 5: 2x2 Blocking",0.744439826081396,0.766167533457327,0.767542596792171,0.870127807992464,0.91994820116043,0.925059029240161,0.25,0.513075307530753,TRUE,0.733785663124737,0.922503615200296,0.188717952075559,0.0013750633348435,0.00511082807973084
"spatial",0.5,1,"queen",0,0.8,"control_only",1,"oracle","Design 5","Design 5: 2x2 Blocking",0.746634032420826,0.769383878410519,0.755994996685259,0.892198086545734,0.969254214519801,0.907138592609364,0.176470588235294,0.583726372637264,TRUE,0.761379556019056,0.938196403564582,0.176816847545526,0.0133888817252601,0.0621156219104373
"poisson",0.2,1,"queen",0,0.8,"control_only",1,"oracle","Design 5","Design 5: 2x2 Blocking",0.762210006153892,0.79391700792133,0.762162382040567,0.858408940172211,0.915805454651617,0.919550282477018,0.25,0.356759675967597,TRUE,0.733283046344141,0.917677868564317,0.184394822220176,0.0317546258807629,0.00374482782540053
"poisson",0.5,1,"queen",0,0.8,"control_only",1,"oracle","Design 5","Design 5: 2x2 Blocking",0.762084464320986,0.780524047464578,0.800872420797115,0.86891854447341,0.879368814623605,0.951194484489415,0.333333333333333,0.516339633963396,TRUE,0.799404360473287,0.91528164955651,0.115877289083223,0.0203483733325366,0.0718256698658102
"iid",0,2,"queen",0,0.8,"control_only",1,"oracle","Design 5","Design 5: 2x2 Blocking",0.788315715402329,0.81897906695279,0.823868962106586,0.893147072615947,0.956853545533865,0.937920317124733,0.176470588235294,0.675655565556556,TRUE,0.758026245066656,0.947386931329299,0.189360686262643,0.00488989515379634,0.0189332284091323
"spatial",0.2,2,"queen",0,0.8,"control_only",1,"oracle","Design 5","Design 5: 2x2 Blocking",0.736915375380434,0.714737558245504,0.819894185663936,0.820628138389561,0.847030688171195,0.892282485162592,0.176470588235294,0.45963396339634,TRUE,0.703542646025487,0.869656586666893,0.166113940641406,0.105156627418432,0.0452517969913974
"spatial",0.5,2,"queen",0,0.8,"control_only",1,"oracle","Design 5","Design 5: 2x2 Blocking",0.827482491313141,0.834756853712097,0.81498842722043,1.0576846377028,1.0195296739586,1.14798466378626,0.428571428571429,0.642844284428443,TRUE,0.958730470996008,1.08375716887243,0.125026697876424,0.0197684264916665,0.128454989827659
"poisson",0.2,2,"queen",0,0.8,"control_only",1,"oracle","Design 5","Design 5: 2x2 Blocking",0.759101858112615,0.748415252178811,0.755667102654145,0.868438924520529,0.88881682391055,0.912443561301246,0.25,0.622358235823582,TRUE,0.788883562484444,0.900630192605898,0.111746630121453,0.00725185047533394,0.023626737390696
"poisson",0.5,2,"queen",0,0.8,"control_only",1,"oracle","Design 5","Design 5: 2x2 Blocking",0.793915846898762,0.802879032073812,0.860664299902058,0.894475471312373,0.948037408931875,0.940451032033814,0.176470588235294,0.607284728472847,TRUE,0.788813335559827,0.944244220482845,0.155430884923017,0.0577852678282458,0.00758637689806096
"iid",0,1,"queen",0.5,0.8,"control_only",1,"oracle","Design 5","Design 5: 2x2 Blocking",0.78467706967079,0.838523659994307,0.79502859114186,0.915423651747655,0.956148444262299,0.941408713321442,0.428571428571429,0.459369936993699,TRUE,0.845820817644173,0.94877857879187,0.102957761147698,0.0434950688524467,0.0147397309408566
"spatial",0.2,1,"queen",0.5,0.8,"control_only",1,"oracle","Design 5","Design 5: 2x2 Blocking",0.80327210326431,0.83501887504878,0.813714767332663,0.976571181249613,1.02176807479966,1.028307069702,0.176470588235294,0.491521152115212,TRUE,0.81680316979917,1.02503757225083,0.208234402451657,0.0213041077161178,0.00653899490234
"spatial",0.5,1,"queen",0.5,0.8,"control_only",1,"oracle","Design 5","Design 5: 2x2 Blocking",0.834360756584695,0.859404029790349,0.830489789753176,0.930090686003442,0.978571963585121,1.01496023121325,0.111111111111111,0.538877887788779,TRUE,0.744994764104557,0.996766097399187,0.25177133329463,0.0289142400371729,0.036388267628132
"poisson",0.2,1,"queen",0.5,0.8,"control_only",1,"oracle","Design 5","Design 5: 2x2 Blocking",0.757397345665612,0.792890958076939,0.796607207407542,0.903782188185458,0.985308252929616,0.935606777457802,0.25,0.425106510651065,TRUE,0.799631550865729,0.960457515193709,0.16082596432798,0.00371624933060277,0.0497014754718144
"poisson",0.5,1,"queen",0.5,0.8,"control_only",1,"oracle","Design 5","Design 5: 2x2 Blocking",0.761530995389226,0.793398720783184,0.758236171608333,0.893861690808503,0.894343977743305,0.961880500456397,0.25,0.580786078607861,TRUE,0.779328672395813,0.928112239099851,0.148783566704038,0.0351625491748511,0.0675365227130917
"iid",0,2,"queen",0.5,0.8,"control_only",1,"oracle","Design 5","Design 5: 2x2 Blocking",0.826128390041884,0.775442489441244,0.85297028167131,0.907089749309116,0.855764226203737,1.04026754794236,0.176470588235294,0.54028202820282,TRUE,0.763881919731282,0.94801588707305,0.184133967341768,0.0775277922300652,0.184503321738626
"spatial",0.2,2,"queen",0.5,0.8,"control_only",1,"oracle","Design 5","Design 5: 2x2 Blocking",0.760359394173314,0.765045443026273,0.761272215734084,0.824811878341317,0.888505180613304,0.880337046541218,0.111111111111111,0.456033603360336,TRUE,0.682223329752039,0.884421113577261,0.202197783825222,0.00377322729218899,0.00816813407208561
"spatial",0.5,2,"queen",0.5,0.8,"control_only",1,"oracle","Design 5","Design 5: 2x2 Blocking",0.800821923981116,0.852123471535409,0.800263361215103,0.917829925342971,0.986957312702129,0.908180512154467,0.333333333333333,0.54946294629463,TRUE,0.815118091638263,0.947568912428298,0.132450820790035,0.051860110320306,0.0787768005476615
"poisson",0.2,2,"queen",0.5,0.8,"control_only",1,"oracle","Design 5","Design 5: 2x2 Blocking",0.810341338144196,0.828079367692966,0.856001584574221,0.939285939453196,0.950742111569523,1.02670233642043,0.333333333333333,0.602292229222922,TRUE,0.844396138284912,0.988722223994978,0.144326085710066,0.0279222168812545,0.0759602248509101
"poisson",0.5,2,"queen",0.5,0.8,"control_only",1,"oracle","Design 5","Design 5: 2x2 Blocking",0.771603453058459,0.810189030247581,0.90303965162689,0.954224196967438,0.949014965528911,1.04459420767495,0.428571428571429,0.448172817281728,TRUE,0.858377934626089,0.996804586601932,0.138426651975843,0.0928506213793091,0.0955792421460415
"iid",0,1,"queen",0,0.5,"both",1,"oracle","Design 5","Design 5: 2x2 Blocking",0.0742079206923641,0.077929088185621,0.0800867602385549,0.0801239501853062,0.0854346407440035,0.0913702465323379,0.111111111111111,0.0896369636963696,TRUE,0.0638285197070566,0.0884024436381707,0.0245739239311141,0.00215767205293385,0.00593560578833435
"spatial",0.2,1,"queen",0,0.5,"both",1,"oracle","Design 5","Design 5: 2x2 Blocking",0.0776763474709337,0.08355857144101,0.0806550844713289,0.0872951126011652,0.097824480579703,0.0892059966053503,0.111111111111111,0.29029702970297,TRUE,0.0697914737648045,0.0935152385925267,0.0237237648277222,0.00290348696968114,0.00861848397435271
"spatial",0.5,1,"queen",0,0.5,"both",1,"oracle","Design 5","Design 5: 2x2 Blocking",0.0797719499184576,0.0836302463655458,0.0854593111144218,0.0852809830050576,0.0917412953473848,0.0949032161420542,0.111111111111111,0.329120912091209,TRUE,0.0700468311625934,0.0933222557447195,0.0232754245821261,0.00182906474887597,0.00316192079466936
"poisson",0.2,1,"queen",0,0.5,"both",1,"oracle","Design 5","Design 5: 2x2 Blocking",0.0771481132527304,0.0830939546625062,0.0783096821338836,0.0840999908655581,0.0909632765423041,0.0875750438254975,0.111111111111111,0.198211821182118,TRUE,0.06602142102395,0.0892691601839008,0.0232477391599508,0.00478427252862268,0.00338823271680656
"poisson",0.5,1,"queen",0,0.5,"both",1,"oracle","Design 5","Design 5: 2x2 Blocking",0.0786645073912646,0.083130955201435,0.0815295881408872,0.0902580270184687,0.0963320646881766,0.0939932494399457,0.25,0.278091809180918,TRUE,0.079530192496702,0.0951626570640611,0.0156324645673591,0.00160136706054781,0.0023388152482309
"iid",0,2,"queen",0,0.5,"both",1,"oracle","Design 5","Design 5: 2x2 Blocking",0.0747819455076104,0.0804342938666081,0.0760885458589174,0.084909173763592,0.0951541064405779,0.0860357715387109,0.111111111111111,0.316771677167717,TRUE,0.0694054050924873,0.0905949389896444,0.021189533897157,0.00434574800769062,0.009118334901867
"spatial",0.2,2,"queen",0,0.5,"both",1,"oracle","Design 5","Design 5: 2x2 Blocking",0.0766121384828218,0.0756748600093969,0.0813134475607879,0.0833580293712722,0.0861162251853992,0.0880929556529506,0.333333333333333,0.364452445244524,TRUE,0.075507671137579,0.0871045904191749,0.0115969192815959,0.00563858755139099,0.0019767304675514
"spatial",0.5,2,"queen",0,0.5,"both",1,"oracle","Design 5","Design 5: 2x2 Blocking",0.0754251971391672,0.0814666936260956,0.0784783045168346,0.0815988119171496,0.0900568907286144,0.086028916852411,0.0526315789473684,0.246972697269727,TRUE,0.0639047190637769,0.0880429037905127,0.0241381847267358,0.00298838910926098,0.00402797387620336
"poisson",0.2,2,"queen",0,0.5,"both",1,"oracle","Design 5","Design 5: 2x2 Blocking",0.07509276817303,0.0776878660306144,0.0804252170850609,0.0859814409511421,0.0864050496268411,0.0931596441785841,0.25,0.24007200720072,TRUE,0.0751226714800713,0.0897823469027126,0.0146596754226413,0.00273735105444649,0.00675459455174303
"poisson",0.5,2,"queen",0,0.5,"both",1,"oracle","Design 5","Design 5: 2x2 Blocking",0.0750950387021603,0.0750898371208279,0.079846993739249,0.0809877649153611,0.0850447067361956,0.0877265398458981,0.111111111111111,0.378049804980498,TRUE,0.0704623071776562,0.0863856232910468,0.0159233161133907,0.00475715661842117,0.00268183310970242
"iid",0,1,"queen",0.5,0.5,"both",1,"oracle","Design 5","Design 5: 2x2 Blocking",0.0804311204304779,0.0810427052894505,0.0870352359470677,0.0874433258212467,0.0969016729074894,0.095766539514137,0.111111111111111,0.183570357035704,TRUE,0.0706959476231505,0.0963341062108132,0.0256381585876627,0.00599253065761723,0.00113513339335236
"spatial",0.2,1,"queen",0.5,0.5,"both",1,"oracle","Design 5","Design 5: 2x2 Blocking",0.0774335653550766,0.0762974503830443,0.0815365234684811,0.0870472665148116,0.0907402484725921,0.092484080309128,0.176470588235294,0.20954095409541,TRUE,0.0750308559164966,0.09161216439086,0.0165813084743634,0.00523907308543685,0.00174383183653591
"spatial",0.5,1,"queen",0.5,0.5,"both",1,"oracle","Design 5","Design 5: 2x2 Blocking",0.074999404261877,0.0818943422260105,0.0793746044209208,0.0861732903658238,0.0931748983956743,0.0896496243976923,0.25,0.302874287428743,TRUE,0.0745855982974005,0.0914122613966833,0.0168266630992828,0.00251973780508963,0.00352527399798194
"poisson",0.2,1,"queen",0.5,0.5,"both",1,"oracle","Design 5","Design 5: 2x2 Blocking",0.0802217234668559,0.0920462257698359,0.0756637423572541,0.0865959322876918,0.101683638420863,0.0856646586627338,0.111111111111111,0.341470147014702,TRUE,0.0696245875215005,0.0936741485417985,0.024049561020298,0.0163824834125818,0.0160189797581293
"poisson",0.5,1,"queen",0.5,0.5,"both",1,"oracle","Design 5","Design 5: 2x2 Blocking",0.0818020535522639,0.085895849375597,0.0854367637928333,0.0934368555043016,0.0971784249495478,0.103810987517333,0.333333333333333,0.251485148514851,TRUE,0.083511152823547,0.10049470623344,0.0169835534098931,0.000459085582763641,0.00663256256778472
"iid",0,2,"queen",0.5,0.5,"both",1,"oracle","Design 5","Design 5: 2x2 Blocking",0.0794147814795401,0.0829135362952295,0.080113149348455,0.0879623937453056,0.092842416373781,0.092964716554054,0.25,0.375865586558656,TRUE,0.0770502642482028,0.0929035664639175,0.0158533022157147,0.00280038694677447,0.000122300180273038
"spatial",0.2,2,"queen",0.5,0.5,"both",1,"oracle","Design 5","Design 5: 2x2 Blocking",0.0759455220192214,0.0871085581370445,0.0808820145256532,0.0843559009015184,0.094633156772119,0.0888803822370549,0.111111111111111,0.198691869186919,TRUE,0.0696504598133258,0.091756769504587,0.0221063096912612,0.0062265436113913,0.00575277453506415
"spatial",0.5,2,"queen",0.5,0.5,"both",1,"oracle","Design 5","Design 5: 2x2 Blocking",0.0799890832067602,0.0860345128198276,0.0841160220835129,0.0867982355979844,0.0931563302388485,0.0941048563724926,0,0.324560456045605,TRUE,0.0677128384399989,0.0936305933056706,0.0259177548656717,0.00191849073631471,0.000948526133644115
"poisson",0.2,2,"queen",0.5,0.5,"both",1,"oracle","Design 5","Design 5: 2x2 Blocking",0.0787995717875408,0.0812350112446929,0.080845174291149,0.0853627671855187,0.0941939324666485,0.0937386545226887,0.0526315789473684,0.302730273027303,TRUE,0.0663601579633339,0.0939662934946686,0.0276061355313346,0.000389836953543901,0.000455277943959789
"poisson",0.5,2,"queen",0.5,0.5,"both",1,"oracle","Design 5","Design 5: 2x2 Blocking",0.0732862803108075,0.0793434118236574,0.0778732766743404,0.083900017088477,0.0885401641484066,0.0876139518682516,0.333333333333333,0.301422142214221,TRUE,0.072551472661895,0.0880770580083291,0.0155255853464341,0.00147013514931704,0.000926212280155062
"iid",0,1,"queen",0,0.8,"both",1,"oracle","Design 5","Design 5: 2x2 Blocking",0.072691722842091,0.0769263507112156,0.079436577314056,0.0807418464105678,0.086332010387793,0.0887400944925865,0.0526315789473684,0.336009600960096,TRUE,0.0615052191556955,0.0875360524401898,0.0260308332844943,0.00251022660284038,0.00240808410479347
"spatial",0.2,1,"queen",0,0.8,"both",1,"oracle","Design 5","Design 5: 2x2 Blocking",0.0740587887525358,0.0784635385544723,0.0826957024716954,0.0851089307594678,0.0839829924808886,0.0955989263115751,0.176470588235294,0.123480348034803,TRUE,0.0731301477668525,0.0897909593962319,0.0166608116293794,0.00423216391722306,0.0116159338306865
"spatial",0.5,1,"queen",0,0.8,"both",1,"oracle","Design 5","Design 5: 2x2 Blocking",0.0764642494829392,0.076667027283153,0.082143996191069,0.0836230231322349,0.0843411514797823,0.0897515518121411,0.176470588235294,0.43966396639664,TRUE,0.072269906226416,0.0870463516459617,0.0147764454195457,0.00547696890791595,0.00541040033235883
"poisson",0.2,1,"queen",0,0.8,"both",1,"oracle","Design 5","Design 5: 2x2 Blocking",0.0728544725103625,0.0788746702103197,0.079775090449828,0.0818645911022778,0.0854514596405616,0.0876779779063269,0.176470588235294,0.184722472247225,TRUE,0.0682671772027921,0.0865647187734442,0.0182975415706521,0.000900420239508301,0.00222651826576528
"poisson",0.5,1,"queen",0,0.8,"both",1,"oracle","Design 5","Design 5: 2x2 Blocking",0.0773973829872205,0.0823060670102978,0.0807849051966639,0.0851808175845116,0.0927290374747958,0.0888710062820125,0.25,0.228454845484548,TRUE,0.0740288232268469,0.0908000218784042,0.0167711986515573,0.0015211618136339,0.00385803119278333
"iid",0,2,"queen",0,0.8,"both",1,"oracle","Design 5","Design 5: 2x2 Blocking",0.0764982436448376,0.0890743466714457,0.0806466440715124,0.0907778324182549,0.0930980472432291,0.0934828124498384,0.428571428571429,0.397827782778278,TRUE,0.0842981128705812,0.0932904298465338,0.00899231697595261,0.00842770259993332,0.000384765206609267
"spatial",0.2,2,"queen",0,0.8,"both",1,"oracle","Design 5","Design 5: 2x2 Blocking",0.0768084227349731,0.0792307470175732,0.0828714428138432,0.0850944454516759,0.0901526261377169,0.0913987240209855,0.176470588235294,0.158931893189319,TRUE,0.0700337690861196,0.0907756750793512,0.0207419059932316,0.00364069579627004,0.00124609788326865
"spatial",0.5,2,"queen",0,0.8,"both",1,"oracle","Design 5","Design 5: 2x2 Blocking",0.0794505673982196,0.0846479964383999,0.0810971268293928,0.086130265669561,0.0903280097965425,0.0909265932019351,0.176470588235294,0.253405340534053,TRUE,0.074632107632639,0.0906273014992388,0.0159951938665998,0.00355086960900708,0.000598583405392608
"poisson",0.2,2,"queen",0,0.8,"both",1,"oracle","Design 5","Design 5: 2x2 Blocking",0.0736472374529675,0.0776609095168226,0.0778970454523286,0.0790723897270044,0.0869565524152264,0.087994278595127,0.111111111111111,0.0674947494749475,TRUE,0.0636093304025604,0.0874754155051767,0.0238660851026163,0.00023613593550606,0.00103772617990068
"poisson",0.5,2,"queen",0,0.8,"both",1,"oracle","Design 5","Design 5: 2x2 Blocking",0.0768277211930182,0.0810383011256848,0.085552263273772,0.0851713014636854,0.0919983967319486,0.0941954800402172,0.176470588235294,0.281452145214521,TRUE,0.0690376661715144,0.0930969383860829,0.0240592722145685,0.00451396214808725,0.00219708330826858
"iid",0,1,"queen",0.5,0.8,"both",1,"oracle","Design 5","Design 5: 2x2 Blocking",0.0742283561447287,0.0755943916082688,0.0770891603459943,0.0800372017905378,0.0864183829571375,0.0872857096884614,0.176470588235294,0.148010801080108,TRUE,0.0670567887022098,0.0868520463227994,0.0197952576205896,0.00149476873772549,0.000867326731323906
"spatial",0.2,1,"queen",0.5,0.8,"both",1,"oracle","Design 5","Design 5: 2x2 Blocking",0.077667312795747,0.080690185828068,0.0810599038661954,0.0851268608588543,0.0940274745197085,0.089146949154088,0.111111111111111,0.119363936393639,TRUE,0.0684088767053115,0.0915872118368982,0.0231783351315867,0.000369718038127451,0.00488052536562045
"spatial",0.5,1,"queen",0.5,0.8,"both",1,"oracle","Design 5","Design 5: 2x2 Blocking",0.0770475683356556,0.0792089174088607,0.0796559660313383,0.0862051740633433,0.092382691729145,0.0885400603600591,0.176470588235294,0.36032403240324,TRUE,0.0754181645598914,0.090461376044602,0.0150432114847106,0.000447048622477547,0.00384263136908597
"poisson",0.2,1,"queen",0.5,0.8,"both",1,"oracle","Design 5","Design 5: 2x2 Blocking",0.0757992769774395,0.0769592015488167,0.0825336615894673,0.0867237148802535,0.086984290829826,0.0941937603656588,0.25,0.194503450345034,TRUE,0.0735954389430056,0.0905890255977424,0.0169935866547368,0.00557446004065063,0.0072094695358328
"poisson",0.5,1,"queen",0.5,0.8,"both",1,"oracle","Design 5","Design 5: 2x2 Blocking",0.0773077976322154,0.0803599278089712,0.0840873336964787,0.0849296569840569,0.0894635455486822,0.0948926895484913,0.176470588235294,0.301914191419142,TRUE,0.0695446971354949,0.0921781175485867,0.0226334204130918,0.00372740588750742,0.00542914399980908
"iid",0,2,"queen",0.5,0.8,"both",1,"oracle","Design 5","Design 5: 2x2 Blocking",0.0801795287922927,0.0820327192154408,0.0841090020580606,0.0877184237143527,0.0913626671656775,0.0949925877112026,0.111111111111111,0.314503450345035,TRUE,0.0699775155813066,0.0931776274384401,0.0232001118571335,0.00207628284261981,0.00362992054552516
"spatial",0.2,2,"queen",0.5,0.8,"both",1,"oracle","Design 5","Design 5: 2x2 Blocking",0.0781034305618584,0.0823921644597932,0.0810008139375563,0.0853866272430956,0.092019852370432,0.0886679279515141,0.176470588235294,0.367584758475848,TRUE,0.0734154314470453,0.090343890160973,0.0169284587139278,0.00139135052223695,0.00335192441891789
"spatial",0.5,2,"queen",0.5,0.8,"both",1,"oracle","Design 5","Design 5: 2x2 Blocking",0.0801147160213255,0.0854119405245371,0.0826192953650019,0.0900153190369096,0.0950313563591022,0.0944757837532034,0.25,0.386546654665467,TRUE,0.0787144234886753,0.0947535700561528,0.0160391465674775,0.00279264515953521,0.000555572605898808
"poisson",0.2,2,"queen",0.5,0.8,"both",1,"oracle","Design 5","Design 5: 2x2 Blocking",0.0768821791894286,0.0813356804625997,0.082746229016607,0.0875302533685013,0.092134076581586,0.0905892169667244,0.25,0.248568856885689,TRUE,0.0774599128103642,0.0913616467741552,0.013901733963791,0.00141054855400735,0.00154485961486157
"poisson",0.5,2,"queen",0.5,0.8,"both",1,"oracle","Design 5","Design 5: 2x2 Blocking",0.0767449805039805,0.0809699830760922,0.0834206496286946,0.0859568923048575,0.0964992685953412,0.0930726605039525,0.0526315789473684,0.161320132013201,TRUE,0.0671824121415495,0.0947859645496468,0.0276035524080974,0.00245066655260232,0.00342660809138873
"iid",0,1,"queen",0,0.5,"control_only",1,"oracle","Design 6","Design 6: Balanced Quartiles",0.29482638222419,0.29917320054762,0.317006565890248,0.358632205336484,0.358140759947773,0.404830593834757,0.25,0.52994899489949,TRUE,0.311352407634741,0.381485676891265,0.0701332692565241,0.0178333653426281,0.0466898338869842
"spatial",0.2,1,"queen",0,0.5,"control_only",1,"oracle","Design 6","Design 6: Balanced Quartiles",0.315182518390589,0.309064954991103,0.32308113938408,0.363099127656248,0.352342163815438,0.402870485153384,0.333333333333333,0.704506450645065,TRUE,0.32351628128555,0.377606324484411,0.0540900431988616,0.0140161843929773,0.0505283213379458
"spatial",0.5,1,"queen",0,0.5,"control_only",1,"oracle","Design 6","Design 6: Balanced Quartiles",0.300262909852009,0.296678496235875,0.313541034717142,0.351408684502382,0.38621190957795,0.364208412511938,0.333333333333333,0.51961596159616,TRUE,0.310143078295725,0.375210161044944,0.0650670827492186,0.0168625384812671,0.0220034970660111
"poisson",0.2,1,"queen",0,0.5,"control_only",1,"oracle","Design 6","Design 6: Balanced Quartiles",0.28985815473934,0.295954163773597,0.306352193635951,0.33369727140883,0.329053010101689,0.364942282495278,0.25,0.723792379237924,TRUE,0.298507800893241,0.346997646298484,0.0484898454052426,0.010398029862354,0.0358892723935889
"poisson",0.5,1,"queen",0,0.5,"control_only",1,"oracle","Design 6","Design 6: Balanced Quartiles",0.283593747829027,0.301725520627556,0.293736839903227,0.34382650690624,0.349634346514084,0.375550763871117,0.333333333333333,0.390603060306031,TRUE,0.308685942140304,0.3625925551926,0.0539066130522968,0.00798868072432873,0.0259164173570323
"iid",0,2,"queen",0,0.5,"control_only",1,"oracle","Design 6","Design 6: Balanced Quartiles",0.286443598364656,0.30453671177095,0.280053394007372,0.351728566682808,0.365056530972787,0.371230106835608,0.176470588235294,0.448388838883888,TRUE,0.303132326756004,0.368143318904198,0.0650109921481941,0.0244833177635786,0.0061735758628208
"spatial",0.2,2,"queen",0,0.5,"control_only",1,"oracle","Design 6","Design 6: Balanced Quartiles",0.282722874489907,0.301192018020894,0.308706897118656,0.341692477093116,0.354700549296021,0.359483184828915,0.428571428571429,0.534701470147015,TRUE,0.31661891236248,0.357091867062468,0.0404729546999883,0.00751487909776272,0.00478263553289437
"spatial",0.5,2,"queen",0,0.5,"control_only",1,"oracle","Design 6","Design 6: Balanced Quartiles",0.289509522682152,0.289311434390395,0.281031796288739,0.347845647884415,0.345078228373064,0.376701173217873,0.333333333333333,0.527368736873687,TRUE,0.297315695634348,0.360889700795468,0.0635740051611203,0.00827963810165566,0.0316229448448092
"poisson",0.2,2,"queen",0,0.5,"control_only",1,"oracle","Design 6","Design 6: Balanced Quartiles",0.313828148892613,0.293933105052478,0.307081815583416,0.364396727555407,0.36184629089731,0.395236214316988,0.25,0.510675067506751,TRUE,0.318074225265302,0.378541252607149,0.0604670273418467,0.0131487105309376,0.0333899234196788
"poisson",0.5,2,"queen",0,0.5,"control_only",1,"oracle","Design 6","Design 6: Balanced Quartiles",0.292276675519647,0.300565541749397,0.302603324551013,0.380456030664072,0.400804769637784,0.394034148815263,0.176470588235294,0.532745274527453,TRUE,0.319367260902091,0.397419459226524,0.0780521983244323,0.00203778280161565,0.00677062082252111
"iid",0,1,"queen",0.5,0.5,"control_only",1,"oracle","Design 6","Design 6: Balanced Quartiles",0.312175652398928,0.31468075815037,0.31823237489948,0.344957295201474,0.371585744137474,0.358954018722984,0.176470588235294,0.57014101410141,TRUE,0.302393470558432,0.365269881430229,0.0628764108717972,0.00355161674911003,0.0126317254144899
"spatial",0.2,1,"queen",0.5,0.5,"control_only",1,"oracle","Design 6","Design 6: Balanced Quartiles",0.295218287893159,0.320871323231844,0.29303760627498,0.326652304971166,0.374442947443529,0.317050435918449,0.176470588235294,0.52985298529853,TRUE,0.284019982257626,0.345746691680989,0.0617267094233637,0.0278337169568633,0.0573925115250801
"spatial",0.5,1,"queen",0.5,0.5,"control_only",1,"oracle","Design 6","Design 6: Balanced Quartiles",0.334279599600188,0.344573735506199,0.333738487377328,0.36268202632169,0.384021524597331,0.375617309029816,0.25,0.593999399939994,TRUE,0.316076449340418,0.379819416813573,0.0637429674731558,0.0108352481288703,0.00840421556751536
"poisson",0.2,1,"queen",0.5,0.5,"control_only",1,"oracle","Design 6","Design 6: Balanced Quartiles",0.324352476352467,0.325517462826993,0.3623507645397,0.379096722242901,0.421209043057749,0.399638516347566,0.176470588235294,0.54037803780378,TRUE,0.317171268527647,0.410423779702658,0.0932525111750105,0.036833301712707,0.0215705267101827
"poisson",0.5,1,"queen",0.5,0.5,"control_only",1,"oracle","Design 6","Design 6: Balanced Quartiles",0.304702246076128,0.29972027952605,0.333652366059148,0.345957068965054,0.339643299444792,0.390270401745506,0.111111111111111,0.556855685568557,TRUE,0.274802532528083,0.364956850595149,0.0901543180670665,0.0339320865330985,0.0506271023007144
"iid",0,2,"queen",0.5,0.5,"control_only",1,"oracle","Design 6","Design 6: Balanced Quartiles",0.310090638957426,0.294604455526916,0.324532553101221,0.36020649824811,0.355003715812173,0.409694049085685,0.333333333333333,0.638499849984999,TRUE,0.315416324498874,0.382348882448929,0.0669325579500549,0.0299280975743046,0.0546903332735113
"spatial",0.2,2,"queen",0.5,0.5,"control_only",1,"oracle","Design 6","Design 6: Balanced Quartiles",0.27793646404002,0.30257926527523,0.298509881277497,0.334099900376905,0.366924812571199,0.344331991751603,0.25,0.437119711971197,TRUE,0.288584824694975,0.355628402161401,0.0670435774664263,0.00406938399773277,0.0225928208195954
"spatial",0.5,2,"queen",0.5,0.5,"control_only",1,"oracle","Design 6","Design 6: Balanced Quartiles",0.301941452824746,0.322660172896333,0.307829459507986,0.374803203417392,0.394937141686909,0.389442671478876,0.176470588235294,0.533141314131413,TRUE,0.308047523252279,0.392189906582893,0.0841423833306142,0.0148307133883473,0.00549447020803251
"poisson",0.2,2,"queen",0.5,0.5,"control_only",1,"oracle","Design 6","Design 6: Balanced Quartiles",0.303382964662094,0.317705192982536,0.29235704098919,0.401333968170035,0.413956128217936,0.400162566601715,0.538461538461538,0.60976897689769,TRUE,0.384042132641033,0.407059347409825,0.0230172147687918,0.0253481519933467,0.013793561616221
"poisson",0.5,2,"queen",0.5,0.5,"control_only",1,"oracle","Design 6","Design 6: Balanced Quartiles",0.303965865859731,0.296316672161816,0.314374713372571,0.350937344659497,0.362136930724248,0.36497894658689,0.25,0.531701170117012,TRUE,0.310894288115403,0.363557938655569,0.0526636505401666,0.0180580412107551,0.00284201586264221
"iid",0,1,"queen",0,0.8,"control_only",1,"oracle","Design 6","Design 6: Balanced Quartiles",0.279511732789663,0.285804806142973,0.2988657723574,0.354270145515399,0.368551162576948,0.354767246076596,0.333333333333333,0.691821182118212,TRUE,0.314866494528957,0.361659204326772,0.0467927097978151,0.0130609662144268,0.0137839165003513
"spatial",0.2,1,"queen",0,0.8,"control_only",1,"oracle","Design 6","Design 6: Balanced Quartiles",0.293172942423606,0.318448264151749,0.339978002808234,0.379701596271501,0.37384543087713,0.413785798039646,0.333333333333333,0.526120612061206,TRUE,0.338164211388461,0.393815614458388,0.0556514030699262,0.0215297386564849,0.039940367162516
"spatial",0.5,1,"queen",0,0.8,"control_only",1,"oracle","Design 6","Design 6: Balanced Quartiles",0.301964211036238,0.305535913172565,0.323415114082747,0.324330655780943,0.328651917940157,0.370022907718336,0.111111111111111,0.516651665166517,TRUE,0.269216201427841,0.349337412829246,0.080121211401405,0.0178792009101824,0.0413709897781785
"poisson",0.2,1,"queen",0,0.8,"control_only",1,"oracle","Design 6","Design 6: Balanced Quartiles",0.284524582109877,0.30796850748409,0.306457137389126,0.33145110922967,0.3391132481283,0.353249117866745,0.333333333333333,0.658289828982898,TRUE,0.302227879079271,0.346181182997522,0.0439533039182509,0.00151137009496405,0.0141358697384448
"poisson",0.5,1,"queen",0,0.8,"control_only",1,"oracle","Design 6","Design 6: Balanced Quartiles",0.30464679164179,0.31725838316076,0.314798015686695,0.350896205731287,0.365503485640966,0.358683303080062,0.25,0.604620462046205,TRUE,0.309261836959055,0.362093394360514,0.052831557401459,0.00246036747406508,0.0068201825609045
"iid",0,2,"queen",0,0.8,"control_only",1,"oracle","Design 6","Design 6: Balanced Quartiles",0.266225655803526,0.291990569542123,0.272121259304851,0.334142330424815,0.345381611610647,0.345272914063863,0.428571428571429,0.388058805880588,TRUE,0.30549117713309,0.345327262837255,0.0398360857041654,0.0198693102372713,0.000108697546783831
"spatial",0.2,2,"queen",0,0.8,"control_only",1,"oracle","Design 6","Design 6: Balanced Quartiles",0.294240077281153,0.302261792697465,0.317285041130177,0.356922858662331,0.390590205235938,0.35884477121823,0.333333333333333,0.564536453645365,TRUE,0.322041064404809,0.374717488227084,0.0526764238222748,0.0150232484327126,0.0317454340177081
"spatial",0.5,2,"queen",0,0.8,"control_only",1,"oracle","Design 6","Design 6: Balanced Quartiles",0.291571805215647,0.302823250769992,0.298617587312427,0.342660827831782,0.363803585481634,0.334576665536767,0.538461538461538,0.617029702970297,TRUE,0.315570232216093,0.3491901255092,0.0336198932931073,0.00420566345756479,0.0292269199448671
"poisson",0.2,2,"queen",0,0.8,"control_only",1,"oracle","Design 6","Design 6: Balanced Quartiles",0.292285836102052,0.300074219960532,0.285266873075404,0.318022241020852,0.350668458565312,0.311745941235191,0.25,0.594563456345635,TRUE,0.278194289163115,0.331207199900251,0.0530129107371365,0.0148073468851284,0.0389225173301208
"poisson",0.5,2,"queen",0,0.8,"control_only",1,"oracle","Design 6","Design 6: Balanced Quartiles",0.283099047586145,0.286823692906288,0.293351322577491,0.313669768578939,0.349966894125169,0.30958548311763,0.176470588235294,0.404968496849685,TRUE,0.266570465900483,0.329776188621399,0.0632057227209163,0.00652762967120335,0.0403814110075391
"iid",0,1,"queen",0.5,0.8,"control_only",1,"oracle","Design 6","Design 6: Balanced Quartiles",0.286535289809871,0.30134128305143,0.292258207646554,0.358338239439652,0.362139241439743,0.366363750419827,0.538461538461538,0.540714071407141,TRUE,0.336575717110948,0.364251495929785,0.0276757788188367,0.00908307540487618,0.00422450898008403
"spatial",0.2,1,"queen",0.5,0.8,"control_only",1,"oracle","Design 6","Design 6: Balanced Quartiles",0.300993426083939,0.311479145976827,0.32750710001935,0.344951929258998,0.352107376429669,0.392382785774757,0.25,0.615241524152415,TRUE,0.298355351398972,0.372245081102213,0.0738897297032405,0.0160279540425229,0.0402754093450881
"spatial",0.5,1,"queen",0.5,0.8,"control_only",1,"oracle","Design 6","Design 6: Balanced Quartiles",0.283780901123694,0.296192902812178,0.299817089037736,0.323380932389009,0.350057354479442,0.332684221917068,0.25,0.402388238823882,TRUE,0.283402958528916,0.341370788198255,0.0579678296693387,0.00362418622555816,0.0173731325623734
"poisson",0.2,1,"queen",0.5,0.8,"control_only",1,"oracle","Design 6","Design 6: Balanced Quartiles",0.311170256159803,0.331510778868164,0.314579725319879,0.344280053006517,0.380516372766545,0.373942854248126,0.111111111111111,0.521116111611161,TRUE,0.270758898295225,0.377229613507336,0.10647071521211,0.0169310535482848,0.00657351851841892
"poisson",0.5,1,"queen",0.5,0.8,"control_only",1,"oracle","Design 6","Design 6: Balanced Quartiles",0.289405843277497,0.310877395790081,0.313269841537873,0.340470784137372,0.366488284703186,0.351343301729328,0.25,0.496993699369937,TRUE,0.288745982456518,0.358915793216257,0.0701698107597397,0.00239244574779129,0.0151449829738577
"iid",0,2,"queen",0.5,0.8,"control_only",1,"oracle","Design 6","Design 6: Balanced Quartiles",0.272469749893273,0.288849748939284,0.288128178985009,0.319384545936956,0.336577021469008,0.336005330607406,0.333333333333333,0.481428142814281,TRUE,0.290648110548725,0.336291176038207,0.0456430654894816,0.000721569954275414,0.000571690861602525
"spatial",0.2,2,"queen",0.5,0.8,"control_only",1,"oracle","Design 6","Design 6: Balanced Quartiles",0.295400416099217,0.302624342915736,0.308705441828583,0.326123985467753,0.345077951892647,0.352563923658788,0.111111111111111,0.48969696969697,TRUE,0.272518965204117,0.348820937775718,0.0763019725716008,0.00608109891284697,0.00748597176614113
"spatial",0.5,2,"queen",0.5,0.8,"control_only",1,"oracle","Design 6","Design 6: Balanced Quartiles",0.287320638125093,0.296588541179976,0.293836736159675,0.333235966336618,0.343875748335778,0.346423899484286,0.333333333333333,0.580654065406541,TRUE,0.297955855297664,0.345149823910032,0.0471939686123682,0.00275180502030103,0.00254815114850759
"poisson",0.2,2,"queen",0.5,0.8,"control_only",1,"oracle","Design 6","Design 6: Balanced Quartiles",0.317562561429968,0.327175979598919,0.31246418475968,0.378973588000872,0.386431224715596,0.400423553358708,0.333333333333333,0.488328832883288,TRUE,0.33408841070107,0.393427389037152,0.059338978336082,0.0147117948392391,0.0139923286431122
"poisson",0.5,2,"queen",0.5,0.8,"control_only",1,"oracle","Design 6","Design 6: Balanced Quartiles",0.278957961604739,0.298841473469652,0.309744830827049,0.342336841779341,0.349109987862464,0.362474526522068,0.25,0.543114311431143,TRUE,0.297948296573888,0.355792257192266,0.0578439606183775,0.0109033573573969,0.0133645386596031
"iid",0,1,"queen",0,0.5,"both",1,"oracle","Design 6","Design 6: Balanced Quartiles",0.0479025831318872,0.0485328882260319,0.0547563717749268,0.0510233674742642,0.0540517532431476,0.0583074797692237,0.111111111111111,-0.0435763576357636,TRUE,0.0414227357545867,0.0561796165061857,0.014756880751599,0.00622348354889489,0.0042557265260761
"spatial",0.2,1,"queen",0,0.5,"both",1,"oracle","Design 6","Design 6: Balanced Quartiles",0.0500268246005746,0.0500783749276561,0.0511393762217662,0.0540940662932702,0.0586056948381712,0.0591502481938183,0,0.0878727872787279,TRUE,0.041985337212688,0.0588779715159947,0.0168926343033068,0.00106100129411007,0.000544553355647161
"spatial",0.5,1,"queen",0,0.5,"both",1,"oracle","Design 6","Design 6: Balanced Quartiles",0.050932548268972,0.0545230003608166,0.0519002683842662,0.053371291190863,0.0592839696490812,0.0566585901675035,0.0526315789473684,-0.18007800780078,TRUE,0.0406949671845047,0.0579712799082923,0.0172763127237877,0.0026227319765504,0.00262537948157774
"poisson",0.2,1,"queen",0,0.5,"both",1,"oracle","Design 6","Design 6: Balanced Quartiles",0.0497609814349179,0.0517422558843806,0.0538764048789037,0.0549588945733874,0.0567356439884859,0.0590913591087664,0.111111111111111,0.236843684368437,TRUE,0.0448742819515406,0.0579135015486261,0.0130392195970855,0.00213414899452308,0.00235571512028051
"poisson",0.5,1,"queen",0,0.5,"both",1,"oracle","Design 6","Design 6: Balanced Quartiles",0.0504701508934294,0.0508612115491798,0.05165627402555,0.0565543792525334,0.0586041433144504,0.0603645336901529,0.111111111111111,0.224386438643864,TRUE,0.048718781284662,0.0594843385023016,0.0107655572176396,0.000795062476370227,0.00176039037570254
"iid",0,2,"queen",0,0.5,"both",1,"oracle","Design 6","Design 6: Balanced Quartiles",0.049589307279075,0.0516291447370464,0.0523848060412031,0.0517803554180165,0.0581406732300899,0.0543570705169888,0.111111111111111,0.178793879387939,TRUE,0.044211848001025,0.0562488718735394,0.0120370238725143,0.000755661304156705,0.00378360271310103
"spatial",0.2,2,"queen",0,0.5,"both",1,"oracle","Design 6","Design 6: Balanced Quartiles",0.0483121566121569,0.0507978806699376,0.053355064535864,0.0518783157038128,0.0558951985883867,0.0572213789783037,0.0526315789473684,0.0884848484848485,TRUE,0.04087187448555,0.0565582887833452,0.0156864142977953,0.00255718386592634,0.001326180389917
"spatial",0.5,2,"queen",0,0.5,"both",1,"oracle","Design 6","Design 6: Balanced Quartiles",0.048898042871798,0.0524482870296847,0.051113674371763,0.0535989276868757,0.0598710368268824,0.0556475086694113,0.0526315789473684,0.173957395739574,TRUE,0.0438502722766717,0.0577592727481469,0.0139090004714751,0.00133461265792164,0.00422352815747107
"poisson",0.2,2,"queen",0,0.5,"both",1,"oracle","Design 6","Design 6: Balanced Quartiles",0.0480243817519389,0.0514474305913815,0.0513411894949544,0.0520042293867384,0.0565786706392532,0.0546506134164047,0.111111111111111,0.0367476747674767,TRUE,0.043167924806402,0.055614642027829,0.012446717221427,0.000106241096427075,0.00192805722284854
"poisson",0.5,2,"queen",0,0.5,"both",1,"oracle","Design 6","Design 6: Balanced Quartiles",0.0484070922702958,0.0520021981800408,0.0519668163242971,0.0522495495263801,0.0556031429509863,0.0568078512165873,0.111111111111111,0.06997899789979,TRUE,0.0434881092498512,0.0562054970837868,0.0127173878339356,3.53818557437616e-05,0.00120470826560103
"iid",0,1,"queen",0.5,0.5,"both",1,"oracle","Design 6","Design 6: Balanced Quartiles",0.0490605766120754,0.0511789476718305,0.0531693416020579,0.0537129078052088,0.0584816808622679,0.0585241652937234,0.111111111111111,-0.00769276927692769,TRUE,0.0439904904611519,0.0585029230779957,0.0145124326168438,0.00199039393022743,4.24844314555473e-05
"spatial",0.2,1,"queen",0.5,0.5,"both",1,"oracle","Design 6","Design 6: Balanced Quartiles",0.0521031395179449,0.0534038357684002,0.0541038707613833,0.05714640429977,0.0613391997676681,0.0606564559141446,0.111111111111111,0.0941374137413741,TRUE,0.0475980208950047,0.0609978278409064,0.0133998069459017,0.000700034992983101,0.000682743853523508
"spatial",0.5,1,"queen",0.5,0.5,"both",1,"oracle","Design 6","Design 6: Balanced Quartiles",0.0492755116296736,0.050062482854384,0.0537485114573893,0.0540501970237936,0.0585263846007882,0.0563410619684238,0.176470588235294,0.0753795379537954,TRUE,0.046404054698925,0.057433723284606,0.011029668585681,0.00368602860300524,0.00218532263236441
"poisson",0.2,1,"queen",0.5,0.5,"both",1,"oracle","Design 6","Design 6: Balanced Quartiles",0.0528448398121118,0.054550587105159,0.0565438945922321,0.055315976707946,0.058956073427043,0.0601728638421287,0.0526315789473684,0.088040804080408,TRUE,0.0448008428496232,0.0595644686345858,0.0147636257849626,0.00199330748707306,0.0012167904150857
"poisson",0.5,1,"queen",0.5,0.5,"both",1,"oracle","Design 6","Design 6: Balanced Quartiles",0.0504128820847114,0.053294390856412,0.052670321702171,0.0545331435708423,0.0587375656209757,0.0593335880225509,0.0526315789473684,-0.0081008100810081,TRUE,0.043343209211012,0.0590355768217633,0.0156923676107513,0.000624069154240951,0.000596022401575233
"iid",0,2,"queen",0.5,0.5,"both",1,"oracle","Design 6","Design 6: Balanced Quartiles",0.0515126083272928,0.0548545424763764,0.0554320974130732,0.0534131451632168,0.0582147631369402,0.0611115949559585,0,-0.204860486048605,TRUE,0.0404512753700156,0.0596631790464493,0.0192119036764337,0.00057755493669677,0.00289683181901831
"spatial",0.2,2,"queen",0.5,0.5,"both",1,"oracle","Design 6","Design 6: Balanced Quartiles",0.0539651644717821,0.0572601968430234,0.0559072202538772,0.0563773761001232,0.0613748964770902,0.0623623223277629,0.0526315789473684,-0.10024602460246,TRUE,0.0435588861603653,0.0618686094024266,0.0183097232420613,0.00135297658914626,0.000987425850672734
"spatial",0.5,2,"queen",0.5,0.5,"both",1,"oracle","Design 6","Design 6: Balanced Quartiles",0.0510386690144342,0.0561889240090969,0.0570143569856693,0.0566788031552033,0.0619172022256667,0.0603764153449643,0.176470588235294,0.120720072007201,TRUE,0.0463685661680104,0.0611468087853155,0.0147782426173051,0.000825432976572338,0.0015407868807024
"poisson",0.2,2,"queen",0.5,0.5,"both",1,"oracle","Design 6","Design 6: Balanced Quartiles",0.0487953002697537,0.0502905226701691,0.0531243017789864,0.0525605711194823,0.05428743254205,0.0581874304612866,0.111111111111111,0.0739393939393939,TRUE,0.043743764528714,0.0562374315016683,0.0124936669729544,0.00283377910881729,0.0038999979192366
"poisson",0.5,2,"queen",0.5,0.5,"both",1,"oracle","Design 6","Design 6: Balanced Quartiles",0.05068797306473,0.0532827088051998,0.0534830273700358,0.0545278946962856,0.0584119380829797,0.0604034631238509,0.0526315789473684,0.148250825082508,TRUE,0.0438006910065863,0.0594077006034153,0.015607009596829,0.000200318564836009,0.00199152504087118
"iid",0,1,"queen",0,0.8,"both",1,"oracle","Design 6","Design 6: Balanced Quartiles",0.0482650974841657,0.0500063881504263,0.0503824397288874,0.0527259395626462,0.055521286684777,0.0565540845000648,0.0526315789473684,0.157095709570957,TRUE,0.0435040786243858,0.0560376855924209,0.0125336069680351,0.000376051578461128,0.00103279781528779
"spatial",0.2,1,"queen",0,0.8,"both",1,"oracle","Design 6","Design 6: Balanced Quartiles",0.0503532203381576,0.0518172836279666,0.052116519618351,0.0527430753042696,0.0566063403574544,0.0580207387240812,0.0526315789473684,0.0433123312331233,TRUE,0.0411255350202355,0.0573135395407678,0.0161880045205323,0.000299235990384443,0.00141439836662673
"spatial",0.5,1,"queen",0,0.8,"both",1,"oracle","Design 6","Design 6: Balanced Quartiles",0.0492653082282839,0.052305088235672,0.0528936310090143,0.05167656578353,0.0562251551238715,0.0587859238442286,0,-0.0357275727572757,TRUE,0.0400762676715564,0.05750553948405,0.0174292718124937,0.000588542773342318,0.00256076872035711
"poisson",0.2,1,"queen",0,0.8,"both",1,"oracle","Design 6","Design 6: Balanced Quartiles",0.0531840351848536,0.0542391407494864,0.0512088196878102,0.0567504453079579,0.0593366646483266,0.0607426677543206,0.111111111111111,0.0568496849684969,TRUE,0.0481240621855874,0.0600396662013236,0.0119156040157362,0.00303032106167619,0.00140600310599394
"poisson",0.5,1,"queen",0,0.8,"both",1,"oracle","Design 6","Design 6: Balanced Quartiles",0.0499205356561918,0.0526453530535854,0.0538584897122745,0.0556870852289944,0.0606837436317825,0.0603941436767586,0.111111111111111,-0.0441044104410441,TRUE,0.0440758094838917,0.0605389436542706,0.0164631341703788,0.00121313665868911,0.000289599955023957
"iid",0,2,"queen",0,0.8,"both",1,"oracle","Design 6","Design 6: Balanced Quartiles",0.050149214512185,0.050534480751536,0.053792651984503,0.0530041890532824,0.0570798447491555,0.0595719030498797,0,0.144254425442544,TRUE,0.0422258449083615,0.0583258738995176,0.0161000289911561,0.00325817123296704,0.00249205830072415
"spatial",0.2,2,"queen",0,0.8,"both",1,"oracle","Design 6","Design 6: Balanced Quartiles",0.0489840507097343,0.0531119195429153,0.0518220488376134,0.0523082544903052,0.0557221369772669,0.0577333178258077,0.0526315789473684,0.106822682268227,TRUE,0.0430253878039465,0.0567277274015373,0.0137023395975908,0.00128987070530191,0.00201118084854088
"spatial",0.5,2,"queen",0,0.8,"both",1,"oracle","Design 6","Design 6: Balanced Quartiles",0.0478803614310849,0.0517704910049433,0.0497725977884894,0.0541046624796794,0.0586534858822526,0.058180092381271,0.0526315789473684,-0.0944254425442544,TRUE,0.0418515829493344,0.0584167891317618,0.0165652061824274,0.0019978932164539,0.000473393500981668
"poisson",0.2,2,"queen",0,0.8,"both",1,"oracle","Design 6","Design 6: Balanced Quartiles",0.050366035268034,0.0532727414091663,0.0533639802279055,0.0526940600774574,0.0572216460555498,0.0573956280985589,0.111111111111111,0.10975097509751,TRUE,0.0438570866366757,0.0573086370770543,0.0134515504403786,9.12388187391741e-05,0.000173982043009092
"poisson",0.5,2,"queen",0,0.8,"both",1,"oracle","Design 6","Design 6: Balanced Quartiles",0.0480904839005097,0.0526675854236765,0.0501103321828975,0.0514219032593108,0.0572321880560763,0.0553182959453275,0.0526315789473684,0.00626462646264626,TRUE,0.0426829022440413,0.0562752420007019,0.0135923397566606,0.00255725324077904,0.00191389211074876
"iid",0,1,"queen",0.5,0.8,"both",1,"oracle","Design 6","Design 6: Balanced Quartiles",0.0522833313714111,0.0554456380499571,0.0549283608791954,0.0575821054458474,0.064545431742366,0.0596795987955977,0.111111111111111,0.0828202820282028,TRUE,0.0455556024076832,0.0621125152689819,0.0165569128612986,0.0005172771707617,0.00486583294676829
"spatial",0.2,1,"queen",0.5,0.8,"both",1,"oracle","Design 6","Design 6: Balanced Quartiles",0.052630429868792,0.0566888561846796,0.051042907060422,0.0564031684636362,0.063020831490325,0.0578021640859326,0.0526315789473684,0.0313111311131113,TRUE,0.0449459864506771,0.0604114977881288,0.0154655113374517,0.00564594912425762,0.00521866740439235
"spatial",0.5,1,"queen",0.5,0.8,"both",1,"oracle","Design 6","Design 6: Balanced Quartiles",0.0529359342804625,0.0565451127547669,0.0554658672735937,0.0571916578641781,0.0609787426022366,0.0638629181150462,0.176470588235294,0.023042304230423,TRUE,0.0454004384059481,0.0624208303586414,0.0170203919526933,0.00107924548117316,0.00288417551280967
"poisson",0.2,1,"queen",0.5,0.8,"both",1,"oracle","Design 6","Design 6: Balanced Quartiles",0.0505039742160438,0.0521544422213155,0.054679279416151,0.0556976949681587,0.058955479270507,0.060828462460753,0.176470588235294,-0.0391719171917192,TRUE,0.0457785605819172,0.05989197086563,0.0141134102837128,0.00252483719483555,0.00187298319024597
"poisson",0.5,1,"queen",0.5,0.8,"both",1,"oracle","Design 6","Design 6: Balanced Quartiles",0.0489854541606306,0.0539049984589893,0.0543759100540885,0.0547472862932029,0.0582711301416118,0.0609126581399849,0.111111111111111,-0.0587218721872187,TRUE,0.0444659184422855,0.0595918941407984,0.0151259756985128,0.000470911595099203,0.00264152799837307
"iid",0,2,"queen",0.5,0.8,"both",1,"oracle","Design 6","Design 6: Balanced Quartiles",0.0531465928392801,0.0583219080823925,0.0552154772522371,0.0568838618460033,0.0623563689051212,0.0590512805276285,0.176470588235294,0.0734713471347135,TRUE,0.0473542611001438,0.0607038247163748,0.0133495636162311,0.00310643083015538,0.00330508837749266
"spatial",0.2,2,"queen",0.5,0.8,"both",1,"oracle","Design 6","Design 6: Balanced Quartiles",0.050543282575745,0.0535794631633937,0.054656122031922,0.0528399818323832,0.0621055272291324,0.0614037536007898,0,-0.114263426342634,TRUE,0.038382607210139,0.0617546404149611,0.0233720332048221,0.00107665886852822,0.000701773628342672
"spatial",0.5,2,"queen",0.5,0.8,"both",1,"oracle","Design 6","Design 6: Balanced Quartiles",0.0503231538595638,0.0539547407171889,0.054319371981118,0.0543458886915516,0.0590995797708568,0.060672369506838,0.0526315789473684,-0.0128532853285329,TRUE,0.0425057768670439,0.0598859746388474,0.0173801977718036,0.000364631263929112,0.00157278973598118
"poisson",0.2,2,"queen",0.5,0.8,"both",1,"oracle","Design 6","Design 6: Balanced Quartiles",0.0515377928864637,0.0551301402648347,0.0538346160816647,0.0558693720873607,0.0591634063241228,0.0592291526689043,0.176470588235294,0.134881488148815,TRUE,0.0469958077376668,0.0591962794965135,0.0122004717588467,0.00129552418316999,6.57463447815074e-05
"poisson",0.5,2,"queen",0.5,0.8,"both",1,"oracle","Design 6","Design 6: Balanced Quartiles",0.0521269993226847,0.0529953710833435,0.0557096312737837,0.056573333877888,0.0595102829493054,0.0605248550924933,0.176470588235294,0.131737173717372,TRUE,0.0478669901577299,0.0600175690208993,0.0121505788631694,0.00271426019044016,0.00101457214318796
"iid",0,1,"queen",0,0.5,"control_only",1,"oracle","Design 7","Design 7: Balanced Halves",0.28209507913956,0.292220977472756,0.281571512494511,0.324942150561597,0.349061495247158,0.337978411730415,0.176470588235294,0.499129912991299,TRUE,0.278111175773527,0.343519953488786,0.0654087777152592,0.0106494649782445,0.0110830835167427
"spatial",0.2,1,"queen",0,0.5,"control_only",1,"oracle","Design 7","Design 7: Balanced Halves",0.282064764678923,0.298550263440369,0.297623438239717,0.337045463769884,0.350808623059144,0.346131853252279,0.428571428571429,0.488436843684368,TRUE,0.307507608127367,0.348470238155711,0.0409626300283441,0.000926825200651904,0.00467676980686549
"spatial",0.5,1,"queen",0,0.5,"control_only",1,"oracle","Design 7","Design 7: Balanced Halves",0.288845000313578,0.297983141964736,0.296559853682022,0.331193136372444,0.346090355255432,0.346788898369912,0.333333333333333,0.518655865586559,TRUE,0.301008384061352,0.346439626812672,0.0454312427513196,0.00142328828271432,0.000698543114480032
"poisson",0.2,1,"queen",0,0.5,"control_only",1,"oracle","Design 7","Design 7: Balanced Halves",0.288797168251417,0.292969804788511,0.306240796630459,0.342783287824327,0.338468199255286,0.376219280772172,0.25,0.64002400240024,TRUE,0.303520494516325,0.357343740013729,0.0538232454974042,0.0132709918419479,0.0377510815168858
"poisson",0.5,1,"queen",0,0.5,"control_only",1,"oracle","Design 7","Design 7: Balanced Halves",0.292557852262195,0.307017683591903,0.298462742784128,0.347401275257811,0.364969777049793,0.363541739318001,0.25,0.536717671767177,TRUE,0.300394336473445,0.364255758183897,0.063861421710452,0.00855494080777547,0.00142803773179195
"iid",0,2,"queen",0,0.5,"control_only",1,"oracle","Design 7","Design 7: Balanced Halves",0.308749792308125,0.303490259341611,0.342952331926532,0.349543001129718,0.343652071881958,0.379435010262912,0.176470588235294,0.574761476147615,TRUE,0.294672574657325,0.361543541072435,0.0668709664151102,0.0394620725849205,0.0357829383809545
"spatial",0.2,2,"queen",0,0.5,"control_only",1,"oracle","Design 7","Design 7: Balanced Halves",0.293346270458679,0.282300743859467,0.313402484116704,0.334295367504811,0.331001525119194,0.377044721165706,0.111111111111111,0.572157215721572,TRUE,0.280094398171312,0.35402312314245,0.0739287249711384,0.0311017402572377,0.0460431960465115
"spatial",0.5,2,"queen",0,0.5,"control_only",1,"oracle","Design 7","Design 7: Balanced Halves",0.300619476323989,0.305519547667595,0.327211519938193,0.359990335095159,0.36804925734369,0.383418933983656,0.333333333333333,0.54022202220222,TRUE,0.317541438272496,0.375734095663673,0.0581926573911773,0.0216919722705987,0.0153696766399656
"poisson",0.2,2,"queen",0,0.5,"control_only",1,"oracle","Design 7","Design 7: Balanced Halves",0.268328289376316,0.28864248041025,0.292682291165418,0.320351423252547,0.336357652620388,0.344401887515619,0.25,0.404980498049805,TRUE,0.275492651335905,0.340379770068003,0.0648871187320988,0.00403981075516874,0.00804423489523065
"poisson",0.5,2,"queen",0,0.5,"control_only",1,"oracle","Design 7","Design 7: Balanced Halves",0.28742671301289,0.292440779675716,0.294188913201034,0.336439956456518,0.357160165740753,0.361977981255339,0.111111111111111,0.556999699969997,TRUE,0.291007213206065,0.359569073498046,0.0685618602919811,0.00174813352531744,0.00481781551458621
"iid",0,1,"queen",0.5,0.5,"control_only",1,"oracle","Design 7","Design 7: Balanced Halves",0.290274165006786,0.300093420009575,0.281170054359904,0.329053828050029,0.345796540512265,0.347073878851891,0.176470588235294,0.439207920792079,TRUE,0.273879169522117,0.346435209682078,0.0725560401599609,0.0189233656496716,0.00127733833962623
"spatial",0.2,1,"queen",0.5,0.5,"control_only",1,"oracle","Design 7","Design 7: Balanced Halves",0.304020092125446,0.292066923169533,0.325403548352115,0.333455029882584,0.360667745149976,0.358787214650615,0.111111111111111,0.565088508850885,TRUE,0.282670343288241,0.359727479900295,0.0770571366120548,0.0333366251825812,0.00188053049936132
"spatial",0.5,1,"queen",0.5,0.5,"control_only",1,"oracle","Design 7","Design 7: Balanced Halves",0.355933484842687,0.345622659381601,0.395693906309195,0.392566302271357,0.400355870602305,0.428062527044225,0.25,0.686696669666967,TRUE,0.338506240214638,0.414209198823265,0.0757029586086269,0.0500712469275944,0.0277066564419201
"poisson",0.2,1,"queen",0.5,0.5,"control_only",1,"oracle","Design 7","Design 7: Balanced Halves",0.302007041962817,0.300039596444038,0.306325987026835,0.332620164873783,0.356458587796491,0.359450353706896,0.111111111111111,0.424218421842184,TRUE,0.268114321547195,0.357954470751693,0.0898401492044985,0.00628639058279751,0.00299176591040551
"poisson",0.5,1,"queen",0.5,0.5,"control_only",1,"oracle","Design 7","Design 7: Balanced Halves",0.319971000301766,0.32787010578951,0.355966931506982,0.392776037380752,0.386424162259523,0.423679386731703,0.538461538461538,0.478727872787279,TRUE,0.367873198199054,0.405051774495613,0.037178576296559,0.0280968257174726,0.037255224472179
"iid",0,2,"queen",0.5,0.5,"control_only",1,"oracle","Design 7","Design 7: Balanced Halves",0.288518345531048,0.305276043974162,0.295145359629184,0.335764991865031,0.341207722240473,0.356700112955948,0.25,0.561788178817882,TRUE,0.290924759242145,0.34895391759821,0.0580291583560654,0.0101306843449783,0.0154923907154758
"spatial",0.2,2,"queen",0.5,0.5,"control_only",1,"oracle","Design 7","Design 7: Balanced Halves",0.293523427785987,0.301437951046368,0.323743772381496,0.349653417576728,0.368855408188738,0.373595172597949,0.176470588235294,0.343282328232823,TRUE,0.298056252380778,0.371225290393343,0.0731690380125656,0.0223058213351286,0.00473976440921137
"spatial",0.5,2,"queen",0.5,0.5,"control_only",1,"oracle","Design 7","Design 7: Balanced Halves",0.292697625958884,0.327022257357372,0.292183941065416,0.359078380682743,0.39746068424342,0.343227005280658,0.176470588235294,0.492157215721572,TRUE,0.294336519585371,0.370343844762039,0.0760073251766676,0.0348383162919561,0.054233678962762
"poisson",0.2,2,"queen",0.5,0.5,"control_only",1,"oracle","Design 7","Design 7: Balanced Halves",0.284019063458094,0.287621284447539,0.315238425385844,0.326235805562183,0.35050366594604,0.361799219334238,0.111111111111111,0.409096909690969,TRUE,0.263550574482966,0.356151442640139,0.0926008681571733,0.0276171409383045,0.0112955533881985
"poisson",0.5,2,"queen",0.5,0.5,"control_only",1,"oracle","Design 7","Design 7: Balanced Halves",0.304314638768959,0.316254191298843,0.314014418112487,0.357037173020756,0.364718570345174,0.370182584315288,0.25,0.556975697569757,TRUE,0.320833927652114,0.367450577330231,0.0466166496781171,0.00223977318635571,0.00546401397011431
"iid",0,1,"queen",0,0.8,"control_only",1,"oracle","Design 7","Design 7: Balanced Halves",0.280701782296953,0.293402651313096,0.27811787680076,0.335036791879716,0.356683024773993,0.344563853719173,0.25,0.519267926792679,TRUE,0.293622984414821,0.350623439246583,0.0570004548317615,0.0152847745123357,0.0121191710548206
"spatial",0.2,1,"queen",0,0.8,"control_only",1,"oracle","Design 7","Design 7: Balanced Halves",0.3091072921693,0.308440009030003,0.334014431629164,0.363298761222315,0.367654732210708,0.400191554407551,0.25,0.654353435343534,TRUE,0.312354750245956,0.383923143309129,0.0715683930631735,0.0255744225991608,0.0325368221968427
"spatial",0.5,1,"queen",0,0.8,"control_only",1,"oracle","Design 7","Design 7: Balanced Halves",0.286288249612135,0.292494900023248,0.296485859144117,0.322934096560551,0.353093645529218,0.320184858849202,0.25,0.53000900090009,TRUE,0.27526521529156,0.33663925218921,0.0613740368976496,0.003990959120869,0.0329087866800158
"poisson",0.2,1,"queen",0,0.8,"control_only",1,"oracle","Design 7","Design 7: Balanced Halves",0.283797434446943,0.307288188236855,0.297740153072985,0.342899580922555,0.363743554021039,0.352856037051467,0.25,0.408208820882088,TRUE,0.287911682892101,0.358299795536253,0.0703881126441524,0.00954803516387065,0.0108875169695721
"poisson",0.5,1,"queen",0,0.8,"control_only",1,"oracle","Design 7","Design 7: Balanced Halves",0.290103100466713,0.30217828880346,0.287544791353256,0.318988093124686,0.340590271060641,0.327258871953197,0.25,0.598487848784878,TRUE,0.286649291800405,0.333924571506919,0.047275279706514,0.0146334974502038,0.0133313991074449
"iid",0,2,"queen",0,0.8,"control_only",1,"oracle","Design 7","Design 7: Balanced Halves",0.291304442482021,0.294061188063668,0.302596161754197,0.348849925392747,0.355983616297785,0.372118650217257,0.25,0.590831083108311,TRUE,0.311499718459797,0.364051133257521,0.0525514147977238,0.00853497369052902,0.0161350339194719
"spatial",0.2,2,"queen",0,0.8,"control_only",1,"oracle","Design 7","Design 7: Balanced Halves",0.280341057721385,0.296691785318443,0.293789860726898,0.318824928113975,0.354419508138884,0.324214118861725,0.25,0.532301230123012,TRUE,0.266918898203978,0.339316813500304,0.0723979152963266,0.00290192459154553,0.0302053892771592
"spatial",0.5,2,"queen",0,0.8,"control_only",1,"oracle","Design 7","Design 7: Balanced Halves",0.276536680325776,0.290328339906873,0.310877661152876,0.321280427405216,0.335796535430447,0.345361748082938,0.25,0.50988298829883,TRUE,0.280452252832094,0.340579141756693,0.0601268889245988,0.0205493212460034,0.00956521265249111
"poisson",0.2,2,"queen",0,0.8,"control_only",1,"oracle","Design 7","Design 7: Balanced Halves",0.294216089992015,0.303064476819813,0.312522987903252,0.342743182619424,0.354911245357709,0.35582370174103,0.176470588235294,0.556279627962796,TRUE,0.281520199378856,0.355367473549369,0.0738472741705135,0.00945851108343848,0.000912456383320603
"poisson",0.5,2,"queen",0,0.8,"control_only",1,"oracle","Design 7","Design 7: Balanced Halves",0.275445845429469,0.296519424931331,0.291413258640553,0.315938459209423,0.341949983698341,0.312146249322947,0.25,0.540606060606061,TRUE,0.282025287143173,0.327048116510644,0.0450228293674706,0.00510616629077826,0.0298037343753944
"iid",0,1,"queen",0.5,0.8,"control_only",1,"oracle","Design 7","Design 7: Balanced Halves",0.302512698033077,0.313202882006873,0.301551233421042,0.347532917406371,0.365436314679598,0.368736510423817,0.333333333333333,0.513183318331833,TRUE,0.298824850253952,0.367086412551707,0.0682615622977551,0.0116516485858306,0.00330019574421953
"spatial",0.2,1,"queen",0.5,0.8,"control_only",1,"oracle","Design 7","Design 7: Balanced Halves",0.317665456440502,0.32004752021101,0.349689292043982,0.383696506400804,0.370603112983003,0.422750383852423,0.333333333333333,0.59039903990399,TRUE,0.348712122070038,0.396676748417713,0.0479646263476753,0.0296417718329722,0.0521472708694199
"spatial",0.5,1,"queen",0.5,0.8,"control_only",1,"oracle","Design 7","Design 7: Balanced Halves",0.296070780020493,0.324418182144008,0.297088397250028,0.322870562014314,0.356964981747918,0.327972822949511,0.176470588235294,0.532697269726973,TRUE,0.277772387476046,0.342468902348715,0.0646965148726685,0.0273297848939798,0.0289921587984069
"poisson",0.2,1,"queen",0.5,0.8,"control_only",1,"oracle","Design 7","Design 7: Balanced Halves",0.295464708960703,0.295799264177588,0.324140362103017,0.355396614249805,0.381318287326715,0.362036835345555,0.176470588235294,0.561992199219922,TRUE,0.302349584412561,0.371677561336135,0.0693279769235738,0.0283410979254285,0.0192814519811595
"poisson",0.5,1,"queen",0.5,0.8,"control_only",1,"oracle","Design 7","Design 7: Balanced Halves",0.308970228461068,0.318131323138039,0.313835724035148,0.342458506782564,0.383660717967705,0.339116797804991,0.111111111111111,0.537041704170417,TRUE,0.286748177309998,0.361388757886348,0.0746405805763501,0.00429559910289107,0.0445439201627135
"iid",0,2,"queen",0.5,0.8,"control_only",1,"oracle","Design 7","Design 7: Balanced Halves",0.28665719331664,0.296699294472351,0.297321426737578,0.328861296830758,0.334442222590081,0.34577102174306,0.333333333333333,0.543750375037504,TRUE,0.293247253077504,0.34010662216657,0.0468593690890665,0.000622132265227227,0.0113287991529789
"spatial",0.2,2,"queen",0.5,0.8,"control_only",1,"oracle","Design 7","Design 7: Balanced Halves",0.297251935351666,0.308436608213556,0.29267572532618,0.349342069543097,0.361375383641866,0.355229883348374,0.25,0.522988298829883,TRUE,0.314520926581584,0.35830263349512,0.0437817069135358,0.0157608828873763,0.0061455002934917
"spatial",0.5,2,"queen",0.5,0.8,"control_only",1,"oracle","Design 7","Design 7: Balanced Halves",0.304689523177997,0.320018244451344,0.334487648731151,0.343438427617036,0.355906390581514,0.379706920948929,0.25,0.531197119711971,TRUE,0.292168692912292,0.367806655765222,0.0756379628529294,0.0144694042798074,0.0238005303674155
"poisson",0.2,2,"queen",0.5,0.8,"control_only",1,"oracle","Design 7","Design 7: Balanced Halves",0.30937809702963,0.301517903973888,0.329156600557373,0.353300488125869,0.349560473746576,0.373588285663553,0.333333333333333,0.516219621962196,TRUE,0.312315698446474,0.361574379705064,0.0492586812585899,0.0276386965834849,0.0240278119169774
"poisson",0.5,2,"queen",0.5,0.8,"control_only",1,"oracle","Design 7","Design 7: Balanced Halves",0.306942985211749,0.353235134064217,0.324088826277584,0.376305426367019,0.394983367468875,0.376939047025426,0.538461538461538,0.539177917791779,TRUE,0.349512218309111,0.38596120724715,0.0364489889380395,0.0291463077866324,0.0180443204434497
"iid",0,1,"queen",0,0.5,"both",1,"oracle","Design 7","Design 7: Balanced Halves",0.0491398801130145,0.0523003069990083,0.0532078812090768,0.05312365222265,0.0595172780099218,0.0555071675904247,0.0526315789473684,0.0240504050405041,TRUE,0.0424821186740564,0.0575122228001732,0.0150301041261169,0.000907574210068471,0.00401011041949711
"spatial",0.2,1,"queen",0,0.5,"both",1,"oracle","Design 7","Design 7: Balanced Halves",0.0498480852579983,0.0549498533485246,0.0504410008852548,0.0537672402993983,0.0620479358967327,0.0554795407638154,0.0526315789473684,-0.0184698469846985,TRUE,0.0421468331772258,0.058763738330274,0.0166169051530483,0.00450885246326976,0.00656839513291731
"spatial",0.5,1,"queen",0,0.5,"both",1,"oracle","Design 7","Design 7: Balanced Halves",0.0487303253959444,0.0551648271774059,0.0501862365834788,0.0513356110757226,0.0593557568689544,0.0543836318311901,0,-0.0478847884788479,TRUE,0.0385462043831298,0.0568696943500722,0.0183234899669424,0.00497859059392708,0.00497212503776431
"poisson",0.2,1,"queen",0,0.5,"both",1,"oracle","Design 7","Design 7: Balanced Halves",0.0495121520514909,0.0496523595972903,0.0563279131425166,0.0542497382879245,0.0546727697629818,0.0600700189041074,0.111111111111111,0.212505250525053,TRUE,0.0460713697431489,0.0573713943335446,0.0113000245903957,0.00667555354522629,0.00539724914112558
"poisson",0.5,1,"queen",0,0.5,"both",1,"oracle","Design 7","Design 7: Balanced Halves",0.0495943025796207,0.0517211569963174,0.050341014679657,0.0524701461120384,0.0567271643825727,0.0572780998985326,0,0.0203660366036604,TRUE,0.0411776956054029,0.0570026321405527,0.0158249365351498,0.00138014231666039,0.000550935515959868
"iid",0,2,"queen",0,0.5,"both",1,"oracle","Design 7","Design 7: Balanced Halves",0.0495470915274611,0.054174801212649,0.0529885632737927,0.0523335524589462,0.0574833888061886,0.0572724216863715,0,0.0374437443744374,TRUE,0.0415520366992469,0.05737790524628,0.0158258685470332,0.0011862379388563,0.000210967119817052
"spatial",0.2,2,"queen",0,0.5,"both",1,"oracle","Design 7","Design 7: Balanced Halves",0.0504031619765297,0.0534199857332377,0.0522028292568318,0.052211130653309,0.0569834690250907,0.0573383560247506,0,0.0611941194119412,TRUE,0.0415645247660855,0.0571609125249206,0.0155963877588351,0.00121715647640591,0.000354886999659916
"spatial",0.5,2,"queen",0,0.5,"both",1,"oracle","Design 7","Design 7: Balanced Halves",0.0497248868387272,0.0535649375520239,0.0516515281255773,0.0529810787033386,0.05759285865108,0.0574107897260658,0.0526315789473684,-0.041020102010201,TRUE,0.0415794673432987,0.0575018241885729,0.0159223568452742,0.00191340942644658,0.00018206892501417
"poisson",0.2,2,"queen",0,0.5,"both",1,"oracle","Design 7","Design 7: Balanced Halves",0.0498777273841917,0.0526629020788723,0.0538189008327422,0.0529467792490991,0.0548250731060886,0.0573965136203106,0.0526315789473684,0.0877167716771677,TRUE,0.0430122950169353,0.0561107933631996,0.0130984983462643,0.00115599875386983,0.00257144051422203
"poisson",0.5,2,"queen",0,0.5,"both",1,"oracle","Design 7","Design 7: Balanced Halves",0.048157860386406,0.0534556042785119,0.0493290626075895,0.0509150851753645,0.0565356962216087,0.054741998175147,0.0526315789473684,-0.0582178217821782,TRUE,0.0410516678688922,0.0556388471983778,0.0145871793294857,0.00412654167092243,0.00179369804646171
"iid",0,1,"queen",0.5,0.5,"both",1,"oracle","Design 7","Design 7: Balanced Halves",0.0511465226735625,0.0528623416466308,0.0554897053500579,0.0538568950265627,0.0560912944745733,0.0612176548307894,0.176470588235294,0.0158415841584158,TRUE,0.0436835306522975,0.0586544746526814,0.0149709440003839,0.00262736370342715,0.00512636035621612
"spatial",0.2,1,"queen",0.5,0.5,"both",1,"oracle","Design 7","Design 7: Balanced Halves",0.0534166808343378,0.0581890497942639,0.0556824134596728,0.0566492728817424,0.0615250399690213,0.0613408724303007,0,0.16021602160216,TRUE,0.0456086150868732,0.061432956199661,0.0158243411127878,0.0025066363345911,0.000184167538720546
"spatial",0.5,1,"queen",0.5,0.5,"both",1,"oracle","Design 7","Design 7: Balanced Halves",0.0514501742065319,0.0552043435421257,0.0538034862779922,0.053800339408895,0.058838279809028,0.059662311157819,0,0.000564056405640564,TRUE,0.0408376150083789,0.0592502954834235,0.0184126804750446,0.00140085726413354,0.000824031348790985
"poisson",0.2,1,"queen",0.5,0.5,"both",1,"oracle","Design 7","Design 7: Balanced Halves",0.0504612495391893,0.0517862440651369,0.0554709117083046,0.0531288381972295,0.0573031146923588,0.0595147125947936,0,0.0315391539153915,TRUE,0.0413409963815292,0.0584089136435762,0.017067917262047,0.0036846676431677,0.00221159790243475
"poisson",0.5,1,"queen",0.5,0.5,"both",1,"oracle","Design 7","Design 7: Balanced Halves",0.0516893929951654,0.053593992768278,0.0545961474625364,0.0558424540901159,0.060888388923049,0.0590733421458025,0.111111111111111,0.0836123612361236,TRUE,0.046357506244262,0.0599808655344257,0.0136233592901637,0.00100215469425832,0.00181504677724655
"iid",0,2,"queen",0.5,0.5,"both",1,"oracle","Design 7","Design 7: Balanced Halves",0.051900793680627,0.0536442067168685,0.0568772786190648,0.0562622499406654,0.0589380404609695,0.062108014011367,0.111111111111111,-0.0503690369036904,TRUE,0.0443815197119882,0.0605230272361683,0.0161415075241801,0.00323307190219626,0.00316997355039753
"spatial",0.2,2,"queen",0.5,0.5,"both",1,"oracle","Design 7","Design 7: Balanced Halves",0.0509197520667526,0.0541435246194286,0.0540014986956356,0.0540392149648364,0.059841073372071,0.0561028996105736,0.176470588235294,0.0245304530453045,TRUE,0.0459469311149593,0.0579719864913223,0.0120250553763631,0.000142025923793088,0.00373817376149747
"spatial",0.5,2,"queen",0.5,0.5,"both",1,"oracle","Design 7","Design 7: Balanced Halves",0.0534279813958791,0.0569645460109959,0.0545253557112965,0.0573768526377601,0.0637270986064153,0.057718716508642,0.176470588235294,0.0756555655565557,TRUE,0.0496024939635795,0.0607229075575286,0.0111204135939491,0.00243919029969943,0.00600838209777331
"poisson",0.2,2,"queen",0.5,0.5,"both",1,"oracle","Design 7","Design 7: Balanced Halves",0.0529670202723044,0.0548482814075986,0.0550291246740852,0.055766755314509,0.0620940897176021,0.0591153425812138,0.0526315789473684,0.0666186618661866,TRUE,0.044280489442039,0.0606047161494079,0.016324226707369,0.000180843266486638,0.00297874713638827
"poisson",0.5,2,"queen",0.5,0.5,"both",1,"oracle","Design 7","Design 7: Balanced Halves",0.0513425771101281,0.0544718970879619,0.0548977983778659,0.0552904875334536,0.0605301405638233,0.0610668191536477,0.0526315789473684,-0.0283828382838284,TRUE,0.0443837235745009,0.0607984798587355,0.0164147562842346,0.000425901289904017,0.00053667858982439
"iid",0,1,"queen",0,0.8,"both",1,"oracle","Design 7","Design 7: Balanced Halves",0.0493467029126785,0.0527869252365195,0.0508626800819829,0.0534313838670678,0.0570654008212808,0.0584782327954318,0.0526315789473684,-0.208496849684969,TRUE,0.0426182281438512,0.0577718168083563,0.0151535886645051,0.00192424515453667,0.00141283197415095
"spatial",0.2,1,"queen",0,0.8,"both",1,"oracle","Design 7","Design 7: Balanced Halves",0.0493450901308939,0.0490135125933884,0.0530078939333838,0.0519281260122605,0.0553290623771134,0.0597960203990971,0,-0.0317431743174317,TRUE,0.0413773014544478,0.0575625413881053,0.0161852399336575,0.00399438133999538,0.00446695802198378
"spatial",0.5,1,"queen",0,0.8,"both",1,"oracle","Design 7","Design 7: Balanced Halves",0.049089688336363,0.0560141816215607,0.050332694443945,0.053304808411135,0.0596112349041881,0.0540469473357104,0.176470588235294,0.0911251125112511,TRUE,0.0444618906311053,0.0568290911199492,0.0123672004888439,0.00568148717761571,0.00556428756847769
"poisson",0.2,1,"queen",0,0.8,"both",1,"oracle","Design 7","Design 7: Balanced Halves",0.0501861622885019,0.0546326730074045,0.0537385518362992,0.0534861580738471,0.0586427379588143,0.0580771321316851,0.0526315789473684,0.0846924692469247,TRUE,0.0433981902793061,0.0583599350452497,0.0149617447659436,0.000894121171105371,0.000565605827129223
"poisson",0.5,1,"queen",0,0.8,"both",1,"oracle","Design 7","Design 7: Balanced Halves",0.049500389564084,0.0538261707793203,0.0518247463986056,0.0550917271565141,0.0586298752556622,0.0627512667774593,0.0526315789473684,-0.0340594059405941,TRUE,0.0432162229595151,0.0606905710165607,0.0174743480570456,0.00200142438071468,0.00412139152179715
"iid",0,2,"queen",0,0.8,"both",1,"oracle","Design 7","Design 7: Balanced Halves",0.0480525884683312,0.0505852148934602,0.0526697681207158,0.0528849601708543,0.0551531059753074,0.0601507150516011,0.111111111111111,-0.0941854185418542,TRUE,0.0427642440063554,0.0576519105134542,0.0148876665070988,0.0020845532272556,0.00499760907629371
"spatial",0.2,2,"queen",0,0.8,"both",1,"oracle","Design 7","Design 7: Balanced Halves",0.0504416938443576,0.0505207332091299,0.0567942159488561,0.0548698688344597,0.0569623782260736,0.0600549822047097,0.176470588235294,0.0961176117611761,TRUE,0.0469387470408133,0.0585086802153916,0.0115699331745783,0.00627348273972615,0.00309260397863617
"spatial",0.5,2,"queen",0,0.8,"both",1,"oracle","Design 7","Design 7: Balanced Halves",0.0476892786115482,0.0534694384233564,0.0505779018181065,0.0512952006475956,0.0579181621731482,0.054783882256357,0,-0.0922412241224122,TRUE,0.0387589544396449,0.0563510222147526,0.0175920677751077,0.00289153660524991,0.0031342799167912
"poisson",0.2,2,"queen",0,0.8,"both",1,"oracle","Design 7","Design 7: Balanced Halves",0.0492508878593487,0.0526901531128026,0.0570858779404443,0.0553739414797964,0.0597637024829953,0.0618524651854119,0.111111111111111,-0.0897929792979298,TRUE,0.044310110729869,0.0608080838342036,0.0164979731043346,0.00439572482764167,0.00208876270241662
"poisson",0.5,2,"queen",0,0.8,"both",1,"oracle","Design 7","Design 7: Balanced Halves",0.0507203281261415,0.0516105682488644,0.052444067913582,0.0539223635652131,0.0570598431050459,0.0569142870993657,0.111111111111111,0.155895589558956,TRUE,0.0450291011862994,0.0569870651022058,0.0119579639159064,0.000833499664717616,0.000145556005680218
"iid",0,1,"queen",0.5,0.8,"both",1,"oracle","Design 7","Design 7: Balanced Halves",0.0509521674260928,0.0517186573432687,0.0528404983324565,0.0534710943470486,0.0551348566162171,0.0604351491723106,0,0.042964296429643,TRUE,0.0413941650691258,0.0577850028942638,0.0163908378251381,0.00112184098918783,0.0053002925560935
"spatial",0.2,1,"queen",0.5,0.8,"both",1,"oracle","Design 7","Design 7: Balanced Halves",0.0506930346819573,0.0533080739119725,0.0528810638663243,0.0542600980640486,0.0592743431020093,0.0572536778154395,0,-0.00730873087308731,TRUE,0.0417105493472483,0.0582640104587244,0.0165534611114761,0.000427010045648157,0.00202066528656988
"spatial",0.5,1,"queen",0.5,0.8,"both",1,"oracle","Design 7","Design 7: Balanced Halves",0.0506737002162251,0.0521633311499461,0.0533839856453812,0.0545725259468686,0.06015987809106,0.0574480993703928,0.176470588235294,0.0667626762676268,TRUE,0.043647327915004,0.0588039887307264,0.0151566608157224,0.00122065449543501,0.00271177872066717
"poisson",0.2,1,"queen",0.5,0.8,"both",1,"oracle","Design 7","Design 7: Balanced Halves",0.0525893959464853,0.0551694403842356,0.054949057359951,0.0551506226355143,0.0601746747067972,0.0569228630555847,0.111111111111111,0.124080408040804,TRUE,0.0470914723303732,0.0585487688811909,0.0114572965508177,0.000220383024284551,0.00325181165121252
"poisson",0.5,1,"queen",0.5,0.8,"both",1,"oracle","Design 7","Design 7: Balanced Halves",0.0519392934253644,0.0556282260836552,0.0549390842820045,0.0558119036420712,0.0584557702473595,0.0618611749493112,0.0526315789473684,0.149402940294029,TRUE,0.0457722316199024,0.0601584725983354,0.0143862409784329,0.000689141801650701,0.00340540470195176
"iid",0,2,"queen",0.5,0.8,"both",1,"oracle","Design 7","Design 7: Balanced Halves",0.053886893379144,0.0570657763649897,0.05564356383662,0.057117646367366,0.0628195975971268,0.0615314607814549,0.0526315789473684,-0.00102010201020102,TRUE,0.0455164909801783,0.0621755291892908,0.0166590382091125,0.00142221252836976,0.00128813681567183
"spatial",0.2,2,"queen",0.5,0.8,"both",1,"oracle","Design 7","Design 7: Balanced Halves",0.0539072586479222,0.0571797464807855,0.058994128826187,0.0565760665665334,0.0613590349071716,0.0630628731403436,0,-0.00787278727872787,TRUE,0.0439082394108648,0.0622109540237576,0.0183027146128929,0.00181438234540143,0.00170383823317198
"spatial",0.5,2,"queen",0.5,0.8,"both",1,"oracle","Design 7","Design 7: Balanced Halves",0.0536697836267615,0.0538742682740449,0.0550346794592688,0.0578022626458757,0.0588093808893933,0.0620235309950555,0.25,0.0497449744974498,TRUE,0.050592424181248,0.0604164559422244,0.00982403176097643,0.00116041118522391,0.0032141501056622
"poisson",0.2,2,"queen",0.5,0.8,"both",1,"oracle","Design 7","Design 7: Balanced Halves",0.0524020501652312,0.055148755435976,0.0538389714149912,0.0556694565911206,0.0594653281037883,0.0609809254593924,0.0526315789473684,0.0736153615361536,TRUE,0.0439679279735413,0.0602231267815903,0.0162551988080491,0.00130978402098476,0.00151559735560404
"poisson",0.5,2,"queen",0.5,0.8,"both",1,"oracle","Design 7","Design 7: Balanced Halves",0.0516823328024414,0.0577225804280123,0.0531654706341808,0.0555101050916411,0.061949833409205,0.0576260630600192,0.111111111111111,-0.0476327632763276,TRUE,0.0450299765818133,0.0597879482346121,0.0147579716527988,0.00455710979383153,0.00432377034918587
"iid",0,1,"queen",0,0.5,"control_only",1,"oracle","Design 8","Design 8: Incidence-Guided Saturation Quadrants",0.158131535393413,0.173682277945353,0.174787955470506,0.18138819776528,0.194888456334893,0.198706162485319,0.0526315789473684,0.107794779477948,TRUE,0.137741672210169,0.196797309410106,0.0590556371999375,0.0011056775251527,0.00381770615042668
"spatial",0.2,1,"queen",0,0.5,"control_only",1,"oracle","Design 8","Design 8: Incidence-Guided Saturation Quadrants",0.15619958417392,0.159763520339855,0.161060853768239,0.177625357046731,0.193252800077728,0.185790838387193,0.176470588235294,0.138661866186619,TRUE,0.151045596566245,0.189521819232461,0.0384762226662153,0.0012973334283834,0.00746196169053587
"spatial",0.5,1,"queen",0,0.5,"control_only",1,"oracle","Design 8","Design 8: Incidence-Guided Saturation Quadrants",0.163533777208135,0.17691551410798,0.166201530610181,0.181362326980086,0.195710192498028,0.194271393035551,0.0526315789473684,0.202088208820882,TRUE,0.144411616811116,0.19499079276679,0.0505791759556735,0.0107139834977988,0.00143879946247744
"poisson",0.2,1,"queen",0,0.5,"control_only",1,"oracle","Design 8","Design 8: Incidence-Guided Saturation Quadrants",0.16305389213052,0.182830972430822,0.170857391523399,0.185872156626432,0.200890025758495,0.197879803924836,0.0526315789473684,0.213993399339934,TRUE,0.143359251384845,0.199384914841665,0.0560256634568208,0.0119735809074228,0.00301022183365995
"poisson",0.5,1,"queen",0,0.5,"control_only",1,"oracle","Design 8","Design 8: Incidence-Guided Saturation Quadrants",0.167678284295585,0.167720120693005,0.173212965285173,0.187492262975856,0.19409786188007,0.200010940496445,0.111111111111111,0.357875787578758,TRUE,0.158627072157048,0.197054401188257,0.0384273290312098,0.0054928445921677,0.00591307861637508
"iid",0,2,"queen",0,0.5,"control_only",1,"oracle","Design 8","Design 8: Incidence-Guided Saturation Quadrants",0.173352222251129,0.189269179716348,0.175802702245725,0.197326998074254,0.203232238054989,0.208135704945512,0.25,0.286072607260726,TRUE,0.169651014233668,0.205683971500251,0.036032957266583,0.0134664774706238,0.00490346689052271
"spatial",0.2,2,"queen",0,0.5,"control_only",1,"oracle","Design 8","Design 8: Incidence-Guided Saturation Quadrants",0.158396870436685,0.167318455544886,0.173660048559516,0.16925920860773,0.177245025470125,0.186758537630611,0.0526315789473684,0.17988598859886,TRUE,0.134243803047508,0.182001781550368,0.0477579785028599,0.00634159301463086,0.00951351216048599
"spatial",0.5,2,"queen",0,0.5,"control_only",1,"oracle","Design 8","Design 8: Incidence-Guided Saturation Quadrants",0.16351739631091,0.165389155856615,0.169976043563146,0.179712405882225,0.182707592717529,0.192280652763274,0.25,0.232595259525953,TRUE,0.158702965069627,0.187494122740402,0.0287911576707748,0.00458688770653093,0.00957306004574512
"poisson",0.2,2,"queen",0,0.5,"control_only",1,"oracle","Design 8","Design 8: Incidence-Guided Saturation Quadrants",0.170742571581844,0.178808239862316,0.185200549746544,0.197141527931092,0.205593408771707,0.206290526694817,0.333333333333333,0.321896189618962,TRUE,0.176467791592452,0.205941967733262,0.0294741761408104,0.00639230988422873,0.000697117923109114
"poisson",0.5,2,"queen",0,0.5,"control_only",1,"oracle","Design 8","Design 8: Incidence-Guided Saturation Quadrants",0.174120635489748,0.187036568373069,0.183652471198967,0.189284734924726,0.214717882553493,0.198743739909173,0.0526315789473684,0.236315631563156,TRUE,0.14767916385994,0.206730811231333,0.0590516473713923,0.00338409717410235,0.0159741426443203
"iid",0,1,"queen",0.5,0.5,"control_only",1,"oracle","Design 8","Design 8: Incidence-Guided Saturation Quadrants",0.171504823585574,0.190338403117496,0.179277338843353,0.188237541506406,0.211753488996319,0.192844487832106,0.0526315789473684,0.178853885388539,TRUE,0.151304770554031,0.202298988414212,0.0509942178601818,0.0110610642741434,0.0189090011642128
"spatial",0.2,1,"queen",0.5,0.5,"control_only",1,"oracle","Design 8","Design 8: Incidence-Guided Saturation Quadrants",0.17952638979701,0.177867430658674,0.185111550357964,0.190793063024173,0.200003783041971,0.206695600304423,0.0526315789473684,0.252841284128413,TRUE,0.154885042093611,0.203349691673197,0.0484646495795865,0.0072441196992902,0.00669181726245127
"spatial",0.5,1,"queen",0.5,0.5,"control_only",1,"oracle","Design 8","Design 8: Incidence-Guided Saturation Quadrants",0.182431870261461,0.189798042708318,0.197313725396017,0.200207442012641,0.206030816196892,0.218868044152083,0.176470588235294,0.257065706570657,TRUE,0.162934480041082,0.212449430174487,0.0495149501334056,0.00751568268769831,0.0128372279551911
"poisson",0.2,1,"queen",0.5,0.5,"control_only",1,"oracle","Design 8","Design 8: Incidence-Guided Saturation Quadrants",0.168265692939577,0.173940117794659,0.170553330157513,0.190180305223513,0.207739730995998,0.194002656989274,0.176470588235294,0.294173417341734,TRUE,0.160496687394373,0.200871193992636,0.0403745065982625,0.00338678763714634,0.0137370740067232
"poisson",0.5,1,"queen",0.5,0.5,"control_only",1,"oracle","Design 8","Design 8: Incidence-Guided Saturation Quadrants",0.182125029888013,0.195709116195623,0.191342729897177,0.205985416418537,0.215982649866462,0.221679505184164,0.111111111111111,0.150579057905791,TRUE,0.167334242529376,0.218831077525313,0.0514968349959374,0.00436638629844627,0.00569685531770159
"iid",0,2,"queen",0.5,0.5,"control_only",1,"oracle","Design 8","Design 8: Incidence-Guided Saturation Quadrants",0.186291921351875,0.201881963331643,0.196676458712718,0.213860189850906,0.225541365341888,0.219067067605004,0.25,0.203288328832883,TRUE,0.182091676644431,0.222304216473446,0.0402125398290149,0.00520550461892444,0.00647429773688324
"spatial",0.2,2,"queen",0.5,0.5,"control_only",1,"oracle","Design 8","Design 8: Incidence-Guided Saturation Quadrants",0.167463402260709,0.189353553724663,0.180453311118688,0.181381748722236,0.201644033161613,0.200796960704513,0.0526315789473684,0.0475847584758476,TRUE,0.138310354805597,0.201220496933063,0.0629101421274655,0.00890024260597519,0.000847072457099585
"spatial",0.5,2,"queen",0.5,0.5,"control_only",1,"oracle","Design 8","Design 8: Incidence-Guided Saturation Quadrants",0.188469031742369,0.184743996406703,0.192798764157437,0.198023569092885,0.210887732582624,0.21742974353881,0.111111111111111,0.225070507050705,TRUE,0.163198304474197,0.214158738060717,0.0509604335865206,0.00805476775073452,0.00654201095618581
"poisson",0.2,2,"queen",0.5,0.5,"control_only",1,"oracle","Design 8","Design 8: Incidence-Guided Saturation Quadrants",0.206831616433525,0.221251397207762,0.207773652020178,0.221868994186226,0.24422369246869,0.239380264136459,0.176470588235294,0.314839483948395,TRUE,0.187617935039241,0.241801978302574,0.0541840432633331,0.0134777451875841,0.00484342833223136
"poisson",0.5,2,"queen",0.5,0.5,"control_only",1,"oracle","Design 8","Design 8: Incidence-Guided Saturation Quadrants",0.200449360828708,0.213460443272212,0.207514755754918,0.221175639899388,0.246812609830779,0.221241979776772,0.176470588235294,0.365856585658566,TRUE,0.187981644548263,0.234027294803775,0.0460456502555128,0.00594568751729327,0.0255706300540072
"iid",0,1,"queen",0,0.8,"control_only",1,"oracle","Design 8","Design 8: Incidence-Guided Saturation Quadrants",0.159363226301081,0.171512634187989,0.167303850944812,0.177182671368952,0.191268712564022,0.185904673728606,0.0526315789473684,0.449300930093009,TRUE,0.145082411448704,0.188586693146314,0.0435042816976107,0.00420878324317764,0.00536403883541603
"spatial",0.2,1,"queen",0,0.8,"control_only",1,"oracle","Design 8","Design 8: Incidence-Guided Saturation Quadrants",0.150776512982127,0.165556265012336,0.159431169614176,0.167659755408642,0.186600187307652,0.174547778684088,0.111111111111111,0.114599459945995,TRUE,0.134406386483941,0.18057398299587,0.0461675965119295,0.00612509539816067,0.0120524086235636
"spatial",0.5,1,"queen",0,0.8,"control_only",1,"oracle","Design 8","Design 8: Incidence-Guided Saturation Quadrants",0.160014264990534,0.177871588313429,0.163196818415731,0.178580066565398,0.190338774421733,0.197648810674001,0.111111111111111,0.279435943594359,TRUE,0.143306230891264,0.193993792547867,0.050687561656603,0.0146747698976979,0.00731003625226795
"poisson",0.2,1,"queen",0,0.8,"control_only",1,"oracle","Design 8","Design 8: Incidence-Guided Saturation Quadrants",0.16171246054863,0.159364077136395,0.159681477910526,0.181003941623783,0.191370056509413,0.188269680815144,0.111111111111111,0.314419441944194,TRUE,0.147020567296423,0.189819868662279,0.0427993013658559,0.000317400774131255,0.00310037569426885
"poisson",0.5,1,"queen",0,0.8,"control_only",1,"oracle","Design 8","Design 8: Incidence-Guided Saturation Quadrants",0.177246726061027,0.173392055696639,0.192669470436632,0.198059822706471,0.198211248391328,0.217742694120216,0.25,0.267170717071707,TRUE,0.174460967214581,0.207976971255772,0.0335160040411915,0.0192774147399936,0.0195314457288876
"iid",0,2,"queen",0,0.8,"control_only",1,"oracle","Design 8","Design 8: Incidence-Guided Saturation Quadrants",0.180923737186396,0.177297758529595,0.189392160109108,0.198386770194185,0.203517416255535,0.206244918208983,0.25,0.445100510051005,TRUE,0.177002933876706,0.204881167232259,0.0278782333555532,0.0120944015795125,0.0027275019534487
"spatial",0.2,2,"queen",0,0.8,"control_only",1,"oracle","Design 8","Design 8: Incidence-Guided Saturation Quadrants",0.155413850511739,0.164042702223715,0.163128658629336,0.171272530423178,0.190673603434794,0.179191993859481,0.0526315789473684,0.0826522652265227,TRUE,0.138582416001156,0.184932798647137,0.0463503826459811,0.000914043594379244,0.0114816095753126
"spatial",0.5,2,"queen",0,0.8,"control_only",1,"oracle","Design 8","Design 8: Incidence-Guided Saturation Quadrants",0.163284092833304,0.169810889225937,0.166772705567039,0.175797704539069,0.192785433195825,0.179425915988857,0.0526315789473684,0.26036603660366,TRUE,0.144271798260902,0.186105674592341,0.0418338763314386,0.00303818365889777,0.0133595172069673
"poisson",0.2,2,"queen",0,0.8,"control_only",1,"oracle","Design 8","Design 8: Incidence-Guided Saturation Quadrants",0.17442914510905,0.18669478003806,0.174968035016751,0.191502153952144,0.204577197260663,0.196083555878172,0.25,0.29947794779478,TRUE,0.169994489644735,0.200330376569418,0.0303358869246823,0.0117267450213098,0.00849364138249115
"poisson",0.5,2,"queen",0,0.8,"control_only",1,"oracle","Design 8","Design 8: Incidence-Guided Saturation Quadrants",0.178590237030454,0.187739430006669,0.196115389785745,0.19657197564305,0.207134173541001,0.213039637364494,0.0526315789473684,0.0802760276027603,TRUE,0.15040184860581,0.210086905452747,0.0596850568469371,0.0083759597790766,0.00590546382349286
"iid",0,1,"queen",0.5,0.8,"control_only",1,"oracle","Design 8","Design 8: Incidence-Guided Saturation Quadrants",0.179865465976034,0.191449288348221,0.187386844377801,0.193254154785939,0.215122760547646,0.205631173655876,0.111111111111111,0.082016201620162,TRUE,0.156913008782127,0.210376967101761,0.053463958319634,0.00406244397041972,0.00949158689177079
"spatial",0.2,1,"queen",0.5,0.8,"control_only",1,"oracle","Design 8","Design 8: Incidence-Guided Saturation Quadrants",0.185047006276363,0.194382488978622,0.198744445125599,0.197922027240372,0.20925981839566,0.219771641106324,0.0526315789473684,0.0928772877287729,TRUE,0.1576271823741,0.214515729750992,0.0568885473768915,0.00436195614697718,0.0105118227106644
"spatial",0.5,1,"queen",0.5,0.8,"control_only",1,"oracle","Design 8","Design 8: Incidence-Guided Saturation Quadrants",0.180108407061536,0.178779386633932,0.20838812129916,0.209372225616443,0.20807284419193,0.233921715908062,0.428571428571429,0.206972697269727,TRUE,0.186647542380293,0.220997280049996,0.034349737669703,0.0296087346652273,0.0258488717161322
"poisson",0.2,1,"queen",0.5,0.8,"control_only",1,"oracle","Design 8","Design 8: Incidence-Guided Saturation Quadrants",0.189162578896436,0.191013979244464,0.199312382402866,0.203964378239245,0.21054591845701,0.224275681845357,0.111111111111111,0.218229822982298,TRUE,0.166726410543142,0.217410800151184,0.0506843896080417,0.00829840315840216,0.0137297633883461
"poisson",0.5,1,"queen",0.5,0.8,"control_only",1,"oracle","Design 8","Design 8: Incidence-Guided Saturation Quadrants",0.184687310303334,0.195630677738751,0.203939618193743,0.206328406589299,0.213123110967833,0.233024061998584,0.176470588235294,0.19048304830483,TRUE,0.172173973533173,0.223073586483208,0.0508996129500355,0.008308940454992,0.0199009510307515
"iid",0,2,"queen",0.5,0.8,"control_only",1,"oracle","Design 8","Design 8: Incidence-Guided Saturation Quadrants",0.192051057616815,0.204940499428499,0.207314466670556,0.214742496169178,0.222729156535953,0.238279543329654,0.0526315789473684,0.217341734173417,TRUE,0.169695475445673,0.230504349932804,0.0608088744871312,0.00237396724205693,0.0155503867937007
"spatial",0.2,2,"queen",0.5,0.8,"control_only",1,"oracle","Design 8","Design 8: Incidence-Guided Saturation Quadrants",0.176548954095438,0.187721204501774,0.192018262633827,0.199609221799348,0.216539003764826,0.215681295570405,0.111111111111111,0.175841584158416,TRUE,0.155978216598484,0.216110149667616,0.0601319330691311,0.00429705813205319,0.000857708194421242
"spatial",0.5,2,"queen",0.5,0.8,"control_only",1,"oracle","Design 8","Design 8: Incidence-Guided Saturation Quadrants",0.18524197337441,0.188033821567037,0.201368192957558,0.207258591060925,0.206726228697395,0.245973365676665,0,0.0517971797179718,TRUE,0.145559514739795,0.22634979718703,0.0807902824472349,0.0133343713905213,0.0392471369792694
"poisson",0.2,2,"queen",0.5,0.8,"control_only",1,"oracle","Design 8","Design 8: Incidence-Guided Saturation Quadrants",0.182113474213767,0.197069576629119,0.198602014456245,0.202742397066622,0.215708634288713,0.225209226738122,0.25,0.133609360936094,TRUE,0.169580306604746,0.220458930513417,0.0508786239086718,0.00153243782712631,0.00950059244940954
"poisson",0.5,2,"queen",0.5,0.8,"control_only",1,"oracle","Design 8","Design 8: Incidence-Guided Saturation Quadrants",0.191188534953713,0.197141879349107,0.192918541722066,0.213777170206234,0.223268521960748,0.242389429735596,0.0526315789473684,0.174581458145815,TRUE,0.1610853891031,0.232828975848172,0.0717435867450716,0.00422333762704069,0.0191209077748484
"iid",0,1,"queen",0,0.5,"both",1,"oracle","Design 8","Design 8: Incidence-Guided Saturation Quadrants",0.0522211763911802,0.0541222168178335,0.0562717227454953,0.0567681877316192,0.0619440705299695,0.0641329124882843,0.0526315789473684,-0.116915691569157,TRUE,0.0429078472702713,0.0630384915091269,0.0201306442388556,0.00214950592766175,0.00218884195831481
"spatial",0.2,1,"queen",0,0.5,"both",1,"oracle","Design 8","Design 8: Incidence-Guided Saturation Quadrants",0.0534528077035087,0.0579842649528572,0.0582275257040243,0.0569663580423811,0.064101659349675,0.0641075268520579,0,-0.0157695769576958,TRUE,0.0417579075504193,0.0641045931008664,0.0223466855504471,0.000243260751167165,5.86750238290579e-06
"spatial",0.5,1,"queen",0,0.5,"both",1,"oracle","Design 8","Design 8: Incidence-Guided Saturation Quadrants",0.0514260221004909,0.0545386907312072,0.0566660893977661,0.0569796156524031,0.0626259375383746,0.0636720243654368,0.0526315789473684,0.00518451845184518,TRUE,0.0439692741318415,0.0631489809519057,0.0191797068200642,0.00212739866655892,0.00104608682706218
"poisson",0.2,1,"queen",0,0.5,"both",1,"oracle","Design 8","Design 8: Incidence-Guided Saturation Quadrants",0.0542557729917868,0.0577642940251109,0.0542873144705236,0.0581277298629403,0.0611491760641784,0.0626613684551227,0.111111111111111,0.195499549954995,TRUE,0.0486757467708766,0.0619052722596505,0.0132295254887739,0.00347697955458731,0.00151219239094424
"poisson",0.5,1,"queen",0,0.5,"both",1,"oracle","Design 8","Design 8: Incidence-Guided Saturation Quadrants",0.0543394564511584,0.0557246927958638,0.0585428679002671,0.0564088325970701,0.0610309624691324,0.0622489398637669,0,0.0738193819381938,TRUE,0.0445655007203141,0.0616399511664496,0.0170744504461355,0.0028181751044033,0.00121797739463458
"iid",0,2,"queen",0,0.5,"both",1,"oracle","Design 8","Design 8: Incidence-Guided Saturation Quadrants",0.0525099625270812,0.0533175478455318,0.0539083213426525,0.0548687841015594,0.0586800392848119,0.0605328775408568,0.111111111111111,0.0323312331233123,TRUE,0.044584474875519,0.0596064584128343,0.0150219835373153,0.000590773497120736,0.00185283825604499
"spatial",0.2,2,"queen",0,0.5,"both",1,"oracle","Design 8","Design 8: Incidence-Guided Saturation Quadrants",0.0540264384537064,0.0612198224820244,0.0550044534960216,0.0589613805114111,0.0677772703392227,0.0586338953291315,0.176470588235294,0.117467746774677,TRUE,0.0497924418539216,0.0632055828341771,0.0134131409802555,0.00621536898600276,0.00914337501009126
"spatial",0.5,2,"queen",0,0.5,"both",1,"oracle","Design 8","Design 8: Incidence-Guided Saturation Quadrants",0.0525931412519495,0.054953433957403,0.0553123434311306,0.0561750149708912,0.060416356818477,0.0602776010913653,0.0526315789473684,0.0822322232223222,TRUE,0.0455224944023574,0.0603469789549212,0.0148244845525638,0.000358909473727638,0.00013875572711175
"poisson",0.2,2,"queen",0,0.5,"both",1,"oracle","Design 8","Design 8: Incidence-Guided Saturation Quadrants",0.0524957144697332,0.0555217453397417,0.0568666439628006,0.0560262927303353,0.0586086492283436,0.0619677364732996,0.176470588235294,0.0939093909390939,TRUE,0.047119592920994,0.0602881928508216,0.0131685999298276,0.0013448986230589,0.00335908724495601
"poisson",0.5,2,"queen",0,0.5,"both",1,"oracle","Design 8","Design 8: Incidence-Guided Saturation Quadrants",0.0543181760537698,0.0535206531186065,0.0550844360469112,0.0568291512359098,0.0611427437716652,0.0598758420374432,0,0.223786378637864,TRUE,0.0465428800968051,0.0605092929045542,0.0139664128077491,0.00156378292830475,0.00126690173422204
"iid",0,1,"queen",0.5,0.5,"both",1,"oracle","Design 8","Design 8: Incidence-Guided Saturation Quadrants",0.054562503018602,0.057435008489086,0.0580360797750967,0.0584309049481316,0.0638948898689189,0.0624149067697074,0.0526315789473684,0.0433123312331233,TRUE,0.0482458663472001,0.0631548983193132,0.0149090319721131,0.00060107128601064,0.0014799830992115
"spatial",0.2,1,"queen",0.5,0.5,"both",1,"oracle","Design 8","Design 8: Incidence-Guided Saturation Quadrants",0.0560792910675495,0.0568973599439925,0.059424384443174,0.0589908792971963,0.0654528659334104,0.0668381923718323,0.0526315789473684,-0.00858085808580858,TRUE,0.0460158141788405,0.0661455291526213,0.0201297149737808,0.00252702449918145,0.00138532643842193
"spatial",0.5,1,"queen",0.5,0.5,"both",1,"oracle","Design 8","Design 8: Incidence-Guided Saturation Quadrants",0.0551721484728943,0.0579250031539006,0.0628248730746747,0.058399878111282,0.0631101757766854,0.0663850589260287,0.0526315789473684,0.102298229822982,TRUE,0.0452963583943621,0.0647476173513571,0.0194512589569949,0.00489986992077403,0.00327488314934327
"poisson",0.2,1,"queen",0.5,0.5,"both",1,"oracle","Design 8","Design 8: Incidence-Guided Saturation Quadrants",0.0559109980716319,0.0602589327727364,0.0583912220772215,0.0591236393342119,0.0655789287911876,0.0631404948985273,0.0526315789473684,0.0358235823582358,TRUE,0.0472697704661536,0.0643597118448575,0.0170899413787039,0.00186771069551491,0.00243843389266024
"poisson",0.5,1,"queen",0.5,0.5,"both",1,"oracle","Design 8","Design 8: Incidence-Guided Saturation Quadrants",0.0540190256519179,0.0602027755811147,0.0589515672953017,0.0585782307610662,0.0644912565521605,0.065166408219781,0.0526315789473684,-0.0885568556855686,TRUE,0.0460248593733829,0.0648288323859708,0.0188039730125879,0.00125120828581302,0.00067515166762043
"iid",0,2,"queen",0.5,0.5,"both",1,"oracle","Design 8","Design 8: Incidence-Guided Saturation Quadrants",0.0533752057181496,0.0568765992908065,0.0576298901984207,0.0595599801520261,0.0644976720076075,0.0616715734165306,0.0526315789473684,0.0564056405640564,TRUE,0.047132369781284,0.0630846227120691,0.0159522529307851,0.000753290907614203,0.00282609859107689
"spatial",0.2,2,"queen",0.5,0.5,"both",1,"oracle","Design 8","Design 8: Incidence-Guided Saturation Quadrants",0.0577917233501997,0.0611699230432674,0.0585629679853633,0.0622977496592297,0.0689747702408071,0.066175616921624,0,-0.0237983798379838,TRUE,0.0469790398265558,0.0675751935812156,0.0205961537546597,0.00260695505790407,0.00279915331918307
"spatial",0.5,2,"queen",0.5,0.5,"both",1,"oracle","Design 8","Design 8: Incidence-Guided Saturation Quadrants",0.0568677082858263,0.0624096215491706,0.0587535342435921,0.0606704471127176,0.0689817664984385,0.0650776605472708,0.0526315789473684,-0.211917191719172,TRUE,0.0461499932803099,0.0670297135228547,0.0208797202425447,0.00365608730557856,0.00390410595116761
"poisson",0.2,2,"queen",0.5,0.5,"both",1,"oracle","Design 8","Design 8: Incidence-Guided Saturation Quadrants",0.0520269372206893,0.0586840632170046,0.0555600721511963,0.0558986014839398,0.0624294879683648,0.0605772413421077,0.0526315789473684,-0.106762676267627,TRUE,0.0423896514296095,0.0615033646552362,0.0191137132256268,0.00312399106580832,0.00185224662625715
"poisson",0.5,2,"queen",0.5,0.5,"both",1,"oracle","Design 8","Design 8: Incidence-Guided Saturation Quadrants",0.0555122820584068,0.0562740571562067,0.0594805046302291,0.0580244607324082,0.0605830426517978,0.0646199093507587,0,0.0578457845784578,TRUE,0.0466056847161551,0.0626014760012782,0.0159957912851231,0.00320644747402244,0.00403686669896097
"iid",0,1,"queen",0,0.8,"both",1,"oracle","Design 8","Design 8: Incidence-Guided Saturation Quadrants",0.0536224389067113,0.0605035610826009,0.056596111091793,0.0576213370482478,0.0648592390582915,0.0598256888261093,0.0526315789473684,-0.0144494449444944,TRUE,0.0462615274592489,0.0623424639422004,0.0160809364829515,0.00390744999080787,0.00503355023218213
"spatial",0.2,1,"queen",0,0.8,"both",1,"oracle","Design 8","Design 8: Incidence-Guided Saturation Quadrants",0.051613717921343,0.0535108103930887,0.0553909607575011,0.0542647236000192,0.0594725218987587,0.059502238099199,0.0526315789473684,0.0766756675667567,TRUE,0.0425443672025083,0.0594873799989789,0.0169430127964705,0.00188015036441237,2.97162004402884e-05
"spatial",0.5,1,"queen",0,0.8,"both",1,"oracle","Design 8","Design 8: Incidence-Guided Saturation Quadrants",0.0548376111204562,0.0550394169673125,0.0604605218349532,0.0574117380107482,0.0622135658707406,0.0640555590885757,0,-0.0788358835883588,TRUE,0.0419437047102764,0.0631345624796582,0.0211908577693817,0.00542110486764075,0.00184199321783519
"poisson",0.2,1,"queen",0,0.8,"both",1,"oracle","Design 8","Design 8: Incidence-Guided Saturation Quadrants",0.0533734347494395,0.0557885114701934,0.056759486703,0.0554691395687786,0.0613203395784393,0.0641686218950555,0,0.10048604860486,TRUE,0.0424102720080166,0.0627444807367474,0.0203342087287308,0.000970975232806613,0.00284828231661616
"poisson",0.5,1,"queen",0,0.8,"both",1,"oracle","Design 8","Design 8: Incidence-Guided Saturation Quadrants",0.0542907287835518,0.0591265258532179,0.0605541907428765,0.0584091476540588,0.0632507423157888,0.0654130757585153,0.0526315789473684,0.100930093009301,TRUE,0.0454571211371589,0.064331909037152,0.0188747878999931,0.00142766488965863,0.00216233344272658
"iid",0,2,"queen",0,0.8,"both",1,"oracle","Design 8","Design 8: Incidence-Guided Saturation Quadrants",0.0532913930549518,0.0556366171036618,0.0550212330421944,0.0562203919860491,0.0620489950022132,0.0632845982856042,0,-0.0503930393039304,TRUE,0.0419866446060507,0.0626667966439087,0.020680152037858,0.000615384061467397,0.00123560328339105
"spatial",0.2,2,"queen",0,0.8,"both",1,"oracle","Design 8","Design 8: Incidence-Guided Saturation Quadrants",0.0533003580814581,0.0571218921964185,0.0550114260395922,0.0597281787918885,0.0644275982820273,0.0638889698020534,0.25,0.0636783678367837,TRUE,0.0504261240520504,0.0641582840420403,0.0137321599899899,0.00211046615682633,0.000538628479973921
"spatial",0.5,2,"queen",0,0.8,"both",1,"oracle","Design 8","Design 8: Incidence-Guided Saturation Quadrants",0.053243813758632,0.0553208366379081,0.056379451416561,0.0573543872752142,0.0629345452843424,0.0615133059340978,0.0526315789473684,0.234347434743474,TRUE,0.0471302892300888,0.0622239256092201,0.0150936363791313,0.00105861477865286,0.0014212393502446
"poisson",0.2,2,"queen",0,0.8,"both",1,"oracle","Design 8","Design 8: Incidence-Guided Saturation Quadrants",0.0533119373928015,0.0563918359234353,0.0582173714315331,0.0558050990494326,0.0634035552652192,0.0628219232245492,0,0.0769156915691569,TRUE,0.0419742587392051,0.0631127392448842,0.0211384805056791,0.00182553550809778,0.000581632040670008
"poisson",0.5,2,"queen",0,0.8,"both",1,"oracle","Design 8","Design 8: Incidence-Guided Saturation Quadrants",0.0531371763642002,0.0580413852773273,0.0578059240940976,0.0571117562565777,0.0626670883666866,0.0605451637962725,0.111111111111111,-0.00303630363036304,TRUE,0.0466689376234394,0.0616061260814796,0.0149371884580401,0.000235461183229688,0.00212192457041405
"iid",0,1,"queen",0.5,0.8,"both",1,"oracle","Design 8","Design 8: Incidence-Guided Saturation Quadrants",0.0558914501863407,0.0629502002461371,0.0597217844845599,0.0601344934770037,0.0666994368386898,0.0661950031173539,0.0526315789473684,-0.152571257125713,TRUE,0.0490295236117953,0.0664472199780218,0.0174176963662265,0.00322841576157723,0.000504433721335851
"spatial",0.2,1,"queen",0.5,0.8,"both",1,"oracle","Design 8","Design 8: Incidence-Guided Saturation Quadrants",0.0569053564826213,0.0613059454016611,0.0620249994265565,0.0623908524064731,0.0695529928345259,0.0674463368601256,0.111111111111111,0.112211221122112,TRUE,0.0482248018876235,0.0684996648473258,0.0202748629597023,0.000719054024895471,0.00210665597440034
"spatial",0.5,1,"queen",0.5,0.8,"both",1,"oracle","Design 8","Design 8: Incidence-Guided Saturation Quadrants",0.0565469235722868,0.0581882448974401,0.058949353793162,0.059451156389968,0.0647244988130618,0.0647966542752958,0.0526315789473684,-0.0759075907590759,TRUE,0.0466178896334956,0.0647605765441788,0.0181426869106833,0.000761108895721889,7.21554622339915e-05
"poisson",0.2,1,"queen",0.5,0.8,"both",1,"oracle","Design 8","Design 8: Incidence-Guided Saturation Quadrants",0.057672874095819,0.0587844957867434,0.0641095196512372,0.0619918360408368,0.0649647316538292,0.0690724889247046,0.111111111111111,0.102394239423942,TRUE,0.0505483347291692,0.0670186102892669,0.0164702755600977,0.00532502386449388,0.00410775727087537
"poisson",0.5,1,"queen",0.5,0.8,"both",1,"oracle","Design 8","Design 8: Incidence-Guided Saturation Quadrants",0.0567332334179413,0.0623373545199985,0.0599831337820866,0.0604585414218252,0.0653878726176454,0.0663736164535938,0.111111111111111,-0.0888808880888089,TRUE,0.048977161783465,0.0658807445356196,0.0169035827521546,0.00235422073791196,0.00098574383594835
"iid",0,2,"queen",0.5,0.8,"both",1,"oracle","Design 8","Design 8: Incidence-Guided Saturation Quadrants",0.0561521991683952,0.0580461052793539,0.0576868597975649,0.0586593967817325,0.0650254361802296,0.061972393261206,0.0526315789473684,0.103750375037504,TRUE,0.0473426670290631,0.0634989147207178,0.0161562476916547,0.000359245481789033,0.00305304291902354
"spatial",0.2,2,"queen",0.5,0.8,"both",1,"oracle","Design 8","Design 8: Incidence-Guided Saturation Quadrants",0.056484384332478,0.0581612631354148,0.060106404254152,0.0604221405435033,0.0627719828450111,0.0660815636008582,0.111111111111111,0.0427482748274828,TRUE,0.0494535825129473,0.0644267732229346,0.0149731907099873,0.00194514111873723,0.00330958075584709
"spatial",0.5,2,"queen",0.5,0.8,"both",1,"oracle","Design 8","Design 8: Incidence-Guided Saturation Quadrants",0.0600563952275895,0.0639711508650561,0.0580806888934105,0.0641085408517485,0.0723417225200443,0.0651328023897444,0.0526315789473684,0.137125712571257,TRUE,0.0522692490666193,0.0687372624548943,0.016468013388275,0.00589046197164561,0.00720892013029993
"poisson",0.2,2,"queen",0.5,0.8,"both",1,"oracle","Design 8","Design 8: Incidence-Guided Saturation Quadrants",0.0531157878814132,0.0569528728752628,0.056618584392655,0.0565678810527827,0.0608865368782578,0.0600131270507862,0.111111111111111,0.0937653765376538,TRUE,0.048757595719219,0.060449831964522,0.011692236245303,0.000334288482607872,0.000873409827471611
"poisson",0.5,2,"queen",0.5,0.8,"both",1,"oracle","Design 8","Design 8: Incidence-Guided Saturation Quadrants",0.0551023408585299,0.0619163430442006,0.0586499334109509,0.0575051295502251,0.066995788627839,0.0633978814308211,0,-0.155535553555356,TRUE,0.0442639231296378,0.06519683502933,0.0209329118996922,0.00326640963324969,0.00359790719701791
"iid",0,1,"queen",0,0.5,"control_only",1,"oracle","Design 9","Design 9: Simple Random Sampling",0.281849522267232,0.288241323165738,0.278809206534631,0.327064753572207,0.348702639993452,0.349173278983191,0.25,0.614941494149415,TRUE,0.278400257378956,0.348937959488321,0.0705377021093654,0.00943211663110621,0.000470638989739591
"spatial",0.2,1,"queen",0,0.5,"control_only",1,"oracle","Design 9","Design 9: Simple Random Sampling",0.309204309768566,0.342626265776099,0.301872908289424,0.373171455701591,0.400826461471547,0.368298644739334,0.428571428571429,0.543234323432343,TRUE,0.342144828643662,0.384562553105441,0.0424177244617789,0.0407533574866747,0.0325278167322126
"spatial",0.5,1,"queen",0,0.5,"control_only",1,"oracle","Design 9","Design 9: Simple Random Sampling",0.291920451149984,0.301023345144583,0.28328544901082,0.348112819791005,0.352040136197707,0.361214352518421,0.538461538461538,0.582106210621062,TRUE,0.327202401314743,0.356627244358064,0.0294248430433214,0.0177378961337633,0.00917421632071469
"poisson",0.2,1,"queen",0,0.5,"control_only",1,"oracle","Design 9","Design 9: Simple Random Sampling",0.286254029338045,0.303173781271205,0.288277826185312,0.346005075359317,0.370483575978887,0.347449027719008,0.25,0.613213321332133,TRUE,0.289320102038985,0.358966301848947,0.0696461998099622,0.0148959550858929,0.023034548259879
"poisson",0.5,1,"queen",0,0.5,"control_only",1,"oracle","Design 9","Design 9: Simple Random Sampling",0.290041248276214,0.301630525756513,0.290257767843425,0.328881651822637,0.340724880419739,0.332257316239476,0.428571428571429,0.590603060306031,TRUE,0.310625080789378,0.336491098329607,0.0258660175402298,0.011372757913088,0.00846756418026384
"iid",0,2,"queen",0,0.5,"control_only",1,"oracle","Design 9","Design 9: Simple Random Sampling",0.301416614652664,0.32910265809937,0.305542808397425,0.37404391589227,0.394437685900229,0.381705630230261,0.333333333333333,0.577233723372337,TRUE,0.336966196944095,0.388071658065245,0.0511054611211501,0.0235598497019445,0.0127320556699682
"spatial",0.2,2,"queen",0,0.5,"control_only",1,"oracle","Design 9","Design 9: Simple Random Sampling",0.270445596479333,0.290670119162611,0.287148053224536,0.342059113018299,0.367807910163,0.34229801850886,0.428571428571429,0.535229522952295,TRUE,0.310263194207559,0.35505296433593,0.0447897701283714,0.0035220659380758,0.02550989165414
"spatial",0.5,2,"queen",0,0.5,"control_only",1,"oracle","Design 9","Design 9: Simple Random Sampling",0.283748357137188,0.303671840617358,0.292404826654934,0.333347375641594,0.334286912779667,0.364261130861047,0.25,0.500690069006901,TRUE,0.290453725398058,0.349274021820357,0.0588202964222989,0.011267013962424,0.0299742180813799
"poisson",0.2,2,"queen",0,0.5,"control_only",1,"oracle","Design 9","Design 9: Simple Random Sampling",0.287456796107698,0.313668262852708,0.289412158683881,0.342312229313692,0.364059898960357,0.34775064518029,0.176470588235294,0.587950795079508,TRUE,0.29505728650055,0.355905272070324,0.060847985569774,0.0242561041688267,0.0163092537800674
"poisson",0.5,2,"queen",0,0.5,"control_only",1,"oracle","Design 9","Design 9: Simple Random Sampling",0.28949831444944,0.298610193411356,0.285794718715541,0.36117445619382,0.366887103604064,0.393211431883429,0.333333333333333,0.581266126612661,TRUE,0.319293824500049,0.380049267743747,0.0607554432436976,0.0128154746958149,0.0263243282793645
"iid",0,1,"queen",0.5,0.5,"control_only",1,"oracle","Design 9","Design 9: Simple Random Sampling",0.293854305400838,0.313010933394794,0.309073489836806,0.328657884413765,0.349008986478122,0.346491668269501,0.25,0.536813681368137,TRUE,0.285951059209643,0.347750327373812,0.0617992681641685,0.0039374435579887,0.00251731820862094
"spatial",0.2,1,"queen",0.5,0.5,"control_only",1,"oracle","Design 9","Design 9: Simple Random Sampling",0.327163520544605,0.335392597581103,0.318992959049979,0.358972918393016,0.384724655607952,0.371977639410389,0.176470588235294,0.521860186018602,TRUE,0.2990792244951,0.37835114750917,0.0792719230140705,0.0163996385311235,0.012747016197563
"spatial",0.5,1,"queen",0.5,0.5,"control_only",1,"oracle","Design 9","Design 9: Simple Random Sampling",0.277924468863406,0.298909620986641,0.288476756370641,0.322423894933251,0.348884971019758,0.330577652312425,0.25,0.446780678067807,TRUE,0.278636384259985,0.339731311666091,0.0610949274061059,0.0104328646159997,0.0183073187073324
"poisson",0.2,1,"queen",0.5,0.5,"control_only",1,"oracle","Design 9","Design 9: Simple Random Sampling",0.310057226154067,0.322900808629689,0.322319850795046,0.371907810370098,0.362562022812364,0.408134183803811,0.333333333333333,0.613993399339934,TRUE,0.33946654571887,0.385348103308087,0.0458815575892175,0.00058095783464368,0.0455721609914466
"poisson",0.5,1,"queen",0.5,0.5,"control_only",1,"oracle","Design 9","Design 9: Simple Random Sampling",0.339299852389175,0.330641446401141,0.345993016002143,0.384854706534837,0.396925132306781,0.40308025341054,0.333333333333333,0.591083108310831,TRUE,0.347801353729104,0.400002692858661,0.0522013391295571,0.0153515696010021,0.00615512110375899
"iid",0,2,"queen",0.5,0.5,"control_only",1,"oracle","Design 9","Design 9: Simple Random Sampling",0.299688069362699,0.323648419803022,0.309174524369728,0.363526953189681,0.380298949697791,0.377293182125296,0.25,0.526420642064206,TRUE,0.321732308467202,0.378796065911544,0.057063757444342,0.0144738954332945,0.00300576757249488
"spatial",0.2,2,"queen",0.5,0.5,"control_only",1,"oracle","Design 9","Design 9: Simple Random Sampling",0.286867612316409,0.2905520973957,0.31304546462137,0.318591349053176,0.34736645792116,0.33511799429174,0.111111111111111,0.403468346834684,TRUE,0.258530472032298,0.34124222610645,0.0827117540741522,0.0224933672256702,0.0122484636294207
"spatial",0.5,2,"queen",0.5,0.5,"control_only",1,"oracle","Design 9","Design 9: Simple Random Sampling",0.292587916420306,0.308979975928255,0.33065667567513,0.368607919147245,0.378935517169212,0.395387773500656,0.333333333333333,0.574965496549655,TRUE,0.332513952276689,0.387161645334934,0.0546476930582449,0.0216766997468751,0.016452256331444
"poisson",0.2,2,"queen",0.5,0.5,"control_only",1,"oracle","Design 9","Design 9: Simple Random Sampling",0.297157629267601,0.302923233869862,0.300037474535234,0.326712890521773,0.346177101638924,0.346979799641963,0.111111111111111,0.48013201320132,TRUE,0.270550423415867,0.346578450640443,0.0760280272245765,0.0028857593346282,0.000802698003039448
"poisson",0.5,2,"queen",0.5,0.5,"control_only",1,"oracle","Design 9","Design 9: Simple Random Sampling",0.296535578269115,0.313903120621314,0.319674860869112,0.352184954354376,0.368436893418714,0.374564822308945,0.25,0.56013201320132,TRUE,0.311493622624353,0.37150085786383,0.0600072352394764,0.00577174024779864,0.00612792889023128
"iid",0,1,"queen",0,0.8,"control_only",1,"oracle","Design 9","Design 9: Simple Random Sampling",0.287390533576904,0.281216800074778,0.310502777402625,0.349176087874949,0.348122318854531,0.388256896933135,0.333333333333333,0.57951395139514,TRUE,0.30656879424984,0.368189607893833,0.061620813643993,0.0292859773278471,0.0401345780786042
"spatial",0.2,1,"queen",0,0.8,"control_only",1,"oracle","Design 9","Design 9: Simple Random Sampling",0.297671507282273,0.30634965953964,0.300784600169886,0.34149817313898,0.348848167198441,0.355400525507613,0.25,0.713219321932193,TRUE,0.306862334500188,0.352124346353027,0.045262011852839,0.00556505936975393,0.0065523583091725
"spatial",0.5,1,"queen",0,0.8,"control_only",1,"oracle","Design 9","Design 9: Simple Random Sampling",0.310585641805903,0.30355571239364,0.322530674041457,0.354897435016018,0.362763752119155,0.379475186322928,0.25,0.58952295229523,TRUE,0.298805514417655,0.371119469221041,0.072313954803386,0.0189749616478169,0.0167114342037727
"poisson",0.2,1,"queen",0,0.8,"control_only",1,"oracle","Design 9","Design 9: Simple Random Sampling",0.276815481921235,0.289214950177778,0.278625425195537,0.326448803756261,0.339298067180811,0.35129373104068,0.176470588235294,0.60026402640264,TRUE,0.265789452347936,0.345295899110746,0.0795064467628093,0.0105895249822402,0.0119956638598694
"poisson",0.5,1,"queen",0,0.8,"control_only",1,"oracle","Design 9","Design 9: Simple Random Sampling",0.306838381786155,0.33509628319668,0.314276058009183,0.357561245710767,0.390473818688101,0.363053963384487,0.25,0.642400240024002,TRUE,0.310306434972315,0.376763891036294,0.0664574560639789,0.0208202251874969,0.027419855303614
"iid",0,2,"queen",0,0.8,"control_only",1,"oracle","Design 9","Design 9: Simple Random Sampling",0.301722325624368,0.305346230791344,0.321225366149123,0.331199476490021,0.337234019170789,0.36806178157359,0.176470588235294,0.477011701170117,TRUE,0.284588500175817,0.352647900372189,0.068059400196372,0.0158791353577787,0.0308277624028009
"spatial",0.2,2,"queen",0,0.8,"control_only",1,"oracle","Design 9","Design 9: Simple Random Sampling",0.28767628083014,0.308539296189836,0.308457413561446,0.358495065018658,0.383697330992349,0.375872203240025,0.25,0.516195619561956,TRUE,0.291830361641474,0.379784767116187,0.087954405474713,8.18826283899843e-05,0.0078251277523233
"spatial",0.5,2,"queen",0,0.8,"control_only",1,"oracle","Design 9","Design 9: Simple Random Sampling",0.277898201502188,0.271958269667568,0.296977709235417,0.329299475659313,0.332928145339077,0.354963427421574,0.333333333333333,0.457353735373537,TRUE,0.288366396197931,0.343945786380326,0.0555793901823944,0.025019439567849,0.0220352820824968
"poisson",0.2,2,"queen",0,0.8,"control_only",1,"oracle","Design 9","Design 9: Simple Random Sampling",0.281680049350146,0.315348247771607,0.293118773741615,0.334801865349791,0.384704021020154,0.328452901677069,0.25,0.487008700870087,TRUE,0.284882464974815,0.356578461348611,0.0716959963737966,0.0222294740299917,0.0562511193430853
"poisson",0.5,2,"queen",0,0.8,"control_only",1,"oracle","Design 9","Design 9: Simple Random Sampling",0.30141019224365,0.307832161233729,0.330463275819197,0.368698281402069,0.381593827861872,0.383000557112591,0.25,0.578373837383738,TRUE,0.332595642096785,0.382297192487232,0.0497015503904465,0.0226311145854679,0.00140672925071961
"iid",0,1,"queen",0.5,0.8,"control_only",1,"oracle","Design 9","Design 9: Simple Random Sampling",0.286963037750796,0.314121645484959,0.304188124116856,0.32642394191622,0.35471626576111,0.343544519155469,0.25,0.528412841284128,TRUE,0.277494379651382,0.349130392458289,0.0716360128069077,0.0099335213681031,0.0111717466056412
"spatial",0.2,1,"queen",0.5,0.8,"control_only",1,"oracle","Design 9","Design 9: Simple Random Sampling",0.325693017981158,0.305686383022352,0.33945867955121,0.378674000100963,0.377021235215452,0.408316034982304,0.333333333333333,0.51013501350135,TRUE,0.341461586372794,0.392668635098878,0.0512070487260841,0.0337722965288584,0.0312947997668526
"spatial",0.5,1,"queen",0.5,0.8,"control_only",1,"oracle","Design 9","Design 9: Simple Random Sampling",0.301379925022357,0.291126508969974,0.309345924605175,0.359063567513108,0.387728541303179,0.363268058549497,0.333333333333333,0.562772277227723,TRUE,0.322904681732341,0.375498299926338,0.0525936181939976,0.0182194156352012,0.0244604827536823
"poisson",0.2,1,"queen",0.5,0.8,"control_only",1,"oracle","Design 9","Design 9: Simple Random Sampling",0.354417098803533,0.353039590959014,0.339865692168462,0.405208229255061,0.408170073199753,0.443669167973011,0.25,0.622994299429943,TRUE,0.356115081021783,0.425919620586382,0.069804539564599,0.013173898790552,0.035499094773258
"poisson",0.5,1,"queen",0.5,0.8,"control_only",1,"oracle","Design 9","Design 9: Simple Random Sampling",0.310265017795575,0.308250114949432,0.323329062536581,0.364943459185442,0.383180694786534,0.384096276535534,0.333333333333333,0.482736273627363,TRUE,0.331403523177058,0.383638485661034,0.0522349624839752,0.0150789475871488,0.000915581748999972
"iid",0,2,"queen",0.5,0.8,"control_only",1,"oracle","Design 9","Design 9: Simple Random Sampling",0.307464654858697,0.318636794369102,0.308313131161704,0.342418222801423,0.37322198730252,0.356345202660562,0.176470588235294,0.525052505250525,TRUE,0.294206133052322,0.364783594981541,0.0705774619292183,0.0103236632073985,0.0168767846419583
"spatial",0.2,2,"queen",0.5,0.8,"control_only",1,"oracle","Design 9","Design 9: Simple Random Sampling",0.297896412386749,0.315781560600182,0.304898587383272,0.330928599694368,0.353466357050244,0.360046690964802,0.25,0.433879387938794,TRUE,0.289299638104142,0.356756524007523,0.0674568859033808,0.0108829732169098,0.00658033391455731
"spatial",0.5,2,"queen",0.5,0.8,"control_only",1,"oracle","Design 9","Design 9: Simple Random Sampling",0.296732702688097,0.29787817892503,0.294538322145665,0.334667850461311,0.353823903364044,0.34653819514703,0.25,0.496081608160816,TRUE,0.293191055660281,0.350181049255537,0.0569899935952555,0.00333985677936538,0.00728570821701469
"poisson",0.2,2,"queen",0.5,0.8,"control_only",1,"oracle","Design 9","Design 9: Simple Random Sampling",0.301168839089126,0.300498414647765,0.323452478075751,0.347136828286325,0.359344269761866,0.36844119926119,0.333333333333333,0.581926192619262,TRUE,0.29930664601815,0.363892734511528,0.0645860884933775,0.0229540634279867,0.00909692949932428
"poisson",0.5,2,"queen",0.5,0.8,"control_only",1,"oracle","Design 9","Design 9: Simple Random Sampling",0.294409758449184,0.315915801991768,0.296000631913547,0.328272232706596,0.356119589520641,0.328788578755677,0.25,0.441176117611761,TRUE,0.277946239306686,0.342454084138159,0.0645078448314728,0.0199151700782212,0.0273310107649641
"iid",0,1,"queen",0,0.5,"both",1,"oracle","Design 9","Design 9: Simple Random Sampling",0.0500346861044056,0.0528190129271337,0.0519070344157111,0.0537180027220213,0.0577664831874638,0.0584376265080111,0.0526315789473684,0.0541014101410141,TRUE,0.042449309944975,0.0581020548477374,0.0156527449027625,0.000911978511422613,0.000671143320547386
"spatial",0.2,1,"queen",0,0.5,"both",1,"oracle","Design 9","Design 9: Simple Random Sampling",0.051992084601715,0.0546273220403092,0.0537782929972334,0.055141925198666,0.0585952956180517,0.0585497199152308,0,0.0818121812181218,TRUE,0.044166652944019,0.0585725077666412,0.0144058548226223,0.000849029043075759,4.55757028209602e-05
"spatial",0.5,1,"queen",0,0.5,"both",1,"oracle","Design 9","Design 9: Simple Random Sampling",0.0467319050970928,0.0535779749864665,0.0507704967543991,0.0487601401970216,0.0578960728762088,0.0553006003880376,0,-0.218205820582058,TRUE,0.0365483238170115,0.0565983366321232,0.0200500128151117,0.00280747823206745,0.00259547248817117
"poisson",0.2,1,"queen",0,0.5,"both",1,"oracle","Design 9","Design 9: Simple Random Sampling",0.0507408611929041,0.0553402619040049,0.0503571857529693,0.0541507889289063,0.0605210572324266,0.0550533123536433,0.0526315789473684,0.0477767776777678,TRUE,0.0421265591343122,0.0577871847930349,0.0156606256587227,0.00498307615103556,0.00546774487878329
"poisson",0.5,1,"queen",0,0.5,"both",1,"oracle","Design 9","Design 9: Simple Random Sampling",0.0499087583914593,0.0524027417996481,0.0545323642605349,0.0533430973574603,0.0580298763589739,0.0600452502832635,0.111111111111111,-0.174377437743774,TRUE,0.0431078847909531,0.0590375633211187,0.0159296785301655,0.00212962246088677,0.0020153739242896
"iid",0,2,"queen",0,0.5,"both",1,"oracle","Design 9","Design 9: Simple Random Sampling",0.0492332650418786,0.0524234699745822,0.0517743850316294,0.0528526473026725,0.0573218435470794,0.058426269265608,0,0.00908490849084908,TRUE,0.0394738634821557,0.0578740564063437,0.018400192924188,0.000649084942952828,0.00110442571852869
"spatial",0.2,2,"queen",0,0.5,"both",1,"oracle","Design 9","Design 9: Simple Random Sampling",0.050012048820961,0.0524346397586664,0.0548266401707651,0.0526691728709886,0.060220116517709,0.0583378019541248,0,0.00175217521752175,TRUE,0.0411488214529206,0.0592789592359169,0.0181301377829963,0.00239200041209866,0.00188231456358423
"spatial",0.5,2,"queen",0,0.5,"both",1,"oracle","Design 9","Design 9: Simple Random Sampling",0.0522891565403626,0.0538326586532738,0.0540258807379003,0.0556236266429959,0.05998092513768,0.0597014024722658,0.111111111111111,0.194635463546355,TRUE,0.0466272575449718,0.0598411638049729,0.0132139062600011,0.000193222084626563,0.000279522665414186
"poisson",0.2,2,"queen",0,0.5,"both",1,"oracle","Design 9","Design 9: Simple Random Sampling",0.0498599188176028,0.0517025369980098,0.0550557862694849,0.0536591613006723,0.054260276394579,0.0597675881838,0.111111111111111,0.171989198919892,TRUE,0.0445035467482599,0.0570139322891895,0.0125103855409296,0.00335324927147511,0.00550731178922101
"poisson",0.5,2,"queen",0,0.5,"both",1,"oracle","Design 9","Design 9: Simple Random Sampling",0.0496561940815929,0.052800545681255,0.0521249357446889,0.0519778335616615,0.0577489165813546,0.055934403084483,0,0.118607860786079,TRUE,0.0413907384824161,0.0568416598329188,0.0154509213505027,0.000675609936566152,0.00181451349687158
"iid",0,1,"queen",0.5,0.5,"both",1,"oracle","Design 9","Design 9: Simple Random Sampling",0.0520986915003373,0.0542043772603324,0.0549104821739365,0.0556115784077235,0.0605405943901768,0.0585325305907952,0.0526315789473684,0.213849384938494,TRUE,0.0446910819140939,0.059536562490486,0.0148454805763921,0.000706104913604129,0.00200806379938161
"spatial",0.2,1,"queen",0.5,0.5,"both",1,"oracle","Design 9","Design 9: Simple Random Sampling",0.0508624118603402,0.0554755532813709,0.0531238021989937,0.0546562482024436,0.0573141282300081,0.0600988571890888,0,-0.0442364236423642,TRUE,0.0414986358860959,0.0587064927095485,0.0172078568234525,0.00235175108237723,0.00278472895908069
"spatial",0.5,1,"queen",0.5,0.5,"both",1,"oracle","Design 9","Design 9: Simple Random Sampling",0.050893777132065,0.0539868081480193,0.0534450926533214,0.0550004516677471,0.0580330415676351,0.0591751303551497,0.111111111111111,0.100666066606661,TRUE,0.0472368877094789,0.0586040859613924,0.0113671982519135,0.000541715494697947,0.00114208878751464
"poisson",0.2,1,"queen",0.5,0.5,"both",1,"oracle","Design 9","Design 9: Simple Random Sampling",0.0507469741494734,0.0521796295755502,0.0553781579461087,0.0529838727796002,0.0570270324459189,0.058889817997374,0,-0.0952415241524153,TRUE,0.0413648572868866,0.0579584252216464,0.0165935679347598,0.00319852837055844,0.00186278555145506
"poisson",0.5,1,"queen",0.5,0.5,"both",1,"oracle","Design 9","Design 9: Simple Random Sampling",0.0505544492146776,0.0547973999534095,0.0530263543170184,0.0571894257472713,0.0630136224019941,0.0582442203022535,0.111111111111111,-0.0310591059105911,TRUE,0.0479185758540024,0.0606289213521238,0.0127103454981214,0.00177104563639114,0.00476940209974058
"iid",0,2,"queen",0.5,0.5,"both",1,"oracle","Design 9","Design 9: Simple Random Sampling",0.051198322071235,0.054371240030461,0.0527321835402103,0.055772540194957,0.0617989267883049,0.0558176325433281,0.0526315789473684,0.0679387938793879,TRUE,0.0451921002834157,0.0588082796658165,0.0136161793824008,0.00163905649025078,0.00598129424497687
"spatial",0.2,2,"queen",0.5,0.5,"both",1,"oracle","Design 9","Design 9: Simple Random Sampling",0.0520978519042296,0.0554018072221655,0.0560569820490398,0.0553672728594589,0.0612539357878226,0.0620479433475704,0,-0.113099309930993,TRUE,0.0408648791246308,0.0616509395676965,0.0207860604430656,0.000655174826874307,0.000794007559747789
"spatial",0.5,2,"queen",0.5,0.5,"both",1,"oracle","Design 9","Design 9: Simple Random Sampling",0.0505081706007675,0.055301126858293,0.0530685798314463,0.0539922597551513,0.0647954904581929,0.0585044269812942,0,-0.105958595859586,TRUE,0.0384184559352568,0.0616499587197436,0.0232315027844868,0.00223254702684672,0.0062910634768987
"poisson",0.2,2,"queen",0.5,0.5,"both",1,"oracle","Design 9","Design 9: Simple Random Sampling",0.0511291967801176,0.051193442999172,0.0543951607722131,0.0535734783064399,0.0586860719848855,0.059366475526447,0,0.12003600360036,TRUE,0.0415995203060628,0.0590262737556663,0.0174267534496034,0.00320171777304108,0.000680403541561458
"poisson",0.5,2,"queen",0.5,0.5,"both",1,"oracle","Design 9","Design 9: Simple Random Sampling",0.0511493686641014,0.0552565824488844,0.0553094427994929,0.053144861743191,0.0592227327954304,0.0583394130722353,0.0526315789473684,0.0155055505550555,TRUE,0.0436474534443494,0.0587810729338328,0.0151336194894834,5.28603506085301e-05,0.000883319723195101
"iid",0,1,"queen",0,0.8,"both",1,"oracle","Design 9","Design 9: Simple Random Sampling",0.0505908366424067,0.0529143043752699,0.0526815376154791,0.0522326473706995,0.0553248055615767,0.0576604509564602,0.0526315789473684,0.0559135913591359,TRUE,0.0433666857640553,0.0564926282590185,0.0131259424949632,0.000232766759790795,0.00233564539488357
"spatial",0.2,1,"queen",0,0.8,"both",1,"oracle","Design 9","Design 9: Simple Random Sampling",0.0510421198158874,0.0561027392464345,0.0531018210202946,0.057135629587006,0.0594793354442372,0.0613887356391421,0.176470588235294,0.141062106210621,TRUE,0.0482127362264001,0.0604340355416896,0.0122212993152895,0.00300091822613991,0.0019094001949049
"spatial",0.5,1,"queen",0,0.8,"both",1,"oracle","Design 9","Design 9: Simple Random Sampling",0.0495621285875022,0.0513950544850957,0.05511923160384,0.0523052081691787,0.055549137589111,0.0601124978233957,0.0526315789473684,-0.0982298229822982,TRUE,0.0418271691654424,0.0578308177062533,0.0160036485408109,0.00372417711874428,0.00456336023428468
"poisson",0.2,1,"queen",0,0.8,"both",1,"oracle","Design 9","Design 9: Simple Random Sampling",0.0501804994834294,0.0533151527403564,0.0537553217425649,0.0549188937923801,0.0608136522971503,0.0597956654381451,0,-0.0716591659165917,TRUE,0.0414116222486656,0.0603046588676477,0.0188930366189821,0.000440169002208439,0.00101798685900522
"poisson",0.5,1,"queen",0,0.8,"both",1,"oracle","Design 9","Design 9: Simple Random Sampling",0.0496445477789645,0.0523953544973422,0.0558979856706114,0.0533822458197103,0.057046751594424,0.0610441697083623,0.0526315789473684,-0.0254185418541854,TRUE,0.041104062524587,0.0590454606513932,0.0179413981268062,0.00350263117326915,0.00399741811393822
"iid",0,2,"queen",0,0.8,"both",1,"oracle","Design 9","Design 9: Simple Random Sampling",0.0517671157872162,0.054273266224097,0.0541580125012436,0.0547796288796389,0.0597326714488848,0.0607949838181266,0.0526315789473684,0.11038703870387,TRUE,0.0435958984564861,0.0602638276335057,0.0166679291770197,0.00011525372285346,0.00106231236924175
"spatial",0.2,2,"queen",0,0.8,"both",1,"oracle","Design 9","Design 9: Simple Random Sampling",0.0490023902606205,0.0548543501042922,0.0526681914528086,0.0534562083961272,0.059399193033429,0.0570429759643821,0.0526315789473684,-0.106894689468947,TRUE,0.0422379125134697,0.0582210844989055,0.0159831719854359,0.00218615865148358,0.00235621706904694
"spatial",0.5,2,"queen",0,0.8,"both",1,"oracle","Design 9","Design 9: Simple Random Sampling",0.0503075766312778,0.0526278761200879,0.0534644868380335,0.0539064744596066,0.0582932934395409,0.0595326795406723,0.0526315789473684,-0.0466966696669667,TRUE,0.0430830539717784,0.0589129864901066,0.0158299325183281,0.000836610717945607,0.00123938610113136
"poisson",0.2,2,"queen",0,0.8,"both",1,"oracle","Design 9","Design 9: Simple Random Sampling",0.0507990265574041,0.0553970789900252,0.0532715921281928,0.0556133972798338,0.0626207496932163,0.0569126087287867,0.0526315789473684,0.136213621362136,TRUE,0.0433057262342712,0.0597666792110015,0.0164609529767303,0.00212548686183243,0.0057081409644296
"poisson",0.5,2,"queen",0,0.8,"both",1,"oracle","Design 9","Design 9: Simple Random Sampling",0.0474748256866269,0.0499106887874191,0.0503110117486622,0.0504790549088996,0.053718533689076,0.0559865403728048,0.0526315789473684,0.0414881488148815,TRUE,0.0406374195099594,0.0548525370309404,0.014215117520981,0.000400322961243052,0.00226800668372881
"iid",0,1,"queen",0.5,0.8,"both",1,"oracle","Design 9","Design 9: Simple Random Sampling",0.0494852591355602,0.052882393906852,0.0517355007908861,0.0550556906039345,0.062087111017232,0.0543571347562431,0.111111111111111,0.0902130213021302,TRUE,0.0447406602794482,0.0582221228867375,0.0134814626072894,0.00114689311596588,0.00772997626098895
"spatial",0.2,1,"queen",0.5,0.8,"both",1,"oracle","Design 9","Design 9: Simple Random Sampling",0.05235237821546,0.0566181781261771,0.0567568778324929,0.0566091990025851,0.06071633498214,0.0594620753577066,0.111111111111111,0.10983498349835,TRUE,0.0479420556947646,0.0600892051699233,0.0121471494751587,0.000138699706315797,0.0012542596244334
"spatial",0.5,1,"queen",0.5,0.8,"both",1,"oracle","Design 9","Design 9: Simple Random Sampling",0.0534654168999658,0.0552805289938472,0.0550785012685574,0.0551525797075939,0.0613341941308319,0.0597987661633358,0,-0.041044104410441,TRUE,0.04272275323853,0.0605664801470839,0.0178437269085539,0.00020202772528978,0.00153542796749607
"poisson",0.2,1,"queen",0.5,0.8,"both",1,"oracle","Design 9","Design 9: Simple Random Sampling",0.0532635991372771,0.0582739382935949,0.055723218064203,0.0566368493290499,0.0644817973503114,0.0601412982206127,0,-0.15968796879688,TRUE,0.0418370390654099,0.0623115477854621,0.0204745087200522,0.00255072022939198,0.00434049912969875
"poisson",0.5,1,"queen",0.5,0.8,"both",1,"oracle","Design 9","Design 9: Simple Random Sampling",0.0516281996947599,0.0540124901794271,0.0557449062367461,0.0552789065602746,0.0585764606794277,0.0603543535405136,0,-0.0262946294629463,TRUE,0.0419515857063198,0.0594654071099706,0.0175138214036509,0.00173241605731906,0.00177789286108584
"iid",0,2,"queen",0.5,0.8,"both",1,"oracle","Design 9","Design 9: Simple Random Sampling",0.0521011517522925,0.0546050755317954,0.0520848477833321,0.0550272190152324,0.0595589603057701,0.0569409354070527,0.111111111111111,0.0607860786078608,TRUE,0.0468830102204329,0.0582499478564114,0.0113669376359785,0.00252022774846326,0.00261802489871737
"spatial",0.2,2,"queen",0.5,0.8,"both",1,"oracle","Design 9","Design 9: Simple Random Sampling",0.0535147446553528,0.0571315482565685,0.0595244555766889,0.05935659965267,0.0652611089845635,0.065650536477554,0.111111111111111,0.152319231923192,TRUE,0.048760938600202,0.0654558227310588,0.0166948841308568,0.00239290732012042,0.000389427492990507
"spatial",0.5,2,"queen",0.5,0.8,"both",1,"oracle","Design 9","Design 9: Simple Random Sampling",0.0532199929167376,0.059026561124041,0.0567784812334942,0.0570717010334083,0.0612459301824898,0.0619786724565862,0.111111111111111,0.0823042304230423,TRUE,0.0479909975822785,0.061612301319538,0.0136213037372595,0.00224807989054687,0.000732742274096462
"poisson",0.2,2,"queen",0.5,0.8,"both",1,"oracle","Design 9","Design 9: Simple Random Sampling",0.0523806899065491,0.0530787452681019,0.0554949306933068,0.055159427774193,0.0584956671194271,0.06003346062906,0.111111111111111,0.0156615661566157,TRUE,0.0451733333944926,0.0592645638742435,0.0140912304797509,0.00241618542520485,0.00153779350963288
"poisson",0.5,2,"queen",0.5,0.8,"both",1,"oracle","Design 9","Design 9: Simple Random Sampling",0.0515941153516964,0.0552552801530257,0.0554741981777638,0.0550353192178308,0.0589663379538508,0.061602695005694,0.0526315789473684,0.00478847884788479,TRUE,0.0434677205302794,0.0602845164797724,0.016816795949493,0.000218918024738113,0.00263635705184314
