"Year","Model","Neighbor","Summary","Rho","Gamma","Regime","Design_ID","Design","N_Draws","N_Unique","Complete","Mean_MSE","Variance_Raw","Variance_MC_Noise","Variance_Corrected","SD_Raw","SD_Corrected","Q90_Estimated","Worst10_Mean_Estimated","Sampled_Max_Estimated","SE_Mean_MSE_Noise","SE_Mean_MSE_Joint","Variance_Split_Half","Variance_Noise_Fraction","Q90_Half1","Q90_Half2","Worst10_Half1","Worst10_Half2","Tail_Half_Jaccard","Tail_Half_Rank_Cor","Tail_Boundary_Uncertain","No_Sampled_Allocation_Variation","N_Independent_Fits","N_Valid_Est","N_Valid_CI","N_Aliased","N_Warn","N_Bound","Proven_Singleton","Relative_MCSE_MSE","SD","MCSE_Coverage","Coverage","MCSE_Bias","Bias","Coverage_Variance_Noise","Coverage_Variance_Allocation","J","R","Source_ID","Precision_OK","Mean_Treated","Min_Treated","Max_Treated","Mean_Population_Share","Min_Population_Share","Max_Population_Share","Mean_Incidence_Difference","N_Unidentified_Allocations","Fail_Rate_Est","Fail_Rate_CI","Source_Reporting_Uses"
"2018","education","queen","mean_rank",0,0.5,"both",1,"Checkerboard (graph adaptation)",20,1,TRUE,0.208756378103383,0,0,0,0,0,0.208756378103383,0.208756378103383,0.208756378103383,0.0197831351872074,0.0197831351872074,0,NA,0.203744986898236,0.213767769308531,0.203744986898236,0.213767769308531,1,NA,FALSE,TRUE,200,200,200,0,0,0,TRUE,0.094766614399729,0.454420241136683,0.019231465004808,0.92,0.032212996811715,-0.0475249676345241,0.000369849246231154,0,20,200,"476b15c62994bb281a9cf916a47b9561",FALSE,27,27,27,0.503966288284889,0.503966288284889,0.503966288284889,-19.5536701450524,0,0,0,4
"2019","education","queen","mean_rank",0,0.5,"both",1,"Checkerboard (graph adaptation)",20,1,TRUE,0.208756378103383,0,0,0,0,0,0.208756378103383,0.208756378103383,0.208756378103383,0.0197831351872074,0.0197831351872074,0,NA,0.203744986898236,0.213767769308531,0.203744986898236,0.213767769308531,1,NA,FALSE,TRUE,200,200,200,0,0,0,TRUE,0.094766614399729,0.454420241136683,0.019231465004808,0.92,0.032212996811715,-0.0475249676345241,0.000369849246231154,0,20,200,"476b15c62994bb281a9cf916a47b9561",FALSE,27,27,27,0.504182396758149,0.504182396758149,0.504182396758149,-11.9988555901808,0,0,0,4
"2020","education","queen","mean_rank",0,0.5,"both",1,"Checkerboard (graph adaptation)",20,1,TRUE,0.208756378103383,0,0,0,0,0,0.208756378103383,0.208756378103383,0.208756378103383,0.0197831351872074,0.0197831351872074,0,NA,0.203744986898236,0.213767769308531,0.203744986898236,0.213767769308531,1,NA,FALSE,TRUE,200,200,200,0,0,0,TRUE,0.094766614399729,0.454420241136683,0.019231465004808,0.92,0.032212996811715,-0.0475249676345241,0.000369849246231154,0,20,200,"476b15c62994bb281a9cf916a47b9561",FALSE,27,27,27,0.504106224456118,0.504106224456118,0.504106224456118,-21.3607615436613,0,0,0,4
"2021","education","queen","mean_rank",0,0.5,"both",1,"Checkerboard (graph adaptation)",20,1,TRUE,0.208756378103383,0,0,0,0,0,0.208756378103383,0.208756378103383,0.208756378103383,0.0197831351872074,0.0197831351872074,0,NA,0.203744986898236,0.213767769308531,0.203744986898236,0.213767769308531,1,NA,FALSE,TRUE,200,200,200,0,0,0,TRUE,0.094766614399729,0.454420241136683,0.019231465004808,0.92,0.032212996811715,-0.0475249676345241,0.000369849246231154,0,20,200,"476b15c62994bb281a9cf916a47b9561",FALSE,27,27,27,0.506549694568102,0.506549694568102,0.506549694568102,-13.2758284292323,0,0,0,4
"2018","education","queen","mean_rank",0.5,0.5,"both",1,"Checkerboard (graph adaptation)",20,1,TRUE,0.251212817774336,0,0,0,0,0,0.251212817774336,0.251212817774336,0.251212817774336,0.0232094695591565,0.0232094695591565,0,NA,0.225971378145584,0.276454257403088,0.225971378145584,0.276454257403088,1,NA,FALSE,TRUE,200,200,200,0,0,0,TRUE,0.0923896708965126,0.501185088658847,0.0180868924470722,0.93,0.0355280689580693,0.00513075826358282,0.000327135678391959,0,20,200,"6460e74c096af07350269fc030e2ab51",FALSE,27,27,27,0.503966288284889,0.503966288284889,0.503966288284889,-19.5536701450524,0,0,0,4
"2019","education","queen","mean_rank",0.5,0.5,"both",1,"Checkerboard (graph adaptation)",20,1,TRUE,0.251212817774336,0,0,0,0,0,0.251212817774336,0.251212817774336,0.251212817774336,0.0232094695591565,0.0232094695591565,0,NA,0.225971378145584,0.276454257403088,0.225971378145584,0.276454257403088,1,NA,FALSE,TRUE,200,200,200,0,0,0,TRUE,0.0923896708965126,0.501185088658847,0.0180868924470722,0.93,0.0355280689580693,0.00513075826358282,0.000327135678391959,0,20,200,"6460e74c096af07350269fc030e2ab51",FALSE,27,27,27,0.504182396758149,0.504182396758149,0.504182396758149,-11.9988555901808,0,0,0,4
"2020","education","queen","mean_rank",0.5,0.5,"both",1,"Checkerboard (graph adaptation)",20,1,TRUE,0.251212817774336,0,0,0,0,0,0.251212817774336,0.251212817774336,0.251212817774336,0.0232094695591565,0.0232094695591565,0,NA,0.225971378145584,0.276454257403088,0.225971378145584,0.276454257403088,1,NA,FALSE,TRUE,200,200,200,0,0,0,TRUE,0.0923896708965126,0.501185088658847,0.0180868924470722,0.93,0.0355280689580693,0.00513075826358282,0.000327135678391959,0,20,200,"6460e74c096af07350269fc030e2ab51",FALSE,27,27,27,0.504106224456118,0.504106224456118,0.504106224456118,-21.3607615436613,0,0,0,4
"2021","education","queen","mean_rank",0.5,0.5,"both",1,"Checkerboard (graph adaptation)",20,1,TRUE,0.251212817774336,0,0,0,0,0,0.251212817774336,0.251212817774336,0.251212817774336,0.0232094695591565,0.0232094695591565,0,NA,0.225971378145584,0.276454257403088,0.225971378145584,0.276454257403088,1,NA,FALSE,TRUE,200,200,200,0,0,0,TRUE,0.0923896708965126,0.501185088658847,0.0180868924470722,0.93,0.0355280689580693,0.00513075826358282,0.000327135678391959,0,20,200,"6460e74c096af07350269fc030e2ab51",FALSE,27,27,27,0.506549694568102,0.506549694568102,0.506549694568102,-13.2758284292323,0,0,0,4
"2018","education","queen","mean_rank",0,0.8,"both",1,"Checkerboard (graph adaptation)",20,1,TRUE,0.198975551403916,0,0,0,0,0,0.198975551403916,0.198975551403916,0.198975551403916,0.0204875696759891,0.0204875696759891,0,NA,0.207951794175568,0.189999308632264,0.207951794175568,0.189999308632264,1,NA,FALSE,TRUE,200,200,200,0,0,0,TRUE,0.102965261467726,0.445580990674514,0.0180868924470722,0.93,0.0315863989598158,0.0208118272488101,0.000327135678391958,0,20,200,"37586c604b4349a0bfdaff187b0947fe",FALSE,27,27,27,0.503966288284889,0.503966288284889,0.503966288284889,-19.5536701450524,0,0,0,4
"2019","education","queen","mean_rank",0,0.8,"both",1,"Checkerboard (graph adaptation)",20,1,TRUE,0.198975551403916,0,0,0,0,0,0.198975551403916,0.198975551403916,0.198975551403916,0.0204875696759891,0.0204875696759891,0,NA,0.207951794175568,0.189999308632264,0.207951794175568,0.189999308632264,1,NA,FALSE,TRUE,200,200,200,0,0,0,TRUE,0.102965261467726,0.445580990674514,0.0180868924470722,0.93,0.0315863989598158,0.0208118272488101,0.000327135678391958,0,20,200,"37586c604b4349a0bfdaff187b0947fe",FALSE,27,27,27,0.504182396758149,0.504182396758149,0.504182396758149,-11.9988555901808,0,0,0,4
"2020","education","queen","mean_rank",0,0.8,"both",1,"Checkerboard (graph adaptation)",20,1,TRUE,0.198975551403916,0,0,0,0,0,0.198975551403916,0.198975551403916,0.198975551403916,0.0204875696759891,0.0204875696759891,0,NA,0.207951794175568,0.189999308632264,0.207951794175568,0.189999308632264,1,NA,FALSE,TRUE,200,200,200,0,0,0,TRUE,0.102965261467726,0.445580990674514,0.0180868924470722,0.93,0.0315863989598158,0.0208118272488101,0.000327135678391958,0,20,200,"37586c604b4349a0bfdaff187b0947fe",FALSE,27,27,27,0.504106224456118,0.504106224456118,0.504106224456118,-21.3607615436613,0,0,0,4
"2021","education","queen","mean_rank",0,0.8,"both",1,"Checkerboard (graph adaptation)",20,1,TRUE,0.198975551403916,0,0,0,0,0,0.198975551403916,0.198975551403916,0.198975551403916,0.0204875696759891,0.0204875696759891,0,NA,0.207951794175568,0.189999308632264,0.207951794175568,0.189999308632264,1,NA,FALSE,TRUE,200,200,200,0,0,0,TRUE,0.102965261467726,0.445580990674514,0.0180868924470722,0.93,0.0315863989598158,0.0208118272488101,0.000327135678391958,0,20,200,"37586c604b4349a0bfdaff187b0947fe",FALSE,27,27,27,0.506549694568102,0.506549694568102,0.506549694568102,-13.2758284292323,0,0,0,4
"2018","education","queen","mean_rank",0.5,0.8,"both",1,"Checkerboard (graph adaptation)",20,1,TRUE,0.197906521469121,0,0,0,0,0,0.197906521469121,0.197906521469121,0.197906521469121,0.0217467947453681,0.0217467947453681,0,NA,0.16248065652184,0.233332386416402,0.16248065652184,0.233332386416402,1,NA,FALSE,TRUE,200,200,200,0,0,0,TRUE,0.109884174528131,0.444792184576237,0.0168349958546813,0.94,0.0315304819780693,0.00815070604422934,0.000283417085427136,0,20,200,"1b4519bd86c81a14bc7c8a6fd70e8d09",FALSE,27,27,27,0.503966288284889,0.503966288284889,0.503966288284889,-19.5536701450524,0,0,0,4
"2019","education","queen","mean_rank",0.5,0.8,"both",1,"Checkerboard (graph adaptation)",20,1,TRUE,0.197906521469121,0,0,0,0,0,0.197906521469121,0.197906521469121,0.197906521469121,0.0217467947453681,0.0217467947453681,0,NA,0.16248065652184,0.233332386416402,0.16248065652184,0.233332386416402,1,NA,FALSE,TRUE,200,200,200,0,0,0,TRUE,0.109884174528131,0.444792184576237,0.0168349958546813,0.94,0.0315304819780693,0.00815070604422934,0.000283417085427136,0,20,200,"1b4519bd86c81a14bc7c8a6fd70e8d09",FALSE,27,27,27,0.504182396758149,0.504182396758149,0.504182396758149,-11.9988555901808,0,0,0,4
"2020","education","queen","mean_rank",0.5,0.8,"both",1,"Checkerboard (graph adaptation)",20,1,TRUE,0.197906521469121,0,0,0,0,0,0.197906521469121,0.197906521469121,0.197906521469121,0.0217467947453681,0.0217467947453681,0,NA,0.16248065652184,0.233332386416402,0.16248065652184,0.233332386416402,1,NA,FALSE,TRUE,200,200,200,0,0,0,TRUE,0.109884174528131,0.444792184576237,0.0168349958546813,0.94,0.0315304819780693,0.00815070604422934,0.000283417085427136,0,20,200,"1b4519bd86c81a14bc7c8a6fd70e8d09",FALSE,27,27,27,0.504106224456118,0.504106224456118,0.504106224456118,-21.3607615436613,0,0,0,4
"2021","education","queen","mean_rank",0.5,0.8,"both",1,"Checkerboard (graph adaptation)",20,1,TRUE,0.197906521469121,0,0,0,0,0,0.197906521469121,0.197906521469121,0.197906521469121,0.0217467947453681,0.0217467947453681,0,NA,0.16248065652184,0.233332386416402,0.16248065652184,0.233332386416402,1,NA,FALSE,TRUE,200,200,200,0,0,0,TRUE,0.109884174528131,0.444792184576237,0.0168349958546813,0.94,0.0315304819780693,0.00815070604422934,0.000283417085427136,0,20,200,"1b4519bd86c81a14bc7c8a6fd70e8d09",FALSE,27,27,27,0.506549694568102,0.506549694568102,0.506549694568102,-13.2758284292323,0,0,0,4
"2018","education","queen","mean_rank",0,0.5,"control_only",1,"Checkerboard (graph adaptation)",20,1,TRUE,1.124289682007,0,0,0,0,0,1.124289682007,1.124289682007,1.124289682007,0.102066435698247,0.102066435698247,0,NA,1.15106684855496,1.09751251545903,1.15106684855496,1.09751251545903,1,NA,FALSE,TRUE,200,200,200,0,0,0,TRUE,0.0907830404669781,1.0583907988224,0.0226148659249623,0.885,0.0750273344838962,0.0640203012728523,0.000511432160804019,0,20,200,"5b8fcab525ce837734585cd23c48e4fd",FALSE,27,27,27,0.503966288284889,0.503966288284889,0.503966288284889,-19.5536701450524,0,0,0,4
"2019","education","queen","mean_rank",0,0.5,"control_only",1,"Checkerboard (graph adaptation)",20,1,TRUE,1.124289682007,0,0,0,0,0,1.124289682007,1.124289682007,1.124289682007,0.102066435698247,0.102066435698247,0,NA,1.15106684855496,1.09751251545903,1.15106684855496,1.09751251545903,1,NA,FALSE,TRUE,200,200,200,0,0,0,TRUE,0.0907830404669781,1.0583907988224,0.0226148659249623,0.885,0.0750273344838962,0.0640203012728523,0.000511432160804019,0,20,200,"5b8fcab525ce837734585cd23c48e4fd",FALSE,27,27,27,0.504182396758149,0.504182396758149,0.504182396758149,-11.9988555901808,0,0,0,4
"2020","education","queen","mean_rank",0,0.5,"control_only",1,"Checkerboard (graph adaptation)",20,1,TRUE,1.124289682007,0,0,0,0,0,1.124289682007,1.124289682007,1.124289682007,0.102066435698247,0.102066435698247,0,NA,1.15106684855496,1.09751251545903,1.15106684855496,1.09751251545903,1,NA,FALSE,TRUE,200,200,200,0,0,0,TRUE,0.0907830404669781,1.0583907988224,0.0226148659249623,0.885,0.0750273344838962,0.0640203012728523,0.000511432160804019,0,20,200,"5b8fcab525ce837734585cd23c48e4fd",FALSE,27,27,27,0.504106224456118,0.504106224456118,0.504106224456118,-21.3607615436613,0,0,0,4
"2021","education","queen","mean_rank",0,0.5,"control_only",1,"Checkerboard (graph adaptation)",20,1,TRUE,1.124289682007,0,0,0,0,0,1.124289682007,1.124289682007,1.124289682007,0.102066435698247,0.102066435698247,0,NA,1.15106684855496,1.09751251545903,1.15106684855496,1.09751251545903,1,NA,FALSE,TRUE,200,200,200,0,0,0,TRUE,0.0907830404669781,1.0583907988224,0.0226148659249623,0.885,0.0750273344838962,0.0640203012728523,0.000511432160804019,0,20,200,"5b8fcab525ce837734585cd23c48e4fd",FALSE,27,27,27,0.506549694568102,0.506549694568102,0.506549694568102,-13.2758284292323,0,0,0,4
"2018","education","queen","mean_rank",0.5,0.5,"control_only",1,"Checkerboard (graph adaptation)",20,1,TRUE,0.954593405278977,0,0,0,0,0,0.954593405278977,0.954593405278977,0.954593405278977,0.0864517542947173,0.0864517542947173,0,NA,1.03365610220898,0.875530708348979,1.03365610220898,0.875530708348979,1,NA,FALSE,TRUE,200,200,200,0,0,0,TRUE,0.0905639551002891,0.968604023113662,0.0180868924470722,0.93,0.0686625187080735,0.128061124807667,0.000327135678391958,0,20,200,"92ab56b06e93459133eeb2d580fc83df",FALSE,27,27,27,0.503966288284889,0.503966288284889,0.503966288284889,-19.5536701450524,0,0,0,4
"2019","education","queen","mean_rank",0.5,0.5,"control_only",1,"Checkerboard (graph adaptation)",20,1,TRUE,0.954593405278977,0,0,0,0,0,0.954593405278977,0.954593405278977,0.954593405278977,0.0864517542947173,0.0864517542947173,0,NA,1.03365610220898,0.875530708348979,1.03365610220898,0.875530708348979,1,NA,FALSE,TRUE,200,200,200,0,0,0,TRUE,0.0905639551002891,0.968604023113662,0.0180868924470722,0.93,0.0686625187080735,0.128061124807667,0.000327135678391958,0,20,200,"92ab56b06e93459133eeb2d580fc83df",FALSE,27,27,27,0.504182396758149,0.504182396758149,0.504182396758149,-11.9988555901808,0,0,0,4
"2020","education","queen","mean_rank",0.5,0.5,"control_only",1,"Checkerboard (graph adaptation)",20,1,TRUE,0.954593405278977,0,0,0,0,0,0.954593405278977,0.954593405278977,0.954593405278977,0.0864517542947173,0.0864517542947173,0,NA,1.03365610220898,0.875530708348979,1.03365610220898,0.875530708348979,1,NA,FALSE,TRUE,200,200,200,0,0,0,TRUE,0.0905639551002891,0.968604023113662,0.0180868924470722,0.93,0.0686625187080735,0.128061124807667,0.000327135678391958,0,20,200,"92ab56b06e93459133eeb2d580fc83df",FALSE,27,27,27,0.504106224456118,0.504106224456118,0.504106224456118,-21.3607615436613,0,0,0,4
"2021","education","queen","mean_rank",0.5,0.5,"control_only",1,"Checkerboard (graph adaptation)",20,1,TRUE,0.954593405278977,0,0,0,0,0,0.954593405278977,0.954593405278977,0.954593405278977,0.0864517542947173,0.0864517542947173,0,NA,1.03365610220898,0.875530708348979,1.03365610220898,0.875530708348979,1,NA,FALSE,TRUE,200,200,200,0,0,0,TRUE,0.0905639551002891,0.968604023113662,0.0180868924470722,0.93,0.0686625187080735,0.128061124807667,0.000327135678391958,0,20,200,"92ab56b06e93459133eeb2d580fc83df",FALSE,27,27,27,0.506549694568102,0.506549694568102,0.506549694568102,-13.2758284292323,0,0,0,4
"2018","education","queen","mean_rank",0,0.8,"control_only",1,"Checkerboard (graph adaptation)",20,1,TRUE,0.921363031000674,0,0,0,0,0,0.921363031000674,0.921363031000674,0.921363031000674,0.0946154995707921,0.0946154995707921,0,NA,0.835147865719048,1.0075781962823,0.835147865719048,1.0075781962823,1,NA,FALSE,TRUE,200,200,200,0,0,0,TRUE,0.102690792214695,0.95944609415976,0.019231465004808,0.92,0.0680133303368512,0.0287441020429496,0.000369849246231155,0,20,200,"a4946688fe37a3794fa02f90e84f8f30",FALSE,27,27,27,0.503966288284889,0.503966288284889,0.503966288284889,-19.5536701450524,0,0,0,4
"2019","education","queen","mean_rank",0,0.8,"control_only",1,"Checkerboard (graph adaptation)",20,1,TRUE,0.921363031000674,0,0,0,0,0,0.921363031000674,0.921363031000674,0.921363031000674,0.0946154995707921,0.0946154995707921,0,NA,0.835147865719048,1.0075781962823,0.835147865719048,1.0075781962823,1,NA,FALSE,TRUE,200,200,200,0,0,0,TRUE,0.102690792214695,0.95944609415976,0.019231465004808,0.92,0.0680133303368512,0.0287441020429496,0.000369849246231155,0,20,200,"a4946688fe37a3794fa02f90e84f8f30",FALSE,27,27,27,0.504182396758149,0.504182396758149,0.504182396758149,-11.9988555901808,0,0,0,4
"2020","education","queen","mean_rank",0,0.8,"control_only",1,"Checkerboard (graph adaptation)",20,1,TRUE,0.921363031000674,0,0,0,0,0,0.921363031000674,0.921363031000674,0.921363031000674,0.0946154995707921,0.0946154995707921,0,NA,0.835147865719048,1.0075781962823,0.835147865719048,1.0075781962823,1,NA,FALSE,TRUE,200,200,200,0,0,0,TRUE,0.102690792214695,0.95944609415976,0.019231465004808,0.92,0.0680133303368512,0.0287441020429496,0.000369849246231155,0,20,200,"a4946688fe37a3794fa02f90e84f8f30",FALSE,27,27,27,0.504106224456118,0.504106224456118,0.504106224456118,-21.3607615436613,0,0,0,4
"2021","education","queen","mean_rank",0,0.8,"control_only",1,"Checkerboard (graph adaptation)",20,1,TRUE,0.921363031000674,0,0,0,0,0,0.921363031000674,0.921363031000674,0.921363031000674,0.0946154995707921,0.0946154995707921,0,NA,0.835147865719048,1.0075781962823,0.835147865719048,1.0075781962823,1,NA,FALSE,TRUE,200,200,200,0,0,0,TRUE,0.102690792214695,0.95944609415976,0.019231465004808,0.92,0.0680133303368512,0.0287441020429496,0.000369849246231155,0,20,200,"a4946688fe37a3794fa02f90e84f8f30",FALSE,27,27,27,0.506549694568102,0.506549694568102,0.506549694568102,-13.2758284292323,0,0,0,4
"2018","education","queen","mean_rank",0.5,0.8,"control_only",1,"Checkerboard (graph adaptation)",20,1,TRUE,0.946583567360609,0,0,0,0,0,0.946583567360609,0.946583567360609,0.946583567360609,0.0988896578023839,0.0988896578023839,0,NA,1.00976589673896,0.883401237982256,1.00976589673896,0.883401237982256,1,NA,FALSE,TRUE,200,200,200,0,0,0,TRUE,0.104470076612592,0.972906445494218,0.0174757549207538,0.935,0.0689675093442318,0.00605108886190305,0.000305402010050251,0,20,200,"386381f5e313bf70dcd7a70fd69046ef",FALSE,27,27,27,0.503966288284889,0.503966288284889,0.503966288284889,-19.5536701450524,0,0,0,4
"2019","education","queen","mean_rank",0.5,0.8,"control_only",1,"Checkerboard (graph adaptation)",20,1,TRUE,0.946583567360609,0,0,0,0,0,0.946583567360609,0.946583567360609,0.946583567360609,0.0988896578023839,0.0988896578023839,0,NA,1.00976589673896,0.883401237982256,1.00976589673896,0.883401237982256,1,NA,FALSE,TRUE,200,200,200,0,0,0,TRUE,0.104470076612592,0.972906445494218,0.0174757549207538,0.935,0.0689675093442318,0.00605108886190305,0.000305402010050251,0,20,200,"386381f5e313bf70dcd7a70fd69046ef",FALSE,27,27,27,0.504182396758149,0.504182396758149,0.504182396758149,-11.9988555901808,0,0,0,4
"2020","education","queen","mean_rank",0.5,0.8,"control_only",1,"Checkerboard (graph adaptation)",20,1,TRUE,0.946583567360609,0,0,0,0,0,0.946583567360609,0.946583567360609,0.946583567360609,0.0988896578023839,0.0988896578023839,0,NA,1.00976589673896,0.883401237982256,1.00976589673896,0.883401237982256,1,NA,FALSE,TRUE,200,200,200,0,0,0,TRUE,0.104470076612592,0.972906445494218,0.0174757549207538,0.935,0.0689675093442318,0.00605108886190305,0.000305402010050251,0,20,200,"386381f5e313bf70dcd7a70fd69046ef",FALSE,27,27,27,0.504106224456118,0.504106224456118,0.504106224456118,-21.3607615436613,0,0,0,4
"2021","education","queen","mean_rank",0.5,0.8,"control_only",1,"Checkerboard (graph adaptation)",20,1,TRUE,0.946583567360609,0,0,0,0,0,0.946583567360609,0.946583567360609,0.946583567360609,0.0988896578023839,0.0988896578023839,0,NA,1.00976589673896,0.883401237982256,1.00976589673896,0.883401237982256,1,NA,FALSE,TRUE,200,200,200,0,0,0,TRUE,0.104470076612592,0.972906445494218,0.0174757549207538,0.935,0.0689675093442318,0.00605108886190305,0.000305402010050251,0,20,200,"386381f5e313bf70dcd7a70fd69046ef",FALSE,27,27,27,0.506549694568102,0.506549694568102,0.506549694568102,-13.2758284292323,0,0,0,4
"2018","education","queen","mean_rank",0,0.5,"both",2,"High Incidence Focus",20,1,TRUE,0.0634126042483946,0,0,0,0,0,0.0634126042483946,0.0634126042483946,0.0634126042483946,0.00564852349323156,0.00564852349323156,0,NA,0.0611564903650687,0.0656687181317206,0.0611564903650687,0.0656687181317206,1,NA,FALSE,TRUE,200,200,200,0,0,0,TRUE,0.0890757217777341,0.24933984698282,0.013027801736688,0.965,0.0176752331185775,0.0352454955274938,0.000169723618090452,0,20,200,"5f15f55bd9fe08658993fc41313af837",FALSE,29,29,29,0.222331266315861,0.222331266315861,0.222331266315861,53.4219564460164,0,0,0,1
"2019","education","queen","mean_rank",0,0.5,"both",2,"High Incidence Focus",20,1,TRUE,0.0779505026509043,0,0,0,0,0,0.0779505026509043,0.0779505026509043,0.0779505026509043,0.007511029138445,0.007511029138445,0,NA,0.0720552240025233,0.0838457812992853,0.0720552240025233,0.0838457812992853,1,NA,FALSE,TRUE,200,200,200,0,0,0,TRUE,0.0963563913382651,0.278992838204094,0.019231465004808,0.92,0.0197772779334814,-0.0106535853931298,0.000369849246231155,0,20,200,"cf541114ef14b67dabe6b17a4b9f73f8",FALSE,29,29,29,0.235017910676067,0.235017910676067,0.235017910676067,50.0672756676011,0,0,0,1
"2020","education","queen","mean_rank",0,0.5,"both",2,"High Incidence Focus",20,1,TRUE,0.074510497377335,0,0,0,0,0,0.074510497377335,0.074510497377335,0.074510497377335,0.00878421195835466,0.00878421195835466,0,NA,0.0582732945482738,0.0907477002063963,0.0582732945482738,0.0907477002063963,1,NA,FALSE,TRUE,200,200,200,0,0,0,TRUE,0.117892273807673,0.272465306259643,0.0180868924470723,0.93,0.0193145534624301,0.0165273791683336,0.000327135678391959,0,20,200,"3117b0a7744ec63df769585afe40ffc0",FALSE,29,29,29,0.233336934599855,0.233336934599855,0.233336934599855,65.9989237607368,0,0,0,1
"2021","education","queen","mean_rank",0,0.5,"both",2,"High Incidence Focus",20,1,TRUE,0.0716502625309132,0,0,0,0,0,0.0716502625309132,0.0716502625309132,0.0716502625309132,0.00693132753064755,0.00693132753064755,0,NA,0.0801857307287306,0.0631147943330958,0.0801857307287306,0.0631147943330958,1,NA,FALSE,TRUE,200,200,200,0,0,0,TRUE,0.096738341016644,0.267207889578942,0.0186713173196821,0.925,0.0189418650752455,0.015817910028857,0.000348618090452262,0,20,200,"7f71278e80ef03625b0b19f8af48f94b",FALSE,29,29,29,0.223989677404995,0.223989677404995,0.223989677404995,63.6592646906665,0,0,0,1
"2018","education","queen","mean_rank",0.5,0.5,"both",2,"High Incidence Focus",20,1,TRUE,0.0699571309381264,0,0,0,0,0,0.0699571309381264,0.0699571309381264,0.0699571309381264,0.00714978865629193,0.00714978865629193,0,NA,0.0786846100783878,0.0612296517978651,0.0786846100783878,0.0612296517978651,1,NA,FALSE,TRUE,200,200,200,0,0,0,TRUE,0.102202428264469,0.25964438308142,0.0174757549207538,0.935,0.0184057023152403,0.0504175095814446,0.000305402010050251,0,20,200,"551eb44da15459afcea1098f80732751",FALSE,29,29,29,0.222331266315861,0.222331266315861,0.222331266315861,53.4219564460164,0,0,0,1
"2019","education","queen","mean_rank",0.5,0.5,"both",2,"High Incidence Focus",20,1,TRUE,0.073122704184783,0,0,0,0,0,0.073122704184783,0.073122704184783,0.073122704184783,0.00701795690813797,0.00701795690813797,0,NA,0.065218792262212,0.081026616107354,0.065218792262212,0.081026616107354,1,NA,FALSE,TRUE,200,200,200,0,0,0,TRUE,0.0959750734929525,0.270365232259399,0.0168349958546813,0.94,0.0191656831636402,-0.00503441854677551,0.000283417085427135,0,20,200,"f2aef6718d57b521994f7ca8f9c68096",FALSE,29,29,29,0.235017910676067,0.235017910676067,0.235017910676067,50.0672756676011,0,0,0,1
"2020","education","queen","mean_rank",0.5,0.5,"both",2,"High Incidence Focus",20,1,TRUE,0.0769078027138087,0,0,0,0,0,0.0769078027138087,0.0769078027138087,0.0769078027138087,0.0072266715027172,0.0072266715027172,0,NA,0.0851798606990716,0.0686357447285458,0.0851798606990716,0.0686357447285458,1,NA,FALSE,TRUE,200,200,200,0,0,0,TRUE,0.0939653877462768,0.27654157283157,0.020286887118154,0.91,0.0196035123383743,-0.0207981059149742,0.000411557788944725,0,20,200,"9fcfb4f7b23ad9911c76e4b7f17adc3e",FALSE,29,29,29,0.233336934599855,0.233336934599855,0.233336934599855,65.9989237607368,0,0,0,1
"2021","education","queen","mean_rank",0.5,0.5,"both",2,"High Incidence Focus",20,1,TRUE,0.0701666821503264,0,0,0,0,0,0.0701666821503264,0.0701666821503264,0.0701666821503264,0.00639502917660192,0.00639502917660192,0,NA,0.0660113273520957,0.0743220369485572,0.0660113273520957,0.0743220369485572,1,NA,FALSE,TRUE,200,200,200,0,0,0,TRUE,0.0911405382244109,0.263416726959434,0.0168349958546813,0.94,0.0186731166826355,0.0278982097688311,0.000283417085427136,0,20,200,"e64e5f63b2770c5895978ff09018778d",FALSE,29,29,29,0.223989677404995,0.223989677404995,0.223989677404995,63.6592646906665,0,0,0,1
"2018","education","queen","mean_rank",0,0.8,"both",2,"High Incidence Focus",20,1,TRUE,0.0689449106387267,0,0,0,0,0,0.0689449106387267,0.0689449106387267,0.0689449106387267,0.00683213799328727,0.00683213799328727,0,NA,0.0571842312190607,0.0807055900583928,0.0571842312190607,0.0807055900583928,1,NA,FALSE,TRUE,200,200,200,0,0,0,TRUE,0.0990956102487081,0.261926255513856,0.0186713173196821,0.925,0.0185674599631983,0.0184268095778181,0.000348618090452262,0,20,200,"328e5e1791275cce63de92b733d949cd",FALSE,29,29,29,0.222331266315861,0.222331266315861,0.222331266315861,53.4219564460164,0,0,0,1
"2019","education","queen","mean_rank",0,0.8,"both",2,"High Incidence Focus",20,1,TRUE,0.0677309941827686,0,0,0,0,0,0.0677309941827686,0.0677309941827686,0.0677309941827686,0.00651007946714551,0.00651007946714551,0,NA,0.0784831602797359,0.0569788280858012,0.0784831602797359,0.0569788280858012,1,NA,FALSE,TRUE,200,200,200,0,0,0,TRUE,0.0961166973214419,0.258061818308762,0.0161610923059864,0.945,0.0182935172729357,0.0336911281191978,0.000261180904522612,0,20,200,"664c5821f9cb57f9a075246f775f919d",FALSE,29,29,29,0.235017910676067,0.235017910676067,0.235017910676067,50.0672756676011,0,0,0,1
"2020","education","queen","mean_rank",0,0.8,"both",2,"High Incidence Focus",20,1,TRUE,0.0750319850284718,0,0,0,0,0,0.0750319850284718,0.0750319850284718,0.0750319850284718,0.00758044291059054,0.00758044291059054,0,NA,0.0662193556822215,0.0838446143747221,0.0662193556822215,0.0838446143747221,1,NA,FALSE,TRUE,200,200,200,0,0,0,TRUE,0.101029486394556,0.272868184388246,0.0197693992252836,0.915,0.0193431127357576,0.0239778851680902,0.000390829145728643,0,20,200,"343f6af7a98a22a237909145a92be1ac",FALSE,29,29,29,0.233336934599855,0.233336934599855,0.233336934599855,65.9989237607368,0,0,0,1
"2021","education","queen","mean_rank",0,0.8,"both",2,"High Incidence Focus",20,1,TRUE,0.081435683569471,0,0,0,0,0,0.081435683569471,0.081435683569471,0.081435683569471,0.00803615592532881,0.00803615592532881,0,NA,0.0833278272937519,0.0795435398451902,0.0833278272937519,0.0795435398451902,1,NA,FALSE,TRUE,200,200,200,0,0,0,TRUE,0.0986810151654629,0.285259934941587,0.0226148659249623,0.885,0.0202215406421992,0.00790272652903227,0.000511432160804019,0,20,200,"8f287e3c0762c56d3176750589e6a756",FALSE,29,29,29,0.223989677404995,0.223989677404995,0.223989677404995,63.6592646906665,0,0,0,1
"2018","education","queen","mean_rank",0.5,0.8,"both",2,"High Incidence Focus",20,1,TRUE,0.0764630791773453,0,0,0,0,0,0.0764630791773453,0.0764630791773453,0.0764630791773453,0.00728890168052141,0.00728890168052141,0,NA,0.0649474925773366,0.087978665777354,0.0649474925773366,0.087978665777354,1,NA,FALSE,TRUE,200,200,200,0,0,0,TRUE,0.0953257671407116,0.275908738805063,0.0168349958546813,0.94,0.0195586519236463,0.0183697313084597,0.000283417085427136,0,20,200,"3badd73313c6dd58b6f535ccedcb9099",FALSE,29,29,29,0.222331266315861,0.222331266315861,0.222331266315861,53.4219564460164,0,0,0,1
"2019","education","queen","mean_rank",0.5,0.8,"both",2,"High Incidence Focus",20,1,TRUE,0.0752963520158532,0,0,0,0,0,0.0752963520158532,0.0752963520158532,0.0752963520158532,0.00708475761574265,0.00708475761574265,0,NA,0.0707495211520963,0.07984318287961,0.0707495211520963,0.07984318287961,1,NA,FALSE,TRUE,200,200,200,0,0,0,TRUE,0.0940916448947088,0.273781468573445,0.019231465004808,0.92,0.0194078537351295,0.0184407017659577,0.000369849246231155,0,20,200,"c3dcbe9721e832aa7d1d2a641113597c",FALSE,29,29,29,0.235017910676067,0.235017910676067,0.235017910676067,50.0672756676011,0,0,0,1
"2020","education","queen","mean_rank",0.5,0.8,"both",2,"High Incidence Focus",20,1,TRUE,0.0805146256593123,0,0,0,0,0,0.0805146256593123,0.0805146256593123,0.0805146256593123,0.00837581800698793,0.00837581800698793,0,NA,0.0877270065723718,0.0733022447462527,0.0877270065723718,0.0733022447462527,1,NA,FALSE,TRUE,200,200,200,0,0,0,TRUE,0.104028528213361,0.283740886535074,0.0174757549207538,0.935,0.0201138581557117,0.0023947792387554,0.000305402010050251,0,20,200,"aa18670ebf45fc96edbcb23f3bec2f95",FALSE,29,29,29,0.233336934599855,0.233336934599855,0.233336934599855,65.9989237607368,0,0,0,1
"2021","education","queen","mean_rank",0.5,0.8,"both",2,"High Incidence Focus",20,1,TRUE,0.0715479406404875,0,0,0,0,0,0.0715479406404875,0.0715479406404875,0.0715479406404875,0.00667792605069257,0.00667792605069257,0,NA,0.0722803401713548,0.0708155411096201,0.0722803401713548,0.0708155411096201,1,NA,FALSE,TRUE,200,200,200,0,0,0,TRUE,0.0933349861772775,0.264785982125564,0.0168349958546813,0.94,0.0187701806078486,0.0378988695120028,0.000283417085427136,0,20,200,"a21caad647f7d91a2036b1574919055c",FALSE,29,29,29,0.223989677404995,0.223989677404995,0.223989677404995,63.6592646906665,0,0,0,1
"2018","education","queen","mean_rank",0,0.5,"control_only",2,"High Incidence Focus",20,1,TRUE,0.210690821502618,0,0,0,0,0,0.210690821502618,0.210690821502618,0.210690821502618,0.022386616124084,0.022386616124084,0,NA,0.238642313209377,0.182739329795859,0.238642313209377,0.182739329795859,1,NA,FALSE,TRUE,200,200,200,0,0,0,TRUE,0.106253399955564,0.459008380967848,0.0161610923059864,0.945,0.0325382414209414,-0.00145866510635075,0.000261180904522613,0,20,200,"9703ebda1a670f9cc3da3ef29ec94415",FALSE,29,29,29,0.222331266315861,0.222331266315861,0.222331266315861,53.4219564460164,0,0,0,1
"2019","education","queen","mean_rank",0,0.5,"control_only",2,"High Incidence Focus",20,1,TRUE,0.477458783257757,0,0,0,0,0,0.477458783257757,0.477458783257757,0.477458783257757,0.0510072988604344,0.0510072988604344,0,NA,0.465112921888876,0.489804644626638,0.465112921888876,0.489804644626638,1,NA,FALSE,TRUE,200,200,200,0,0,0,TRUE,0.106830789691218,0.690781537846646,0.020286887118154,0.91,0.0489682048946242,0.016722745826554,0.000411557788944724,0,20,200,"29703afafc3bb4504257159b4dc1a699",FALSE,29,29,29,0.235017910676067,0.235017910676067,0.235017910676067,50.0672756676011,0,0,0,1
"2020","education","queen","mean_rank",0,0.5,"control_only",2,"High Incidence Focus",20,1,TRUE,0.287487844272985,0,0,0,0,0,0.287487844272985,0.287487844272985,0.287487844272985,0.0293316118683217,0.0293316118683217,0,NA,0.282567681530257,0.292408007015714,0.282567681530257,0.292408007015714,1,NA,FALSE,TRUE,200,200,200,0,0,0,TRUE,0.102027311598155,0.534834237900808,0.0207854558737449,0.905,0.037913393904284,0.0379497330958633,0.000432035175879398,0,20,200,"88911148eca3299192051fa6b1c55183",FALSE,29,29,29,0.233336934599855,0.233336934599855,0.233336934599855,65.9989237607368,0,0,0,1
"2021","education","queen","mean_rank",0,0.5,"control_only",2,"High Incidence Focus",20,1,TRUE,0.36967616207455,0,0,0,0,0,0.36967616207455,0.36967616207455,0.36967616207455,0.0364480938588915,0.0364480938588915,0,NA,0.334470674815824,0.404881649333276,0.334470674815824,0.404881649333276,1,NA,FALSE,TRUE,200,200,200,0,0,0,TRUE,0.0985946555340543,0.607438320884865,0.0217309958562539,0.895,0.0430601608877103,0.0263599771457873,0.000472236180904523,0,20,200,"4915a370a503e23c08ee1545809fbb1a",FALSE,29,29,29,0.223989677404995,0.223989677404995,0.223989677404995,63.6592646906665,0,0,0,1
"2018","education","queen","mean_rank",0.5,0.5,"control_only",2,"High Incidence Focus",20,1,TRUE,0.252826704216767,0,0,0,0,0,0.252826704216767,0.252826704216767,0.252826704216767,0.0263001607868021,0.0263001607868021,0,NA,0.289801386517172,0.215852021916362,0.289801386517172,0.215852021916362,1,NA,FALSE,TRUE,200,200,200,0,0,0,TRUE,0.104024457654809,0.502108020449596,0.0226148659249622,0.885,0.035593493858066,0.0267252692587966,0.000511432160804018,0,20,200,"960d2475b1a980b2e9472e93b5a3049f",FALSE,29,29,29,0.222331266315861,0.222331266315861,0.222331266315861,53.4219564460164,0,0,0,1
"2019","education","queen","mean_rank",0.5,0.5,"control_only",2,"High Incidence Focus",20,1,TRUE,0.39276828996881,0,0,0,0,0,0.39276828996881,0.39276828996881,0.39276828996881,0.0393421656856592,0.0393421656856592,0,NA,0.356250395263311,0.42928618467431,0.356250395263311,0.42928618467431,1,NA,FALSE,TRUE,200,200,200,0,0,0,TRUE,0.100166349194797,0.625391243373907,0.0138911779241576,0.96,0.0443328098204557,0.0406704152923087,0.000192964824120603,0,20,200,"d39be39efc6241515999607b1f5591a2",FALSE,29,29,29,0.235017910676067,0.235017910676067,0.235017910676067,50.0672756676011,0,0,0,1
"2020","education","queen","mean_rank",0.5,0.5,"control_only",2,"High Incidence Focus",20,1,TRUE,0.264175654677524,0,0,0,0,0,0.264175654677524,0.264175654677524,0.264175654677524,0.0256578745503232,0.0256578745503232,0,NA,0.279677991145568,0.24867331820948,0.279677991145568,0.24867331820948,1,NA,FALSE,TRUE,200,200,200,0,0,0,TRUE,0.097124296262816,0.513300196686596,0.0168349958546813,0.94,0.036386886195821,0.0264303378530285,0.000283417085427136,0,20,200,"8c3ab65e677edf8afb6892e3a289adf1",FALSE,29,29,29,0.233336934599855,0.233336934599855,0.233336934599855,65.9989237607368,0,0,0,1
"2021","education","queen","mean_rank",0.5,0.5,"control_only",2,"High Incidence Focus",20,1,TRUE,0.347242301616217,0,0,0,0,0,0.347242301616217,0.347242301616217,0.347242301616217,0.0377960572061331,0.0377960572061331,0,NA,0.347799043800829,0.346685559431606,0.347799043800829,0.346685559431606,1,NA,FALSE,TRUE,200,200,200,0,0,0,TRUE,0.108846350315655,0.585194103307787,0.0186713173196821,0.925,0.0414833101116597,0.0692110039662189,0.000348618090452262,0,20,200,"11011b2b5e473e8fdf155a4e7c43a8d2",FALSE,29,29,29,0.223989677404995,0.223989677404995,0.223989677404995,63.6592646906665,0,0,0,1
"2018","education","queen","mean_rank",0,0.8,"control_only",2,"High Incidence Focus",20,1,TRUE,0.203065129559744,0,0,0,0,0,0.203065129559744,0.203065129559744,0.203065129559744,0.0194847504663328,0.0194847504663328,0,NA,0.200475644527736,0.205654614591752,0.200475644527736,0.205654614591752,1,NA,FALSE,TRUE,200,200,200,0,0,0,TRUE,0.0959532072718576,0.450402050820693,0.0174757549207538,0.935,0.0319281548523998,-0.0142520937499883,0.000305402010050251,0,20,200,"1868e1e1f674b79aa4354d40cef95611",FALSE,29,29,29,0.222331266315861,0.222331266315861,0.222331266315861,53.4219564460164,0,0,0,1
"2019","education","queen","mean_rank",0,0.8,"control_only",2,"High Incidence Focus",20,1,TRUE,0.44491710024231,0,0,0,0,0,0.44491710024231,0.44491710024231,0.44491710024231,0.0424992634853093,0.0424992634853093,0,NA,0.448084485346419,0.441749715138201,0.448084485346419,0.441749715138201,1,NA,FALSE,TRUE,200,200,200,0,0,0,TRUE,0.0955217577885036,0.666640119261579,0.020286887118154,0.91,0.0472568651049049,0.0225400007368416,0.000411557788944724,0,20,200,"e4dc9f9b380716be65e6699a089fd61a",FALSE,29,29,29,0.235017910676067,0.235017910676067,0.235017910676067,50.0672756676011,0,0,0,1
"2020","education","queen","mean_rank",0,0.8,"control_only",2,"High Incidence Focus",20,1,TRUE,0.254070107150249,0,0,0,0,0,0.254070107150249,0.254070107150249,0.254070107150249,0.0247226069440076,0.0247226069440076,0,NA,0.228016311498556,0.280123902801941,0.228016311498556,0.280123902801941,1,NA,FALSE,TRUE,200,200,200,0,0,0,TRUE,0.0973062404755371,0.498388961331458,0.0186713173196821,0.925,0.0353298567471497,0.0753561568367107,0.000348618090452262,0,20,200,"4b1e43a246810252f554a6120cb0bdd2",FALSE,29,29,29,0.233336934599855,0.233336934599855,0.233336934599855,65.9989237607368,0,0,0,1
"2021","education","queen","mean_rank",0,0.8,"control_only",2,"High Incidence Focus",20,1,TRUE,0.292631162234332,0,0,0,0,0,0.292631162234332,0.292631162234332,0.292631162234332,0.0280121282677005,0.0280121282677005,0,NA,0.309666314024184,0.27559601044448,0.309666314024184,0.27559601044448,1,NA,FALSE,TRUE,200,200,200,0,0,0,TRUE,0.0957250350708347,0.540379869902182,0.0138911779241576,0.96,0.0383065133338507,0.0249150243594627,0.000192964824120603,0,20,200,"3e5857302b84154efa75f4f9a4f21962",FALSE,29,29,29,0.223989677404995,0.223989677404995,0.223989677404995,63.6592646906665,0,0,0,1
"2018","education","queen","mean_rank",0.5,0.8,"control_only",2,"High Incidence Focus",20,1,TRUE,0.216002012462736,0,0,0,0,0,0.216002012462736,0.216002012462736,0.216002012462736,0.019799289233284,0.019799289233284,0,NA,0.244230101303977,0.187773923621496,0.244230101303977,0.187773923621496,1,NA,FALSE,TRUE,200,200,200,0,0,0,TRUE,0.0916625220642317,0.464753087781439,0.0161610923059864,0.945,0.0329454728897851,0.00256512384784609,0.000261180904522613,0,20,200,"7915b218af0259ee7502418233365e06",FALSE,29,29,29,0.222331266315861,0.222331266315861,0.222331266315861,53.4219564460164,0,0,0,1
"2019","education","queen","mean_rank",0.5,0.8,"control_only",2,"High Incidence Focus",20,1,TRUE,0.464018608046528,0,0,0,0,0,0.464018608046528,0.464018608046528,0.464018608046528,0.0473338015290113,0.0473338015290113,0,NA,0.427018254262759,0.501018961830297,0.427018254262759,0.501018961830297,1,NA,FALSE,TRUE,200,200,200,0,0,0,TRUE,0.102008412395964,0.681086914680983,0.019231465004808,0.92,0.0482809712794465,0.0117992667936386,0.000369849246231155,0,20,200,"ac41bf01edb54aca658abc7dfc5feb2f",FALSE,29,29,29,0.235017910676067,0.235017910676067,0.235017910676067,50.0672756676011,0,0,0,1
"2020","education","queen","mean_rank",0.5,0.8,"control_only",2,"High Incidence Focus",20,1,TRUE,0.246844976964195,0,0,0,0,0,0.246844976964195,0.246844976964195,0.246844976964195,0.0252597570830897,0.0252597570830897,0,NA,0.226800294172833,0.266889659755557,0.226800294172833,0.266889659755557,1,NA,FALSE,TRUE,200,200,200,0,0,0,TRUE,0.10233044801537,0.494532132370502,0.0161610923059864,0.945,0.0350564533910144,-0.0477801948225306,0.000261180904522613,0,20,200,"f5893618e3598f30db69a602dc58e6bb",FALSE,29,29,29,0.233336934599855,0.233336934599855,0.233336934599855,65.9989237607368,0,0,0,1
"2021","education","queen","mean_rank",0.5,0.8,"control_only",2,"High Incidence Focus",20,1,TRUE,0.411998818318161,0,0,0,0,0,0.411998818318161,0.411998818318161,0.411998818318161,0.0431804832471012,0.0431804832471012,0,NA,0.342586969930043,0.48141066670628,0.342586969930043,0.48141066670628,1,NA,FALSE,TRUE,200,200,200,0,0,0,TRUE,0.104807298776657,0.64184279933819,0.020286887118154,0.91,0.045499029702078,0.00605303691352116,0.000411557788944724,0,20,200,"1c05cef1fb42240c52b8d2354bb0c609",FALSE,29,29,29,0.223989677404995,0.223989677404995,0.223989677404995,63.6592646906665,0,0,0,1
"2018","education","queen","mean_rank",0,0.5,"both",3,"Saturation Regions",20,20,TRUE,0.0729598256217684,0.000196210619513206,0.000104303747908449,9.19068716047566e-05,0.0140075201057577,0.00958680716426259,0.0889471538095031,0.0984811735829087,0.105106838124585,0.00228367847899446,0.00313217671526692,0.000115330131392846,0.531590737378153,0.0998209111880228,0.0957305086349499,0.108829973854105,0.0972125924542503,0.333333333333333,0.419548872180451,TRUE,FALSE,2000,2000,2000,0,0,0,FALSE,0.042930156268526,0.269820109837589,0.0054338122703562,0.937,0.00562953481053678,0.0125273280870205,2.9530303030303e-05,-7.97448165884476e-08,20,100,"30321b058fa2ccf4864355bcc8e7a125",TRUE,29.05,28,30,0.488236907399426,0.334282285132303,0.6437329111376,1.32997865881398,0,0,0,4
"2019","education","queen","mean_rank",0,0.5,"both",3,"Saturation Regions",20,20,TRUE,0.0729598256217684,0.000196210619513206,0.000104303747908449,9.19068716047566e-05,0.0140075201057577,0.00958680716426259,0.0889471538095031,0.0984811735829087,0.105106838124585,0.00228367847899446,0.00313217671526692,0.000115330131392846,0.531590737378153,0.0998209111880228,0.0957305086349499,0.108829973854105,0.0972125924542503,0.333333333333333,0.419548872180451,TRUE,FALSE,2000,2000,2000,0,0,0,FALSE,0.042930156268526,0.269820109837589,0.0054338122703562,0.937,0.00562953481053678,0.0125273280870205,2.9530303030303e-05,-7.97448165884476e-08,20,100,"30321b058fa2ccf4864355bcc8e7a125",TRUE,29.05,28,30,0.488177190625513,0.333412532332626,0.646510678072994,1.0873801577715,0,0,0,4
"2020","education","queen","mean_rank",0,0.5,"both",3,"Saturation Regions",20,20,TRUE,0.0729598256217684,0.000196210619513206,0.000104303747908449,9.19068716047566e-05,0.0140075201057577,0.00958680716426259,0.0889471538095031,0.0984811735829087,0.105106838124585,0.00228367847899446,0.00313217671526692,0.000115330131392846,0.531590737378153,0.0998209111880228,0.0957305086349499,0.108829973854105,0.0972125924542503,0.333333333333333,0.419548872180451,TRUE,FALSE,2000,2000,2000,0,0,0,FALSE,0.042930156268526,0.269820109837589,0.0054338122703562,0.937,0.00562953481053678,0.0125273280870205,2.9530303030303e-05,-7.97448165884476e-08,20,100,"30321b058fa2ccf4864355bcc8e7a125",TRUE,29.05,28,30,0.488008547491598,0.333283321525134,0.648232033140811,1.65965534392257,0,0,0,4
"2021","education","queen","mean_rank",0,0.5,"both",3,"Saturation Regions",20,20,TRUE,0.0729598256217684,0.000196210619513206,0.000104303747908449,9.19068716047566e-05,0.0140075201057577,0.00958680716426259,0.0889471538095031,0.0984811735829087,0.105106838124585,0.00228367847899446,0.00313217671526692,0.000115330131392846,0.531590737378153,0.0998209111880228,0.0957305086349499,0.108829973854105,0.0972125924542503,0.333333333333333,0.419548872180451,TRUE,FALSE,2000,2000,2000,0,0,0,FALSE,0.042930156268526,0.269820109837589,0.0054338122703562,0.937,0.00562953481053678,0.0125273280870205,2.9530303030303e-05,-7.97448165884476e-08,20,100,"30321b058fa2ccf4864355bcc8e7a125",TRUE,29.05,28,30,0.487744747005692,0.332551276405627,0.649306589758305,1.76865540710807,0,0,0,4
"2018","education","queen","mean_rank",0.5,0.5,"both",3,"Saturation Regions",20,20,TRUE,0.0752284005109325,0.000209928787008538,0.000108618842431399,0.000101309944577139,0.0144889194562099,0.0100652841279886,0.0929378900840291,0.104787502157477,0.114049863242061,0.00233043818231035,0.00323982088246046,0.000103258235588435,0.51740804098002,0.09673564544818,0.0884396303789389,0.104739777993822,0.117321366278867,0.333333333333333,0.296240601503759,TRUE,FALSE,2000,2000,2000,0,0,0,FALSE,0.0430664597473349,0.27312077305917,0.00638563354644421,0.9445,0.00737037870638315,0.02516831012392,2.60833333333334e-05,0.000293859649122806,20,100,"ef2ff02eaec9ed87479557e8017d756c",TRUE,29.05,28,30,0.488236907399426,0.334282285132303,0.6437329111376,1.32997865881398,0,0,0,4
"2019","education","queen","mean_rank",0.5,0.5,"both",3,"Saturation Regions",20,20,TRUE,0.0752284005109325,0.000209928787008538,0.000108618842431399,0.000101309944577139,0.0144889194562099,0.0100652841279886,0.0929378900840291,0.104787502157477,0.114049863242061,0.00233043818231035,0.00323982088246046,0.000103258235588435,0.51740804098002,0.09673564544818,0.0884396303789389,0.104739777993822,0.117321366278867,0.333333333333333,0.296240601503759,TRUE,FALSE,2000,2000,2000,0,0,0,FALSE,0.0430664597473349,0.27312077305917,0.00638563354644421,0.9445,0.00737037870638315,0.02516831012392,2.60833333333334e-05,0.000293859649122806,20,100,"ef2ff02eaec9ed87479557e8017d756c",TRUE,29.05,28,30,0.488177190625513,0.333412532332626,0.646510678072994,1.0873801577715,0,0,0,4
"2020","education","queen","mean_rank",0.5,0.5,"both",3,"Saturation Regions",20,20,TRUE,0.0752284005109325,0.000209928787008538,0.000108618842431399,0.000101309944577139,0.0144889194562099,0.0100652841279886,0.0929378900840291,0.104787502157477,0.114049863242061,0.00233043818231035,0.00323982088246046,0.000103258235588435,0.51740804098002,0.09673564544818,0.0884396303789389,0.104739777993822,0.117321366278867,0.333333333333333,0.296240601503759,TRUE,FALSE,2000,2000,2000,0,0,0,FALSE,0.0430664597473349,0.27312077305917,0.00638563354644421,0.9445,0.00737037870638315,0.02516831012392,2.60833333333334e-05,0.000293859649122806,20,100,"ef2ff02eaec9ed87479557e8017d756c",TRUE,29.05,28,30,0.488008547491598,0.333283321525134,0.648232033140811,1.65965534392257,0,0,0,4
"2021","education","queen","mean_rank",0.5,0.5,"both",3,"Saturation Regions",20,20,TRUE,0.0752284005109325,0.000209928787008538,0.000108618842431399,0.000101309944577139,0.0144889194562099,0.0100652841279886,0.0929378900840291,0.104787502157477,0.114049863242061,0.00233043818231035,0.00323982088246046,0.000103258235588435,0.51740804098002,0.09673564544818,0.0884396303789389,0.104739777993822,0.117321366278867,0.333333333333333,0.296240601503759,TRUE,FALSE,2000,2000,2000,0,0,0,FALSE,0.0430664597473349,0.27312077305917,0.00638563354644421,0.9445,0.00737037870638315,0.02516831012392,2.60833333333334e-05,0.000293859649122806,20,100,"ef2ff02eaec9ed87479557e8017d756c",TRUE,29.05,28,30,0.487744747005692,0.332551276405627,0.649306589758305,1.76865540710807,0,0,0,4
"2018","education","queen","mean_rank",0,0.8,"both",3,"Saturation Regions",20,20,TRUE,0.0708518453106999,0.00011296527788829,9.83214141256361e-05,1.46438637626535e-05,0.0106285124965015,0.0038267301659058,0.0834348840098883,0.0910128201893359,0.0947829012594774,0.00221722139315897,0.00237660764418835,1.17226265477375e-05,0.870368452710446,0.0910696574153455,0.0903791829946112,0.0995441568954964,0.0994349662858468,0,0.0796992481203007,TRUE,FALSE,2000,2000,2000,0,0,0,FALSE,0.0335433415144861,0.265898630465874,0.00509256423880109,0.9435,0.00529298763587676,0.0122377950249369,2.66742424242424e-05,-1.48006379585339e-05,20,100,"50f0f843fd322d6d6b4e490d8f43fb70",TRUE,29.05,28,30,0.488236907399426,0.334282285132303,0.6437329111376,1.32997865881398,0,0,0,4
"2019","education","queen","mean_rank",0,0.8,"both",3,"Saturation Regions",20,20,TRUE,0.0708518453106999,0.00011296527788829,9.83214141256361e-05,1.46438637626535e-05,0.0106285124965015,0.0038267301659058,0.0834348840098883,0.0910128201893359,0.0947829012594774,0.00221722139315897,0.00237660764418835,1.17226265477375e-05,0.870368452710446,0.0910696574153455,0.0903791829946112,0.0995441568954964,0.0994349662858468,0,0.0796992481203007,TRUE,FALSE,2000,2000,2000,0,0,0,FALSE,0.0335433415144861,0.265898630465874,0.00509256423880109,0.9435,0.00529298763587676,0.0122377950249369,2.66742424242424e-05,-1.48006379585339e-05,20,100,"50f0f843fd322d6d6b4e490d8f43fb70",TRUE,29.05,28,30,0.488177190625513,0.333412532332626,0.646510678072994,1.0873801577715,0,0,0,4
"2020","education","queen","mean_rank",0,0.8,"both",3,"Saturation Regions",20,20,TRUE,0.0708518453106999,0.00011296527788829,9.83214141256361e-05,1.46438637626535e-05,0.0106285124965015,0.0038267301659058,0.0834348840098883,0.0910128201893359,0.0947829012594774,0.00221722139315897,0.00237660764418835,1.17226265477375e-05,0.870368452710446,0.0910696574153455,0.0903791829946112,0.0995441568954964,0.0994349662858468,0,0.0796992481203007,TRUE,FALSE,2000,2000,2000,0,0,0,FALSE,0.0335433415144861,0.265898630465874,0.00509256423880109,0.9435,0.00529298763587676,0.0122377950249369,2.66742424242424e-05,-1.48006379585339e-05,20,100,"50f0f843fd322d6d6b4e490d8f43fb70",TRUE,29.05,28,30,0.488008547491598,0.333283321525134,0.648232033140811,1.65965534392257,0,0,0,4
"2021","education","queen","mean_rank",0,0.8,"both",3,"Saturation Regions",20,20,TRUE,0.0708518453106999,0.00011296527788829,9.83214141256361e-05,1.46438637626535e-05,0.0106285124965015,0.0038267301659058,0.0834348840098883,0.0910128201893359,0.0947829012594774,0.00221722139315897,0.00237660764418835,1.17226265477375e-05,0.870368452710446,0.0910696574153455,0.0903791829946112,0.0995441568954964,0.0994349662858468,0,0.0796992481203007,TRUE,FALSE,2000,2000,2000,0,0,0,FALSE,0.0335433415144861,0.265898630465874,0.00509256423880109,0.9435,0.00529298763587676,0.0122377950249369,2.66742424242424e-05,-1.48006379585339e-05,20,100,"50f0f843fd322d6d6b4e490d8f43fb70",TRUE,29.05,28,30,0.487744747005692,0.332551276405627,0.649306589758305,1.76865540710807,0,0,0,4
"2018","education","queen","mean_rank",0.5,0.8,"both",3,"Saturation Regions",20,20,TRUE,0.0829757393853916,6.59974133645119e-05,0.000132131088352796,-6.61336749882837e-05,0.00812387920666672,NA,0.0909085462346243,0.0964599398616525,0.0964706962276501,0.00257032185098283,0.00181655461471039,-7.94220652376315e-05,2.00206465097381,0.104651258702869,0.0967479024664551,0.107273811458856,0.119124755329658,0,-0.27218045112782,TRUE,FALSE,2000,2000,2000,0,0,0,FALSE,0.0218925993087348,0.284982275497327,0.00632871484418024,0.923,0.00497207142245284,0.0419623883705052,3.5510101010101e-05,9.08506113769259e-05,20,100,"0ca0f17e0642e0418036a0bdba566439",TRUE,29.05,28,30,0.488236907399426,0.334282285132303,0.6437329111376,1.32997865881398,0,0,0,4
"2019","education","queen","mean_rank",0.5,0.8,"both",3,"Saturation Regions",20,20,TRUE,0.0829757393853916,6.59974133645119e-05,0.000132131088352796,-6.61336749882837e-05,0.00812387920666672,NA,0.0909085462346243,0.0964599398616525,0.0964706962276501,0.00257032185098283,0.00181655461471039,-7.94220652376315e-05,2.00206465097381,0.104651258702869,0.0967479024664551,0.107273811458856,0.119124755329658,0,-0.27218045112782,TRUE,FALSE,2000,2000,2000,0,0,0,FALSE,0.0218925993087348,0.284982275497327,0.00632871484418024,0.923,0.00497207142245284,0.0419623883705052,3.5510101010101e-05,9.08506113769259e-05,20,100,"0ca0f17e0642e0418036a0bdba566439",TRUE,29.05,28,30,0.488177190625513,0.333412532332626,0.646510678072994,1.0873801577715,0,0,0,4
"2020","education","queen","mean_rank",0.5,0.8,"both",3,"Saturation Regions",20,20,TRUE,0.0829757393853916,6.59974133645119e-05,0.000132131088352796,-6.61336749882837e-05,0.00812387920666672,NA,0.0909085462346243,0.0964599398616525,0.0964706962276501,0.00257032185098283,0.00181655461471039,-7.94220652376315e-05,2.00206465097381,0.104651258702869,0.0967479024664551,0.107273811458856,0.119124755329658,0,-0.27218045112782,TRUE,FALSE,2000,2000,2000,0,0,0,FALSE,0.0218925993087348,0.284982275497327,0.00632871484418024,0.923,0.00497207142245284,0.0419623883705052,3.5510101010101e-05,9.08506113769259e-05,20,100,"0ca0f17e0642e0418036a0bdba566439",TRUE,29.05,28,30,0.488008547491598,0.333283321525134,0.648232033140811,1.65965534392257,0,0,0,4
"2021","education","queen","mean_rank",0.5,0.8,"both",3,"Saturation Regions",20,20,TRUE,0.0829757393853916,6.59974133645119e-05,0.000132131088352796,-6.61336749882837e-05,0.00812387920666672,NA,0.0909085462346243,0.0964599398616525,0.0964706962276501,0.00257032185098283,0.00181655461471039,-7.94220652376315e-05,2.00206465097381,0.104651258702869,0.0967479024664551,0.107273811458856,0.119124755329658,0,-0.27218045112782,TRUE,FALSE,2000,2000,2000,0,0,0,FALSE,0.0218925993087348,0.284982275497327,0.00632871484418024,0.923,0.00497207142245284,0.0419623883705052,3.5510101010101e-05,9.08506113769259e-05,20,100,"0ca0f17e0642e0418036a0bdba566439",TRUE,29.05,28,30,0.487744747005692,0.332551276405627,0.649306589758305,1.76865540710807,0,0,0,4
"2018","education","queen","mean_rank",0,0.5,"control_only",3,"Saturation Regions",20,20,TRUE,0.190578431273312,0.0013598427118808,0.000819368132301898,0.0005404745795789,0.0368760452310277,0.0232481091613684,0.221306104058601,0.271246591313787,0.300993583568061,0.0064006567331091,0.00824573438779348,0.000341756769579883,0.602546254168344,0.216177292448737,0.281867239446214,0.285287176578604,0.284737741839118,0,-0.181954887218045,TRUE,FALSE,2000,2000,2000,0,0,0,FALSE,0.0432668814235757,0.436105702250988,0.00590606289734273,0.9235,0.0104787969976232,0.0197546889999578,3.53459595959596e-05,-9.28761297182528e-06,20,100,"4b9b44cbc258f2f5391cc6d572187968",TRUE,29.05,28,30,0.488236907399426,0.334282285132303,0.6437329111376,1.32997865881398,0,0,0,4
"2019","education","queen","mean_rank",0,0.5,"control_only",3,"Saturation Regions",20,20,TRUE,0.190578431273312,0.0013598427118808,0.000819368132301898,0.0005404745795789,0.0368760452310277,0.0232481091613684,0.221306104058601,0.271246591313787,0.300993583568061,0.0064006567331091,0.00824573438779348,0.000341756769579883,0.602546254168344,0.216177292448737,0.281867239446214,0.285287176578604,0.284737741839118,0,-0.181954887218045,TRUE,FALSE,2000,2000,2000,0,0,0,FALSE,0.0432668814235757,0.436105702250988,0.00590606289734273,0.9235,0.0104787969976232,0.0197546889999578,3.53459595959596e-05,-9.28761297182528e-06,20,100,"4b9b44cbc258f2f5391cc6d572187968",TRUE,29.05,28,30,0.488177190625513,0.333412532332626,0.646510678072994,1.0873801577715,0,0,0,4
"2020","education","queen","mean_rank",0,0.5,"control_only",3,"Saturation Regions",20,20,TRUE,0.190578431273312,0.0013598427118808,0.000819368132301898,0.0005404745795789,0.0368760452310277,0.0232481091613684,0.221306104058601,0.271246591313787,0.300993583568061,0.0064006567331091,0.00824573438779348,0.000341756769579883,0.602546254168344,0.216177292448737,0.281867239446214,0.285287176578604,0.284737741839118,0,-0.181954887218045,TRUE,FALSE,2000,2000,2000,0,0,0,FALSE,0.0432668814235757,0.436105702250988,0.00590606289734273,0.9235,0.0104787969976232,0.0197546889999578,3.53459595959596e-05,-9.28761297182528e-06,20,100,"4b9b44cbc258f2f5391cc6d572187968",TRUE,29.05,28,30,0.488008547491598,0.333283321525134,0.648232033140811,1.65965534392257,0,0,0,4
"2021","education","queen","mean_rank",0,0.5,"control_only",3,"Saturation Regions",20,20,TRUE,0.190578431273312,0.0013598427118808,0.000819368132301898,0.0005404745795789,0.0368760452310277,0.0232481091613684,0.221306104058601,0.271246591313787,0.300993583568061,0.0064006567331091,0.00824573438779348,0.000341756769579883,0.602546254168344,0.216177292448737,0.281867239446214,0.285287176578604,0.284737741839118,0,-0.181954887218045,TRUE,FALSE,2000,2000,2000,0,0,0,FALSE,0.0432668814235757,0.436105702250988,0.00590606289734273,0.9235,0.0104787969976232,0.0197546889999578,3.53459595959596e-05,-9.28761297182528e-06,20,100,"4b9b44cbc258f2f5391cc6d572187968",TRUE,29.05,28,30,0.487744747005692,0.332551276405627,0.649306589758305,1.76865540710807,0,0,0,4
"2018","education","queen","mean_rank",0.5,0.5,"control_only",3,"Saturation Regions",20,20,TRUE,0.226261125157477,0.00157583170435658,0.00108874175054807,0.000487089953808516,0.0396967467729609,0.0220701144946852,0.275229426127196,0.281590511555243,0.284548375800181,0.00737814932943237,0.0088764624269936,0.000847861101005203,0.690899762670154,0.284566083439865,0.298362957238501,0.302016467181534,0.307381220842677,0,0.413533834586466,TRUE,FALSE,2000,2000,2000,0,0,0,FALSE,0.0392310540346496,0.470572483716253,0.00540345893118959,0.9205,0.00992212302727617,0.0694453938472084,3.66792929292929e-05,-0.000149638490164807,20,100,"88acb13e2e1c02798c4706aa4051df03",TRUE,29.05,28,30,0.488236907399426,0.334282285132303,0.6437329111376,1.32997865881398,0,0,0,4
"2019","education","queen","mean_rank",0.5,0.5,"control_only",3,"Saturation Regions",20,20,TRUE,0.226261125157477,0.00157583170435658,0.00108874175054807,0.000487089953808516,0.0396967467729609,0.0220701144946852,0.275229426127196,0.281590511555243,0.284548375800181,0.00737814932943237,0.0088764624269936,0.000847861101005203,0.690899762670154,0.284566083439865,0.298362957238501,0.302016467181534,0.307381220842677,0,0.413533834586466,TRUE,FALSE,2000,2000,2000,0,0,0,FALSE,0.0392310540346496,0.470572483716253,0.00540345893118959,0.9205,0.00992212302727617,0.0694453938472084,3.66792929292929e-05,-0.000149638490164807,20,100,"88acb13e2e1c02798c4706aa4051df03",TRUE,29.05,28,30,0.488177190625513,0.333412532332626,0.646510678072994,1.0873801577715,0,0,0,4
"2020","education","queen","mean_rank",0.5,0.5,"control_only",3,"Saturation Regions",20,20,TRUE,0.226261125157477,0.00157583170435658,0.00108874175054807,0.000487089953808516,0.0396967467729609,0.0220701144946852,0.275229426127196,0.281590511555243,0.284548375800181,0.00737814932943237,0.0088764624269936,0.000847861101005203,0.690899762670154,0.284566083439865,0.298362957238501,0.302016467181534,0.307381220842677,0,0.413533834586466,TRUE,FALSE,2000,2000,2000,0,0,0,FALSE,0.0392310540346496,0.470572483716253,0.00540345893118959,0.9205,0.00992212302727617,0.0694453938472084,3.66792929292929e-05,-0.000149638490164807,20,100,"88acb13e2e1c02798c4706aa4051df03",TRUE,29.05,28,30,0.488008547491598,0.333283321525134,0.648232033140811,1.65965534392257,0,0,0,4
"2021","education","queen","mean_rank",0.5,0.5,"control_only",3,"Saturation Regions",20,20,TRUE,0.226261125157477,0.00157583170435658,0.00108874175054807,0.000487089953808516,0.0396967467729609,0.0220701144946852,0.275229426127196,0.281590511555243,0.284548375800181,0.00737814932943237,0.0088764624269936,0.000847861101005203,0.690899762670154,0.284566083439865,0.298362957238501,0.302016467181534,0.307381220842677,0,0.413533834586466,TRUE,FALSE,2000,2000,2000,0,0,0,FALSE,0.0392310540346496,0.470572483716253,0.00540345893118959,0.9205,0.00992212302727617,0.0694453938472084,3.66792929292929e-05,-0.000149638490164807,20,100,"88acb13e2e1c02798c4706aa4051df03",TRUE,29.05,28,30,0.487744747005692,0.332551276405627,0.649306589758305,1.76865540710807,0,0,0,4
"2018","education","queen","mean_rank",0,0.8,"control_only",3,"Saturation Regions",20,20,TRUE,0.195312298943282,0.00124123715987082,0.000782423435089429,0.000458813724781387,0.0352311958336758,0.0214199375531626,0.228192958907091,0.251269339534518,0.270361394775689,0.00625469197918422,0.00787793488127065,0.000477611990136897,0.630357727262098,0.230599433956798,0.278596439252778,0.248973805258662,0.295617400281517,0,0.160902255639098,TRUE,FALSE,2000,2000,2000,0,0,0,FALSE,0.0403350681134443,0.440053457739299,0.00673853802666736,0.9235,0.00906891326545297,0.0408075149325264,3.52449494949495e-05,0.000203258904837851,20,100,"d506bd5e0e0c4b001e023d9372d988cc",TRUE,29.05,28,30,0.488236907399426,0.334282285132303,0.6437329111376,1.32997865881398,0,0,0,4
"2019","education","queen","mean_rank",0,0.8,"control_only",3,"Saturation Regions",20,20,TRUE,0.195312298943282,0.00124123715987082,0.000782423435089429,0.000458813724781387,0.0352311958336758,0.0214199375531626,0.228192958907091,0.251269339534518,0.270361394775689,0.00625469197918422,0.00787793488127065,0.000477611990136897,0.630357727262098,0.230599433956798,0.278596439252778,0.248973805258662,0.295617400281517,0,0.160902255639098,TRUE,FALSE,2000,2000,2000,0,0,0,FALSE,0.0403350681134443,0.440053457739299,0.00673853802666736,0.9235,0.00906891326545297,0.0408075149325264,3.52449494949495e-05,0.000203258904837851,20,100,"d506bd5e0e0c4b001e023d9372d988cc",TRUE,29.05,28,30,0.488177190625513,0.333412532332626,0.646510678072994,1.0873801577715,0,0,0,4
"2020","education","queen","mean_rank",0,0.8,"control_only",3,"Saturation Regions",20,20,TRUE,0.195312298943282,0.00124123715987082,0.000782423435089429,0.000458813724781387,0.0352311958336758,0.0214199375531626,0.228192958907091,0.251269339534518,0.270361394775689,0.00625469197918422,0.00787793488127065,0.000477611990136897,0.630357727262098,0.230599433956798,0.278596439252778,0.248973805258662,0.295617400281517,0,0.160902255639098,TRUE,FALSE,2000,2000,2000,0,0,0,FALSE,0.0403350681134443,0.440053457739299,0.00673853802666736,0.9235,0.00906891326545297,0.0408075149325264,3.52449494949495e-05,0.000203258904837851,20,100,"d506bd5e0e0c4b001e023d9372d988cc",TRUE,29.05,28,30,0.488008547491598,0.333283321525134,0.648232033140811,1.65965534392257,0,0,0,4
"2021","education","queen","mean_rank",0,0.8,"control_only",3,"Saturation Regions",20,20,TRUE,0.195312298943282,0.00124123715987082,0.000782423435089429,0.000458813724781387,0.0352311958336758,0.0214199375531626,0.228192958907091,0.251269339534518,0.270361394775689,0.00625469197918422,0.00787793488127065,0.000477611990136897,0.630357727262098,0.230599433956798,0.278596439252778,0.248973805258662,0.295617400281517,0,0.160902255639098,TRUE,FALSE,2000,2000,2000,0,0,0,FALSE,0.0403350681134443,0.440053457739299,0.00673853802666736,0.9235,0.00906891326545297,0.0408075149325264,3.52449494949495e-05,0.000203258904837851,20,100,"d506bd5e0e0c4b001e023d9372d988cc",TRUE,29.05,28,30,0.487744747005692,0.332551276405627,0.649306589758305,1.76865540710807,0,0,0,4
"2018","education","queen","mean_rank",0.5,0.8,"control_only",3,"Saturation Regions",20,20,TRUE,0.228297791349316,0.0018390105820152,0.00116238110664858,0.000676629475366621,0.0428836866653882,0.0260121024787813,0.27453626911464,0.305623490218305,0.309950606336307,0.00762358546436182,0.00958908385096094,0.00114994611702793,0.632068742842596,0.287939312702031,0.273813222714205,0.316259336943731,0.31041203811471,0.333333333333333,0.505263157894737,TRUE,FALSE,2000,2000,2000,0,0,0,FALSE,0.042002525711205,0.470327355265253,0.00658946527660469,0.915,0.00940641138739138,0.0842019610134362,3.88636363636364e-05,9.11483253588516e-05,20,100,"e066ac977a6ebba11e47c5ed49950cee",TRUE,29.05,28,30,0.488236907399426,0.334282285132303,0.6437329111376,1.32997865881398,0,0,0,4
"2019","education","queen","mean_rank",0.5,0.8,"control_only",3,"Saturation Regions",20,20,TRUE,0.228297791349316,0.0018390105820152,0.00116238110664858,0.000676629475366621,0.0428836866653882,0.0260121024787813,0.27453626911464,0.305623490218305,0.309950606336307,0.00762358546436182,0.00958908385096094,0.00114994611702793,0.632068742842596,0.287939312702031,0.273813222714205,0.316259336943731,0.31041203811471,0.333333333333333,0.505263157894737,TRUE,FALSE,2000,2000,2000,0,0,0,FALSE,0.042002525711205,0.470327355265253,0.00658946527660469,0.915,0.00940641138739138,0.0842019610134362,3.88636363636364e-05,9.11483253588516e-05,20,100,"e066ac977a6ebba11e47c5ed49950cee",TRUE,29.05,28,30,0.488177190625513,0.333412532332626,0.646510678072994,1.0873801577715,0,0,0,4
"2020","education","queen","mean_rank",0.5,0.8,"control_only",3,"Saturation Regions",20,20,TRUE,0.228297791349316,0.0018390105820152,0.00116238110664858,0.000676629475366621,0.0428836866653882,0.0260121024787813,0.27453626911464,0.305623490218305,0.309950606336307,0.00762358546436182,0.00958908385096094,0.00114994611702793,0.632068742842596,0.287939312702031,0.273813222714205,0.316259336943731,0.31041203811471,0.333333333333333,0.505263157894737,TRUE,FALSE,2000,2000,2000,0,0,0,FALSE,0.042002525711205,0.470327355265253,0.00658946527660469,0.915,0.00940641138739138,0.0842019610134362,3.88636363636364e-05,9.11483253588516e-05,20,100,"e066ac977a6ebba11e47c5ed49950cee",TRUE,29.05,28,30,0.488008547491598,0.333283321525134,0.648232033140811,1.65965534392257,0,0,0,4
"2021","education","queen","mean_rank",0.5,0.8,"control_only",3,"Saturation Regions",20,20,TRUE,0.228297791349316,0.0018390105820152,0.00116238110664858,0.000676629475366621,0.0428836866653882,0.0260121024787813,0.27453626911464,0.305623490218305,0.309950606336307,0.00762358546436182,0.00958908385096094,0.00114994611702793,0.632068742842596,0.287939312702031,0.273813222714205,0.316259336943731,0.31041203811471,0.333333333333333,0.505263157894737,TRUE,FALSE,2000,2000,2000,0,0,0,FALSE,0.042002525711205,0.470327355265253,0.00658946527660469,0.915,0.00940641138739138,0.0842019610134362,3.88636363636364e-05,9.11483253588516e-05,20,100,"e066ac977a6ebba11e47c5ed49950cee",TRUE,29.05,28,30,0.487744747005692,0.332551276405627,0.649306589758305,1.76865540710807,0,0,0,4
"2018","education","queen","mean_rank",0,0.5,"both",4,"Isolation Buffer",20,20,TRUE,0.254673506478672,0.0047501644837268,0.00126537925076221,0.00348478523296459,0.0689214370404942,0.0590320695297445,0.336290906466101,0.391935498170218,0.426361162671724,0.00795417893550998,0.0154113018329517,0.0028022979807234,0.266386407270143,0.35517052919102,0.376389115087247,0.425169597081957,0.429895073322844,0,0.28421052631579,TRUE,FALSE,2000,2000,2000,0,0,0,FALSE,0.0605139578358235,0.504651290154766,0.00529523122103374,0.9335,0.00991688399601471,0.000762773755620934,3.10833333333333e-05,-6.08771929824571e-05,20,100,"fddfeaf185b919e3d89611d67e327af6",FALSE,15.65,13,17,0.238431159610054,0.17424881572961,0.331489697620606,-0.0773260328967496,0,0,0,4
"2019","education","queen","mean_rank",0,0.5,"both",4,"Isolation Buffer",20,20,TRUE,0.254673506478672,0.0047501644837268,0.00126537925076221,0.00348478523296459,0.0689214370404942,0.0590320695297445,0.336290906466101,0.391935498170218,0.426361162671724,0.00795417893550998,0.0154113018329517,0.0028022979807234,0.266386407270143,0.35517052919102,0.376389115087247,0.425169597081957,0.429895073322844,0,0.28421052631579,TRUE,FALSE,2000,2000,2000,0,0,0,FALSE,0.0605139578358235,0.504651290154766,0.00529523122103374,0.9335,0.00991688399601471,0.000762773755620934,3.10833333333333e-05,-6.08771929824571e-05,20,100,"fddfeaf185b919e3d89611d67e327af6",FALSE,15.65,13,17,0.238476514257701,0.173779321914468,0.332284416771464,3.72729726367176,0,0,0,4
"2020","education","queen","mean_rank",0,0.5,"both",4,"Isolation Buffer",20,20,TRUE,0.254673506478672,0.0047501644837268,0.00126537925076221,0.00348478523296459,0.0689214370404942,0.0590320695297445,0.336290906466101,0.391935498170218,0.426361162671724,0.00795417893550998,0.0154113018329517,0.0028022979807234,0.266386407270143,0.35517052919102,0.376389115087247,0.425169597081957,0.429895073322844,0,0.28421052631579,TRUE,FALSE,2000,2000,2000,0,0,0,FALSE,0.0605139578358235,0.504651290154766,0.00529523122103374,0.9335,0.00991688399601471,0.000762773755620934,3.10833333333333e-05,-6.08771929824571e-05,20,100,"fddfeaf185b919e3d89611d67e327af6",FALSE,15.65,13,17,0.238394502302365,0.17372025715541,0.332206220178313,-0.21258229783183,0,0,0,4
"2021","education","queen","mean_rank",0,0.5,"both",4,"Isolation Buffer",20,20,TRUE,0.254673506478672,0.0047501644837268,0.00126537925076221,0.00348478523296459,0.0689214370404942,0.0590320695297445,0.336290906466101,0.391935498170218,0.426361162671724,0.00795417893550998,0.0154113018329517,0.0028022979807234,0.266386407270143,0.35517052919102,0.376389115087247,0.425169597081957,0.429895073322844,0,0.28421052631579,TRUE,FALSE,2000,2000,2000,0,0,0,FALSE,0.0605139578358235,0.504651290154766,0.00529523122103374,0.9335,0.00991688399601471,0.000762773755620934,3.10833333333333e-05,-6.08771929824571e-05,20,100,"fddfeaf185b919e3d89611d67e327af6",FALSE,15.65,13,17,0.23839790802992,0.173584951738808,0.331671327115932,-0.761866842206795,0,0,0,4
"2018","education","queen","mean_rank",0.5,0.5,"both",4,"Isolation Buffer",20,20,TRUE,0.285811869941045,0.00428675608092778,0.00179147310831642,0.00249528297261136,0.0654733234296823,0.0499528074547503,0.353800037582238,0.395423891838396,0.407571355618666,0.00946433597331694,0.0146402801901599,0.00307293714254781,0.417908804349021,0.392414516789114,0.37484479982234,0.423056117663947,0.383674798819927,0,0.553383458646617,TRUE,FALSE,2000,2000,2000,0,0,0,FALSE,0.0512234855507569,0.534528822701945,0.0058309518948453,0.922,0.0105985319555665,0.00952930437743418,3.59949494949495e-05,-3.98989898989906e-05,20,100,"29cfe9dd1235e941fa8fce8ce5ff1864",FALSE,15.65,13,17,0.238431159610054,0.17424881572961,0.331489697620606,-0.0773260328967496,0,0,0,4
"2019","education","queen","mean_rank",0.5,0.5,"both",4,"Isolation Buffer",20,20,TRUE,0.285811869941045,0.00428675608092778,0.00179147310831642,0.00249528297261136,0.0654733234296823,0.0499528074547503,0.353800037582238,0.395423891838396,0.407571355618666,0.00946433597331694,0.0146402801901599,0.00307293714254781,0.417908804349021,0.392414516789114,0.37484479982234,0.423056117663947,0.383674798819927,0,0.553383458646617,TRUE,FALSE,2000,2000,2000,0,0,0,FALSE,0.0512234855507569,0.534528822701945,0.0058309518948453,0.922,0.0105985319555665,0.00952930437743418,3.59949494949495e-05,-3.98989898989906e-05,20,100,"29cfe9dd1235e941fa8fce8ce5ff1864",FALSE,15.65,13,17,0.238476514257701,0.173779321914468,0.332284416771464,3.72729726367176,0,0,0,4
"2020","education","queen","mean_rank",0.5,0.5,"both",4,"Isolation Buffer",20,20,TRUE,0.285811869941045,0.00428675608092778,0.00179147310831642,0.00249528297261136,0.0654733234296823,0.0499528074547503,0.353800037582238,0.395423891838396,0.407571355618666,0.00946433597331694,0.0146402801901599,0.00307293714254781,0.417908804349021,0.392414516789114,0.37484479982234,0.423056117663947,0.383674798819927,0,0.553383458646617,TRUE,FALSE,2000,2000,2000,0,0,0,FALSE,0.0512234855507569,0.534528822701945,0.0058309518948453,0.922,0.0105985319555665,0.00952930437743418,3.59949494949495e-05,-3.98989898989906e-05,20,100,"29cfe9dd1235e941fa8fce8ce5ff1864",FALSE,15.65,13,17,0.238394502302365,0.17372025715541,0.332206220178313,-0.21258229783183,0,0,0,4
"2021","education","queen","mean_rank",0.5,0.5,"both",4,"Isolation Buffer",20,20,TRUE,0.285811869941045,0.00428675608092778,0.00179147310831642,0.00249528297261136,0.0654733234296823,0.0499528074547503,0.353800037582238,0.395423891838396,0.407571355618666,0.00946433597331694,0.0146402801901599,0.00307293714254781,0.417908804349021,0.392414516789114,0.37484479982234,0.423056117663947,0.383674798819927,0,0.553383458646617,TRUE,FALSE,2000,2000,2000,0,0,0,FALSE,0.0512234855507569,0.534528822701945,0.0058309518948453,0.922,0.0105985319555665,0.00952930437743418,3.59949494949495e-05,-3.98989898989906e-05,20,100,"29cfe9dd1235e941fa8fce8ce5ff1864",FALSE,15.65,13,17,0.23839790802992,0.173584951738808,0.331671327115932,-0.761866842206795,0,0,0,4
"2018","education","queen","mean_rank",0,0.8,"both",4,"Isolation Buffer",20,20,TRUE,0.25108561868586,0.00313633729120477,0.00124507585876535,0.00189126143243943,0.0560030114476425,0.0434886356700164,0.318439740284462,0.335977655373896,0.342289925892827,0.00789010728306449,0.0125226540541627,0.00205292389976583,0.396984043220387,0.340309918922472,0.31284562663699,0.3912919154965,0.322418497382264,0,0.52781954887218,TRUE,FALSE,2000,2000,2000,0,0,0,FALSE,0.0498740394599428,0.501082791915782,0.00551910557208226,0.9275,0.010697738694555,0.00128620828227167,3.3669191919192e-05,-6.41733120680503e-05,20,100,"fb81578b1ade7d6ed28b198e3ac6e754",TRUE,15.65,13,17,0.238431159610054,0.17424881572961,0.331489697620606,-0.0773260328967496,0,0,0,4
"2019","education","queen","mean_rank",0,0.8,"both",4,"Isolation Buffer",20,20,TRUE,0.25108561868586,0.00313633729120477,0.00124507585876535,0.00189126143243943,0.0560030114476425,0.0434886356700164,0.318439740284462,0.335977655373896,0.342289925892827,0.00789010728306449,0.0125226540541627,0.00205292389976583,0.396984043220387,0.340309918922472,0.31284562663699,0.3912919154965,0.322418497382264,0,0.52781954887218,TRUE,FALSE,2000,2000,2000,0,0,0,FALSE,0.0498740394599428,0.501082791915782,0.00551910557208226,0.9275,0.010697738694555,0.00128620828227167,3.3669191919192e-05,-6.41733120680503e-05,20,100,"fb81578b1ade7d6ed28b198e3ac6e754",TRUE,15.65,13,17,0.238476514257701,0.173779321914468,0.332284416771464,3.72729726367176,0,0,0,4
"2020","education","queen","mean_rank",0,0.8,"both",4,"Isolation Buffer",20,20,TRUE,0.25108561868586,0.00313633729120477,0.00124507585876535,0.00189126143243943,0.0560030114476425,0.0434886356700164,0.318439740284462,0.335977655373896,0.342289925892827,0.00789010728306449,0.0125226540541627,0.00205292389976583,0.396984043220387,0.340309918922472,0.31284562663699,0.3912919154965,0.322418497382264,0,0.52781954887218,TRUE,FALSE,2000,2000,2000,0,0,0,FALSE,0.0498740394599428,0.501082791915782,0.00551910557208226,0.9275,0.010697738694555,0.00128620828227167,3.3669191919192e-05,-6.41733120680503e-05,20,100,"fb81578b1ade7d6ed28b198e3ac6e754",TRUE,15.65,13,17,0.238394502302365,0.17372025715541,0.332206220178313,-0.21258229783183,0,0,0,4
"2021","education","queen","mean_rank",0,0.8,"both",4,"Isolation Buffer",20,20,TRUE,0.25108561868586,0.00313633729120477,0.00124507585876535,0.00189126143243943,0.0560030114476425,0.0434886356700164,0.318439740284462,0.335977655373896,0.342289925892827,0.00789010728306449,0.0125226540541627,0.00205292389976583,0.396984043220387,0.340309918922472,0.31284562663699,0.3912919154965,0.322418497382264,0,0.52781954887218,TRUE,FALSE,2000,2000,2000,0,0,0,FALSE,0.0498740394599428,0.501082791915782,0.00551910557208226,0.9275,0.010697738694555,0.00128620828227167,3.3669191919192e-05,-6.41733120680503e-05,20,100,"fb81578b1ade7d6ed28b198e3ac6e754",TRUE,15.65,13,17,0.23839790802992,0.173584951738808,0.331671327115932,-0.761866842206795,0,0,0,4
"2018","education","queen","mean_rank",0.5,0.8,"both",4,"Isolation Buffer",20,20,TRUE,0.254381400594339,0.00360081442641273,0.00125298007760367,0.00234783434880906,0.0600067865029676,0.0484544564391044,0.344145498728912,0.380073056731027,0.391420125825764,0.00791511237318735,0.0134179253731952,0.00258483751866269,0.347971300162762,0.315796109857696,0.344347665655125,0.38760038215921,0.393397410827779,0.333333333333333,0.413533834586466,TRUE,FALSE,2000,2000,2000,0,0,0,FALSE,0.0527472737466083,0.504195971609287,0.006525254582652,0.939,0.0135355678264051,0.0129546442369451,2.8520202020202e-05,0.00028117490696438,20,100,"034331576df0fe666e15cbbb3a6aa539",FALSE,15.65,13,17,0.238431159610054,0.17424881572961,0.331489697620606,-0.0773260328967496,0,0,0,4
"2019","education","queen","mean_rank",0.5,0.8,"both",4,"Isolation Buffer",20,20,TRUE,0.254381400594339,0.00360081442641273,0.00125298007760367,0.00234783434880906,0.0600067865029676,0.0484544564391044,0.344145498728912,0.380073056731027,0.391420125825764,0.00791511237318735,0.0134179253731952,0.00258483751866269,0.347971300162762,0.315796109857696,0.344347665655125,0.38760038215921,0.393397410827779,0.333333333333333,0.413533834586466,TRUE,FALSE,2000,2000,2000,0,0,0,FALSE,0.0527472737466083,0.504195971609287,0.006525254582652,0.939,0.0135355678264051,0.0129546442369451,2.8520202020202e-05,0.00028117490696438,20,100,"034331576df0fe666e15cbbb3a6aa539",FALSE,15.65,13,17,0.238476514257701,0.173779321914468,0.332284416771464,3.72729726367176,0,0,0,4
"2020","education","queen","mean_rank",0.5,0.8,"both",4,"Isolation Buffer",20,20,TRUE,0.254381400594339,0.00360081442641273,0.00125298007760367,0.00234783434880906,0.0600067865029676,0.0484544564391044,0.344145498728912,0.380073056731027,0.391420125825764,0.00791511237318735,0.0134179253731952,0.00258483751866269,0.347971300162762,0.315796109857696,0.344347665655125,0.38760038215921,0.393397410827779,0.333333333333333,0.413533834586466,TRUE,FALSE,2000,2000,2000,0,0,0,FALSE,0.0527472737466083,0.504195971609287,0.006525254582652,0.939,0.0135355678264051,0.0129546442369451,2.8520202020202e-05,0.00028117490696438,20,100,"034331576df0fe666e15cbbb3a6aa539",FALSE,15.65,13,17,0.238394502302365,0.17372025715541,0.332206220178313,-0.21258229783183,0,0,0,4
"2021","education","queen","mean_rank",0.5,0.8,"both",4,"Isolation Buffer",20,20,TRUE,0.254381400594339,0.00360081442641273,0.00125298007760367,0.00234783434880906,0.0600067865029676,0.0484544564391044,0.344145498728912,0.380073056731027,0.391420125825764,0.00791511237318735,0.0134179253731952,0.00258483751866269,0.347971300162762,0.315796109857696,0.344347665655125,0.38760038215921,0.393397410827779,0.333333333333333,0.413533834586466,TRUE,FALSE,2000,2000,2000,0,0,0,FALSE,0.0527472737466083,0.504195971609287,0.006525254582652,0.939,0.0135355678264051,0.0129546442369451,2.8520202020202e-05,0.00028117490696438,20,100,"034331576df0fe666e15cbbb3a6aa539",FALSE,15.65,13,17,0.23839790802992,0.173584951738808,0.331671327115932,-0.761866842206795,0,0,0,4
"2018","education","queen","mean_rank",0,0.5,"control_only",4,"Isolation Buffer",20,20,TRUE,0.237587290398625,0.00478443242416527,0.00127115236680116,0.00351328005736411,0.0691695917594232,0.0592729285370995,0.323801466636694,0.38631776144465,0.441714778451338,0.00797230320171393,0.015466790914998,0.00359063811631829,0.265685091585955,0.337487610503629,0.311552395149004,0.435373494402058,0.344447390383461,0.333333333333333,0.422556390977444,TRUE,FALSE,2000,2000,2000,0,0,0,FALSE,0.0650994036299152,0.487203723013194,0.00630788979645416,0.942,0.0135303276240288,-0.0148264183371442,2.72121212121212e-05,0.000251547049441785,20,100,"d75de2e35fdae027a223dcfb5702a718",FALSE,15.65,13,17,0.238431159610054,0.17424881572961,0.331489697620606,-0.0773260328967496,0,0,0,4
"2019","education","queen","mean_rank",0,0.5,"control_only",4,"Isolation Buffer",20,20,TRUE,0.237587290398625,0.00478443242416527,0.00127115236680116,0.00351328005736411,0.0691695917594232,0.0592729285370995,0.323801466636694,0.38631776144465,0.441714778451338,0.00797230320171393,0.015466790914998,0.00359063811631829,0.265685091585955,0.337487610503629,0.311552395149004,0.435373494402058,0.344447390383461,0.333333333333333,0.422556390977444,TRUE,FALSE,2000,2000,2000,0,0,0,FALSE,0.0650994036299152,0.487203723013194,0.00630788979645416,0.942,0.0135303276240288,-0.0148264183371442,2.72121212121212e-05,0.000251547049441785,20,100,"d75de2e35fdae027a223dcfb5702a718",FALSE,15.65,13,17,0.238476514257701,0.173779321914468,0.332284416771464,3.72729726367176,0,0,0,4
"2020","education","queen","mean_rank",0,0.5,"control_only",4,"Isolation Buffer",20,20,TRUE,0.237587290398625,0.00478443242416527,0.00127115236680116,0.00351328005736411,0.0691695917594232,0.0592729285370995,0.323801466636694,0.38631776144465,0.441714778451338,0.00797230320171393,0.015466790914998,0.00359063811631829,0.265685091585955,0.337487610503629,0.311552395149004,0.435373494402058,0.344447390383461,0.333333333333333,0.422556390977444,TRUE,FALSE,2000,2000,2000,0,0,0,FALSE,0.0650994036299152,0.487203723013194,0.00630788979645416,0.942,0.0135303276240288,-0.0148264183371442,2.72121212121212e-05,0.000251547049441785,20,100,"d75de2e35fdae027a223dcfb5702a718",FALSE,15.65,13,17,0.238394502302365,0.17372025715541,0.332206220178313,-0.21258229783183,0,0,0,4
"2021","education","queen","mean_rank",0,0.5,"control_only",4,"Isolation Buffer",20,20,TRUE,0.237587290398625,0.00478443242416527,0.00127115236680116,0.00351328005736411,0.0691695917594232,0.0592729285370995,0.323801466636694,0.38631776144465,0.441714778451338,0.00797230320171393,0.015466790914998,0.00359063811631829,0.265685091585955,0.337487610503629,0.311552395149004,0.435373494402058,0.344447390383461,0.333333333333333,0.422556390977444,TRUE,FALSE,2000,2000,2000,0,0,0,FALSE,0.0650994036299152,0.487203723013194,0.00630788979645416,0.942,0.0135303276240288,-0.0148264183371442,2.72121212121212e-05,0.000251547049441785,20,100,"d75de2e35fdae027a223dcfb5702a718",FALSE,15.65,13,17,0.23839790802992,0.173584951738808,0.331671327115932,-0.761866842206795,0,0,0,4
"2018","education","queen","mean_rank",0.5,0.5,"control_only",4,"Isolation Buffer",20,20,TRUE,0.247895027676543,0.0036407392296321,0.00140253393091855,0.00223820529871355,0.0603385385109061,0.0473096744727075,0.33833768114433,0.357752307298875,0.362741670149238,0.00837416840921697,0.0134921073773375,0.00185230275236328,0.385233284357,0.347619972681601,0.338880187099338,0.400970305550062,0.362856379510892,0,0.296240601503759,TRUE,FALSE,2000,2000,2000,0,0,0,FALSE,0.0544266962665431,0.497753599608769,0.00469462178287138,0.9375,0.00976426880539226,-0.0116782598471048,2.93813131313131e-05,-0.000146836788942053,20,100,"fa2ab6ef8edf14a8cd1cfddafb940896",FALSE,15.65,13,17,0.238431159610054,0.17424881572961,0.331489697620606,-0.0773260328967496,0,0,0,4
"2019","education","queen","mean_rank",0.5,0.5,"control_only",4,"Isolation Buffer",20,20,TRUE,0.247895027676543,0.0036407392296321,0.00140253393091855,0.00223820529871355,0.0603385385109061,0.0473096744727075,0.33833768114433,0.357752307298875,0.362741670149238,0.00837416840921697,0.0134921073773375,0.00185230275236328,0.385233284357,0.347619972681601,0.338880187099338,0.400970305550062,0.362856379510892,0,0.296240601503759,TRUE,FALSE,2000,2000,2000,0,0,0,FALSE,0.0544266962665431,0.497753599608769,0.00469462178287138,0.9375,0.00976426880539226,-0.0116782598471048,2.93813131313131e-05,-0.000146836788942053,20,100,"fa2ab6ef8edf14a8cd1cfddafb940896",FALSE,15.65,13,17,0.238476514257701,0.173779321914468,0.332284416771464,3.72729726367176,0,0,0,4
"2020","education","queen","mean_rank",0.5,0.5,"control_only",4,"Isolation Buffer",20,20,TRUE,0.247895027676543,0.0036407392296321,0.00140253393091855,0.00223820529871355,0.0603385385109061,0.0473096744727075,0.33833768114433,0.357752307298875,0.362741670149238,0.00837416840921697,0.0134921073773375,0.00185230275236328,0.385233284357,0.347619972681601,0.338880187099338,0.400970305550062,0.362856379510892,0,0.296240601503759,TRUE,FALSE,2000,2000,2000,0,0,0,FALSE,0.0544266962665431,0.497753599608769,0.00469462178287138,0.9375,0.00976426880539226,-0.0116782598471048,2.93813131313131e-05,-0.000146836788942053,20,100,"fa2ab6ef8edf14a8cd1cfddafb940896",FALSE,15.65,13,17,0.238394502302365,0.17372025715541,0.332206220178313,-0.21258229783183,0,0,0,4
"2021","education","queen","mean_rank",0.5,0.5,"control_only",4,"Isolation Buffer",20,20,TRUE,0.247895027676543,0.0036407392296321,0.00140253393091855,0.00223820529871355,0.0603385385109061,0.0473096744727075,0.33833768114433,0.357752307298875,0.362741670149238,0.00837416840921697,0.0134921073773375,0.00185230275236328,0.385233284357,0.347619972681601,0.338880187099338,0.400970305550062,0.362856379510892,0,0.296240601503759,TRUE,FALSE,2000,2000,2000,0,0,0,FALSE,0.0544266962665431,0.497753599608769,0.00469462178287138,0.9375,0.00976426880539226,-0.0116782598471048,2.93813131313131e-05,-0.000146836788942053,20,100,"fa2ab6ef8edf14a8cd1cfddafb940896",FALSE,15.65,13,17,0.23839790802992,0.173584951738808,0.331671327115932,-0.761866842206795,0,0,0,4
"2018","education","queen","mean_rank",0,0.8,"control_only",4,"Isolation Buffer",20,20,TRUE,0.242261563177729,0.00242417662140603,0.00124781228745969,0.00117636433394634,0.049235928156236,0.0342981680844085,0.303408507241459,0.327098972715461,0.343108786090501,0.00789877296628942,0.011009488229264,0.00134614031078876,0.514736540415919,0.349971553771735,0.286712030398605,0.368006106655993,0.341813740317244,0,0.392481203007519,TRUE,FALSE,2000,2000,2000,0,0,0,FALSE,0.0454446346537734,0.491856055125652,0.00669937153376109,0.9365,0.0111515486813497,0.0184169545245821,2.96035353535354e-05,0.00030556087187666,20,100,"4d4863a3a3e4960a0b278c0960715461",TRUE,15.65,13,17,0.238431159610054,0.17424881572961,0.331489697620606,-0.0773260328967496,0,0,0,4
"2019","education","queen","mean_rank",0,0.8,"control_only",4,"Isolation Buffer",20,20,TRUE,0.242261563177729,0.00242417662140603,0.00124781228745969,0.00117636433394634,0.049235928156236,0.0342981680844085,0.303408507241459,0.327098972715461,0.343108786090501,0.00789877296628942,0.011009488229264,0.00134614031078876,0.514736540415919,0.349971553771735,0.286712030398605,0.368006106655993,0.341813740317244,0,0.392481203007519,TRUE,FALSE,2000,2000,2000,0,0,0,FALSE,0.0454446346537734,0.491856055125652,0.00669937153376109,0.9365,0.0111515486813497,0.0184169545245821,2.96035353535354e-05,0.00030556087187666,20,100,"4d4863a3a3e4960a0b278c0960715461",TRUE,15.65,13,17,0.238476514257701,0.173779321914468,0.332284416771464,3.72729726367176,0,0,0,4
"2020","education","queen","mean_rank",0,0.8,"control_only",4,"Isolation Buffer",20,20,TRUE,0.242261563177729,0.00242417662140603,0.00124781228745969,0.00117636433394634,0.049235928156236,0.0342981680844085,0.303408507241459,0.327098972715461,0.343108786090501,0.00789877296628942,0.011009488229264,0.00134614031078876,0.514736540415919,0.349971553771735,0.286712030398605,0.368006106655993,0.341813740317244,0,0.392481203007519,TRUE,FALSE,2000,2000,2000,0,0,0,FALSE,0.0454446346537734,0.491856055125652,0.00669937153376109,0.9365,0.0111515486813497,0.0184169545245821,2.96035353535354e-05,0.00030556087187666,20,100,"4d4863a3a3e4960a0b278c0960715461",TRUE,15.65,13,17,0.238394502302365,0.17372025715541,0.332206220178313,-0.21258229783183,0,0,0,4
"2021","education","queen","mean_rank",0,0.8,"control_only",4,"Isolation Buffer",20,20,TRUE,0.242261563177729,0.00242417662140603,0.00124781228745969,0.00117636433394634,0.049235928156236,0.0342981680844085,0.303408507241459,0.327098972715461,0.343108786090501,0.00789877296628942,0.011009488229264,0.00134614031078876,0.514736540415919,0.349971553771735,0.286712030398605,0.368006106655993,0.341813740317244,0,0.392481203007519,TRUE,FALSE,2000,2000,2000,0,0,0,FALSE,0.0454446346537734,0.491856055125652,0.00669937153376109,0.9365,0.0111515486813497,0.0184169545245821,2.96035353535354e-05,0.00030556087187666,20,100,"4d4863a3a3e4960a0b278c0960715461",TRUE,15.65,13,17,0.23839790802992,0.173584951738808,0.331671327115932,-0.761866842206795,0,0,0,4
"2018","education","queen","mean_rank",0.5,0.8,"control_only",4,"Isolation Buffer",20,20,TRUE,0.250451650716212,0.00573379506125112,0.00135223450824614,0.00438156055300497,0.0757218268483475,0.0661933573178228,0.311677821711304,0.434760375353563,0.456539550859841,0.00822263494339297,0.0169319152213374,0.00335164381664466,0.23583586329838,0.351316802525396,0.371012211132193,0.43048345908245,0.451090672936236,0.333333333333333,0.227067669172932,TRUE,FALSE,2000,2000,2000,0,0,0,FALSE,0.0676055245510161,0.500130427142784,0.00530143972500817,0.936,0.0109693751258533,0.0179222365286414,2.99848484848485e-05,-3.7591706539076e-05,20,100,"ed2bd75532f4cf754791c688789b4252",FALSE,15.65,13,17,0.238431159610054,0.17424881572961,0.331489697620606,-0.0773260328967496,0,0,0,4
"2019","education","queen","mean_rank",0.5,0.8,"control_only",4,"Isolation Buffer",20,20,TRUE,0.250451650716212,0.00573379506125112,0.00135223450824614,0.00438156055300497,0.0757218268483475,0.0661933573178228,0.311677821711304,0.434760375353563,0.456539550859841,0.00822263494339297,0.0169319152213374,0.00335164381664466,0.23583586329838,0.351316802525396,0.371012211132193,0.43048345908245,0.451090672936236,0.333333333333333,0.227067669172932,TRUE,FALSE,2000,2000,2000,0,0,0,FALSE,0.0676055245510161,0.500130427142784,0.00530143972500817,0.936,0.0109693751258533,0.0179222365286414,2.99848484848485e-05,-3.7591706539076e-05,20,100,"ed2bd75532f4cf754791c688789b4252",FALSE,15.65,13,17,0.238476514257701,0.173779321914468,0.332284416771464,3.72729726367176,0,0,0,4
"2020","education","queen","mean_rank",0.5,0.8,"control_only",4,"Isolation Buffer",20,20,TRUE,0.250451650716212,0.00573379506125112,0.00135223450824614,0.00438156055300497,0.0757218268483475,0.0661933573178228,0.311677821711304,0.434760375353563,0.456539550859841,0.00822263494339297,0.0169319152213374,0.00335164381664466,0.23583586329838,0.351316802525396,0.371012211132193,0.43048345908245,0.451090672936236,0.333333333333333,0.227067669172932,TRUE,FALSE,2000,2000,2000,0,0,0,FALSE,0.0676055245510161,0.500130427142784,0.00530143972500817,0.936,0.0109693751258533,0.0179222365286414,2.99848484848485e-05,-3.7591706539076e-05,20,100,"ed2bd75532f4cf754791c688789b4252",FALSE,15.65,13,17,0.238394502302365,0.17372025715541,0.332206220178313,-0.21258229783183,0,0,0,4
"2021","education","queen","mean_rank",0.5,0.8,"control_only",4,"Isolation Buffer",20,20,TRUE,0.250451650716212,0.00573379506125112,0.00135223450824614,0.00438156055300497,0.0757218268483475,0.0661933573178228,0.311677821711304,0.434760375353563,0.456539550859841,0.00822263494339297,0.0169319152213374,0.00335164381664466,0.23583586329838,0.351316802525396,0.371012211132193,0.43048345908245,0.451090672936236,0.333333333333333,0.227067669172932,TRUE,FALSE,2000,2000,2000,0,0,0,FALSE,0.0676055245510161,0.500130427142784,0.00530143972500817,0.936,0.0109693751258533,0.0179222365286414,2.99848484848485e-05,-3.7591706539076e-05,20,100,"ed2bd75532f4cf754791c688789b4252",FALSE,15.65,13,17,0.23839790802992,0.173584951738808,0.331671327115932,-0.761866842206795,0,0,0,4
"2018","education","queen","mean_rank",0,0.5,"both",5,"2x2 Blocking",20,20,TRUE,0.074542080075173,0.00013608680089163,0.000108770451595851,2.7316349295779e-05,0.0116656247535925,0.00522650450069442,0.0903519051567967,0.0932764424586967,0.0952846078016569,0.00233206401708713,0.00260851299490371,-3.96885982432747e-05,0.799272603097402,0.0916349193585913,0.100404892965325,0.108802006872072,0.113310843886855,0,-0.0571428571428571,TRUE,FALSE,2000,2000,2000,0,0,0,FALSE,0.0349938315683318,0.272922928603563,0.00592052629239558,0.932,0.00498241127722225,0.00742664915203764,3.16717171717172e-05,6.76182881446028e-05,20,100,"abe1d1f3c65552e7e46f792c26f91da1",TRUE,28,28,28,0.498338132780895,0.437579784834145,0.546772133567148,-0.866706574687487,0,0,0,1
"2019","education","queen","mean_rank",0,0.5,"both",5,"2x2 Blocking",20,20,TRUE,0.0763845689169373,0.000182508196894795,0.000115138483398494,6.73697134963019e-05,0.0135095594633872,0.00820790554869523,0.0909819209549685,0.106439242968503,0.120899738531602,0.00239935911649854,0.00302082933062094,8.08883015081591e-05,0.630867464352101,0.092147431567321,0.0902878686668422,0.10132023143549,0.116782931492909,0.333333333333333,0.0571428571428571,TRUE,FALSE,2000,2000,2000,0,0,0,FALSE,0.0395476386586128,0.276118022305075,0.00416122451613514,0.929,0.00642811836861842,0.0119752526182762,3.31464646464647e-05,-0.00031661350345561,20,100,"e0b3c662e320b616684d6478fde34040",TRUE,31,31,31,0.55847291112117,0.534086079072782,0.591913364235571,-0.00750933234640599,0,0,0,1
"2020","education","queen","mean_rank",0,0.5,"both",5,"2x2 Blocking",20,20,TRUE,0.078348371079708,0.000100800204930732,0.000125370909521243,-2.45707045905105e-05,0.0100399305241985,NA,0.0905418414469893,0.0932386126053001,0.0947159978669422,0.00250370634780961,0.00224499671414829,-2.00230640541822e-05,1.24375649441779,0.104008338051326,0.0924764443946791,0.113043183993339,0.0965308724137972,0,-0.0360902255639098,TRUE,FALSE,2000,2000,2000,0,0,0,FALSE,0.0286540317713093,0.279898798335312,0.00621860536065595,0.9305,0.00634844585346846,0.00224360650656707,3.2290404040404e-05,0.000127612971823497,20,100,"8b4180101ee4718bc2f7345619843068",TRUE,27,27,27,0.470431077847621,0.435754550163821,0.50535912173228,-4.34642244501575,0,0,0,1
"2021","education","queen","mean_rank",0,0.5,"both",5,"2x2 Blocking",20,20,TRUE,0.0775492329434489,0.00021373284504438,0.000116785973558089,9.69468714862916e-05,0.0146196048183383,0.00984616024073809,0.0956913398493075,0.109058793273691,0.11203958136355,0.00241646408578825,0.00326904301779879,4.87667800018219e-05,0.546410981119158,0.111293021414183,0.09790869064071,0.115029224169134,0.115821196488016,0.333333333333333,0.174436090225564,TRUE,FALSE,2000,2000,2000,0,0,0,FALSE,0.0421544210525289,0.278470255865955,0.00696891594680867,0.9235,0.00491613357611008,-0.00188402266405115,3.52146464646465e-05,0.000267022860180754,20,100,"e713d0f427f92f2b6b229e8716d18be5",TRUE,29,29,29,0.492481773859061,0.404634626290498,0.614688862265601,-0.319981209252688,0,0,0,1
"2018","education","queen","mean_rank",0.5,0.5,"both",5,"2x2 Blocking",20,20,TRUE,0.0755884082462286,0.000266777500589162,0.000133067925280421,0.000133709575308741,0.0163333248479653,0.0115632856623341,0.0886567190291541,0.109094653046166,0.122456565074829,0.00257941781493829,0.00365224246586369,4.49751028038218e-05,0.498797406027676,0.093110704819315,0.10356305380052,0.09889913009314,0.139554262957367,0,0.189473684210526,TRUE,FALSE,2000,2000,2000,0,0,0,FALSE,0.0483174940523492,0.27445405342435,0.0053851648071345,0.933,0.00631364139725319,0.0162290112198101,3.12929292929293e-05,-4.58585858585871e-05,20,100,"5c9626e20e537871299deb9823c3249b",TRUE,28,28,28,0.498338132780895,0.437579784834145,0.546772133567148,-0.866706574687487,0,0,0,1
"2019","education","queen","mean_rank",0.5,0.5,"both",5,"2x2 Blocking",20,20,TRUE,0.0773705571137231,0.00011530881777671,0.000119374943593899,-4.0661258171892e-06,0.0107381943443351,NA,0.0866895644515614,0.0969742285346383,0.104513171643325,0.002443101958514,0.0024011332509537,-1.25305574753455e-05,1.03526292173998,0.0926798268901631,0.0933122140793015,0.116285275518889,0.100411379738121,0,0.0661654135338346,TRUE,FALSE,2000,2000,2000,0,0,0,FALSE,0.0310341988028391,0.277475196079729,0.00606543268730356,0.929,0.00542388358887955,0.0194440909851546,3.2959595959596e-05,7.65975544922898e-05,20,100,"ec08ff1f275831d406352d59dea1d967",TRUE,31,31,31,0.55847291112117,0.534086079072782,0.591913364235571,-0.00750933234640599,0,0,0,1
"2020","education","queen","mean_rank",0.5,0.5,"both",5,"2x2 Blocking",20,20,TRUE,0.0817358063990469,0.000242577660477544,0.00014998001801208,9.25976424654632e-05,0.015574904830449,0.00962276688200765,0.0987163995801057,0.107591027154387,0.113321430360204,0.00273843037169179,0.00348265459439738,2.53514896877601e-05,0.618276298472112,0.109432648755029,0.100241219117972,0.122977450178827,0.124949556700529,0,0.0481203007518797,TRUE,FALSE,2000,2000,2000,0,0,0,FALSE,0.0426086772472094,0.284847195709129,0.00641133864008872,0.923,0.00629084644150286,0.024451615400457,3.55e-05,0.000112105263157894,20,100,"21922585f71c9ddebca9f3694b7bf08d",TRUE,27,27,27,0.470431077847621,0.435754550163821,0.50535912173228,-4.34642244501575,0,0,0,1
"2021","education","queen","mean_rank",0.5,0.5,"both",5,"2x2 Blocking",20,20,TRUE,0.077052913387087,9.39128411653532e-05,0.000125100827996633,-3.118798683128e-05,0.00969086379872059,NA,0.0893466010981421,0.0936183321867559,0.0950122929643031,0.0025010080767226,0.00216694302146311,-3.49669175267525e-05,1.33209501964025,0.0953724800425459,0.0944713822650854,0.10123455019938,0.100071705247837,0,-0.221052631578947,TRUE,FALSE,2000,2000,2000,0,0,0,FALSE,0.028122791549453,0.277414581563295,0.00567890834580027,0.9285,0.00564384352305475,0.00969862480709762,3.3219696969697e-05,-1.93939393939407e-05,20,100,"cfa2a65f4f79405ef125e325bf1054c2",TRUE,29,29,29,0.492481773859061,0.404634626290498,0.614688862265601,-0.319981209252688,0,0,0,1
"2018","education","queen","mean_rank",0,0.8,"both",5,"2x2 Blocking",20,20,TRUE,0.0741480258923734,0.000196224148405775,0.000119579871898037,7.66442765077383e-05,0.0140080030127701,0.00875467169617104,0.0979570305015664,0.104070095006217,0.106634044235661,0.00244519806864431,0.00313228469655757,0.000101326172702488,0.609404463566614,0.0828987859947682,0.0986714316974502,0.109173327119883,0.111540251778524,0.333333333333333,0.222556390977444,TRUE,FALSE,2000,2000,2000,0,0,0,FALSE,0.0422436694552612,0.27218787555118,0.00532496602410707,0.9375,0.00800781916017964,0.00786042589869277,2.93207070707071e-05,-1.93088782562481e-05,20,100,"3425e9f95e647a7f532163891b3a42ab",TRUE,28,28,28,0.498338132780895,0.437579784834145,0.546772133567148,-0.866706574687487,0,0,0,1
"2019","education","queen","mean_rank",0,0.8,"both",5,"2x2 Blocking",20,20,TRUE,0.0773782490943975,0.000223507422359146,0.000132215990112831,9.12914322463148e-05,0.0149501646264898,0.00955465500404461,0.0921830627193657,0.107826259333578,0.119094856532001,0.00257114750756186,0.00334295843796439,6.90619653005409e-05,0.591550780360118,0.0981409443855333,0.11420606662664,0.108135177116795,0.123243733813383,0.333333333333333,0.0917293233082707,TRUE,FALSE,2000,2000,2000,0,0,0,FALSE,0.0432028183254205,0.276891056724842,0.00568816869984485,0.9295,0.00501654771861855,0.0266381643548885,3.27853535353535e-05,-8.60180754917706e-06,20,100,"cb263df28ae50fe4585ab9cab86509d6",TRUE,31,31,31,0.55847291112117,0.534086079072782,0.591913364235571,-0.00750933234640599,0,0,0,1
"2020","education","queen","mean_rank",0,0.8,"both",5,"2x2 Blocking",20,20,TRUE,0.0799374408073653,0.000209163935689248,0.000135326639572835,7.38372961164128e-05,0.0144625010177786,0.00859286309191603,0.0946066212557655,0.103506129177473,0.110869527301735,0.00260121740318678,0.00323391354004129,9.73941108138894e-06,0.646988397530864,0.0937530596400823,0.113160770421052,0.107840573008426,0.127136535578463,0,0.0676691729323308,TRUE,FALSE,2000,2000,2000,0,0,0,FALSE,0.0404555550863135,0.282643199155454,0.00571240570577479,0.93,0.0051319728197951,0.00708962471047326,3.25656565656566e-05,1.3184476342356e-06,20,100,"04e85fe8c7fc9ba937908d6803b49647",TRUE,27,27,27,0.470431077847621,0.435754550163821,0.50535912173228,-4.34642244501575,0,0,0,1
"2021","education","queen","mean_rank",0,0.8,"both",5,"2x2 Blocking",20,20,TRUE,0.0759870977918547,0.000130988946191962,0.000113332879290978,1.76560669009837e-05,0.0114450402442264,0.00420191229096749,0.0903699068085515,0.0938839893371026,0.0971068729097729,0.00238047137444433,0.0025591887991311,-2.79750265855748e-05,0.865209489699161,0.0882483067843463,0.105093491811728,0.094113955042326,0.107071279359529,0,-0.18796992481203,TRUE,FALSE,2000,2000,2000,0,0,0,FALSE,0.0336792544194974,0.275474702137846,0.00525532311591129,0.9295,0.00567429941380975,0.0100392367199655,3.28308080808081e-05,-0.000104247740563531,20,100,"3fd2a5f57f1f51716ba859ebbfde5864",TRUE,29,29,29,0.492481773859061,0.404634626290498,0.614688862265601,-0.319981209252688,0,0,0,1
"2018","education","queen","mean_rank",0.5,0.8,"both",5,"2x2 Blocking",20,20,TRUE,0.0761999827154874,0.000118604424428241,0.0001191052603562,-5.00835927958268e-07,0.0108905658451818,NA,0.088668259607936,0.0987354950620605,0.0990844415431122,0.00244034075854377,0.0024352045543264,2.89823114594678e-05,1.0042227423671,0.0928787404888503,0.0937242215627034,0.100907035673066,0.108733844838496,0,0.0977443609022556,TRUE,FALSE,2000,2000,2000,0,0,0,FALSE,0.0319580722664844,0.275114878175495,0.00458113982598906,0.9375,0.00536872819824036,0.0226226992635657,2.93914141414142e-05,-0.000168091440723021,20,100,"97764ba626f6559fff8b977fe75f83b0",TRUE,28,28,28,0.498338132780895,0.437579784834145,0.546772133567148,-0.866706574687487,0,0,0,1
"2019","education","queen","mean_rank",0.5,0.8,"both",5,"2x2 Blocking",20,20,TRUE,0.0794038531132576,0.000184889438712941,0.000120593026629616,6.42964120833252e-05,0.0135974055875722,0.00801850435451183,0.095089820235223,0.106994581227566,0.11442059694584,0.00245553483613668,0.0030404723211447,-1.49712908971535e-05,0.652243997651203,0.103450059569816,0.108643892272606,0.110240980063416,0.114665925824379,0.333333333333333,-0.0240601503759398,TRUE,FALSE,2000,2000,2000,0,0,0,FALSE,0.0382912440887211,0.280686281974478,0.00608168086183936,0.9265,0.00477041979719099,0.0248810012781066,3.40378787878788e-05,5.89792663476868e-05,20,100,"ec7afeec874928b3a6dc9f04a70ab015",TRUE,31,31,31,0.55847291112117,0.534086079072782,0.591913364235571,-0.00750933234640599,0,0,0,1
"2020","education","queen","mean_rank",0.5,0.8,"both",5,"2x2 Blocking",20,20,TRUE,0.0867387350500457,0.000129951399981204,0.000142494674258076,-1.25432742768713e-05,0.0113996227999528,NA,0.100302713028172,0.109250422822896,0.115147335690347,0.00266921968239854,0.0025490331498551,-7.0778133765562e-05,1.0965228099019,0.106570612972367,0.104896735879021,0.111616077551687,0.13067821516358,0,-0.296240601503759,TRUE,FALSE,2000,2000,2000,0,0,0,FALSE,0.0293874835548891,0.293743382743433,0.00510288875875327,0.9195,0.00682386664151953,0.02129695153046,3.71338383838384e-05,-0.000221887293992558,20,100,"dbfe8c6882e0b1816c2bfabf1d798be5",TRUE,27,27,27,0.470431077847621,0.435754550163821,0.50535912173228,-4.34642244501575,0,0,0,1
"2021","education","queen","mean_rank",0.5,0.8,"both",5,"2x2 Blocking",20,20,TRUE,0.079535748947489,7.09389628777683e-05,0.000132489217562229,-6.15502546844606e-05,0.008422527107571,NA,0.0925867792334331,0.0931293761481902,0.0933572045002673,0.00257380280482236,0.00188333431548634,-4.33563692863599e-05,1.86765089574984,0.0939060155362224,0.0953368398405526,0.104444382131102,0.098874204037359,0,-0.12781954887218,TRUE,FALSE,2000,2000,2000,0,0,0,FALSE,0.0236790919857907,0.281119340695261,0.00486123224577559,0.929,0.00719763656117632,0.0225314277077806,3.30858585858586e-05,-0.000189085592769805,20,100,"aaf2201df67897c0ee260e5a517a0d75",TRUE,29,29,29,0.492481773859061,0.404634626290498,0.614688862265601,-0.319981209252688,0,0,0,1
"2018","education","queen","mean_rank",0,0.5,"control_only",5,"2x2 Blocking",20,20,TRUE,0.316147220727681,0.0104023740195307,0.00217236430790105,0.00823000971162969,0.101992029196064,0.0907194009659989,0.447904883501788,0.491170208353331,0.533409894092907,0.0104220063037331,0.0228061110445542,0.00594732412276625,0.208833512794519,0.416982181001312,0.455146966543858,0.515723863987926,0.63360882109547,0,0.560902255639098,TRUE,FALSE,2000,2000,2000,0,0,0,FALSE,0.0721376293995595,0.561692127223627,0.0055,0.9305,0.0138630884169171,0.0254789117247619,3.23712121212122e-05,-4.24242424242439e-05,20,100,"8f2d981e86bf473d3505a1f5cbecad11",FALSE,28,28,28,0.498338132780895,0.437579784834145,0.546772133567148,-0.866706574687487,0,0,0,1
"2019","education","queen","mean_rank",0,0.5,"control_only",5,"2x2 Blocking",20,20,TRUE,0.391511092402239,0.0138322595857191,0.00334932189895632,0.0104829376867627,0.117610627010143,0.102386218246221,0.528927346054645,0.613598429591848,0.677499957570713,0.0129408691728112,0.0262985356871053,0.0103167323310176,0.242138450207679,0.52929855533386,0.589024999478224,0.611990096983997,0.676765433359649,0.333333333333333,0.494736842105263,TRUE,FALSE,2000,2000,2000,0,0,0,FALSE,0.0671718789006524,0.624685584775804,0.00472395908890881,0.934,0.0122553843697927,0.0357632853014222,3.09191919191919e-05,-0.000172068048910156,20,100,"4099b990de04acb963486ecb55bcca4f",FALSE,31,31,31,0.55847291112117,0.534086079072782,0.591913364235571,-0.00750933234640599,0,0,0,1
"2020","education","queen","mean_rank",0,0.5,"control_only",5,"2x2 Blocking",20,20,TRUE,0.310812134541423,0.0108606182916709,0.00203052919808715,0.00883008909358371,0.104214290246928,0.0939685537484946,0.480415462023625,0.509188656605808,0.516139827384638,0.0100760339372373,0.0233030237219023,0.0101247328942225,0.186962578331694,0.472874507690276,0.458381413228713,0.535770444496883,0.504786937495914,0.333333333333333,0.857142857142857,TRUE,FALSE,2000,2000,2000,0,0,0,FALSE,0.0749746265739721,0.556754101151833,0.00516057932284432,0.932,0.0122598467549092,0.0289310454708697,3.17525252525253e-05,-0.000102418926103138,20,100,"e593c93a1f01bc3ea995476c6fb24c37",FALSE,27,27,27,0.470431077847621,0.435754550163821,0.50535912173228,-4.34642244501575,0,0,0,1
"2021","education","queen","mean_rank",0,0.5,"control_only",5,"2x2 Blocking",20,20,TRUE,0.346399257481759,0.0102694690825964,0.00243538928397905,0.00783407979861739,0.101338388987572,0.0885103372415753,0.501124737861431,0.508511147852868,0.511668604148215,0.0110349202171539,0.0226599526506527,0.0080793629424959,0.237148509274572,0.53547791271055,0.458707532065757,0.5895813608791,0.502801494210972,0,0.657142857142857,TRUE,FALSE,2000,2000,2000,0,0,0,FALSE,0.0654157079186174,0.588445053971354,0.0048054245663789,0.9325,0.016226579738945,0.011475013656164,3.15681818181818e-05,-0.00016952153110048,20,100,"380971e22bacc391120daf63363594c2",FALSE,29,29,29,0.492481773859061,0.404634626290498,0.614688862265601,-0.319981209252688,0,0,0,1
"2018","education","queen","mean_rank",0.5,0.5,"control_only",5,"2x2 Blocking",20,20,TRUE,0.324265288496803,0.0147860675174474,0.00228227612703973,0.0125037913904076,0.121597974972642,0.111820353202839,0.503906506180397,0.56040631586704,0.614271135304103,0.0106824063933173,0.0271901337965146,0.0121962825181364,0.154353152002497,0.481829975574009,0.494916444581859,0.617575034167617,0.541309183446896,0,0.691729323308271,TRUE,FALSE,2000,2000,2000,0,0,0,FALSE,0.0838515091225458,0.568054527888466,0.00495240505103062,0.938,0.0109382130952664,0.0397409340883647,2.91363636363636e-05,-9.22009569378002e-05,20,100,"fac4eadf96044d5425b04e3bf560786e",FALSE,28,28,28,0.498338132780895,0.437579784834145,0.546772133567148,-0.866706574687487,0,0,0,1
"2019","education","queen","mean_rank",0.5,0.5,"control_only",5,"2x2 Blocking",20,20,TRUE,0.43744207113184,0.0108897321149896,0.00414083347081122,0.00674889864417834,0.104353879252233,0.0821516807142638,0.577532922894022,0.621914115568156,0.639869875729518,0.0143889427527029,0.0233342367723797,0.00766134473896295,0.380251178549325,0.626035408349463,0.600534123397183,0.641664370614141,0.64936391183198,0.333333333333333,0.512781954887218,TRUE,FALSE,2000,2000,2000,0,0,0,FALSE,0.0533424613503786,0.659732537971825,0.00595045332196145,0.9215,0.0163367226780094,0.0468513550827931,3.61944444444444e-05,-1.57309941520477e-05,20,100,"87ea15518651ab43371a26ade85809de",FALSE,31,31,31,0.55847291112117,0.534086079072782,0.591913364235571,-0.00750933234640599,0,0,0,1
"2020","education","queen","mean_rank",0.5,0.5,"control_only",5,"2x2 Blocking",20,20,TRUE,0.301317224552325,0.00927817067684402,0.00200502234843244,0.00727314832841158,0.0963232613486691,0.0852827551642862,0.42979555876071,0.496138717100622,0.544402370794897,0.0100125479984678,0.0215385360190102,0.00706903079441436,0.216101041710353,0.386700839828315,0.436310253658416,0.434749128488272,0.60536567488743,0.333333333333333,0.666165413533835,TRUE,FALSE,2000,2000,2000,0,0,0,FALSE,0.0714812638109575,0.547774649194364,0.00424729015776065,0.9435,0.0124345321767781,0.0354987077555746,2.675e-05,-0.000174210526315791,20,100,"39a5316f86baf7782b19790ebdc6c3c3",FALSE,27,27,27,0.470431077847621,0.435754550163821,0.50535912173228,-4.34642244501575,0,0,0,1
"2021","education","queen","mean_rank",0.5,0.5,"control_only",5,"2x2 Blocking",20,20,TRUE,0.390662798925997,0.0138808349512436,0.00324527812446937,0.0106355568267742,0.117816955279126,0.103128836058467,0.54181540783226,0.612133282181894,0.633064048028454,0.0127382850581807,0.0263446720906179,0.0112202050371856,0.233795599174575,0.567255425001646,0.54809635579076,0.673779744916089,0.595412215604341,0.333333333333333,0.717293233082707,TRUE,FALSE,2000,2000,2000,0,0,0,FALSE,0.0674358351065015,0.622736386352682,0.00510288875875327,0.9145,0.0153929634164069,0.0534994583000576,3.9239898989899e-05,-0.00026400850611377,20,100,"24acfbf6a1227ac883993ef6ff2ebea1",FALSE,29,29,29,0.492481773859061,0.404634626290498,0.614688862265601,-0.319981209252688,0,0,0,1
"2018","education","queen","mean_rank",0,0.8,"control_only",5,"2x2 Blocking",20,20,TRUE,0.299525878390474,0.0105193943788102,0.00183528685437951,0.00868410752443072,0.102564098878751,0.0931885589781853,0.424776253827546,0.490214628808124,0.501785923063888,0.00957937068491325,0.0229340297143897,0.00936224895553421,0.174466969132408,0.434681697166283,0.413807650972484,0.490479521383408,0.48994973623284,1,0.783458646616541,TRUE,FALSE,2000,2000,2000,0,0,0,FALSE,0.0765677738351943,0.547242739654818,0.00519488614940338,0.9365,0.0097143696045774,0.00715976854114846,2.97752525252525e-05,-5.57682083997883e-05,20,100,"34db0c5354a21e5bc51acbc04ddabc64",FALSE,28,28,28,0.498338132780895,0.437579784834145,0.546772133567148,-0.866706574687487,0,0,0,1
"2019","education","queen","mean_rank",0,0.8,"control_only",5,"2x2 Blocking",20,20,TRUE,0.405917759245669,0.0175780608051971,0.00359232202110169,0.0139857387840954,0.132582279378494,0.118261315670406,0.467930947488884,0.704034514085166,0.914782972531013,0.013402093159469,0.0296462989302182,0.014256786009432,0.204363954642801,0.505066368826117,0.463443506270304,0.685542883143273,0.753641257745172,0.333333333333333,0.16390977443609,TRUE,FALSE,2000,2000,2000,0,0,0,FALSE,0.0730352349828471,0.636777671108918,0.00558546044843687,0.9265,0.0128818337277656,0.0207835709821774,3.40934343434344e-05,-5.79213184476352e-05,20,100,"546c6953f6e7bd7c693dbf9f69692a78",FALSE,31,31,31,0.55847291112117,0.534086079072782,0.591913364235571,-0.00750933234640599,0,0,0,1
"2020","education","queen","mean_rank",0,0.8,"control_only",5,"2x2 Blocking",20,20,TRUE,0.318813802603175,0.0126441882015384,0.0022386281134824,0.010405560088056,0.112446379228228,0.102007647203805,0.511323237949566,0.542631267597608,0.55516596703254,0.0105797639706243,0.0251437747778037,0.0101710317335487,0.17704799057088,0.492895877301606,0.529253323034495,0.571563946118191,0.583288372072873,0.333333333333333,0.590977443609023,TRUE,FALSE,2000,2000,2000,0,0,0,FALSE,0.078866644331268,0.564593078461539,0.00529523122103374,0.9265,0.013649299879074,0.00696120366735516,3.41237373737374e-05,-0.000121685273790538,20,100,"a4137c326a24c4b5cc4c53b1f14c8611",FALSE,27,27,27,0.470431077847621,0.435754550163821,0.50535912173228,-4.34642244501575,0,0,0,1
"2021","education","queen","mean_rank",0,0.8,"control_only",5,"2x2 Blocking",20,20,TRUE,0.340061758548554,0.00826161391150212,0.00263424174494643,0.0056273721665557,0.0908934206172379,0.0750158127767452,0.431736852260487,0.528787374370472,0.531063486540587,0.0114765886589753,0.0203243867207625,0.00665017386881699,0.318853165152022,0.430382678552528,0.477456265901464,0.485591428421184,0.571983320319759,1,0.603007518796992,TRUE,FALSE,2000,2000,2000,0,0,0,FALSE,0.059766751802704,0.582347394662935,0.00499999999999999,0.935,0.0152371722307196,0.0305494759013398,3.04545454545454e-05,-0.00010909090909091,20,100,"5f222fd3b9012ce3ebed3981ca98bbd8",FALSE,29,29,29,0.492481773859061,0.404634626290498,0.614688862265601,-0.319981209252688,0,0,0,1
"2018","education","queen","mean_rank",0.5,0.8,"control_only",5,"2x2 Blocking",20,20,TRUE,0.353754660316803,0.0164057035765189,0.00298657175834706,0.0134191318181719,0.128084751537874,0.115840976421005,0.564024036225522,0.60965709094948,0.62485035821533,0.0122200076889237,0.0286406211319857,0.0134630226166294,0.182044722703735,0.504099291198134,0.574251483110394,0.576265855546477,0.724668684547809,0,0.813533834586466,TRUE,FALSE,2000,2000,2000,0,0,0,FALSE,0.0809618199978957,0.592180251596743,0.00500526039072368,0.918,0.0127191339698394,0.0554726052716225,3.77777777777778e-05,-0.000254502923976609,20,100,"98a9100b4f51b7e11c11c639c2865098",FALSE,28,28,28,0.498338132780895,0.437579784834145,0.546772133567148,-0.866706574687487,0,0,0,1
"2019","education","queen","mean_rank",0.5,0.8,"control_only",5,"2x2 Blocking",20,20,TRUE,0.399650094401848,0.010772960571063,0.003278977102281,0.00749398346878203,0.103792873411728,0.0865677969500323,0.50109991264041,0.573128246750562,0.6381531784269,0.0128042514468457,0.0232087920528655,0.00811813026599584,0.3043710297324,0.48405536117967,0.579855233165429,0.599490827900659,0.6121606012387,0.333333333333333,0.523308270676692,TRUE,FALSE,2000,2000,2000,0,0,0,FALSE,0.0580727801093149,0.63162611258442,0.00604805318829299,0.925,0.0110587152295456,0.0264300643839949,3.46868686868687e-05,3.78415736310462e-05,20,100,"73a463478d354a4ed7a4f2df663f2df2",FALSE,31,31,31,0.55847291112117,0.534086079072782,0.591913364235571,-0.00750933234640599,0,0,0,1
"2020","education","queen","mean_rank",0.5,0.8,"control_only",5,"2x2 Blocking",20,20,TRUE,0.334332039030794,0.0126300903803949,0.00244355994553158,0.0101865304348633,0.112383674883832,0.100928343070038,0.481576048874896,0.528314715841904,0.572139703719555,0.0110534156384612,0.0251297536601485,0.0115523206065478,0.193471295290539,0.494595669535651,0.498924579945138,0.528059252182012,0.561255694929018,0.333333333333333,0.843609022556391,TRUE,FALSE,2000,2000,2000,0,0,0,FALSE,0.0751640606535884,0.575971446549622,0.00581626575806342,0.9285,0.0105776806275263,0.0508815466581892,3.32045454545455e-05,1.24880382775106e-05,20,100,"e330c8860753b0243fdc29d5011c67ae",FALSE,27,27,27,0.470431077847621,0.435754550163821,0.50535912173228,-4.34642244501575,0,0,0,1
"2021","education","queen","mean_rank",0.5,0.8,"control_only",5,"2x2 Blocking",20,20,TRUE,0.372603082776147,0.00639467814518272,0.00310150573562749,0.00329317240955523,0.079966731489931,0.0573861691486305,0.473770396681336,0.5178391632377,0.522177641496131,0.012452922820823,0.0178811047549959,0.0046913014860825,0.485013579293891,0.452608515332634,0.487676754659197,0.503906647708411,0.53958714507782,0.333333333333333,0.565413533834586,TRUE,FALSE,2000,2000,2000,0,0,0,FALSE,0.0479896854899038,0.607276102788442,0.00636085892909043,0.9275,0.0134761718638977,0.0617965837100064,3.35732323232323e-05,0.000137745879851142,20,100,"29d248783c2dc04dcf2107d531e920c1",TRUE,29,29,29,0.492481773859061,0.404634626290498,0.614688862265601,-0.319981209252688,0,0,0,1
"2018","education","queen","mean_rank",0,0.5,"both",6,"Balanced Quartiles",20,20,TRUE,0.076861502208884,0.000151160838135175,0.000107825896509528,4.33349416256469e-05,0.0122947483965787,0.00658292804348087,0.0975389016271163,0.0995970863407543,0.100644835815289,0.00232191619691073,0.00274918931810065,2.74757665036735e-05,0.713318990816292,0.0950368259162626,0.0967877298788314,0.100653295696854,0.110948058323435,0,-0.0586466165413534,TRUE,FALSE,2000,2000,2000,0,0,0,FALSE,0.0357680924662293,0.276937878066055,0.00684412925529302,0.92,0.00609447146913466,0.0129195162895068,3.67222222222222e-05,0.000202397660818713,20,100,"e2a724c16855b2170682cd5367e746b5",TRUE,29,29,29,0.480562615989717,0.361870879032467,0.624151827660341,0.915017304556597,0,0,0,1
"2019","education","queen","mean_rank",0,0.5,"both",6,"Balanced Quartiles",20,20,TRUE,0.075376275422854,0.000127846209736957,0.000112355028259847,1.54911814771099e-05,0.0113069098226243,0.00393588382413784,0.085320648456878,0.0965281276856724,0.107642766791287,0.00237017961618784,0.00252830189788479,7.25404420357009e-05,0.878829560070784,0.0934833601871293,0.0935603427053853,0.0968222247321024,0.106303589621235,0.333333333333333,0.416541353383459,TRUE,FALSE,2000,2000,2000,0,0,0,FALSE,0.0335424095141509,0.274171966149612,0.00515420114796504,0.9395,0.00639051520615883,0.0143529927370497,2.84520202020202e-05,-3.77246145667204e-05,20,100,"aefadd9706f6c56fa27fd45e1a255223",TRUE,29,29,29,0.483642637815662,0.333415196678908,0.675772252933602,0.429968132436435,0,0,0,1
"2020","education","queen","mean_rank",0,0.5,"both",6,"Balanced Quartiles",20,20,TRUE,0.071164879288416,0.000106867031818102,0.000103010750742093,3.85628107600837e-06,0.0103376511751027,0.00196374160112994,0.0880714168855761,0.0892983777757079,0.0900955285696878,0.00226947957406641,0.00231156907552102,3.91869636459647e-05,0.963915147539869,0.100133048196463,0.0794851149358647,0.102962897428937,0.0840155600043863,0,0.261654135338346,TRUE,FALSE,2000,2000,2000,0,0,0,FALSE,0.0324818800879676,0.266765849130416,0.00488149028150431,0.9315,0.00469833017997439,-0.000927914944354553,3.19974747474748e-05,-0.000163370547581075,20,100,"15a9c2643f670ffc19dbb4e21842b7ba",TRUE,29,29,29,0.531667669504902,0.393286718789275,0.640716991347905,-1.45589467125276,0,0,0,1
"2021","education","queen","mean_rank",0,0.5,"both",6,"Balanced Quartiles",20,20,TRUE,0.0724292845569911,0.000103137042677438,9.38781606343012e-05,9.2588820431372e-06,0.010155640928934,0.00304284111368589,0.0859912302793004,0.0875178850860314,0.0879886209145205,0.00216654287557737,0.00227087034721754,5.34313247995026e-05,0.910227384819493,0.0825380428127458,0.0896517960513513,0.0864373774781753,0.0953818079301232,0.333333333333333,0.353383458646617,TRUE,FALSE,2000,2000,2000,0,0,0,FALSE,0.0313529308084039,0.269090378444183,0.00481773041128179,0.933,0.00496665848773742,0.00443314625943613,3.13484848484849e-05,-0.000162759170653909,20,100,"8ece02c5641c6437a122d2bb6b33a7ee",TRUE,29,29,29,0.496252239867406,0.370305475176481,0.603115975708886,-1.82500322928741,0,0,0,1
"2018","education","queen","mean_rank",0.5,0.5,"both",6,"Balanced Quartiles",20,20,TRUE,0.0729522895359218,0.000109820739859285,0.000115535933094978,-5.71519323569323e-06,0.0104795391052892,NA,0.0810111284187218,0.088009025121731,0.0949582635592418,0.0024034967557184,0.00234329618122939,-0.000139104168348709,1.05204111029498,0.0987858101359446,0.100794166223378,0.106621811854841,0.105192465749123,0,-0.434586466165414,TRUE,FALSE,2000,2000,2000,0,0,0,FALSE,0.0321209409072151,0.269435481447994,0.00481773041128179,0.933,0.00569991595586718,0.0188894381284734,3.13484848484849e-05,-0.000162759170653909,20,100,"fe2d471616228622523af4cf39868d57",TRUE,29,29,29,0.480562615989717,0.361870879032467,0.624151827660341,0.915017304556597,0,0,0,1
"2019","education","queen","mean_rank",0.5,0.5,"both",6,"Balanced Quartiles",20,20,TRUE,0.0790350478554959,0.000227455236124261,0.000124055221722192,0.000103400014402069,0.0150816191479649,0.0101685797632742,0.0905199179155693,0.1097297252669,0.120076679446428,0.00249053429731646,0.00337235256256119,8.89989906365894e-05,0.54540499412561,0.111038399001368,0.0966184164573334,0.114225451808088,0.114133041099794,0.333333333333333,0.103759398496241,TRUE,FALSE,2000,2000,2000,0,0,0,FALSE,0.042669077251994,0.279932047668868,0.00762958231594557,0.928,0.00406646764076393,0.0259441042129102,3.31868686868687e-05,0.000500473152578415,20,100,"49a348151fa41cbf7ecedc72e4803528",TRUE,29,29,29,0.483642637815662,0.333415196678908,0.675772252933602,0.429968132436435,0,0,0,1
"2020","education","queen","mean_rank",0.5,0.5,"both",6,"Balanced Quartiles",20,20,TRUE,0.0730628169554706,9.77659823882234e-05,0.000111189595129892,-1.3423612741669e-05,0.00988766819772101,NA,0.083949158936416,0.0896593693674503,0.0951383076398684,0.00235785490573415,0.0022109498229067,3.75905821671532e-05,1.13730351205765,0.0869821202627018,0.0844173683332433,0.100029398985577,0.0915058057490762,0,0.198496240601504,TRUE,FALSE,2000,2000,2000,0,0,0,FALSE,0.0302609441441904,0.269332268519245,0.0053851648071345,0.933,0.00651839091499908,0.0228680145563141,3.12929292929293e-05,-4.58585858585874e-05,20,100,"290bb50469b15d1c1293df45b193cef3",TRUE,29,29,29,0.531667669504902,0.393286718789275,0.640716991347905,-1.45589467125276,0,0,0,1
"2021","education","queen","mean_rank",0.5,0.5,"both",6,"Balanced Quartiles",20,20,TRUE,0.0780449137568781,0.000163093730070381,0.000126452170710214,3.66415593601668e-05,0.0127708155601113,0.00605322718557356,0.0965315256829877,0.101282660954022,0.102423165733056,0.00251447977432922,0.00285564117205209,3.72033174851364e-05,0.775334347038635,0.10150536772193,0.0963134987230531,0.105044085996272,0.122267349672007,0,0.0571428571428571,TRUE,FALSE,2000,2000,2000,0,0,0,FALSE,0.0365897152625199,0.278505850993933,0.00520500771019197,0.9295,0.00724656110714009,0.0218953127181011,3.28358585858586e-05,-0.000114875066454015,20,100,"0ab57dcbd3af920a23a01a0e084ab54c",TRUE,29,29,29,0.496252239867406,0.370305475176481,0.603115975708886,-1.82500322928741,0,0,0,1
"2018","education","queen","mean_rank",0,0.8,"both",6,"Balanced Quartiles",20,20,TRUE,0.0735686421384028,5.45484734788583e-05,0.000104009320164575,-4.94608466857163e-05,0.00738569383868965,NA,0.0807277911525552,0.0849910173243338,0.0853749753567066,0.00228045302697265,0.00165149134843114,-9.4724596303959e-05,1.90673200423998,0.0866880627738047,0.0891567947270529,0.103795751558221,0.101536223692192,0,-0.457142857142857,TRUE,FALSE,2000,2000,2000,0,0,0,FALSE,0.0224483054250782,0.271234074085399,0.00491506813145475,0.941,0.00781097160881055,0.000848052733621297,2.78080808080808e-05,-7.3003721424775e-05,20,100,"c45dfe416fa22e1c7df356647bfe1b41",TRUE,29,29,29,0.480562615989717,0.361870879032467,0.624151827660341,0.915017304556597,0,0,0,1
"2019","education","queen","mean_rank",0,0.8,"both",6,"Balanced Quartiles",20,20,TRUE,0.0725620658199682,0.000185650932251249,9.98791883742155e-05,8.5771743877033e-05,0.0136253782425021,0.00926130357331154,0.093653217116723,0.101275521694044,0.102591943014673,0.00223471685425934,0.00304672719693812,0.000138131941850859,0.537994542570059,0.0900539536643194,0.0906740226003088,0.10155703247103,0.105136070969568,0.333333333333333,0.419548872180451,TRUE,FALSE,2000,2000,2000,0,0,0,FALSE,0.0419878784115281,0.269063295487202,0.00455810440747836,0.9405,0.0065465032051701,0.0129231900680501,2.80631313131313e-05,-0.000145736310473154,20,100,"f5225e760e5ddee8442ea47970777c77",TRUE,29,29,29,0.483642637815662,0.333415196678908,0.675772252933602,0.429968132436435,0,0,0,1
"2020","education","queen","mean_rank",0,0.8,"both",6,"Balanced Quartiles",20,20,TRUE,0.0717003886022771,0.000131234472864831,0.000101821032654991,2.94134402098406e-05,0.0114557615576107,0.0054234159170988,0.0845547775336934,0.0925958300494795,0.0946823251221158,0.00225633588650926,0.00256158615768464,-3.45143256012381e-05,0.775871083506116,0.0841124271284444,0.102538945630684,0.0863218712385308,0.105775004765678,0,0.0210526315789474,TRUE,FALSE,2000,2000,2000,0,0,0,FALSE,0.0357262520834272,0.26772985593419,0.00563237820201434,0.9335,0.006134884027019,-0.0045948714601274,3.10479797979798e-05,1.3514088250929e-05,20,100,"c43fd08f739a4967e86a1aa2cfbefb9f",TRUE,29,29,29,0.531667669504902,0.393286718789275,0.640716991347905,-1.45589467125276,0,0,0,1
"2021","education","queen","mean_rank",0,0.8,"both",6,"Balanced Quartiles",20,20,TRUE,0.070919960753513,9.36719843096917e-05,0.00010143950211932,-7.76751780962831e-06,0.00967842881410468,NA,0.0827590565093654,0.0872440919354421,0.0892953332175699,0.00225210459481037,0.00216416247437307,-1.83581390966029e-05,1.08292252872479,0.0807751053722868,0.0929586782604674,0.084469740748854,0.107910220981049,0,-0.0511278195488722,TRUE,FALSE,2000,2000,2000,0,0,0,FALSE,0.0305155622109657,0.265674894559083,0.00532620137176877,0.939,0.00591114593570067,0.0183524154958744,2.86565656565657e-05,-5.76289207868304e-06,20,100,"3dcff9ef46c9ac07cf4c3a6c5d3370d8",TRUE,29,29,29,0.496252239867406,0.370305475176481,0.603115975708886,-1.82500322928741,0,0,0,1
"2018","education","queen","mean_rank",0.5,0.8,"both",6,"Balanced Quartiles",20,20,TRUE,0.0860045961310733,0.000185748479737078,0.000155536131697966,3.02123480391124e-05,0.0136289573972875,0.0054965760286848,0.103638892899948,0.11135388273494,0.117911491337454,0.00278869263005056,0.00304752752027835,1.07944745405071e-05,0.83734807368611,0.111388455875792,0.108196769651606,0.12224277604153,0.118379161028362,0.333333333333333,-0.0466165413533835,TRUE,FALSE,2000,2000,2000,0,0,0,FALSE,0.0354344727767088,0.289977182131363,0.0064888568452305,0.92,0.0073001171664962,0.043793035681803,3.67676767676768e-05,0.000106751727804358,20,100,"b7b216238da8d12ad0c30e54aadf1766",TRUE,29,29,29,0.480562615989717,0.361870879032467,0.624151827660341,0.915017304556597,0,0,0,1
"2019","education","queen","mean_rank",0.5,0.8,"both",6,"Balanced Quartiles",20,20,TRUE,0.0793970285637276,0.000214587550469662,0.000118874056383983,9.57134940856797e-05,0.0146488071347008,0.0097833273524747,0.0998492351410938,0.112259549615637,0.112401544783812,0.00243797104560311,0.0032755728542475,9.86934748922774e-05,0.553965298190906,0.101806416980069,0.106774332367548,0.109198060901483,0.123689163269591,0.333333333333333,0.198496240601504,TRUE,FALSE,2000,2000,2000,0,0,0,FALSE,0.0412556101091161,0.280438254972996,0.00688629455016113,0.933,0.00685346478539111,0.027411926445048,3.11161616161616e-05,0.000326097820308345,20,100,"54db08bd7450ff44a6f44ad3b67d6a44",TRUE,29,29,29,0.483642637815662,0.333415196678908,0.675772252933602,0.429968132436435,0,0,0,1
"2020","education","queen","mean_rank",0.5,0.8,"both",6,"Balanced Quartiles",20,20,TRUE,0.0737261766133544,9.47154438014988e-05,0.000107804676397141,-1.30892325956425e-05,0.00973218597240614,NA,0.0848622616139162,0.0874734213499746,0.089859911604413,0.00232168770937374,0.002176182940397,9.95494749412899e-07,1.13819533615948,0.0821467091659142,0.0928928744830852,0.0920250536351829,0.103266257172658,0,-0.129323308270677,TRUE,FALSE,2000,2000,2000,0,0,0,FALSE,0.0295171001720279,0.270393532432235,0.00429810239646827,0.937,0.00539261481731079,0.0247692194502017,2.96363636363636e-05,-0.000223253588516747,20,100,"f2bd9a836fa4f45925ce5cf5961c362d",TRUE,29,29,29,0.531667669504902,0.393286718789275,0.640716991347905,-1.45589467125276,0,0,0,1
"2021","education","queen","mean_rank",0.5,0.8,"both",6,"Balanced Quartiles",20,20,TRUE,0.0785286980645528,0.000107399126479524,0.000118252950579197,-1.08538240996737e-05,0.010363354981835,NA,0.0869235995405801,0.0982211881151207,0.104143987712376,0.00243159361920529,0.00231731662143441,-8.67363300030991e-06,1.10106063666861,0.0949237621279964,0.0960829168283645,0.116720751024557,0.103087543337878,0,-0.00451127819548872,TRUE,FALSE,2000,2000,2000,0,0,0,FALSE,0.0295091689859612,0.278296965599642,0.00558546044843687,0.9315,0.00414521561986533,0.0328556996970757,3.19267676767677e-05,-1.45879851143018e-05,20,100,"ec65ce9f89a5900dafe7c0beefee4612",TRUE,29,29,29,0.496252239867406,0.370305475176481,0.603115975708886,-1.82500322928741,0,0,0,1
"2018","education","queen","mean_rank",0,0.5,"control_only",6,"Balanced Quartiles",20,20,TRUE,0.283658342116366,0.00925619306166302,0.00194390450333256,0.00731228855833045,0.0962091111156476,0.0855119205627523,0.360458733602504,0.496778150959078,0.601414225809712,0.00985876387619808,0.0215130112509419,0.00780386291700058,0.210011231440684,0.379254817955696,0.37274499736807,0.485241658303429,0.531916789741772,0.333333333333333,0.6,TRUE,FALSE,2000,2000,2000,0,0,0,FALSE,0.0758412782449264,0.532284448267169,0.00680170257323391,0.929,0.0147274566983102,0.0182101139283083,3.28686868686869e-05,0.000267889420520998,20,100,"45a63f615354932500432f08a392e6df",FALSE,29,29,29,0.480562615989717,0.361870879032467,0.624151827660341,0.915017304556597,0,0,0,1
"2019","education","queen","mean_rank",0,0.5,"control_only",6,"Balanced Quartiles",20,20,TRUE,0.302959459974672,0.0149201748424637,0.00217137166933172,0.0127488031731319,0.122148167577183,0.11291059814354,0.403475219857471,0.555717280255235,0.694723001540754,0.010419624919669,0.0273131606029618,0.0114478043715687,0.145532588743657,0.422681429067663,0.415335493346525,0.680522924077566,0.453880658806677,0.333333333333333,0.745864661654135,TRUE,FALSE,2000,2000,2000,0,0,0,FALSE,0.0901545064981474,0.549780740964504,0.00576285747835129,0.927,0.0137879927466404,0.0264687899079767,3.38585858585859e-05,-1.29611908559289e-05,20,100,"1b0975e6fff42936ed0a2f6fffa1cc3f",FALSE,29,29,29,0.483642637815662,0.333415196678908,0.675772252933602,0.429968132436435,0,0,0,1
"2020","education","queen","mean_rank",0,0.5,"control_only",6,"Balanced Quartiles",20,20,TRUE,0.247532970247355,0.00181492145309344,0.0012742167235937,0.000540704729499735,0.0426018949472138,0.023253058497749,0.300878569626551,0.309577782035886,0.31401690237421,0.00798190680098967,0.00952607330722748,0.00068397983538655,0.702078165102885,0.30951280685247,0.311178100453227,0.316550371437704,0.353211694922023,0,0.296240601503759,TRUE,FALSE,2000,2000,2000,0,0,0,FALSE,0.0384840584981801,0.497408207827036,0.00638666373658505,0.925,0.0146548214945853,0.0108648531352521,3.46464646464646e-05,0.000122860180754917,20,100,"bccc11560960d80cfb34b6080ff76704",TRUE,29,29,29,0.531667669504902,0.393286718789275,0.640716991347905,-1.45589467125276,0,0,0,1
"2021","education","queen","mean_rank",0,0.5,"control_only",6,"Balanced Quartiles",20,20,TRUE,0.260125140220074,0.00642009741451948,0.0017019442917754,0.00471815312274408,0.0801255103853915,0.0686888136652838,0.373893014500722,0.419512756946658,0.420934327295975,0.00922481515201091,0.0179166087953601,0.0045937667755553,0.265096334508311,0.393567012191933,0.360498542713287,0.47058850419539,0.395106728929071,0.333333333333333,0.542857142857143,TRUE,FALSE,2000,2000,2000,0,0,0,FALSE,0.0688768827964957,0.509712040476853,0.00418487250638974,0.9315,0.0100501560295296,0.0178542995661446,3.20580808080808e-05,-0.00029089845826688,20,100,"9cf8114e5b767ff83c9f36134b236865",FALSE,29,29,29,0.496252239867406,0.370305475176481,0.603115975708886,-1.82500322928741,0,0,0,1
"2018","education","queen","mean_rank",0.5,0.5,"control_only",6,"Balanced Quartiles",20,20,TRUE,0.311376460661526,0.00558888590790822,0.00196585375129407,0.00362303215661415,0.0747588517027129,0.0601916286256997,0.41767102837746,0.435031987483403,0.448017205007392,0.0099142668697541,0.0167165874327092,0.00407936678767797,0.351743403548891,0.397956614195682,0.466368763537441,0.430134713906956,0.487049725224265,0,0.67218045112782,TRUE,FALSE,2000,2000,2000,0,0,0,FALSE,0.0536860988052675,0.555826818602712,0.00651314460392051,0.922,0.0133406019308917,0.0493255348021154,3.59141414141414e-05,0.00013013822434875,20,100,"45f9b7b30e166fad3970b136145b1188",FALSE,29,29,29,0.480562615989717,0.361870879032467,0.624151827660341,0.915017304556597,0,0,0,1
"2019","education","queen","mean_rank",0.5,0.5,"control_only",6,"Balanced Quartiles",20,20,TRUE,0.310355386689616,0.0256231480976915,0.00263689880383966,0.0229862492938518,0.160072321460306,0.151612167367437,0.45046209162861,0.676049576593156,0.846937310404459,0.0114823751981889,0.0357932592101442,0.0241104927866588,0.102910805252584,0.42178041736717,0.523553838523515,0.680818099251058,0.703709453674599,0.333333333333333,0.894736842105263,TRUE,FALSE,2000,2000,2000,0,0,0,FALSE,0.115329911273429,0.553542547514275,0.00488822430357949,0.944,0.0131608569650067,0.0628174719407147,2.6469696969697e-05,-5.14992025518353e-05,20,100,"8672352d7a2f281bdf69a00840689dfc",FALSE,29,29,29,0.483642637815662,0.333415196678908,0.675772252933602,0.429968132436435,0,0,0,1
"2020","education","queen","mean_rank",0.5,0.5,"control_only",6,"Balanced Quartiles",20,20,TRUE,0.271674629814367,0.00438170147983115,0.00174383197227803,0.00263786950755311,0.0661944218180894,0.051360193803695,0.373908934355268,0.396524624816753,0.408638830463068,0.00933764416830614,0.0148015226916543,0.00221636235378768,0.397980551688618,0.365922528883322,0.391261325821068,0.369830835534906,0.425586634405108,0.333333333333333,0.326315789473684,TRUE,FALSE,2000,2000,2000,0,0,0,FALSE,0.0544825356043296,0.518459494062675,0.00564171493150983,0.9245,0.011593563162716,0.053613271030984,3.49469696969697e-05,-6.23604465709736e-05,20,100,"0cca042fb0392142b113b1eeb3f144ec",FALSE,29,29,29,0.531667669504902,0.393286718789275,0.640716991347905,-1.45589467125276,0,0,0,1
"2021","education","queen","mean_rank",0.5,0.5,"control_only",6,"Balanced Quartiles",20,20,TRUE,0.269274146101249,0.00492821304027744,0.00158418393695159,0.00334402910332585,0.0702012324697896,0.0578275808185493,0.364822796605593,0.416126984295509,0.460268935108735,0.00889995487896312,0.0156974727906715,0.00235565433260431,0.32145199974196,0.357286482548765,0.402801424920493,0.428365577213187,0.439832286950985,0.333333333333333,0.144360902255639,TRUE,FALSE,2000,2000,2000,0,0,0,FALSE,0.0582955067092447,0.51609732646418,0.00666491204980072,0.934,0.0131092708396736,0.0540156988085339,3.07070707070707e-05,0.000274279638490163,20,100,"5890c45ac441c389e78e4d2b2e7ead61",FALSE,29,29,29,0.496252239867406,0.370305475176481,0.603115975708886,-1.82500322928741,0,0,0,1
"2018","education","queen","mean_rank",0,0.8,"control_only",6,"Balanced Quartiles",20,20,TRUE,0.307058860604304,0.0101320873823579,0.00209534971833182,0.00803673766402608,0.100658270312766,0.0896478536498565,0.431375240116478,0.49481668226231,0.519931084532252,0.0102355989525084,0.0225078734916894,0.00851373405761264,0.206803360379645,0.472500565349657,0.451989620602502,0.534983880810827,0.488932912868965,0.333333333333333,0.771428571428571,TRUE,FALSE,2000,2000,2000,0,0,0,FALSE,0.0733014948579989,0.554006931176816,0.00725113421255054,0.919,0.0123035274753245,0.0116267283597223,3.70909090909091e-05,0.000309760765550238,20,100,"3701302027e05494ede7026f5ccd874b",FALSE,29,29,29,0.480562615989717,0.361870879032467,0.624151827660341,0.915017304556597,0,0,0,1
"2019","education","queen","mean_rank",0,0.8,"control_only",6,"Balanced Quartiles",20,20,TRUE,0.306194376499552,0.0236904894232237,0.00249331027531055,0.0211971791479132,0.153917151166541,0.145592510617522,0.417615053073121,0.645819684202123,0.850975218917517,0.0111653711879869,0.0344169212911496,0.0216334794032016,0.105245199065679,0.43133772890318,0.414820788339331,0.702726916347466,0.644694048908052,0.333333333333333,0.595488721804511,TRUE,FALSE,2000,2000,2000,0,0,0,FALSE,0.112402199167103,0.552833257317533,0.00577995629194911,0.9295,0.0125281105261796,0.023869773841379,3.27752525252525e-05,1.26528442317903e-05,20,100,"24b9cbfb863bf89518470ab6ed7047cc",FALSE,29,29,29,0.483642637815662,0.333415196678908,0.675772252933602,0.429968132436435,0,0,0,1
"2020","education","queen","mean_rank",0,0.8,"control_only",6,"Balanced Quartiles",20,20,TRUE,0.262514617987802,0.00269662662131464,0.00155710117813059,0.00113952544318406,0.0519290537302062,0.0337568577208255,0.332986188796264,0.380884635640621,0.417869556609553,0.00882355137722501,0.011611689414798,0.00136353231085887,0.57742557528097,0.31841087419978,0.37954019174826,0.359862418687689,0.413043290343589,0.333333333333333,0.254135338345865,TRUE,FALSE,2000,2000,2000,0,0,0,FALSE,0.0442325440914591,0.511621724182586,0.00613338577399397,0.9255,0.0160164051028,0.027528700155304,3.44621212121212e-05,6.31259968102062e-05,20,100,"1f91d62a1603e6869ef8779ed8ceb8ed",TRUE,29,29,29,0.531667669504902,0.393286718789275,0.640716991347905,-1.45589467125276,0,0,0,1
"2021","education","queen","mean_rank",0,0.8,"control_only",6,"Balanced Quartiles",20,20,TRUE,0.249349347327162,0.00620709968826396,0.00146725085763551,0.00473984883062845,0.078785148906783,0.0688465600493478,0.364811067122224,0.40408288964894,0.426389490681786,0.00856519368617988,0.017616894857301,0.00435251859999365,0.236382679725558,0.328062385814616,0.39770621463885,0.455682152306586,0.408807241625517,0.333333333333333,0.738345864661654,TRUE,FALSE,2000,2000,2000,0,0,0,FALSE,0.0706514576682912,0.498896224062842,0.00561365815620588,0.9375,0.013899668275123,0.0212580559553298,2.9290404040404e-05,4.44550770866551e-05,20,100,"491118b78d5155efb016af17937b4060",FALSE,29,29,29,0.496252239867406,0.370305475176481,0.603115975708886,-1.82500322928741,0,0,0,1
"2018","education","queen","mean_rank",0.5,0.8,"control_only",6,"Balanced Quartiles",20,20,TRUE,0.317475199508425,0.00639636600911043,0.00242365180908293,0.00397271420002749,0.0799772843319303,0.0630294708848765,0.438067404791977,0.471797614322146,0.494843616930776,0.0110082964374215,0.0178834644422025,0.00415197590014475,0.378910744887159,0.462009535730935,0.395102542948291,0.514187378732379,0.465327809158624,0,0.473684210526316,TRUE,FALSE,2000,2000,2000,0,0,0,FALSE,0.0563302723169968,0.562258108694694,0.00503147984927736,0.923,0.0138508261704724,0.0366199223851035,3.56515151515152e-05,-0.00020671451355662,20,100,"fe6a8f6dccc70d4e44b2e8dbe13ebd4f",FALSE,29,29,29,0.480562615989717,0.361870879032467,0.624151827660341,0.915017304556597,0,0,0,1
"2019","education","queen","mean_rank",0.5,0.8,"control_only",6,"Balanced Quartiles",20,20,TRUE,0.336737613570266,0.0186457903461429,0.00251378449426135,0.0161320058518816,0.136549589329822,0.127011833511219,0.462548260341,0.618190651390919,0.773057491318948,0.011211120582398,0.0305334164041161,0.0175446905214443,0.134817803246477,0.521043182473047,0.448947007183097,0.649310744709126,0.619773051035954,0.333333333333333,0.83609022556391,TRUE,FALSE,2000,2000,2000,0,0,0,FALSE,0.0906742079697753,0.578241900408444,0.00563237820201434,0.9285,0.0167594074400206,0.0487228712443845,3.32247474747475e-05,-3.00212652844245e-05,20,100,"578cfe38335933371b4db141bf20a2e4",FALSE,29,29,29,0.483642637815662,0.333415196678908,0.675772252933602,0.429968132436435,0,0,0,1
"2020","education","queen","mean_rank",0.5,0.8,"control_only",6,"Balanced Quartiles",20,20,TRUE,0.269990044898461,0.00337701160950333,0.00160900572021452,0.00176800588928881,0.058112060792088,0.0420476621144245,0.315968159549963,0.411604161601408,0.424492909611288,0.00896940834228915,0.0129942518243709,0.00171392634587331,0.476458450923468,0.356841582555049,0.320986864462335,0.442742939348555,0.412710071297572,0.333333333333333,0.330827067669173,TRUE,FALSE,2000,2000,2000,0,0,0,FALSE,0.0481286331474105,0.517509185926643,0.00671212571239152,0.928,0.0124008241688044,0.0466292545512343,3.33131313131313e-05,0.00023479000531632,20,100,"8b631759455acc4647ec039e0ec016a6",TRUE,29,29,29,0.531667669504902,0.393286718789275,0.640716991347905,-1.45589467125276,0,0,0,1
"2021","education","queen","mean_rank",0.5,0.8,"control_only",6,"Balanced Quartiles",20,20,TRUE,0.264426062040986,0.0031962224254704,0.00151385553378016,0.00168236689169025,0.0565351432780567,0.0410166660235842,0.351724983924321,0.357708459233251,0.363158961942473,0.00870015957836452,0.0126416423487425,0.00177169891471259,0.473638981353858,0.328862412413751,0.364777621655364,0.363756121430493,0.381206948388405,0,0.389473684210526,TRUE,FALSE,2000,2000,2000,0,0,0,FALSE,0.0478078531713832,0.512815849449527,0.00600328857245847,0.9345,0.0100725902446782,0.0380258674371218,3.05681818181818e-05,0.000109425837320573,20,100,"8ed66f080a2da54563dafa7a24f138ed",TRUE,29,29,29,0.496252239867406,0.370305475176481,0.603115975708886,-1.82500322928741,0,0,0,1
"2018","education","queen","mean_rank",0,0.5,"both",7,"Balanced Halves",20,20,TRUE,0.0753503653240954,0.000133715980835935,0.000107741268968881,2.59747118670537e-05,0.0115635626359671,0.00509653920489716,0.0898613909868167,0.0942748387007472,0.0948970867222993,0.00232100483593724,0.00258569121160992,4.1691115011744e-05,0.805747138788715,0.0896328213461128,0.0942952843373236,0.104927666378039,0.103417635086712,0,0.336842105263158,TRUE,FALSE,2000,2000,2000,0,0,0,FALSE,0.0343155763145725,0.274167779866994,0.00568469783486195,0.926,0.00604019242331214,0.0135053251311888,3.42979797979798e-05,-3.9643806485913e-05,20,100,"aa28123ac90be92fb9a21f8841354279",TRUE,29,29,29,0.476069282420802,0.346835046452679,0.66996954057187,0.734019601293414,0,0,0,1
"2019","education","queen","mean_rank",0,0.5,"both",7,"Balanced Halves",20,20,TRUE,0.0737507856162558,0.000103374903793007,0.000111467365783215,-8.09246199020853e-06,0.0101673449726567,NA,0.0864749238696102,0.0911879754993882,0.091512305456674,0.00236079823135328,0.0022734874509551,3.75617166301652e-05,1.07828265558933,0.0889949094207187,0.0921241794109661,0.0970207633278185,0.09625694262945,0,0.28421052631579,TRUE,FALSE,2000,2000,2000,0,0,0,FALSE,0.0308266201093049,0.271065190652395,0.00654940736571678,0.935,0.00466800976818621,0.0165664731562404,3.02828282828283e-05,0.000252238171185539,20,100,"77c85efc47892e1d509e66d4f308fe25",TRUE,29,29,29,0.513517458991009,0.393299670624109,0.664370261381774,-0.530599656458006,0,0,0,1
"2020","education","queen","mean_rank",0,0.5,"both",7,"Balanced Halves",20,20,TRUE,0.07514769841952,0.000109190799903008,0.000112860112172388,-3.66931226937999e-06,0.0104494401717512,NA,0.0870712903141397,0.0922474670687906,0.0959344291986665,0.00237550112789269,0.00233656585508528,-6.95137504776479e-06,1.03360459189455,0.0948918749411257,0.0964864304758479,0.098223647006124,0.0996134003069691,0,0.0481203007518797,TRUE,FALSE,2000,2000,2000,0,0,0,FALSE,0.0310929796151727,0.27410944605318,0.00438898141881881,0.928,0.00633221780589123,0.00342198830195967,3.35606060606061e-05,-0.000285948963317385,20,100,"a7301afd44aa05b9846a77df4941e148",TRUE,29,29,29,0.476748505968787,0.337636690702519,0.62484399282203,-0.612679051538837,0,0,0,1
"2021","education","queen","mean_rank",0,0.5,"both",7,"Balanced Halves",20,20,TRUE,0.0759026190412567,6.3601379520676e-05,0.000119713852980725,-5.61124734600492e-05,0.00797504730523124,NA,0.0879120690463877,0.0889420369514977,0.0898567661554048,0.00244656752390697,0.00178327478982736,-0.000135606344983843,1.8822524587192,0.0864498277999095,0.10848132044645,0.0922313000582036,0.121065726795855,0,-0.309774436090226,TRUE,FALSE,2000,2000,2000,0,0,0,FALSE,0.0234942458159192,0.275123989225869,0.00567890834580027,0.9265,0.00372604057964345,0.0144709914553477,3.40833333333333e-05,-3.66666666666676e-05,20,100,"7012d6a20818197293a4221eb0927ab7",TRUE,29,29,29,0.491639268397826,0.403069481989171,0.635186440898027,0.407114366033474,0,0,0,1
"2018","education","queen","mean_rank",0.5,0.5,"both",7,"Balanced Halves",20,20,TRUE,0.0800467962734201,0.000107910638445008,0.000131769553595945,-2.38589151509377e-05,0.0103880045458696,NA,0.092565366860603,0.0974939258771383,0.101026969696431,0.00256680300759471,0.00232282843151413,-8.70232538256432e-06,1.22109882301453,0.100811800544038,0.0988851889544815,0.109519824303359,0.100379895949369,0,-0.106766917293233,TRUE,FALSE,2000,2000,2000,0,0,0,FALSE,0.0290183809927873,0.282552698026658,0.00581626575806342,0.9285,0.0045777490999606,0.014517889353362,3.32045454545455e-05,1.24880382775109e-05,20,100,"543df8afcf034849fc9f6bc6ca5847dd",TRUE,29,29,29,0.476069282420802,0.346835046452679,0.66996954057187,0.734019601293414,0,0,0,1
"2019","education","queen","mean_rank",0.5,0.5,"both",7,"Balanced Halves",20,20,TRUE,0.075120729427548,0.000190900012928328,0.000108094338699828,8.28056742285004e-05,0.0138166570822442,0.00909976231714326,0.09412963501091,0.103547253600914,0.104774026270422,0.0023248047090006,0.00308949844577019,4.00217523123052e-06,0.566235366052127,0.0971758285172348,0.0976426184323343,0.108881110730188,0.129793532748949,0,0.0541353383458647,TRUE,FALSE,2000,2000,2000,0,0,0,FALSE,0.0411271092455236,0.273738040957817,0.00586694576688577,0.936,0.00580337863548077,0.0137191238832648,2.99242424242424e-05,8.99362041467291e-05,20,100,"c08412c3d7aa787909585bef05f523f3",TRUE,29,29,29,0.513517458991009,0.393299670624109,0.664370261381774,-0.530599656458006,0,0,0,1
"2020","education","queen","mean_rank",0.5,0.5,"both",7,"Balanced Halves",20,20,TRUE,0.0737661518280922,0.000127482119984498,0.00011788002775505,9.60209222944798e-06,0.0112907980224827,0.00309872429064736,0.089985201509511,0.0959938859273405,0.0998993780378119,0.00242775645149025,0.00252469918984914,-1.50095531256704e-06,0.924678910025848,0.10143512780929,0.0906783885540292,0.105102777944088,0.0979723793492895,0,-0.0345864661654135,TRUE,FALSE,2000,2000,2000,0,0,0,FALSE,0.0342257136543168,0.270631845898065,0.00534469732292523,0.9315,0.00377636739574608,0.0229031834882885,3.19520202020202e-05,-6.7724614566721e-05,20,100,"444560b6532ab289306e691a4724bf3c",TRUE,29,29,29,0.476748505968787,0.337636690702519,0.62484399282203,-0.612679051538837,0,0,0,1
"2021","education","queen","mean_rank",0.5,0.5,"both",7,"Balanced Halves",20,20,TRUE,0.0741128584502072,0.000157716465532033,0.0001213313311504,3.63851343816338e-05,0.0125585216300341,0.0060320091496643,0.0852000342468945,0.098277528923772,0.108600117375949,0.00246304010473236,0.00280817080616576,1.90115877716861e-07,0.769300343759963,0.098786860713021,0.0914498299500824,0.100791939645011,0.104238904153681,0.333333333333333,-0.206015037593985,TRUE,FALSE,2000,2000,2000,0,0,0,FALSE,0.0378904668486432,0.271012518125604,0.00658846679712678,0.9395,0.00599725241973506,0.0257890183881883,2.8290404040404e-05,0.00030234981392876,20,100,"a4560b6638df8d972d75fc90db50bc1e",TRUE,29,29,29,0.491639268397826,0.403069481989171,0.635186440898027,0.407114366033474,0,0,0,1
"2018","education","queen","mean_rank",0,0.8,"both",7,"Balanced Halves",20,20,TRUE,0.0731715127686348,9.9530714887588e-05,0.000105099202020109,-5.56848713252054e-06,0.009976508151031,NA,0.0852326217021383,0.0901466712334789,0.0925796984466998,0.00229236997472167,0.00223081504037861,2.82568724952108e-05,1.05594742425803,0.085307831583371,0.0905728782395375,0.0868243264310376,0.10198641784914,0,0.135338345864662,TRUE,FALSE,2000,2000,2000,0,0,0,FALSE,0.0304874801130919,0.270370322317277,0.00508351308281565,0.937,0.0062037561676423,0.00844994548421913,2.95656565656566e-05,-7.44710260499747e-05,20,100,"bd9ffadc7ca12c62c43a6db0200bf31d",TRUE,29,29,29,0.476069282420802,0.346835046452679,0.66996954057187,0.734019601293414,0,0,0,1
"2019","education","queen","mean_rank",0,0.8,"both",7,"Balanced Halves",20,20,TRUE,0.0708394090114505,0.000211562221714276,9.53233999405982e-05,0.000116238821773678,0.0145451786415388,0.0107814109361288,0.0866702606767282,0.0987218754446359,0.11072465013215,0.00218315597175967,0.00325240081873588,0.000105626868361612,0.450569100514253,0.0951324564740215,0.0863236956273814,0.100765105907328,0.109453324417163,0,0.410526315789474,TRUE,FALSE,2000,2000,2000,0,0,0,FALSE,0.045912308757547,0.266126024034418,0.00609140896327727,0.945,0.00466131471203275,0.00404330843280517,2.58939393939394e-05,0.000224226475279106,20,100,"e169f5ec96ceea11a203f271f17737c2",TRUE,29,29,29,0.513517458991009,0.393299670624109,0.664370261381774,-0.530599656458006,0,0,0,1
"2020","education","queen","mean_rank",0,0.8,"both",7,"Balanced Halves",20,20,TRUE,0.0697580976699687,0.000135391232991235,9.27550267208857e-05,4.26362062703494e-05,0.0116357738458271,0.00652964059273935,0.0864437721443868,0.0882888809877371,0.0887859059564488,0.00215354390158276,0.00260183812900837,9.16263919361849e-05,0.685088869283659,0.0876091836973656,0.086954532507178,0.0958674401373832,0.0899643996277059,0,0.466165413533835,TRUE,FALSE,2000,2000,2000,0,0,0,FALSE,0.0372980086314549,0.264089731117192,0.00610866511389225,0.941,0.00622334461532419,0.00383556885193148,2.76818181818182e-05,0.00019267942583732,20,100,"6b34f86268370c26509121dfbf36fc43",TRUE,29,29,29,0.476748505968787,0.337636690702519,0.62484399282203,-0.612679051538837,0,0,0,1
"2021","education","queen","mean_rank",0,0.8,"both",7,"Balanced Halves",20,20,TRUE,0.0716702149656329,0.000134516108961952,0.000105867343494096,2.86487654678563e-05,0.0115981079906143,0.00535245415373698,0.084022422070972,0.0989828361213182,0.100771350122192,0.00230073187805637,0.00259341578773971,6.55628210408231e-05,0.787023534289417,0.093323693026675,0.0823748216346456,0.100131448458653,0.0978342237839838,1,0.109774436090226,TRUE,FALSE,2000,2000,2000,0,0,0,FALSE,0.0361854054572503,0.267427468487828,0.00579813944749792,0.9375,0.0075307783511278,0.0123597760426654,2.9270202020202e-05,8.69643806485903e-05,20,100,"b6efd995d6887c8b1ed0a36f9ce196f4",TRUE,29,29,29,0.491639268397826,0.403069481989171,0.635186440898027,0.407114366033474,0,0,0,1
"2018","education","queen","mean_rank",0.5,0.8,"both",7,"Balanced Halves",20,20,TRUE,0.0776164883559656,8.49157552506739e-05,0.000123870460503905,-3.89547052532312e-05,0.00921497451166708,NA,0.087944671455262,0.0909507540419707,0.0921045438990157,0.00248867897190362,0.00206053094190155,4.2302294109519e-05,1.45874531926656,0.0939502325225245,0.085947239837493,0.100411138781107,0.0891726425667429,0.333333333333333,0.338345864661654,TRUE,FALSE,2000,2000,2000,0,0,0,FALSE,0.0265475929863191,0.277170508707928,0.00626183090763312,0.935,0.00556787789425856,0.0281602105559212,3.03181818181818e-05,0.000177846889952152,20,100,"68568898067b98fead51e4e19d8d54ea",TRUE,29,29,29,0.476069282420802,0.346835046452679,0.66996954057187,0.734019601293414,0,0,0,1
"2019","education","queen","mean_rank",0.5,0.8,"both",7,"Balanced Halves",20,20,TRUE,0.081921587088716,0.000160339109039995,0.000142303579767798,1.8035529272197e-05,0.0126625080074997,0.00424682578783225,0.0936561552619152,0.105734227529251,0.112135273610306,0.00266742928460904,0.00283142286704048,5.11030933535062e-05,0.887516343453684,0.105083671958108,0.0985770069659534,0.113463732125436,0.109767837046262,0,0.171428571428571,TRUE,FALSE,2000,2000,2000,0,0,0,FALSE,0.0345625978165465,0.284452858680972,0.00632039305906307,0.929,0.00676524000712354,0.031751508262425,3.29292929292929e-05,0.000140361509835193,20,100,"c9d0c80ed2bc56afaca410eb41fa5a7e",TRUE,29,29,29,0.513517458991009,0.393299670624109,0.664370261381774,-0.530599656458006,0,0,0,1
"2020","education","queen","mean_rank",0.5,0.8,"both",7,"Balanced Halves",20,20,TRUE,0.076818693729699,0.000112283542614856,0.000109862401667502,2.42114094735404e-06,0.0105963929058362,0.00155600158976591,0.0881214666881377,0.099510502129712,0.10290417730947,0.00234374061776791,0.00236942548537463,5.54156511175113e-06,0.978437259005456,0.105162057618742,0.0888077199178868,0.110766159879186,0.0950196965217605,0.333333333333333,-0.087218045112782,TRUE,FALSE,2000,2000,2000,0,0,0,FALSE,0.0308443865722568,0.275552194332903,0.00556776436283002,0.929,0.00565478038290044,0.0298275364054904,3.30151515151515e-05,-4.03030303030318e-05,20,100,"68bbd38b6558ac1b2ab4df428e35fd0e",TRUE,29,29,29,0.476748505968787,0.337636690702519,0.62484399282203,-0.612679051538837,0,0,0,1
"2021","education","queen","mean_rank",0.5,0.8,"both",7,"Balanced Halves",20,20,TRUE,0.0787009168736019,0.000136264830340897,0.000119357120500012,1.69077098408857e-05,0.011673252774651,0.0041118985688956,0.0938620773334921,0.0968286285777211,0.0985028133212502,0.00244291956990004,0.00261021867226577,6.47273803520793e-06,0.875920222418454,0.0995601005198362,0.0962201117075506,0.103167516075252,0.108260780908005,0,-0.037593984962406,TRUE,FALSE,2000,2000,2000,0,0,0,FALSE,0.0331663057554708,0.278147775245817,0.00621013602698718,0.9335,0.00677733328181358,0.0365339841709668,3.09823232323232e-05,0.000151669324827219,20,100,"46469a2466b7590297aa00fede10afda",TRUE,29,29,29,0.491639268397826,0.403069481989171,0.635186440898027,0.407114366033474,0,0,0,1
"2018","education","queen","mean_rank",0,0.5,"control_only",7,"Balanced Halves",20,20,TRUE,0.300650171268004,0.0119278175408894,0.00194068913299047,0.00998712840789898,0.109214548210801,0.0999356213164204,0.429616590926935,0.528572654457739,0.582841020833672,0.0098506069178261,0.024421115393128,0.0109359230092877,0.162702785009717,0.457706826737522,0.392780842975847,0.539780078302192,0.528768116504715,0.333333333333333,0.818045112781955,TRUE,FALSE,2000,2000,2000,0,0,0,FALSE,0.0812276783017651,0.547450453443712,0.00520500771019197,0.9345,0.0159735537063324,0.0307924064060897,3.06540404040404e-05,-7.12387028176509e-05,20,100,"f2ae898c57b0eec140db237b9ba5363b",FALSE,29,29,29,0.476069282420802,0.346835046452679,0.66996954057187,0.734019601293414,0,0,0,1
"2019","education","queen","mean_rank",0,0.5,"control_only",7,"Balanced Halves",20,20,TRUE,0.29107833932192,0.00780047911480391,0.00188055749235633,0.00591992162244758,0.0883203210750726,0.0769410269131338,0.413049864573224,0.422342478048862,0.431144250994621,0.00969679713193055,0.019749024171847,0.00646603749094057,0.241082305930077,0.404900035076528,0.434835841096983,0.42328016857954,0.458329304041828,0,0.718796992481203,TRUE,FALSE,2000,2000,2000,0,0,0,FALSE,0.0678477973244357,0.538678044926517,0.00458257569495583,0.929,0.0133713296624057,0.0300716350746975,3.31111111111111e-05,-0.000242222222222224,20,100,"bcf8e38778ac58cb78ebe58ed4a0b490",FALSE,29,29,29,0.513517458991009,0.393299670624109,0.664370261381774,-0.530599656458006,0,0,0,1
"2020","education","queen","mean_rank",0,0.5,"control_only",7,"Balanced Halves",20,20,TRUE,0.315422836359487,0.0142661399615562,0.00236015125866305,0.0119059887028932,0.119440947591503,0.109114566868467,0.500497454623514,0.535054329322082,0.538657973048435,0.0108631285978374,0.0267078078111591,0.0103665019322153,0.165437270699928,0.527424453147046,0.461521487896904,0.607906956207123,0.613031115959968,0,0.618045112781955,TRUE,FALSE,2000,2000,2000,0,0,0,FALSE,0.0846730316657234,0.561430152048437,0.00379750610685209,0.936,0.0130978053424678,0.0147993489841837,3.01161616161616e-05,-0.000313902179691655,20,100,"1384ecd7a9f51535d5ffe7490f662c02",FALSE,29,29,29,0.476748505968787,0.337636690702519,0.62484399282203,-0.612679051538837,0,0,0,1
"2021","education","queen","mean_rank",0,0.5,"control_only",7,"Balanced Halves",20,20,TRUE,0.268908614311882,0.0111943478750416,0.001609958244307,0.00958438963073458,0.1058033452923,0.0978998959689671,0.354415077011114,0.505723764287743,0.65174129221494,0.00897206287401898,0.0236583472320464,0.00966876487121081,0.143818850573376,0.377570795898531,0.338433726958881,0.517319300933865,0.53000007181754,0.333333333333333,0.42406015037594,TRUE,FALSE,2000,2000,2000,0,0,0,FALSE,0.087979134817181,0.518561642532658,0.00523148363780596,0.93,0.0111298936983797,0.0015611552498942,3.26161616161616e-05,-0.000104954811270602,20,100,"2378f49b7f710b72c832d4e2ba617aa1",FALSE,29,29,29,0.491639268397826,0.403069481989171,0.635186440898027,0.407114366033474,0,0,0,1
"2018","education","queen","mean_rank",0.5,0.5,"control_only",7,"Balanced Halves",20,20,TRUE,0.333170500744056,0.025181865142753,0.00249766978645069,0.0226841953563023,0.158687948952505,0.150612733048379,0.457762861263456,0.747229474782419,0.796121297624972,0.011175128156873,0.0354837041067819,0.0193967112823283,0.0991852578151659,0.46946280154735,0.507715101385278,0.557928028972514,0.947543439030244,0.333333333333333,0.888721804511278,TRUE,FALSE,2000,2000,2000,0,0,0,FALSE,0.106503138865949,0.574595857733566,0.00570779706790816,0.929,0.00945487036100894,0.0548643875340172,3.3e-05,-8.42105263157975e-06,20,100,"795cea8b9418c975873d6b7a63286b28",FALSE,29,29,29,0.476069282420802,0.346835046452679,0.66996954057187,0.734019601293414,0,0,0,1
"2019","education","queen","mean_rank",0.5,0.5,"control_only",7,"Balanced Halves",20,20,TRUE,0.320532035357496,0.00924861884592893,0.00239790006062267,0.00685071878530625,0.0961697397621982,0.0827690690131661,0.42166544651574,0.488013648545408,0.553231126445484,0.0109496576673033,0.021504207548674,0.00771762331407858,0.25927115178697,0.407361782410456,0.437795267533401,0.492084973782172,0.501543487098609,0.333333333333333,0.669172932330827,TRUE,FALSE,2000,2000,2000,0,0,0,FALSE,0.0670891055388267,0.562738366788464,0.00530640129813437,0.915,0.0164060379665696,0.0621093060800735,3.9010101010101e-05,-0.000217044125465179,20,100,"7a10962ea727da0e11e61a1ebc0d59e1",FALSE,29,29,29,0.513517458991009,0.393299670624109,0.664370261381774,-0.530599656458006,0,0,0,1
"2020","education","queen","mean_rank",0.5,0.5,"control_only",7,"Balanced Halves",20,20,TRUE,0.331616228042048,0.0166512808150277,0.00269406950630589,0.0139572113087218,0.129039841967618,0.118140642070042,0.489638833756345,0.599221898257893,0.638673233177691,0.0116061826332043,0.0288541858445423,0.0145371066823715,0.16179353025351,0.517563915001533,0.474238959818701,0.679139365202053,0.563684253569885,0.333333333333333,0.831578947368421,TRUE,FALSE,2000,2000,2000,0,0,0,FALSE,0.08701077753313,0.574297278634327,0.00617614255357705,0.9255,0.00920958505940401,0.0424130144561027,3.44570707070707e-05,7.37533227006897e-05,20,100,"0f71488eb83545930a3a80343143f32d",FALSE,29,29,29,0.476748505968787,0.337636690702519,0.62484399282203,-0.612679051538837,0,0,0,1
"2021","education","queen","mean_rank",0.5,0.5,"control_only",7,"Balanced Halves",20,20,TRUE,0.290705028520972,0.0117804629611946,0.00196293054509313,0.00981753241610152,0.108537841148581,0.0990834618697869,0.357593609252972,0.525859151131608,0.680472053404709,0.00990689291628088,0.0242697990939301,0.009868600540869,0.166625925615921,0.386390625552686,0.390199420606108,0.521537266320546,0.578919639158487,0.333333333333333,0.487218045112782,TRUE,FALSE,2000,2000,2000,0,0,0,FALSE,0.0834859968450092,0.531897497213529,0.00416754376733245,0.93,0.0120022279112578,0.0882614354004966,3.27121212121212e-05,-0.000306874003189794,20,100,"1b2d6e674f14f55c752dde78e249bb0a",FALSE,29,29,29,0.491639268397826,0.403069481989171,0.635186440898027,0.407114366033474,0,0,0,1
"2018","education","queen","mean_rank",0,0.8,"control_only",7,"Balanced Halves",20,20,TRUE,0.298347148372705,0.0134837930175355,0.00270775736730775,0.0107760356502278,0.116119735693531,0.103807685891883,0.397261236134656,0.56547732124116,0.654863011892475,0.0116356292638339,0.0259651622540044,0.0117578725670763,0.200815702509401,0.413417001564191,0.398848852085659,0.637310379276152,0.509581781639026,0.333333333333333,0.73984962406015,TRUE,FALSE,2000,2000,2000,0,0,0,FALSE,0.0870300332871553,0.545788522193561,0.00595929172760797,0.9295,0.0140565756592805,0.0214950555820259,3.27550505050505e-05,5.51621477937258e-05,20,100,"cc282ead2f3b36e672a7dedb5a0cb789",FALSE,29,29,29,0.476069282420802,0.346835046452679,0.66996954057187,0.734019601293414,0,0,0,1
"2019","education","queen","mean_rank",0,0.8,"control_only",7,"Balanced Halves",20,20,TRUE,0.306231978848785,0.0116601732733132,0.00203896819150751,0.0096212050818057,0.107982282219414,0.0980877417509736,0.462519233937564,0.518355389694916,0.528632436830007,0.0100969505087118,0.0241455723408177,0.00966962165091957,0.174866028464099,0.497486890128911,0.474569556509142,0.517262831533628,0.561671859333368,0.333333333333333,0.631578947368421,TRUE,FALSE,2000,2000,2000,0,0,0,FALSE,0.0788473249318634,0.552188111391597,0.00658846679712679,0.9195,0.00922130585292887,0.0363354989860623,3.69671717171717e-05,0.000128814460393407,20,100,"02a32f7afefd0ee4631b298ecd2cb887",FALSE,29,29,29,0.513517458991009,0.393299670624109,0.664370261381774,-0.530599656458006,0,0,0,1
"2020","education","queen","mean_rank",0,0.8,"control_only",7,"Balanced Halves",20,20,TRUE,0.304607651022394,0.012171641693222,0.00216442037653853,0.0100072213166834,0.110325163463382,0.100036100067343,0.472471244739661,0.5486169703775,0.606567772585685,0.0104029331838154,0.0246694565132898,0.0105091821511662,0.177824851494259,0.461786892968362,0.467496997874676,0.601904928101107,0.523301074226418,0.333333333333333,0.509774436090226,TRUE,FALSE,2000,2000,2000,0,0,0,FALSE,0.0809876456828599,0.551609214941251,0.00600328857245847,0.9345,0.0112725986132178,0.018300956649588,3.05681818181818e-05,0.000109425837320574,20,100,"fffdcf34902c7db3c81d6cf5c9d6ddf7",FALSE,29,29,29,0.476748505968787,0.337636690702519,0.62484399282203,-0.612679051538837,0,0,0,1
"2021","education","queen","mean_rank",0,0.8,"control_only",7,"Balanced Halves",20,20,TRUE,0.288750322191087,0.00680435648662778,0.00168319857379535,0.00512115791283243,0.0824885233631187,0.0715622659844728,0.397395084552777,0.472321622808757,0.51055237475615,0.00917387206635059,0.0184449945603513,0.00547291108349301,0.247370721552177,0.414428757036301,0.379688528900205,0.458903009185092,0.485740236432422,1,0.578947368421053,TRUE,FALSE,2000,2000,2000,0,0,0,FALSE,0.0638786977634778,0.537216245166984,0.00480679343823871,0.919,0.0120809957686991,0.0122077073922087,3.73737373737374e-05,-0.000285369484316853,20,100,"ad6107f83c2c5dd0f9667d4149bb362b",FALSE,29,29,29,0.491639268397826,0.403069481989171,0.635186440898027,0.407114366033474,0,0,0,1
"2018","education","queen","mean_rank",0.5,0.8,"control_only",7,"Balanced Halves",20,20,TRUE,0.315450992796861,0.0132985064279469,0.00197926486194313,0.0113192415660038,0.115319150308814,0.106391924345806,0.426518312746335,0.5904881412135,0.644496684251533,0.00994802709571885,0.0257861459198025,0.011504795516288,0.14883362072779,0.476545078004317,0.428132620173193,0.58626567523633,0.594710607190669,1,0.607518796992481,TRUE,FALSE,2000,2000,2000,0,0,0,FALSE,0.0817437462826684,0.560587691409612,0.00477245385409578,0.9315,0.0121821012782496,0.0345316237223581,3.20075757575758e-05,-0.000184625199362043,20,100,"d14578513fd4104a3b9baaf78c3a2512",FALSE,29,29,29,0.476069282420802,0.346835046452679,0.66996954057187,0.734019601293414,0,0,0,1
"2019","education","queen","mean_rank",0.5,0.8,"control_only",7,"Balanced Halves",20,20,TRUE,0.300065054763029,0.00987128260102185,0.00215155514652511,0.00771972745449675,0.0993543285469831,0.0878619795730596,0.419849640809706,0.498670393280604,0.548573312897326,0.0103719697900763,0.0222163032489902,0.0070923296886431,0.217961052629815,0.424787333595572,0.438642451765607,0.473047416106502,0.54574957755872,0.333333333333333,0.458646616541353,TRUE,FALSE,2000,2000,2000,0,0,0,FALSE,0.0740382890188101,0.545519053841008,0.00502100849588899,0.931,0.0142220588272216,0.04973948792901,3.22020202020202e-05,-0.000139829877724615,20,100,"7e9ad003462bfeb76eb68640fd5d659e",FALSE,29,29,29,0.513517458991009,0.393299670624109,0.664370261381774,-0.530599656458006,0,0,0,1
"2020","education","queen","mean_rank",0.5,0.8,"control_only",7,"Balanced Halves",20,20,TRUE,0.326619237130235,0.0112458293864452,0.00240502386521707,0.00884080552122811,0.106046354894665,0.0940255578086517,0.511921721793175,0.550273078797864,0.567336807278239,0.0109659105076074,0.0237126858310538,0.00889503813006077,0.213859181263757,0.490948753221852,0.469715799810598,0.592316347401574,0.565677992754668,0.333333333333333,0.500751879699248,TRUE,FALSE,2000,2000,2000,0,0,0,FALSE,0.0726003956147833,0.569121202282586,0.00604696531110309,0.9295,0.014170881560336,0.0521564400880535,3.27449494949495e-05,7.64167995746929e-05,20,100,"b0d847e267ee662850c478e2bcde0e7b",FALSE,29,29,29,0.476748505968787,0.337636690702519,0.62484399282203,-0.612679051538837,0,0,0,1
"2021","education","queen","mean_rank",0.5,0.8,"control_only",7,"Balanced Halves",20,20,TRUE,0.279024691677376,0.00926830841393323,0.00173080651985811,0.00753750189407512,0.0962720541690746,0.0868187876791373,0.371754880550727,0.498326449951495,0.588958206114724,0.00930270530506612,0.0215270857455593,0.0081387194524468,0.186744597024431,0.381254071781013,0.414181025176309,0.464230096370254,0.53284253530338,0.333333333333333,0.596992481203008,TRUE,FALSE,2000,2000,2000,0,0,0,FALSE,0.0771511854959778,0.52772578154762,0.0047169905660283,0.9415,0.0108451033390925,0.0230258803812079,2.76035353535354e-05,-0.000107070707070709,20,100,"aa3ca46b8ea9a5fc6a9884541d215e65",FALSE,29,29,29,0.491639268397826,0.403069481989171,0.635186440898027,0.407114366033474,0,0,0,1
"2018","education","queen","mean_rank",0,0.5,"both",8,"Incidence-Guided Saturation Regions",20,20,TRUE,0.071028509684399,0.000115625240568182,0.000100313402970302,1.53118375978801e-05,0.0107529177699907,0.00391303432107107,0.0858793552190285,0.0898225938180387,0.0922613140477987,0.00223956918815095,0.00240442550901647,3.66103275331851e-05,0.867573571975826,0.0861104213513107,0.0906710763178834,0.0888677644919557,0.10080988003269,0,0.087218045112782,TRUE,FALSE,2000,2000,2000,0,0,0,FALSE,0.0338515550966795,0.266130449980107,0.0058309518948453,0.938,0.00552282385888633,0.0142510798813526,2.90454545454545e-05,9.90909090909083e-05,20,100,"ddb015fe87b4ca59ca7a80491c36a42b",TRUE,29,29,29,0.545104713355137,0.41632696653249,0.647796219042853,4.55921594202507,0,0,0,1
"2019","education","queen","mean_rank",0,0.5,"both",8,"Incidence-Guided Saturation Regions",20,20,TRUE,0.0701518130654251,0.000115360969766736,0.000103933354247847,1.14276155188887e-05,0.0107406224105838,0.00338047563500888,0.0836830319208411,0.0913650427838342,0.0988918393875312,0.00227962008071353,0.00240167618307231,4.39476842334876e-05,0.900940365341972,0.090297304208121,0.0887165056139058,0.0972159942494499,0.096310920342868,0.333333333333333,0.0616541353383459,TRUE,FALSE,2000,2000,2000,0,0,0,FALSE,0.0342354114330938,0.264711157369767,0.00514397961852391,0.9385,0.00696236051886595,0.00893399291378541,2.88964646464646e-05,-4.87187666135045e-05,20,100,"ae5dad6f795124422973ef6da8837859",TRUE,29,29,29,0.453644347699071,0.326403420895245,0.572667693955006,3.67958405146329,0,0,0,2
"2020","education","queen","mean_rank",0,0.5,"both",8,"Incidence-Guided Saturation Regions",20,20,TRUE,0.0733156565691377,0.000145845023166619,9.69530198176115e-05,4.88920033490076e-05,0.012076631283873,0.0069922816983448,0.088173660157386,0.0979673168960988,0.0994690652704841,0.00220173817491558,0.00270041684899405,3.08687635598082e-05,0.664767420324302,0.106112708590437,0.0870060089713331,0.113855416744829,0.0937461728261631,0,0.203007518796992,TRUE,FALSE,2000,2000,2000,0,0,0,FALSE,0.0368327445372806,0.270281692206437,0.00577084322945506,0.9335,0.00834815217290709,0.0162315565230922,3.10328282828283e-05,4.539606592238e-05,20,100,"17801674a946f1cca9eb2aedb9678d4b",TRUE,29,29,29,0.499733956435708,0.370648699469209,0.593560904234309,8.68469808474463,0,0,0,4
"2021","education","queen","mean_rank",0,0.5,"both",8,"Incidence-Guided Saturation Regions",20,20,TRUE,0.0744962262977197,0.000133599296982631,0.000118900176884666,1.46991200979652e-05,0.0115585162102508,0.00383394315267783,0.0863956143209658,0.0923129916956218,0.0981247542441521,0.00243823888169993,0.00258456279651541,2.7570399978851e-05,0.88997606701571,0.0979251902964636,0.0940461502103808,0.101200812704965,0.10048292185033,0,0.0601503759398496,TRUE,FALSE,2000,2000,2000,0,0,0,FALSE,0.0346938754479504,0.272928186123033,0.00556658262359081,0.9325,0.00601260654832782,-0.00253604363341192,3.14924242424242e-05,-1.01116427432228e-05,20,100,"97d349c541962958079fa60a1c7e76f0",TRUE,29,29,29,0.49809019472491,0.388690588159465,0.620745565746494,8.00283467888915,0,0,0,1
"2018","education","queen","mean_rank",0.5,0.5,"both",8,"Incidence-Guided Saturation Regions",20,20,TRUE,0.0707803828387761,0.000115257653107482,0.000104032938241671,1.12247148658119e-05,0.0107358117116258,0.00335033056067783,0.0838927082819734,0.0900311535229867,0.0906238771886511,0.00228071193097321,0.00240060047808337,4.58765820599426e-05,0.902611977919207,0.0916482412796396,0.0844287464205962,0.0948941453451314,0.0898288632316945,0,0.26015037593985,TRUE,FALSE,2000,2000,2000,0,0,0,FALSE,0.033916183860597,0.265653703526547,0.00606543268730356,0.939,0.00720519311230215,0.0144392742686572,2.85757575757576e-05,0.000164274322169058,20,100,"dbf3e1ff1850c381f24c5cdbce89ec8c",TRUE,29,29,29,0.545104713355137,0.41632696653249,0.647796219042853,4.55921594202507,0,0,0,1
"2019","education","queen","mean_rank",0.5,0.5,"both",8,"Incidence-Guided Saturation Regions",20,20,TRUE,0.0798226217056482,0.000105248695269057,0.000131050502011072,-2.58018067420147e-05,0.0102590786754492,NA,0.0919655026936215,0.0973341531987331,0.0993309858767591,0.0025597900500927,0.0022939997304823,-4.86426123801587e-05,1.24515084653596,0.0994789876820232,0.107103410235117,0.106958634445486,0.111620068497089,0,-0.0421052631578947,TRUE,FALSE,2000,2000,2000,0,0,0,FALSE,0.0287387169384338,0.281240033144963,0.00473508739429156,0.932,0.00642503431463565,0.0269567331527456,3.17929292929293e-05,-0.000187437533227008,20,100,"c842e9080385005ba13da027b6d580c0",TRUE,29,29,29,0.453644347699071,0.326403420895245,0.572667693955006,3.67958405146329,0,0,0,2
"2020","education","queen","mean_rank",0.5,0.5,"both",8,"Incidence-Guided Saturation Regions",20,20,TRUE,0.0806876303246317,0.000128423941023508,0.000122710524349961,5.71341667354703e-06,0.0113324287345435,0.00239027543884529,0.0935459460750239,0.0964845596460591,0.0972545531973806,0.0024769994383322,0.00253400810006112,1.32041372583962e-05,0.955511280622503,0.106568651778351,0.0976131188428742,0.110872051303112,0.100376933644692,0,0.108270676691729,TRUE,FALSE,2000,2000,2000,0,0,0,FALSE,0.0314051619791784,0.280715407014382,0.00638563354644421,0.9305,0.00670421093444114,0.0434337494280812,3.2270202020202e-05,0.000170122275385432,20,100,"d697a0bdb129e4856a45596b9e3a6dd0",TRUE,29,29,29,0.499733956435708,0.370648699469209,0.593560904234309,8.68469808474463,0,0,0,4
"2021","education","queen","mean_rank",0.5,0.5,"both",8,"Incidence-Guided Saturation Regions",20,20,TRUE,0.0738918103605029,0.000109685894164052,9.954058651514e-05,1.01453076489124e-05,0.0104731033683456,0.00318516995604825,0.0851009125493522,0.0934486668175586,0.0978616596747763,0.00223092566567266,0.00234185710670028,4.14464131069738e-05,0.907505812609427,0.0889594194776543,0.0924921073316038,0.0933080093648143,0.104705634504148,0,0.299248120300752,TRUE,FALSE,2000,2000,2000,0,0,0,FALSE,0.0316930536046532,0.27078890640022,0.00545797340449827,0.942,0.00592417174385898,0.0237734837807931,2.73080808080808e-05,4.96278575225932e-05,20,100,"64e76e23efe2e61484efaccec8bf9f8f",TRUE,29,29,29,0.49809019472491,0.388690588159465,0.620745565746494,8.00283467888915,0,0,0,1
"2018","education","queen","mean_rank",0,0.8,"both",8,"Incidence-Guided Saturation Regions",20,20,TRUE,0.0732887579513171,0.000118137502638282,9.87330745267489e-05,1.94044281115327e-05,0.0108691077204286,0.00440504575589547,0.0847404082578907,0.0942775264620346,0.0969964994173427,0.00222185816971684,0.00243040637176462,5.50281025801142e-05,0.835747094037141,0.0890241786096465,0.0881189623302557,0.0928763972209251,0.101187974300777,0,0.33984962406015,TRUE,FALSE,2000,2000,2000,0,0,0,FALSE,0.0331620625004867,0.270604385414015,0.0060903288304621,0.9345,0.00499297022102492,0.00787556639361377,3.05580808080808e-05,0.000130680489101541,20,100,"758bc719e8468dd749999aac45cf53c4",TRUE,29,29,29,0.545104713355137,0.41632696653249,0.647796219042853,4.55921594202507,0,0,0,1
"2019","education","queen","mean_rank",0,0.8,"both",8,"Incidence-Guided Saturation Regions",20,20,TRUE,0.0772620172971103,0.000116229692325697,0.000112162738050491,4.06695427520603e-06,0.0107809875394463,0.0020166691040441,0.0891878348965189,0.0941244345063215,0.0989614887571537,0.0023681505236206,0.00241070210027802,-6.80579279466153e-05,0.965009334587158,0.099818084807535,0.089574332746885,0.105239299918378,0.105254375728115,0,-0.228571428571429,TRUE,FALSE,2000,2000,2000,0,0,0,FALSE,0.0312016458359828,0.277719850998611,0.00510288875875327,0.9305,0.00538627758154707,0.0115629433285701,3.24116161616162e-05,-0.000127442849548114,20,100,"6b71b97cc4e492c578aec24edff31627",TRUE,29,29,29,0.453644347699071,0.326403420895245,0.572667693955006,3.67958405146329,0,0,0,2
"2020","education","queen","mean_rank",0,0.8,"both",8,"Incidence-Guided Saturation Regions",20,20,TRUE,0.072579616464179,0.00013544218452591,0.00010597678042449,2.946540410142e-05,0.0116379630746068,0.00542820450070003,0.0844694338597918,0.088921070533935,0.0908842446699007,0.00230192072435706,0.00260232765544532,-3.55015408352592e-05,0.78245031852847,0.08922976929133,0.0969770679601431,0.108075735059545,0.103452263645125,0,0.0075187969924812,TRUE,FALSE,2000,2000,2000,0,0,0,FALSE,0.0358548003175199,0.268329517158923,0.00466086732384931,0.9365,0.00672153610544217,0.0240600641195838,2.98257575757576e-05,-0.000162041467304626,20,100,"0809b182e907478d1ff86173f263a4e9",TRUE,29,29,29,0.499733956435708,0.370648699469209,0.593560904234309,8.68469808474463,0,0,0,4
"2021","education","queen","mean_rank",0,0.8,"both",8,"Incidence-Guided Saturation Regions",20,20,TRUE,0.0714862678005822,0.000140331893333037,0.000106665996479265,3.36658968537728e-05,0.0118461763169825,0.00580223205790434,0.0863072224792902,0.0942170110684322,0.0974957542481927,0.00230939382175566,0.0026488855518221,6.92436780318891e-05,0.760098035776682,0.09023067930761,0.088705453492095,0.0972294407245523,0.0954753103869712,0.333333333333333,0.228571428571429,TRUE,FALSE,2000,2000,2000,0,0,0,FALSE,0.0370544670091243,0.267179881074271,0.00509256423880109,0.9385,0.00539531173667273,0.0100587747623799,2.89015151515152e-05,-5.93460925039888e-05,20,100,"83b1a84c374fe8e19bb80fdfe4eceeaf",TRUE,29,29,29,0.49809019472491,0.388690588159465,0.620745565746494,8.00283467888915,0,0,0,1
"2018","education","queen","mean_rank",0.5,0.8,"both",8,"Incidence-Guided Saturation Regions",20,20,TRUE,0.0797897209399135,0.000131979338978318,0.00012288837286827,9.09096611004782e-06,0.0114882261023327,0.00301512290131726,0.0955510115136844,0.100509958388266,0.10201699131668,0.0024787937879972,0.00256884545057033,1.47470025006041e-06,0.931118263052209,0.0929710421505745,0.1003786950065,0.0983768632015852,0.111546731854664,0.333333333333333,-0.0932330827067669,TRUE,FALSE,2000,2000,2000,0,0,0,FALSE,0.0321951928181931,0.280657385738909,0.00563237820201434,0.9335,0.00613351955836245,0.0319554810653015,3.10479797979798e-05,1.35140882509292e-05,20,100,"0bf79da2d5f5b1d79964ffc26907b169",TRUE,29,29,29,0.545104713355137,0.41632696653249,0.647796219042853,4.55921594202507,0,0,0,1
"2019","education","queen","mean_rank",0.5,0.8,"both",8,"Incidence-Guided Saturation Regions",20,20,TRUE,0.0824414618885972,0.000244953228472148,0.000134994639506635,0.000109958588965513,0.0156509817095334,0.0104861141022551,0.105221291882466,0.1087299271231,0.11145315748242,0.00259802462946981,0.00349966590171225,0.00012808378373449,0.551103736613883,0.105188385395379,0.102167768767735,0.111086251508556,0.118316977168334,0,0.38796992481203,TRUE,FALSE,2000,2000,2000,0,0,0,FALSE,0.0424503134896047,0.284588512784903,0.00633598744017893,0.9265,0.00613462941252504,0.0380898973413434,3.40075757575758e-05,0.000122743221690589,20,100,"692c96d78e29322dd5fd6e0287c69d65",TRUE,29,29,29,0.453644347699071,0.326403420895245,0.572667693955006,3.67958405146329,0,0,0,2
"2020","education","queen","mean_rank",0.5,0.8,"both",8,"Incidence-Guided Saturation Regions",20,20,TRUE,0.0814681407278947,9.43502137719156e-05,0.000137516056350803,-4.31658425788877e-05,0.0097134038200785,NA,0.0937545277360362,0.0979891018682875,0.100895867624771,0.0026221752072545,0.00217198312346017,-1.5285968592225e-05,1.45750656891184,0.09697155120976,0.0966556636703088,0.105428305301592,0.10839899752332,0,-0.087218045112782,TRUE,FALSE,2000,2000,2000,0,0,0,FALSE,0.0266605215738829,0.283003187038896,0.00612479860034081,0.9285,0.00696448121789706,0.0371124891879066,3.31691919191919e-05,8.68793195108972e-05,20,100,"fa19259617e12811ddf23f44f67c57f4",TRUE,29,29,29,0.499733956435708,0.370648699469209,0.593560904234309,8.68469808474463,0,0,0,4
"2021","education","queen","mean_rank",0.5,0.8,"both",8,"Incidence-Guided Saturation Regions",20,20,TRUE,0.0796196365485136,7.10306704897688e-05,0.000130842339040553,-5.9811668550784e-05,0.0084279695354082,NA,0.0903085446813517,0.0934793502433667,0.0953869674151089,0.00255775623389479,0.00188455127934701,7.92956123466388e-06,1.84205411744493,0.0919965236634114,0.0915565694639913,0.101001572378629,0.098369825499071,0,0.109774436090226,TRUE,FALSE,2000,2000,2000,0,0,0,FALSE,0.023669428309921,0.28028102686949,0.00416754376733245,0.93,0.00489810022949479,0.0325911418256246,3.27121212121212e-05,-0.000306874003189794,20,100,"4520d0da7d76c14c4342b996ef8571d4",TRUE,29,29,29,0.49809019472491,0.388690588159465,0.620745565746494,8.00283467888915,0,0,0,1
"2018","education","queen","mean_rank",0,0.5,"control_only",8,"Incidence-Guided Saturation Regions",20,20,TRUE,0.241838526299199,0.00356767760913973,0.00118282320379836,0.00238485440534136,0.059730039420209,0.0488349711307518,0.32723318973256,0.341644952581981,0.347888670288038,0.00769032900401005,0.013356042844233,0.00209844428172452,0.331538702030752,0.349634013778718,0.322826324600658,0.39620561194531,0.356361580276974,0,0.577443609022556,TRUE,FALSE,2000,2000,2000,0,0,0,FALSE,0.0552271097935367,0.490557706835336,0.00515037045167371,0.936,0.00966257780801859,0.0345204658667168,3e-05,-6.9473684210527e-05,20,100,"33f9842bc4b025e331785d6d5e4a6464",FALSE,29,29,29,0.545104713355137,0.41632696653249,0.647796219042853,4.55921594202507,0,0,0,1
"2019","education","queen","mean_rank",0,0.5,"control_only",8,"Incidence-Guided Saturation Regions",20,20,TRUE,0.197093664347721,0.00206551848294762,0.000806959755271232,0.00125855872767639,0.0454479755648986,0.0354761712657439,0.264365664440321,0.281974739139618,0.292087571240685,0.00635200659347593,0.0101624762802863,0.00118929563208942,0.390681449686013,0.286552854624504,0.213200601221961,0.34840798786836,0.237179155140969,0.333333333333333,0.557894736842105,TRUE,FALSE,2000,2000,2000,0,0,0,FALSE,0.0515616588382933,0.44227546841674,0.00539370978670134,0.9265,0.0108943743420754,0.038549635335163,3.41136363636364e-05,-0.00010043062200957,20,100,"912a2e63a139da1130a9ed80d7012b3c",FALSE,29,29,29,0.453644347699071,0.326403420895245,0.572667693955006,3.67958405146329,0,0,0,2
"2020","education","queen","mean_rank",0,0.5,"control_only",8,"Incidence-Guided Saturation Regions",20,20,TRUE,0.227619517100667,0.00454707103789188,0.00119277248423217,0.00335429855365971,0.0674319734094434,0.057916306457333,0.320017698021375,0.379790588135597,0.407242090282959,0.00772260475562542,0.0150782476400474,0.0037315647325096,0.262316659293971,0.32760391248287,0.352084610665372,0.347892927269265,0.414239086526379,0.333333333333333,0.443609022556391,TRUE,FALSE,2000,2000,2000,0,0,0,FALSE,0.0662432107409262,0.475701184366638,0.00545314974168719,0.925,0.0135591097534239,0.036440366255642,3.47525252525253e-05,-0.000100313662945243,20,100,"b85e8178250f7c0b9a251b7c711b7589",FALSE,29,29,29,0.499733956435708,0.370648699469209,0.593560904234309,8.68469808474463,0,0,0,4
"2021","education","queen","mean_rank",0,0.5,"control_only",8,"Incidence-Guided Saturation Regions",20,20,TRUE,0.207433204016342,0.00149456273714309,0.000887450058325625,0.000607112678817468,0.0386595749736478,0.0246396566294555,0.248265636358976,0.303217003198472,0.309954865604295,0.0066612688668362,0.00864454376223261,0.000254912791836803,0.593785751692174,0.25230846748967,0.29593480310715,0.264235031873141,0.354354945261099,0.333333333333333,-0.254135338345865,TRUE,FALSE,2000,2000,2000,0,0,0,FALSE,0.0416738670321631,0.453631711470212,0.00432252362935308,0.935,0.0108752039189074,0.0406383361488695,3.05151515151515e-05,-0.000236618819776716,20,100,"5294c4d3ae39b4cbcf5bf478bc984c8e",TRUE,29,29,29,0.49809019472491,0.388690588159465,0.620745565746494,8.00283467888915,0,0,0,1
"2018","education","queen","mean_rank",0.5,0.5,"control_only",8,"Incidence-Guided Saturation Regions",20,20,TRUE,0.271857357785161,0.00359404702523643,0.00177297913339668,0.00182106789183975,0.0599503713519477,0.0426739720654142,0.328415885875507,0.400171654119979,0.426293859958026,0.00941535749028332,0.0134053105619311,0.00122798071796636,0.493309943066215,0.3750585077126,0.357653407931949,0.44363044164505,0.395635775666771,0,0.0556390977443609,TRUE,FALSE,2000,2000,2000,0,0,0,FALSE,0.0493100891995163,0.51625165781626,0.00630788979645416,0.918,0.0128897539494426,0.0730861381325069,3.76363636363637e-05,4.30622009569377e-05,20,100,"dba86105416f29f278a21752a0a7527b",TRUE,29,29,29,0.545104713355137,0.41632696653249,0.647796219042853,4.55921594202507,0,0,0,1
"2019","education","queen","mean_rank",0.5,0.5,"control_only",8,"Incidence-Guided Saturation Regions",20,20,TRUE,0.233597024641206,0.00154267767783469,0.00115525451950399,0.000387423158330699,0.0392769356981256,0.0196830678079079,0.279742293976364,0.290920981176981,0.298752600233315,0.00760017933835773,0.0087825898168897,0.000481315959161697,0.748863185163548,0.281782279128491,0.320202538053836,0.286300463837971,0.331740187848678,0,0.16390977443609,TRUE,FALSE,2000,2000,2000,0,0,0,FALSE,0.0375971818578569,0.478970910826448,0.00577995629194911,0.9255,0.0121812575605502,0.0646830056760576,3.45025252525253e-05,-2.18926103136641e-05,20,100,"07fa190afd20364342fa66a4d142a447",TRUE,29,29,29,0.453644347699071,0.326403420895245,0.572667693955006,3.67958405146329,0,0,0,2
"2020","education","queen","mean_rank",0.5,0.5,"control_only",8,"Incidence-Guided Saturation Regions",20,20,TRUE,0.254675473259754,0.00332260086278152,0.0014056052493812,0.00191699561340031,0.0576420060613917,0.0437835084638076,0.288212959065876,0.36615308986749,0.438227331563898,0.0083833324202885,0.0128891443912727,0.0025229262119705,0.423043665920348,0.2957738732651,0.331243376896019,0.38013619197017,0.375198401997276,0.333333333333333,0.443609022556391,TRUE,FALSE,2000,2000,2000,0,0,0,FALSE,0.0506100733859302,0.499165707867403,0.00568816869984485,0.9205,0.0130928704380933,0.0742231052232955,3.66489898989899e-05,-8.58745348219041e-05,20,100,"9b3d6dfbb380acd395ed0d9eff84e5e5",FALSE,29,29,29,0.499733956435708,0.370648699469209,0.593560904234309,8.68469808474463,0,0,0,4
"2021","education","queen","mean_rank",0.5,0.5,"control_only",8,"Incidence-Guided Saturation Regions",20,20,TRUE,0.231470344207293,0.0025866239389314,0.00130100601919991,0.0012856179197315,0.0508588629339214,0.0358555144954231,0.288282140482962,0.336979344065846,0.374326874369003,0.00806537667812207,0.0113723874778593,0.00163884731075858,0.502974552898241,0.293548677792362,0.313869235571231,0.33965312541764,0.357205102441218,0.333333333333333,0.418045112781955,TRUE,FALSE,2000,2000,2000,0,0,0,FALSE,0.0491310777490991,0.474725259632019,0.00524529864685861,0.9285,0.0111521264096737,0.07814263928615,3.32651515151515e-05,-0.000115039872408295,20,100,"45513d4af7550d782325ecb126a90ab1",TRUE,29,29,29,0.49809019472491,0.388690588159465,0.620745565746494,8.00283467888915,0,0,0,1
"2018","education","queen","mean_rank",0,0.8,"control_only",8,"Incidence-Guided Saturation Regions",20,20,TRUE,0.24179543608729,0.00214619273042101,0.00132224357875944,0.000823949151661569,0.0463270194424486,0.0287045144822477,0.28590996170945,0.337486389062512,0.379063562319862,0.00813093960978508,0.0103590364668269,0.00132832945510521,0.616087996207154,0.308251088505937,0.302844648300663,0.319056111578889,0.382469243104629,0.333333333333333,0.431578947368421,TRUE,FALSE,2000,2000,2000,0,0,0,FALSE,0.0428421505155591,0.490487156233098,0.00572506033064051,0.9265,0.00916177493228383,0.034896785778332,3.40782828282828e-05,-2.60393407761836e-05,20,100,"bbf2ef314b3b524e35a811ea631ca5c8",TRUE,29,29,29,0.545104713355137,0.41632696653249,0.647796219042853,4.55921594202507,0,0,0,1
"2019","education","queen","mean_rank",0,0.8,"control_only",8,"Incidence-Guided Saturation Regions",20,20,TRUE,0.201928424184809,0.00166543928086083,0.000952406087436033,0.000713033193424793,0.0408097939330846,0.0267026813901674,0.24082242263625,0.29095007198569,0.299528085403079,0.00690074665321092,0.00912534733821356,0.000434781536913145,0.571864791698534,0.271354852209634,0.264118812612173,0.325177665529872,0.301481171694312,0,0.109774436090226,TRUE,FALSE,2000,2000,2000,0,0,0,FALSE,0.0451909996081675,0.448684850781926,0.00413425994141126,0.9345,0.0114686229552367,0.024704834822553,3.075e-05,-0.000273157894736844,20,100,"daa23fcb8cb582d335c60dfe186ad1f2",TRUE,29,29,29,0.453644347699071,0.326403420895245,0.572667693955006,3.67958405146329,0,0,0,2
"2020","education","queen","mean_rank",0,0.8,"control_only",8,"Incidence-Guided Saturation Regions",20,20,TRUE,0.228363554361425,0.00376769605259723,0.00120072340071255,0.00256697265188468,0.0613815611775819,0.050665300274297,0.273095303865518,0.367854443722437,0.422491311958189,0.00774830110641214,0.0137253343358135,0.00258394052117709,0.318689030099666,0.296901234116901,0.295555494102732,0.390664718571452,0.372578822947339,0.333333333333333,0.406015037593985,TRUE,FALSE,2000,2000,2000,0,0,0,FALSE,0.0601029983711445,0.476826245789518,0.00383885947974957,0.92,0.0110562328380357,0.0316272933982652,3.7030303030303e-05,-0.000445869218500798,20,100,"111dd3b3d841ba8b07d59c3a18e12f83",FALSE,29,29,29,0.499733956435708,0.370648699469209,0.593560904234309,8.68469808474463,0,0,0,4
"2021","education","queen","mean_rank",0,0.8,"control_only",8,"Incidence-Guided Saturation Regions",20,20,TRUE,0.215528076782522,0.00301285165730389,0.000982347144672943,0.00203050451263094,0.0548894494170226,0.0450611197445308,0.304168497958136,0.317126530821327,0.3194633869502,0.00700837764633493,0.0122736540143999,0.00234049296939712,0.326052277513064,0.325514983184558,0.288212233572127,0.341011939593477,0.293241122049176,1,0.589473684210526,TRUE,FALSE,2000,2000,2000,0,0,0,FALSE,0.0569468915494688,0.463130834514863,0.00719923241522463,0.9255,0.011325385947925,0.0322165625740641,3.43257575757576e-05,0.000350063795853268,20,100,"1790fa27d8562f42653c4d1e45b2564d",FALSE,29,29,29,0.49809019472491,0.388690588159465,0.620745565746494,8.00283467888915,0,0,0,1
"2018","education","queen","mean_rank",0.5,0.8,"control_only",8,"Incidence-Guided Saturation Regions",20,20,TRUE,0.245507484590007,0.00176074387366771,0.00125457391616932,0.000506169957498392,0.0419612186866363,0.0224982212074286,0.285484835600589,0.314110200976342,0.324967906610624,0.00792014493607699,0.00938281374020531,0.000513496497354445,0.71252493615439,0.294523916265583,0.324557414793715,0.337386712992098,0.33439894893299,0,0.103759398496241,TRUE,FALSE,2000,2000,2000,0,0,0,FALSE,0.0382180354129507,0.491156125113687,0.00504062443917835,0.9435,0.0116947332069547,0.065369299776845,2.66792929292929e-05,-2.54279638490175e-05,20,100,"c09faebd68c54be6ba005472612647ac",TRUE,29,29,29,0.545104713355137,0.41632696653249,0.647796219042853,4.55921594202507,0,0,0,1
"2019","education","queen","mean_rank",0.5,0.8,"control_only",8,"Incidence-Guided Saturation Regions",20,20,TRUE,0.223799808591273,0.00179480904271125,0.00111895814618143,0.000675850896529823,0.0423651866833046,0.0259971324674438,0.2596500075999,0.317144229556197,0.347057850439078,0.00747983337441894,0.0094731437303338,0.000757871556503757,0.623441335291649,0.291020693822039,0.290402295799757,0.312246027281428,0.331813773409305,0.333333333333333,-0.0180451127819549,TRUE,FALSE,2000,2000,2000,0,0,0,FALSE,0.0423286498320231,0.467115719294554,0.00480679343823871,0.929,0.0114869475507525,0.0748512750673286,3.30909090909091e-05,-0.000199712918660288,20,100,"2cf8a2c8bffc6c2c15ab3e6ab2c6f7e3",TRUE,29,29,29,0.453644347699071,0.326403420895245,0.572667693955006,3.67958405146329,0,0,0,2
"2020","education","queen","mean_rank",0.5,0.8,"control_only",8,"Incidence-Guided Saturation Regions",20,20,TRUE,0.250306988296544,0.0056513094427217,0.00144068329065821,0.00421062615206349,0.0751751916706681,0.0648893377379018,0.28140502406307,0.423962127404563,0.518883366280099,0.00848729429988795,0.016809683879719,0.00468380127263847,0.254929110723827,0.302069334492051,0.304794005430665,0.413611241097586,0.448497361658135,0.333333333333333,0.234586466165414,TRUE,FALSE,2000,2000,2000,0,0,0,FALSE,0.0671562707622218,0.496203252073079,0.00727197214979323,0.9205,0.0125370717346077,0.0639477984659685,3.64520202020202e-05,0.000328591174906964,20,100,"249944e2f13e698b8545761f696a16de",FALSE,29,29,29,0.499733956435708,0.370648699469209,0.593560904234309,8.68469808474463,0,0,0,4
"2021","education","queen","mean_rank",0.5,0.8,"control_only",8,"Incidence-Guided Saturation Regions",20,20,TRUE,0.231087171069379,0.00293679008385502,0.00130025489922491,0.00163653518463011,0.0541921588779689,0.0404541120855483,0.307385111129626,0.321044823740803,0.330270794510322,0.00806304811849995,0.0121177351098607,0.00137041736408253,0.442746965938442,0.354113923329841,0.301160788532387,0.374162549856627,0.308534375596798,0,0.451127819548872,TRUE,FALSE,2000,2000,2000,0,0,0,FALSE,0.0524379395610092,0.475407812367791,0.00517585487472461,0.929,0.00960148593022484,0.071236107481042,3.30555555555556e-05,-0.000125321637426902,20,100,"9053a355157ffac829e6666fb713f378",FALSE,29,29,29,0.49809019472491,0.388690588159465,0.620745565746494,8.00283467888915,0,0,0,1
"2018","education","queen","mean_rank",0,0.5,"both",9,"Simple Random Sampling",20,20,TRUE,0.0737942367711406,0.000166333509501304,0.00010882665123275,5.7506858268554e-05,0.012897034911223,0.00758332765140436,0.0848566156474504,0.099371286866048,0.109481915182658,0.00233266640599068,0.00288386467696825,7.35987690966568e-05,0.654267751333033,0.0956815273394608,0.0846398572006354,0.107134927776103,0.100607983162094,0.333333333333333,0.267669172932331,TRUE,FALSE,2000,2000,2000,0,0,0,FALSE,0.0390798089817235,0.271531217003609,0.00745512893036874,0.932,0.0055842222838678,0.00806442581214273,3.14747474747475e-05,0.00048208399787347,20,100,"d24fc8915c9581042d0922c6cad71eee",TRUE,29,29,29,0.500785929914919,0.314508582213638,0.68561367828357,-0.901957340911287,0,0,0,4
"2019","education","queen","mean_rank",0,0.5,"both",9,"Simple Random Sampling",20,20,TRUE,0.0737942367711406,0.000166333509501304,0.00010882665123275,5.7506858268554e-05,0.012897034911223,0.00758332765140436,0.0848566156474504,0.099371286866048,0.109481915182658,0.00233266640599068,0.00288386467696825,7.35987690966568e-05,0.654267751333033,0.0956815273394608,0.0846398572006354,0.107134927776103,0.100607983162094,0.333333333333333,0.267669172932331,TRUE,FALSE,2000,2000,2000,0,0,0,FALSE,0.0390798089817235,0.271531217003609,0.00745512893036874,0.932,0.0055842222838678,0.00806442581214273,3.14747474747475e-05,0.00048208399787347,20,100,"d24fc8915c9581042d0922c6cad71eee",TRUE,29,29,29,0.50069696164219,0.313306121476637,0.685744901068121,1.19660999274909,0,0,0,4
"2020","education","queen","mean_rank",0,0.5,"both",9,"Simple Random Sampling",20,20,TRUE,0.0737942367711406,0.000166333509501304,0.00010882665123275,5.7506858268554e-05,0.012897034911223,0.00758332765140436,0.0848566156474504,0.099371286866048,0.109481915182658,0.00233266640599068,0.00288386467696825,7.35987690966568e-05,0.654267751333033,0.0956815273394608,0.0846398572006354,0.107134927776103,0.100607983162094,0.333333333333333,0.267669172932331,TRUE,FALSE,2000,2000,2000,0,0,0,FALSE,0.0390798089817235,0.271531217003609,0.00745512893036874,0.932,0.0055842222838678,0.00806442581214273,3.14747474747475e-05,0.00048208399787347,20,100,"d24fc8915c9581042d0922c6cad71eee",TRUE,29,29,29,0.500644715177808,0.312882563010975,0.685599752948953,1.69499808109388,0,0,0,4
"2021","education","queen","mean_rank",0,0.5,"both",9,"Simple Random Sampling",20,20,TRUE,0.0737942367711406,0.000166333509501304,0.00010882665123275,5.7506858268554e-05,0.012897034911223,0.00758332765140436,0.0848566156474504,0.099371286866048,0.109481915182658,0.00233266640599068,0.00288386467696825,7.35987690966568e-05,0.654267751333033,0.0956815273394608,0.0846398572006354,0.107134927776103,0.100607983162094,0.333333333333333,0.267669172932331,TRUE,FALSE,2000,2000,2000,0,0,0,FALSE,0.0390798089817235,0.271531217003609,0.00745512893036874,0.932,0.0055842222838678,0.00806442581214273,3.14747474747475e-05,0.00048208399787347,20,100,"d24fc8915c9581042d0922c6cad71eee",TRUE,29,29,29,0.500475007229866,0.312797009934478,0.686800807024632,1.60502649155216,0,0,0,4
"2018","education","queen","mean_rank",0.5,0.5,"both",9,"Simple Random Sampling",20,20,TRUE,0.0804728309532785,0.000266938827924029,0.000118386629903842,0.000148552198020188,0.016338262696016,0.0121881991294936,0.0977911842528857,0.110863639302171,0.112925282955351,0.00243296763134902,0.00365334660225409,9.58780854702579e-05,0.443497226778618,0.110455245753965,0.10418087733317,0.112707726802803,0.1172000432042,0.333333333333333,0.144360902255639,TRUE,FALSE,2000,2000,2000,0,0,0,FALSE,0.0453985097700263,0.281908108629647,0.0059648090806346,0.932,0.0064763993881194,0.0316330403555117,3.16666666666667e-05,7.82456140350868e-05,20,100,"9bb12b1bef60f74a0c4078eb671ec8a0",TRUE,29,29,29,0.500785929914919,0.314508582213638,0.68561367828357,-0.901957340911287,0,0,0,4
"2019","education","queen","mean_rank",0.5,0.5,"both",9,"Simple Random Sampling",20,20,TRUE,0.0804728309532785,0.000266938827924029,0.000118386629903842,0.000148552198020188,0.016338262696016,0.0121881991294936,0.0977911842528857,0.110863639302171,0.112925282955351,0.00243296763134902,0.00365334660225409,9.58780854702579e-05,0.443497226778618,0.110455245753965,0.10418087733317,0.112707726802803,0.1172000432042,0.333333333333333,0.144360902255639,TRUE,FALSE,2000,2000,2000,0,0,0,FALSE,0.0453985097700263,0.281908108629647,0.0059648090806346,0.932,0.0064763993881194,0.0316330403555117,3.16666666666667e-05,7.82456140350868e-05,20,100,"9bb12b1bef60f74a0c4078eb671ec8a0",TRUE,29,29,29,0.50069696164219,0.313306121476637,0.685744901068121,1.19660999274909,0,0,0,4
"2020","education","queen","mean_rank",0.5,0.5,"both",9,"Simple Random Sampling",20,20,TRUE,0.0804728309532785,0.000266938827924029,0.000118386629903842,0.000148552198020188,0.016338262696016,0.0121881991294936,0.0977911842528857,0.110863639302171,0.112925282955351,0.00243296763134902,0.00365334660225409,9.58780854702579e-05,0.443497226778618,0.110455245753965,0.10418087733317,0.112707726802803,0.1172000432042,0.333333333333333,0.144360902255639,TRUE,FALSE,2000,2000,2000,0,0,0,FALSE,0.0453985097700263,0.281908108629647,0.0059648090806346,0.932,0.0064763993881194,0.0316330403555117,3.16666666666667e-05,7.82456140350868e-05,20,100,"9bb12b1bef60f74a0c4078eb671ec8a0",TRUE,29,29,29,0.500644715177808,0.312882563010975,0.685599752948953,1.69499808109388,0,0,0,4
"2021","education","queen","mean_rank",0.5,0.5,"both",9,"Simple Random Sampling",20,20,TRUE,0.0804728309532785,0.000266938827924029,0.000118386629903842,0.000148552198020188,0.016338262696016,0.0121881991294936,0.0977911842528857,0.110863639302171,0.112925282955351,0.00243296763134902,0.00365334660225409,9.58780854702579e-05,0.443497226778618,0.110455245753965,0.10418087733317,0.112707726802803,0.1172000432042,0.333333333333333,0.144360902255639,TRUE,FALSE,2000,2000,2000,0,0,0,FALSE,0.0453985097700263,0.281908108629647,0.0059648090806346,0.932,0.0064763993881194,0.0316330403555117,3.16666666666667e-05,7.82456140350868e-05,20,100,"9bb12b1bef60f74a0c4078eb671ec8a0",TRUE,29,29,29,0.500475007229866,0.312797009934478,0.686800807024632,1.60502649155216,0,0,0,4
"2018","education","queen","mean_rank",0,0.8,"both",9,"Simple Random Sampling",20,20,TRUE,0.0767452608376106,8.14959833736138e-05,0.000117309406874506,-3.58134235008925e-05,0.0090275125795323,NA,0.084866487963295,0.0943826523458857,0.0984196224047856,0.00242187331289754,0.00201861317955687,-6.91709090024188e-05,1.43945016696968,0.0885418844933477,0.100388795823466,0.0956367884266379,0.115058549477811,0,-0.273684210526316,TRUE,FALSE,2000,2000,2000,0,0,0,FALSE,0.0263027730641005,0.276776947697554,0.0044292686814678,0.9285,0.00636078887821969,0.0118229463686628,3.33409090909091e-05,-0.000274449760765551,20,100,"2e91cec91465861785706a02012228b9",TRUE,29,29,29,0.500785929914919,0.314508582213638,0.68561367828357,-0.901957340911287,0,0,0,4
"2019","education","queen","mean_rank",0,0.8,"both",9,"Simple Random Sampling",20,20,TRUE,0.0767452608376106,8.14959833736138e-05,0.000117309406874506,-3.58134235008925e-05,0.0090275125795323,NA,0.084866487963295,0.0943826523458857,0.0984196224047856,0.00242187331289754,0.00201861317955687,-6.91709090024188e-05,1.43945016696968,0.0885418844933477,0.100388795823466,0.0956367884266379,0.115058549477811,0,-0.273684210526316,TRUE,FALSE,2000,2000,2000,0,0,0,FALSE,0.0263027730641005,0.276776947697554,0.0044292686814678,0.9285,0.00636078887821969,0.0118229463686628,3.33409090909091e-05,-0.000274449760765551,20,100,"2e91cec91465861785706a02012228b9",TRUE,29,29,29,0.50069696164219,0.313306121476637,0.685744901068121,1.19660999274909,0,0,0,4
"2020","education","queen","mean_rank",0,0.8,"both",9,"Simple Random Sampling",20,20,TRUE,0.0767452608376106,8.14959833736138e-05,0.000117309406874506,-3.58134235008925e-05,0.0090275125795323,NA,0.084866487963295,0.0943826523458857,0.0984196224047856,0.00242187331289754,0.00201861317955687,-6.91709090024188e-05,1.43945016696968,0.0885418844933477,0.100388795823466,0.0956367884266379,0.115058549477811,0,-0.273684210526316,TRUE,FALSE,2000,2000,2000,0,0,0,FALSE,0.0263027730641005,0.276776947697554,0.0044292686814678,0.9285,0.00636078887821969,0.0118229463686628,3.33409090909091e-05,-0.000274449760765551,20,100,"2e91cec91465861785706a02012228b9",TRUE,29,29,29,0.500644715177808,0.312882563010975,0.685599752948953,1.69499808109388,0,0,0,4
"2021","education","queen","mean_rank",0,0.8,"both",9,"Simple Random Sampling",20,20,TRUE,0.0767452608376106,8.14959833736138e-05,0.000117309406874506,-3.58134235008925e-05,0.0090275125795323,NA,0.084866487963295,0.0943826523458857,0.0984196224047856,0.00242187331289754,0.00201861317955687,-6.91709090024188e-05,1.43945016696968,0.0885418844933477,0.100388795823466,0.0956367884266379,0.115058549477811,0,-0.273684210526316,TRUE,FALSE,2000,2000,2000,0,0,0,FALSE,0.0263027730641005,0.276776947697554,0.0044292686814678,0.9285,0.00636078887821969,0.0118229463686628,3.33409090909091e-05,-0.000274449760765551,20,100,"2e91cec91465861785706a02012228b9",TRUE,29,29,29,0.500475007229866,0.312797009934478,0.686800807024632,1.60502649155216,0,0,0,4
"2018","education","queen","mean_rank",0.5,0.8,"both",9,"Simple Random Sampling",20,20,TRUE,0.0853166675999076,0.000248361876006099,0.000142236109639247,0.000106125766366853,0.01575950113443,0.0103017360850904,0.109599056336266,0.111400645922321,0.111642647406867,0.00266679685802319,0.00352393158280705,0.000186406773594343,0.572697033564659,0.0973671860969478,0.105321313940187,0.116674359996826,0.121799707559963,0.333333333333333,0.723308270676692,TRUE,FALSE,2000,2000,2000,0,0,0,FALSE,0.0413041399991443,0.290689266368663,0.00682391306170324,0.9355,0.0068900933566698,0.0285730295550895,3.00277777777778e-05,0.000330760233918127,20,100,"7d6a4746e8d1b36fa0aba44b29c6c563",TRUE,29,29,29,0.500785929914919,0.314508582213638,0.68561367828357,-0.901957340911287,0,0,0,4
"2019","education","queen","mean_rank",0.5,0.8,"both",9,"Simple Random Sampling",20,20,TRUE,0.0853166675999076,0.000248361876006099,0.000142236109639247,0.000106125766366853,0.01575950113443,0.0103017360850904,0.109599056336266,0.111400645922321,0.111642647406867,0.00266679685802319,0.00352393158280705,0.000186406773594343,0.572697033564659,0.0973671860969478,0.105321313940187,0.116674359996826,0.121799707559963,0.333333333333333,0.723308270676692,TRUE,FALSE,2000,2000,2000,0,0,0,FALSE,0.0413041399991443,0.290689266368663,0.00682391306170324,0.9355,0.0068900933566698,0.0285730295550895,3.00277777777778e-05,0.000330760233918127,20,100,"7d6a4746e8d1b36fa0aba44b29c6c563",TRUE,29,29,29,0.50069696164219,0.313306121476637,0.685744901068121,1.19660999274909,0,0,0,4
"2020","education","queen","mean_rank",0.5,0.8,"both",9,"Simple Random Sampling",20,20,TRUE,0.0853166675999076,0.000248361876006099,0.000142236109639247,0.000106125766366853,0.01575950113443,0.0103017360850904,0.109599056336266,0.111400645922321,0.111642647406867,0.00266679685802319,0.00352393158280705,0.000186406773594343,0.572697033564659,0.0973671860969478,0.105321313940187,0.116674359996826,0.121799707559963,0.333333333333333,0.723308270676692,TRUE,FALSE,2000,2000,2000,0,0,0,FALSE,0.0413041399991443,0.290689266368663,0.00682391306170324,0.9355,0.0068900933566698,0.0285730295550895,3.00277777777778e-05,0.000330760233918127,20,100,"7d6a4746e8d1b36fa0aba44b29c6c563",TRUE,29,29,29,0.500644715177808,0.312882563010975,0.685599752948953,1.69499808109388,0,0,0,4
"2021","education","queen","mean_rank",0.5,0.8,"both",9,"Simple Random Sampling",20,20,TRUE,0.0853166675999076,0.000248361876006099,0.000142236109639247,0.000106125766366853,0.01575950113443,0.0103017360850904,0.109599056336266,0.111400645922321,0.111642647406867,0.00266679685802319,0.00352393158280705,0.000186406773594343,0.572697033564659,0.0973671860969478,0.105321313940187,0.116674359996826,0.121799707559963,0.333333333333333,0.723308270676692,TRUE,FALSE,2000,2000,2000,0,0,0,FALSE,0.0413041399991443,0.290689266368663,0.00682391306170324,0.9355,0.0068900933566698,0.0285730295550895,3.00277777777778e-05,0.000330760233918127,20,100,"7d6a4746e8d1b36fa0aba44b29c6c563",TRUE,29,29,29,0.500475007229866,0.312797009934478,0.686800807024632,1.60502649155216,0,0,0,4
"2018","education","queen","mean_rank",0,0.5,"control_only",9,"Simple Random Sampling",20,20,TRUE,0.330414958452221,0.0173152906978943,0.00257815937496209,0.0147371313229322,0.131587578053152,0.121396586949272,0.428962425568242,0.612847187526259,0.748638032930648,0.0113537645187887,0.0294238769521407,0.0147725540087477,0.148894951863304,0.507081821769321,0.386299378724839,0.572316482276037,0.672577845094569,0.333333333333333,0.702255639097744,TRUE,FALSE,2000,2000,2000,0,0,0,FALSE,0.0890512859646925,0.573611154067888,0.00509256423880109,0.9335,0.0121183165889252,0.0372183070695939,3.11035353535354e-05,-0.000103386496544393,20,100,"0dd60f1250552439401423f40b9ab1de",FALSE,29,29,29,0.500785929914919,0.314508582213638,0.68561367828357,-0.901957340911287,0,0,0,4
"2019","education","queen","mean_rank",0,0.5,"control_only",9,"Simple Random Sampling",20,20,TRUE,0.330414958452221,0.0173152906978943,0.00257815937496209,0.0147371313229322,0.131587578053152,0.121396586949272,0.428962425568242,0.612847187526259,0.748638032930648,0.0113537645187887,0.0294238769521407,0.0147725540087477,0.148894951863304,0.507081821769321,0.386299378724839,0.572316482276037,0.672577845094569,0.333333333333333,0.702255639097744,TRUE,FALSE,2000,2000,2000,0,0,0,FALSE,0.0890512859646925,0.573611154067888,0.00509256423880109,0.9335,0.0121183165889252,0.0372183070695939,3.11035353535354e-05,-0.000103386496544393,20,100,"0dd60f1250552439401423f40b9ab1de",FALSE,29,29,29,0.50069696164219,0.313306121476637,0.685744901068121,1.19660999274909,0,0,0,4
"2020","education","queen","mean_rank",0,0.5,"control_only",9,"Simple Random Sampling",20,20,TRUE,0.330414958452221,0.0173152906978943,0.00257815937496209,0.0147371313229322,0.131587578053152,0.121396586949272,0.428962425568242,0.612847187526259,0.748638032930648,0.0113537645187887,0.0294238769521407,0.0147725540087477,0.148894951863304,0.507081821769321,0.386299378724839,0.572316482276037,0.672577845094569,0.333333333333333,0.702255639097744,TRUE,FALSE,2000,2000,2000,0,0,0,FALSE,0.0890512859646925,0.573611154067888,0.00509256423880109,0.9335,0.0121183165889252,0.0372183070695939,3.11035353535354e-05,-0.000103386496544393,20,100,"0dd60f1250552439401423f40b9ab1de",FALSE,29,29,29,0.500644715177808,0.312882563010975,0.685599752948953,1.69499808109388,0,0,0,4
"2021","education","queen","mean_rank",0,0.5,"control_only",9,"Simple Random Sampling",20,20,TRUE,0.330414958452221,0.0173152906978943,0.00257815937496209,0.0147371313229322,0.131587578053152,0.121396586949272,0.428962425568242,0.612847187526259,0.748638032930648,0.0113537645187887,0.0294238769521407,0.0147725540087477,0.148894951863304,0.507081821769321,0.386299378724839,0.572316482276037,0.672577845094569,0.333333333333333,0.702255639097744,TRUE,FALSE,2000,2000,2000,0,0,0,FALSE,0.0890512859646925,0.573611154067888,0.00509256423880109,0.9335,0.0121183165889252,0.0372183070695939,3.11035353535354e-05,-0.000103386496544393,20,100,"0dd60f1250552439401423f40b9ab1de",FALSE,29,29,29,0.500475007229866,0.312797009934478,0.686800807024632,1.60502649155216,0,0,0,4
"2018","education","queen","mean_rank",0.5,0.5,"control_only",9,"Simple Random Sampling",20,20,TRUE,0.357533343039112,0.0175575067259279,0.00337511201167853,0.0141823947142493,0.132504742277127,0.119089859829665,0.458267966753501,0.677661005012503,0.782536352241466,0.0129905966215539,0.0296289611072747,0.0150739666708717,0.192231850704313,0.487060024753588,0.490503939667623,0.61894048844531,0.736381521579695,1,0.613533834586466,TRUE,FALSE,2000,2000,2000,0,0,0,FALSE,0.0828704837859932,0.596116476710449,0.0059945150367912,0.9365,0.0138868457653807,0.0466742887833598,2.96893939393939e-05,0.000124896331738436,20,100,"41da99612ef331d16cf24a6f62f4a4aa",FALSE,29,29,29,0.500785929914919,0.314508582213638,0.68561367828357,-0.901957340911287,0,0,0,4
"2019","education","queen","mean_rank",0.5,0.5,"control_only",9,"Simple Random Sampling",20,20,TRUE,0.357533343039112,0.0175575067259279,0.00337511201167853,0.0141823947142493,0.132504742277127,0.119089859829665,0.458267966753501,0.677661005012503,0.782536352241466,0.0129905966215539,0.0296289611072747,0.0150739666708717,0.192231850704313,0.487060024753588,0.490503939667623,0.61894048844531,0.736381521579695,1,0.613533834586466,TRUE,FALSE,2000,2000,2000,0,0,0,FALSE,0.0828704837859932,0.596116476710449,0.0059945150367912,0.9365,0.0138868457653807,0.0466742887833598,2.96893939393939e-05,0.000124896331738436,20,100,"41da99612ef331d16cf24a6f62f4a4aa",FALSE,29,29,29,0.50069696164219,0.313306121476637,0.685744901068121,1.19660999274909,0,0,0,4
"2020","education","queen","mean_rank",0.5,0.5,"control_only",9,"Simple Random Sampling",20,20,TRUE,0.357533343039112,0.0175575067259279,0.00337511201167853,0.0141823947142493,0.132504742277127,0.119089859829665,0.458267966753501,0.677661005012503,0.782536352241466,0.0129905966215539,0.0296289611072747,0.0150739666708717,0.192231850704313,0.487060024753588,0.490503939667623,0.61894048844531,0.736381521579695,1,0.613533834586466,TRUE,FALSE,2000,2000,2000,0,0,0,FALSE,0.0828704837859932,0.596116476710449,0.0059945150367912,0.9365,0.0138868457653807,0.0466742887833598,2.96893939393939e-05,0.000124896331738436,20,100,"41da99612ef331d16cf24a6f62f4a4aa",FALSE,29,29,29,0.500644715177808,0.312882563010975,0.685599752948953,1.69499808109388,0,0,0,4
"2021","education","queen","mean_rank",0.5,0.5,"control_only",9,"Simple Random Sampling",20,20,TRUE,0.357533343039112,0.0175575067259279,0.00337511201167853,0.0141823947142493,0.132504742277127,0.119089859829665,0.458267966753501,0.677661005012503,0.782536352241466,0.0129905966215539,0.0296289611072747,0.0150739666708717,0.192231850704313,0.487060024753588,0.490503939667623,0.61894048844531,0.736381521579695,1,0.613533834586466,TRUE,FALSE,2000,2000,2000,0,0,0,FALSE,0.0828704837859932,0.596116476710449,0.0059945150367912,0.9365,0.0138868457653807,0.0466742887833598,2.96893939393939e-05,0.000124896331738436,20,100,"41da99612ef331d16cf24a6f62f4a4aa",FALSE,29,29,29,0.500475007229866,0.312797009934478,0.686800807024632,1.60502649155216,0,0,0,4
"2018","education","queen","mean_rank",0,0.8,"control_only",9,"Simple Random Sampling",20,20,TRUE,0.340546419619248,0.0131781579223532,0.00241595003230075,0.0107622078900524,0.114796158134117,0.10374106173571,0.510248276025416,0.560126546989918,0.585000492381652,0.0109907916737166,0.0256692013143701,0.011817213889765,0.183329874064018,0.495930651420187,0.570503429509618,0.538916689111047,0.606006196382584,0.333333333333333,0.822556390977444,TRUE,FALSE,2000,2000,2000,0,0,0,FALSE,0.0753765120862813,0.583079988068761,0.0053508484324795,0.926,0.0184903343743757,0.0237517816801548,3.43333333333333e-05,-0.000114035087719299,20,100,"ac322b5bea4c8163c656df36b45d9f48",FALSE,29,29,29,0.500785929914919,0.314508582213638,0.68561367828357,-0.901957340911287,0,0,0,4
"2019","education","queen","mean_rank",0,0.8,"control_only",9,"Simple Random Sampling",20,20,TRUE,0.340546419619248,0.0131781579223532,0.00241595003230075,0.0107622078900524,0.114796158134117,0.10374106173571,0.510248276025416,0.560126546989918,0.585000492381652,0.0109907916737166,0.0256692013143701,0.011817213889765,0.183329874064018,0.495930651420187,0.570503429509618,0.538916689111047,0.606006196382584,0.333333333333333,0.822556390977444,TRUE,FALSE,2000,2000,2000,0,0,0,FALSE,0.0753765120862813,0.583079988068761,0.0053508484324795,0.926,0.0184903343743757,0.0237517816801548,3.43333333333333e-05,-0.000114035087719299,20,100,"ac322b5bea4c8163c656df36b45d9f48",FALSE,29,29,29,0.50069696164219,0.313306121476637,0.685744901068121,1.19660999274909,0,0,0,4
"2020","education","queen","mean_rank",0,0.8,"control_only",9,"Simple Random Sampling",20,20,TRUE,0.340546419619248,0.0131781579223532,0.00241595003230075,0.0107622078900524,0.114796158134117,0.10374106173571,0.510248276025416,0.560126546989918,0.585000492381652,0.0109907916737166,0.0256692013143701,0.011817213889765,0.183329874064018,0.495930651420187,0.570503429509618,0.538916689111047,0.606006196382584,0.333333333333333,0.822556390977444,TRUE,FALSE,2000,2000,2000,0,0,0,FALSE,0.0753765120862813,0.583079988068761,0.0053508484324795,0.926,0.0184903343743757,0.0237517816801548,3.43333333333333e-05,-0.000114035087719299,20,100,"ac322b5bea4c8163c656df36b45d9f48",FALSE,29,29,29,0.500644715177808,0.312882563010975,0.685599752948953,1.69499808109388,0,0,0,4
"2021","education","queen","mean_rank",0,0.8,"control_only",9,"Simple Random Sampling",20,20,TRUE,0.340546419619248,0.0131781579223532,0.00241595003230075,0.0107622078900524,0.114796158134117,0.10374106173571,0.510248276025416,0.560126546989918,0.585000492381652,0.0109907916737166,0.0256692013143701,0.011817213889765,0.183329874064018,0.495930651420187,0.570503429509618,0.538916689111047,0.606006196382584,0.333333333333333,0.822556390977444,TRUE,FALSE,2000,2000,2000,0,0,0,FALSE,0.0753765120862813,0.583079988068761,0.0053508484324795,0.926,0.0184903343743757,0.0237517816801548,3.43333333333333e-05,-0.000114035087719299,20,100,"ac322b5bea4c8163c656df36b45d9f48",FALSE,29,29,29,0.500475007229866,0.312797009934478,0.686800807024632,1.60502649155216,0,0,0,4
"2018","education","queen","mean_rank",0.5,0.8,"control_only",9,"Simple Random Sampling",20,20,TRUE,0.353657246475871,0.0282986851479993,0.0035861141467875,0.0247125710012118,0.168222130375285,0.157202325050273,0.521060972668762,0.744462487486631,0.950078543998372,0.0133905081060942,0.0376156118838969,0.0244220557956976,0.126723702109567,0.455423435413909,0.564789799307571,0.648487285540987,0.888504430017389,0.333333333333333,0.627067669172932,TRUE,FALSE,2000,2000,2000,0,0,0,FALSE,0.106361773323549,0.593323943173618,0.00591496763349243,0.9345,0.0146630292488263,0.040298200118372,3.05782828282828e-05,8.81711855396054e-05,20,100,"ea98103eca44b022795a79e797d526ab",FALSE,29,29,29,0.500785929914919,0.314508582213638,0.68561367828357,-0.901957340911287,0,0,0,4
"2019","education","queen","mean_rank",0.5,0.8,"control_only",9,"Simple Random Sampling",20,20,TRUE,0.353657246475871,0.0282986851479993,0.0035861141467875,0.0247125710012118,0.168222130375285,0.157202325050273,0.521060972668762,0.744462487486631,0.950078543998372,0.0133905081060942,0.0376156118838969,0.0244220557956976,0.126723702109567,0.455423435413909,0.564789799307571,0.648487285540987,0.888504430017389,0.333333333333333,0.627067669172932,TRUE,FALSE,2000,2000,2000,0,0,0,FALSE,0.106361773323549,0.593323943173618,0.00591496763349243,0.9345,0.0146630292488263,0.040298200118372,3.05782828282828e-05,8.81711855396054e-05,20,100,"ea98103eca44b022795a79e797d526ab",FALSE,29,29,29,0.50069696164219,0.313306121476637,0.685744901068121,1.19660999274909,0,0,0,4
"2020","education","queen","mean_rank",0.5,0.8,"control_only",9,"Simple Random Sampling",20,20,TRUE,0.353657246475871,0.0282986851479993,0.0035861141467875,0.0247125710012118,0.168222130375285,0.157202325050273,0.521060972668762,0.744462487486631,0.950078543998372,0.0133905081060942,0.0376156118838969,0.0244220557956976,0.126723702109567,0.455423435413909,0.564789799307571,0.648487285540987,0.888504430017389,0.333333333333333,0.627067669172932,TRUE,FALSE,2000,2000,2000,0,0,0,FALSE,0.106361773323549,0.593323943173618,0.00591496763349243,0.9345,0.0146630292488263,0.040298200118372,3.05782828282828e-05,8.81711855396054e-05,20,100,"ea98103eca44b022795a79e797d526ab",FALSE,29,29,29,0.500644715177808,0.312882563010975,0.685599752948953,1.69499808109388,0,0,0,4
"2021","education","queen","mean_rank",0.5,0.8,"control_only",9,"Simple Random Sampling",20,20,TRUE,0.353657246475871,0.0282986851479993,0.0035861141467875,0.0247125710012118,0.168222130375285,0.157202325050273,0.521060972668762,0.744462487486631,0.950078543998372,0.0133905081060942,0.0376156118838969,0.0244220557956976,0.126723702109567,0.455423435413909,0.564789799307571,0.648487285540987,0.888504430017389,0.333333333333333,0.627067669172932,TRUE,FALSE,2000,2000,2000,0,0,0,FALSE,0.106361773323549,0.593323943173618,0.00591496763349243,0.9345,0.0146630292488263,0.040298200118372,3.05782828282828e-05,8.81711855396054e-05,20,100,"ea98103eca44b022795a79e797d526ab",FALSE,29,29,29,0.500475007229866,0.312797009934478,0.686800807024632,1.60502649155216,0,0,0,4
"2018","baseline_sensitivity","queen","mean_rank",0,0.5,"both",1,"Checkerboard (graph adaptation)",20,1,TRUE,0.259818845816007,0,0,0,0,0,0.259818845816007,0.259818845816007,0.259818845816007,0.0344522945178924,0.0344522945178924,0,NA,0.288292837411772,0.231344854220241,0.288292837411772,0.231344854220241,1,NA,FALSE,TRUE,200,200,200,0,0,0,TRUE,0.132601214548887,0.508388317545261,0.019231465004808,0.92,0.0360386923153645,0.0368804067155586,0.000369849246231154,0,20,200,"e2822464c9c3e4f46a9806c4eb1bb3a2",FALSE,27,27,27,0.503966288284889,0.503966288284889,0.503966288284889,-19.5536701450524,0,0,0,1
"2019","baseline_sensitivity","queen","mean_rank",0,0.5,"both",1,"Checkerboard (graph adaptation)",20,1,TRUE,0.241024364736361,0,0,0,0,0,0.241024364736361,0.241024364736361,0.241024364736361,0.0256208516430556,0.0256208516430556,0,NA,0.243801167253219,0.238247562219503,0.243801167253219,0.238247562219503,1,NA,FALSE,TRUE,200,200,200,0,0,0,TRUE,0.106299840976992,0.49058753859968,0.0217309958562539,0.895,0.0347768285524615,0.0186609674740726,0.000472236180904523,0,20,200,"6cfdd36348a9757307e9ce4c0bd96439",FALSE,27,27,27,0.504182396758149,0.504182396758149,0.504182396758149,-11.9988555901808,0,0,0,1
"2020","baseline_sensitivity","queen","mean_rank",0,0.5,"both",1,"Checkerboard (graph adaptation)",20,1,TRUE,0.183093414263449,0,0,0,0,0,0.183093414263449,0.183093414263449,0.183093414263449,0.0169396195111672,0.0169396195111672,0,NA,0.187358717587167,0.17882811093973,0.187358717587167,0.17882811093973,1,NA,FALSE,TRUE,200,200,200,0,0,0,TRUE,0.092518999546282,0.424914034066451,0.014695399751941,0.955,0.0301213572493979,0.0504130728762243,0.000215954773869347,0,20,200,"6e367a6909839aed3fa8ca34fe5b3bc4",FALSE,27,27,27,0.504106224456118,0.504106224456118,0.504106224456118,-21.3607615436613,0,0,0,1
"2021","baseline_sensitivity","queen","mean_rank",0,0.5,"both",1,"Checkerboard (graph adaptation)",20,1,TRUE,0.235684217189925,0,0,0,0,0,0.235684217189925,0.235684217189925,0.235684217189925,0.024058740975838,0.024058740975838,0,NA,0.23507253542231,0.236295898957539,0.23507253542231,0.236295898957539,1,NA,FALSE,TRUE,200,200,200,0,0,0,TRUE,0.102080407685723,0.484691051668813,0.0197693992252836,0.915,0.0343588376763745,-0.0275463540619252,0.000390829145728643,0,20,200,"0f13fc8d1cae9d27628c77497be20cb9",FALSE,27,27,27,0.506549694568102,0.506549694568102,0.506549694568102,-13.2758284292323,0,0,0,1
"2018","baseline_sensitivity","queen","mean_rank",0.5,0.5,"both",1,"Checkerboard (graph adaptation)",20,1,TRUE,0.249255366090482,0,0,0,0,0,0.249255366090482,0.249255366090482,0.249255366090482,0.0244420725076055,0.0244420725076055,0,NA,0.235269402785701,0.263241329395262,0.235269402785701,0.263241329395262,1,NA,FALSE,TRUE,200,200,200,0,0,0,TRUE,0.0980603663262072,0.499092026420813,0.0174757549207538,0.935,0.0353796957099238,0.0127481470672506,0.000305402010050251,0,20,200,"d00100b4e254590a31de9cfc00da0b27",FALSE,27,27,27,0.503966288284889,0.503966288284889,0.503966288284889,-19.5536701450524,0,0,0,1
"2019","baseline_sensitivity","queen","mean_rank",0.5,0.5,"both",1,"Checkerboard (graph adaptation)",20,1,TRUE,0.19683923100646,0,0,0,0,0,0.19683923100646,0.19683923100646,0.19683923100646,0.0192638840031662,0.0192638840031662,0,NA,0.211240326561677,0.182438135451242,0.211240326561677,0.182438135451242,1,NA,FALSE,TRUE,200,200,200,0,0,0,TRUE,0.097866080377717,0.443450769563652,0.0146953997519409,0.955,0.0314353915890156,-0.0138074610216358,0.000215954773869346,0,20,200,"7880de0a49e4adc750622d09793e9ba9",FALSE,27,27,27,0.504182396758149,0.504182396758149,0.504182396758149,-11.9988555901808,0,0,0,1
"2020","baseline_sensitivity","queen","mean_rank",0.5,0.5,"both",1,"Checkerboard (graph adaptation)",20,1,TRUE,0.243433327110854,0,0,0,0,0,0.243433327110854,0.243433327110854,0.243433327110854,0.0267435712819713,0.0267435712819713,0,NA,0.257831247162335,0.229035407059374,0.257831247162335,0.229035407059374,1,NA,FALSE,TRUE,200,200,200,0,0,0,TRUE,0.109859942347963,0.492959028521171,0.0168349958546813,0.94,0.0349449390157826,0.0206088163249993,0.000283417085427135,0,20,200,"bad6038151b8f08a02d73e9df29f54d8",FALSE,27,27,27,0.504106224456118,0.504106224456118,0.504106224456118,-21.3607615436613,0,0,0,1
"2021","baseline_sensitivity","queen","mean_rank",0.5,0.5,"both",1,"Checkerboard (graph adaptation)",20,1,TRUE,0.313849944912645,0,0,0,0,0,0.313849944912645,0.313849944912645,0.313849944912645,0.030549545327559,0.030549545327559,0,NA,0.36335823240151,0.26434165742378,0.36335823240151,0.26434165742378,1,NA,FALSE,TRUE,200,200,200,0,0,0,TRUE,0.0973380617800076,0.558564234241094,0.022180166793669,0.89,0.0395955687443385,-0.0430806353168749,0.000491959798994976,0,20,200,"476c47edc6eef4b6840307ef442dabb4",FALSE,27,27,27,0.506549694568102,0.506549694568102,0.506549694568102,-13.2758284292323,0,0,0,1
"2018","baseline_sensitivity","queen","mean_rank",0,0.8,"both",1,"Checkerboard (graph adaptation)",20,1,TRUE,0.246562985320103,0,0,0,0,0,0.246562985320103,0.246562985320103,0.246562985320103,0.0239405507283538,0.0239405507283538,0,NA,0.272658064614687,0.220467906025519,0.272658064614687,0.220467906025519,1,NA,FALSE,TRUE,200,200,200,0,0,0,TRUE,0.0970970995393846,0.494954912945877,0.0180868924470722,0.93,0.0350864235113869,-0.0397821501535784,0.000327135678391958,0,20,200,"f9ca05abb2c0112124db253075300dca",FALSE,27,27,27,0.503966288284889,0.503966288284889,0.503966288284889,-19.5536701450524,0,0,0,1
"2019","baseline_sensitivity","queen","mean_rank",0,0.8,"both",1,"Checkerboard (graph adaptation)",20,1,TRUE,0.1872113436721,0,0,0,0,0,0.1872113436721,0.1872113436721,0.1872113436721,0.0167123012223166,0.0167123012223166,0,NA,0.214514048778535,0.159908638565665,0.214514048778535,0.159908638565665,1,NA,FALSE,TRUE,200,200,200,0,0,0,TRUE,0.0892697039319803,0.432523924689342,0.0161610923059864,0.945,0.0306608080928716,-0.0115930256373524,0.000261180904522612,0,20,200,"de9667479e75148262cdc27c0fa7a1c1",FALSE,27,27,27,0.504182396758149,0.504182396758149,0.504182396758149,-11.9988555901808,0,0,0,1
"2020","baseline_sensitivity","queen","mean_rank",0,0.8,"both",1,"Checkerboard (graph adaptation)",20,1,TRUE,0.227944276788294,0,0,0,0,0,0.227944276788294,0.227944276788294,0.227944276788294,0.0230790138209539,0.0230790138209539,0,NA,0.227975433099487,0.2279131204771,0.227975433099487,0.2279131204771,1,NA,FALSE,TRUE,200,200,200,0,0,0,TRUE,0.101248489964891,0.476925673778157,0.0168349958546813,0.94,0.0338083646327272,-0.022049455311749,0.000283417085427135,0,20,200,"f665440a4b1e13bfbdb0837d9a234684",FALSE,27,27,27,0.504106224456118,0.504106224456118,0.504106224456118,-21.3607615436613,0,0,0,1
"2021","baseline_sensitivity","queen","mean_rank",0,0.8,"both",1,"Checkerboard (graph adaptation)",20,1,TRUE,0.245961410276329,0,0,0,0,0,0.245961410276329,0.245961410276329,0.245961410276329,0.0229032460342955,0.0229032460342955,0,NA,0.206512505557407,0.285410314995251,0.206512505557407,0.285410314995251,1,NA,FALSE,TRUE,200,200,200,0,0,0,TRUE,0.0931172333438992,0.493823113072358,0.0207854558737449,0.905,0.0350061923455701,-0.045827320146987,0.000432035175879396,0,20,200,"e0507c7b9edccdb34cb1fa34e7533f18",FALSE,27,27,27,0.506549694568102,0.506549694568102,0.506549694568102,-13.2758284292323,0,0,0,1
"2018","baseline_sensitivity","queen","mean_rank",0.5,0.8,"both",1,"Checkerboard (graph adaptation)",20,1,TRUE,0.244724238410479,0,0,0,0,0,0.244724238410479,0.244724238410479,0.244724238410479,0.0265645710593661,0.0265645710593661,0,NA,0.216796882488633,0.272651594332324,0.216796882488633,0.272651594332324,1,NA,FALSE,TRUE,200,200,200,0,0,0,TRUE,0.108548998791076,0.49467027639841,0.0168349958546813,0.94,0.0350662461615112,-0.00505530003055952,0.000283417085427137,0,20,200,"5e2d2e8573d7e35c26b714acc5021c3c",FALSE,27,27,27,0.503966288284889,0.503966288284889,0.503966288284889,-19.5536701450524,0,0,0,1
"2019","baseline_sensitivity","queen","mean_rank",0.5,0.8,"both",1,"Checkerboard (graph adaptation)",20,1,TRUE,0.223524470178814,0,0,0,0,0,0.223524470178814,0.223524470178814,0.223524470178814,0.0238751735944075,0.0238751735944075,0,NA,0.224932372429259,0.22211656792837,0.224932372429259,0.22211656792837,1,NA,FALSE,TRUE,200,200,200,0,0,0,TRUE,0.106812348443586,0.471356592012522,0.0161610923059864,0.945,0.0334135828934459,0.0367074017761464,0.000261180904522613,0,20,200,"7356726db68df0d88c8837e72b4506ef",FALSE,27,27,27,0.504182396758149,0.504182396758149,0.504182396758149,-11.9988555901808,0,0,0,1
"2020","baseline_sensitivity","queen","mean_rank",0.5,0.8,"both",1,"Checkerboard (graph adaptation)",20,1,TRUE,0.223660708896144,0,0,0,0,0,0.223660708896144,0.223660708896144,0.223660708896144,0.0197356908139281,0.0197356908139281,0,NA,0.213942276072271,0.233379141720017,0.213942276072271,0.233379141720017,1,NA,FALSE,TRUE,200,200,200,0,0,0,TRUE,0.0882394181406816,0.471348559371389,0.0168349958546813,0.94,0.0334130134746133,0.0386166346884371,0.000283417085427135,0,20,200,"0a5152c5f28c31544b75cbba329467db",FALSE,27,27,27,0.504106224456118,0.504106224456118,0.504106224456118,-21.3607615436613,0,0,0,1
"2021","baseline_sensitivity","queen","mean_rank",0.5,0.8,"both",1,"Checkerboard (graph adaptation)",20,1,TRUE,0.246808092653718,0,0,0,0,0,0.246808092653718,0.246808092653718,0.246808092653718,0.0247043432752422,0.0247043432752422,0,NA,0.286067979675576,0.20754820563186,0.286067979675576,0.20754820563186,1,NA,FALSE,TRUE,200,200,200,0,0,0,TRUE,0.100095353477341,0.496796110736668,0.0186713173196821,0.925,0.0352169425622464,0.00131034752605135,0.000348618090452262,0,20,200,"dc3570de179051837137e017a318699b",FALSE,27,27,27,0.506549694568102,0.506549694568102,0.506549694568102,-13.2758284292323,0,0,0,1
"2018","baseline_sensitivity","queen","mean_rank",0,0.5,"control_only",1,"Checkerboard (graph adaptation)",20,1,TRUE,0.989547713107322,0,0,0,0,0,0.989547713107322,0.989547713107322,0.989547713107322,0.107180449235386,0.107180449235386,0,NA,1.0445514869469,0.934543939267741,1.0445514869469,0.934543939267741,1,NA,FALSE,TRUE,200,200,200,0,0,0,TRUE,0.108312563220246,0.989780774190745,0.0180868924470722,0.93,0.0701636987902419,-0.0994069019218092,0.000327135678391958,0,20,200,"310ea8ac17666363d8f8557e7af84788",FALSE,27,27,27,0.503966288284889,0.503966288284889,0.503966288284889,-19.5536701450524,0,0,0,1
"2019","baseline_sensitivity","queen","mean_rank",0,0.5,"control_only",1,"Checkerboard (graph adaptation)",20,1,TRUE,0.780772449259461,0,0,0,0,0,0.780772449259461,0.780772449259461,0.780772449259461,0.0760846835081594,0.0760846835081594,0,NA,0.7731565340227,0.788388364496222,0.7731565340227,0.788388364496222,1,NA,FALSE,TRUE,200,200,200,0,0,0,TRUE,0.0974479614134994,0.883092182756829,0.0146953997519409,0.955,0.0626007450646102,-0.0303421491203393,0.000215954773869346,0,20,200,"215b0311fd674adc998d030a4ce86970",FALSE,27,27,27,0.504182396758149,0.504182396758149,0.504182396758149,-11.9988555901808,0,0,0,1
"2020","baseline_sensitivity","queen","mean_rank",0,0.5,"control_only",1,"Checkerboard (graph adaptation)",20,1,TRUE,1.03233472082653,0,0,0,0,0,1.03233472082653,1.03233472082653,1.03233472082653,0.106751355841649,0.106751355841649,0,NA,0.956457032198036,1.10821240945502,0.956457032198036,1.10821240945502,1,NA,FALSE,TRUE,200,200,200,0,0,0,TRUE,0.103407696833232,1.01498980798263,0.019231465004808,0.92,0.0719507198153903,-0.0461563702853976,0.000369849246231155,0,20,200,"552a176a3fa78a480fef94ec4079812c",FALSE,27,27,27,0.504106224456118,0.504106224456118,0.504106224456118,-21.3607615436613,0,0,0,1
"2021","baseline_sensitivity","queen","mean_rank",0,0.5,"control_only",1,"Checkerboard (graph adaptation)",20,1,TRUE,0.906322153899189,0,0,0,0,0,0.906322153899189,0.906322153899189,0.906322153899189,0.102584288701432,0.102584288701432,0,NA,0.927977126269656,0.884667181528723,0.927977126269656,0.884667181528723,1,NA,FALSE,TRUE,200,200,200,0,0,0,TRUE,0.113187444729331,0.951289358947469,0.0161610923059864,0.945,0.0674351147082289,0.0370230935026048,0.000261180904522612,0,20,200,"8ef210b77b2f57f1ce2def5c17586c9c",FALSE,27,27,27,0.506549694568102,0.506549694568102,0.506549694568102,-13.2758284292323,0,0,0,1
"2018","baseline_sensitivity","queen","mean_rank",0.5,0.5,"control_only",1,"Checkerboard (graph adaptation)",20,1,TRUE,0.901271499681911,0,0,0,0,0,0.901271499681911,0.901271499681911,0.901271499681911,0.0759099836464569,0.0759099836464569,0,NA,0.899242204802375,0.903300794561447,0.899242204802375,0.903300794561447,1,NA,FALSE,TRUE,200,200,200,0,0,0,TRUE,0.0842254344814499,0.946277694014639,0.0138911779241576,0.96,0.0670798472005607,0.0763546036087389,0.000192964824120603,0,20,200,"156df7ce6da59e9e02d2d5020ad2f918",FALSE,27,27,27,0.503966288284889,0.503966288284889,0.503966288284889,-19.5536701450524,0,0,0,1
"2019","baseline_sensitivity","queen","mean_rank",0.5,0.5,"control_only",1,"Checkerboard (graph adaptation)",20,1,TRUE,1.06033694327605,0,0,0,0,0,1.06033694327605,1.06033694327605,1.06033694327605,0.108818145138075,0.108818145138075,0,NA,1.07276055502063,1.04791333153148,1.07276055502063,1.04791333153148,1,NA,FALSE,TRUE,200,200,200,0,0,0,TRUE,0.102626005656152,1.02567500903553,0.0217309958562539,0.895,0.0727081736352045,-0.0912563374019034,0.000472236180904523,0,20,200,"66a2d9f62eec4d24ea156cc390f437b6",FALSE,27,27,27,0.504182396758149,0.504182396758149,0.504182396758149,-11.9988555901808,0,0,0,1
"2020","baseline_sensitivity","queen","mean_rank",0.5,0.5,"control_only",1,"Checkerboard (graph adaptation)",20,1,TRUE,1.02490265178525,0,0,0,0,0,1.02490265178525,1.02490265178525,1.02490265178525,0.0946001841315817,0.0946001841315817,0,NA,1.06326098726536,0.986544316305135,1.06326098726536,0.986544316305135,1,NA,FALSE,TRUE,200,200,200,0,0,0,TRUE,0.0923016288101124,1.0104125693109,0.019231465004808,0.92,0.071626247968868,0.0630007266925612,0.000369849246231154,0,20,200,"dd6ebd4b75a86b604f4d9dbf88b6ccf9",FALSE,27,27,27,0.504106224456118,0.504106224456118,0.504106224456118,-21.3607615436613,0,0,0,1
"2021","baseline_sensitivity","queen","mean_rank",0.5,0.5,"control_only",1,"Checkerboard (graph adaptation)",20,1,TRUE,0.97269456610686,0,0,0,0,0,0.97269456610686,0.97269456610686,0.97269456610686,0.0898813129144898,0.0898813129144898,0,NA,1.04868365780895,0.896705474404772,1.04868365780895,0.896705474404772,1,NA,FALSE,TRUE,200,200,200,0,0,0,TRUE,0.0924044566982966,0.971127625723435,0.0174757549207538,0.935,0.0688414121539713,0.1720630717604,0.000305402010050251,0,20,200,"33e32005605334155ae5604af0afcc3f",FALSE,27,27,27,0.506549694568102,0.506549694568102,0.506549694568102,-13.2758284292323,0,0,0,1
"2018","baseline_sensitivity","queen","mean_rank",0,0.8,"control_only",1,"Checkerboard (graph adaptation)",20,1,TRUE,0.800962778523755,0,0,0,0,0,0.800962778523755,0.800962778523755,0.800962778523755,0.0855916372436044,0.0855916372436044,0,NA,0.643810013515609,0.958115543531901,0.643810013515609,0.958115543531901,1,NA,FALSE,TRUE,200,200,200,0,0,0,TRUE,0.106860942279187,0.88883150773523,0.014695399751941,0.955,0.0630075950252726,0.104600809656869,0.000215954773869347,0,20,200,"75785a7d0147e8f2612bc8cc3b8517a0",FALSE,27,27,27,0.503966288284889,0.503966288284889,0.503966288284889,-19.5536701450524,0,0,0,1
"2019","baseline_sensitivity","queen","mean_rank",0,0.8,"control_only",1,"Checkerboard (graph adaptation)",20,1,TRUE,0.845732323164163,0,0,0,0,0,0.845732323164163,0.845732323164163,0.845732323164163,0.0936543103553616,0.0936543103553616,0,NA,0.827824475100975,0.863640171227352,0.827824475100975,0.863640171227352,1,NA,FALSE,TRUE,200,200,200,0,0,0,TRUE,0.110737532183907,0.911100617978761,0.0154497076780334,0.95,0.0645862103956624,-0.125011947760533,0.000238693467336684,0,20,200,"7a70f48d3bcb874d98248c0a31a26bbc",FALSE,27,27,27,0.504182396758149,0.504182396758149,0.504182396758149,-11.9988555901808,0,0,0,1
"2020","baseline_sensitivity","queen","mean_rank",0,0.8,"control_only",1,"Checkerboard (graph adaptation)",20,1,TRUE,0.908539716093082,0,0,0,0,0,0.908539716093082,0.908539716093082,0.908539716093082,0.0942715226209768,0.0942715226209768,0,NA,0.969260566834747,0.847818865351416,0.969260566834747,0.847818865351416,1,NA,FALSE,TRUE,200,200,200,0,0,0,TRUE,0.103761586809176,0.952136974027361,0.0202868871181541,0.91,0.0674952005481506,-0.0444398332929171,0.000411557788944725,0,20,200,"83caecca535689e4fdaaf0a3085ad7ea",FALSE,27,27,27,0.504106224456118,0.504106224456118,0.504106224456118,-21.3607615436613,0,0,0,1
"2021","baseline_sensitivity","queen","mean_rank",0,0.8,"control_only",1,"Checkerboard (graph adaptation)",20,1,TRUE,0.887142191780703,0,0,0,0,0,0.887142191780703,0.887142191780703,0.887142191780703,0.100779824970162,0.100779824970162,0,NA,0.915556575024862,0.858727808536545,0.915556575024862,0.858727808536545,1,NA,FALSE,TRUE,200,200,200,0,0,0,TRUE,0.11360053202731,0.938736780713805,0.0154497076780334,0.95,0.0665452860298048,0.0769119517096329,0.000238693467336684,0,20,200,"26089645395a66a7d8cab39ed7865e3e",FALSE,27,27,27,0.506549694568102,0.506549694568102,0.506549694568102,-13.2758284292323,0,0,0,1
"2018","baseline_sensitivity","queen","mean_rank",0.5,0.8,"control_only",1,"Checkerboard (graph adaptation)",20,1,TRUE,0.959644196152902,0,0,0,0,0,0.959644196152902,0.959644196152902,0.959644196152902,0.0857044888738639,0.0857044888738639,0,NA,0.973058114845299,0.946230277460505,0.973058114845299,0.946230277460505,1,NA,FALSE,TRUE,200,200,200,0,0,0,TRUE,0.0893086096049378,0.979512698721535,0.0174757549207538,0.935,0.0694358142190688,-0.0141091883593086,0.000305402010050251,0,20,200,"275aef14317598d078a78258b63b23cc",FALSE,27,27,27,0.503966288284889,0.503966288284889,0.503966288284889,-19.5536701450524,0,0,0,1
"2019","baseline_sensitivity","queen","mean_rank",0.5,0.8,"control_only",1,"Checkerboard (graph adaptation)",20,1,TRUE,0.867562370167763,0,0,0,0,0,0.867562370167763,0.867562370167763,0.867562370167763,0.101975080518384,0.101975080518384,0,NA,0.991045464272956,0.74407927606257,0.991045464272956,0.74407927606257,1,NA,FALSE,TRUE,200,200,200,0,0,0,TRUE,0.117542074235729,0.929621166103997,0.019231465004808,0.92,0.0658990972429056,0.058024630108327,0.000369849246231154,0,20,200,"3d81cb2cbad325d2874d6ffb214fd9fe",FALSE,27,27,27,0.504182396758149,0.504182396758149,0.504182396758149,-11.9988555901808,0,0,0,1
"2020","baseline_sensitivity","queen","mean_rank",0.5,0.8,"control_only",1,"Checkerboard (graph adaptation)",20,1,TRUE,0.983081242610549,0,0,0,0,0,0.983081242610549,0.983081242610549,0.983081242610549,0.0937230055372714,0.0937230055372714,0,NA,0.910767677712221,1.05539480750888,0.910767677712221,1.05539480750888,1,NA,FALSE,TRUE,200,200,200,0,0,0,TRUE,0.0953359717131742,0.990278949508616,0.0186713173196821,0.925,0.0701990135022057,-0.0492833112793894,0.000348618090452262,0,20,200,"b8cee3de9561ad0423e9e235737ffc59",FALSE,27,27,27,0.504106224456118,0.504106224456118,0.504106224456118,-21.3607615436613,0,0,0,1
"2021","baseline_sensitivity","queen","mean_rank",0.5,0.8,"control_only",1,"Checkerboard (graph adaptation)",20,1,TRUE,0.832453321613754,0,0,0,0,0,0.832453321613754,0.832453321613754,0.832453321613754,0.0778857197732323,0.0778857197732323,0,NA,0.77177578034946,0.893130862878047,0.77177578034946,0.893130862878047,1,NA,FALSE,TRUE,200,200,200,0,0,0,TRUE,0.0935616661631512,0.908075536987007,0.0138911779241576,0.96,0.0643717680897941,-0.0886123058018082,0.000192964824120603,0,20,200,"bff57e8a7b33ec5d202db03bc146cb10",FALSE,27,27,27,0.506549694568102,0.506549694568102,0.506549694568102,-13.2758284292323,0,0,0,1
"2018","baseline_sensitivity","queen","mean_rank",0,0.5,"both",2,"High Incidence Focus",20,1,TRUE,0.321583941203149,0,0,0,0,0,0.321583941203149,0.321583941203149,0.321583941203149,0.0302999057484862,0.0302999057484862,0,NA,0.353156383359063,0.290011499047235,0.353156383359063,0.290011499047235,1,NA,FALSE,TRUE,200,200,200,0,0,0,TRUE,0.0942208296693066,0.564088275964013,0.019231465004808,0.92,0.0399871576796444,0.0582096050759392,0.000369849246231154,0,20,200,"72dec996aed111916ccd30b8d2815d9c",FALSE,29,29,29,0.222331266315861,0.222331266315861,0.222331266315861,53.4219564460164,0,0,0,1
"2019","baseline_sensitivity","queen","mean_rank",0,0.5,"both",2,"High Incidence Focus",20,1,TRUE,0.334503095759105,0,0,0,0,0,0.334503095759105,0.334503095759105,0.334503095759105,0.0354247412412481,0.0354247412412481,0,NA,0.354527392716009,0.314478798802202,0.354527392716009,0.314478798802202,1,NA,FALSE,TRUE,200,200,200,0,0,0,TRUE,0.105902581143104,0.575854727188862,0.0186713173196821,0.925,0.0408212592919387,0.0537998971499658,0.000348618090452262,0,20,200,"c788efee0bff3c0526d9ade49ff1958a",FALSE,29,29,29,0.235017910676067,0.235017910676067,0.235017910676067,50.0672756676011,0,0,0,1
"2020","baseline_sensitivity","queen","mean_rank",0,0.5,"both",2,"High Incidence Focus",20,1,TRUE,0.275067386423743,0,0,0,0,0,0.275067386423743,0.275067386423743,0.275067386423743,0.0276686484648959,0.0276686484648959,0,NA,0.322542750630574,0.227592022216912,0.322542750630574,0.227592022216912,1,NA,FALSE,TRUE,200,200,200,0,0,0,TRUE,0.100588618754941,0.524405318064568,0.0168349958546813,0.94,0.037174107378239,-0.00815161391030975,0.000283417085427136,0,20,200,"ce286a89344667f9183d47e817730359",FALSE,29,29,29,0.233336934599855,0.233336934599855,0.233336934599855,65.9989237607368,0,0,0,1
"2021","baseline_sensitivity","queen","mean_rank",0,0.5,"both",2,"High Incidence Focus",20,1,TRUE,0.27230237167802,0,0,0,0,0,0.27230237167802,0.27230237167802,0.27230237167802,0.0264848817315215,0.0264848817315215,0,NA,0.294773090593996,0.249831652762044,0.294773090593996,0.249831652762044,1,NA,FALSE,TRUE,200,200,200,0,0,0,TRUE,0.0972627655363874,0.521788904155456,0.0154497076780334,0.95,0.0369886347137698,0.00622183078112026,0.000238693467336683,0,20,200,"5047c45d494014dc59d277c23a26dab8",FALSE,29,29,29,0.223989677404995,0.223989677404995,0.223989677404995,63.6592646906665,0,0,0,1
"2018","baseline_sensitivity","queen","mean_rank",0.5,0.5,"both",2,"High Incidence Focus",20,1,TRUE,0.23776334365605,0,0,0,0,0,0.23776334365605,0.23776334365605,0.23776334365605,0.0258804167347614,0.0258804167347614,0,NA,0.243180087959619,0.232346599352481,0.243180087959619,0.232346599352481,1,NA,FALSE,TRUE,200,200,200,0,0,0,TRUE,0.108849481744336,0.485280760782393,0.0168349958546813,0.94,0.0344006410470785,0.0476017528092404,0.000283417085427135,0,20,200,"36340f14d2a26d60acd88f4f362c506e",FALSE,29,29,29,0.222331266315861,0.222331266315861,0.222331266315861,53.4219564460164,0,0,0,1
"2019","baseline_sensitivity","queen","mean_rank",0.5,0.5,"both",2,"High Incidence Focus",20,1,TRUE,0.351267904983548,0,0,0,0,0,0.351267904983548,0.351267904983548,0.351267904983548,0.0330253468896135,0.0330253468896135,0,NA,0.312236453338499,0.390299356628596,0.312236453338499,0.390299356628596,1,NA,FALSE,TRUE,200,200,200,0,0,0,TRUE,0.0940175473508186,0.592677312817417,0.0226148659249623,0.885,0.0420137807691113,-0.00122794750449979,0.000511432160804019,0,20,200,"3fd07f7f8e20884c5986e8be3b6d677e",FALSE,29,29,29,0.235017910676067,0.235017910676067,0.235017910676067,50.0672756676011,0,0,0,1
"2020","baseline_sensitivity","queen","mean_rank",0.5,0.5,"both",2,"High Incidence Focus",20,1,TRUE,0.282482716796654,0,0,0,0,0,0.282482716796654,0.282482716796654,0.282482716796654,0.0287881979867106,0.0287881979867106,0,NA,0.29916271092793,0.265802722665379,0.29916271092793,0.265802722665379,1,NA,FALSE,TRUE,200,200,200,0,0,0,TRUE,0.101911360500805,0.529554098807423,0.0174757549207538,0.935,0.037539094767971,0.0453340184950803,0.000305402010050251,0,20,200,"f4ad6f328b987a6ef3cc5feb1e05fcff",FALSE,29,29,29,0.233336934599855,0.233336934599855,0.233336934599855,65.9989237607368,0,0,0,1
"2021","baseline_sensitivity","queen","mean_rank",0.5,0.5,"both",2,"High Incidence Focus",20,1,TRUE,0.290622585849952,0,0,0,0,0,0.290622585849952,0.290622585849952,0.290622585849952,0.0316695747993076,0.0316695747993076,0,NA,0.323768972651076,0.257476199048827,0.323768972651076,0.257476199048827,1,NA,FALSE,TRUE,200,200,200,0,0,0,TRUE,0.108971485153802,0.538171517232424,0.019231465004808,0.92,0.0381499673636885,0.0315278272277378,0.000369849246231154,0,20,200,"9f97d9677caec30bf0d5ac1e0b267def",FALSE,29,29,29,0.223989677404995,0.223989677404995,0.223989677404995,63.6592646906665,0,0,0,1
"2018","baseline_sensitivity","queen","mean_rank",0,0.8,"both",2,"High Incidence Focus",20,1,TRUE,0.296920047058695,0,0,0,0,0,0.296920047058695,0.296920047058695,0.296920047058695,0.030064948285863,0.030064948285863,0,NA,0.216171235869535,0.377668858247854,0.216171235869535,0.377668858247854,1,NA,FALSE,TRUE,200,200,200,0,0,0,TRUE,0.10125604041791,0.538061538619828,0.0168349958546813,0.94,0.0381421711865463,0.0860803561607304,0.000283417085427136,0,20,200,"88d32735475c95c7ddf9cd5d48fa8aae",FALSE,29,29,29,0.222331266315861,0.222331266315861,0.222331266315861,53.4219564460164,0,0,0,1
"2019","baseline_sensitivity","queen","mean_rank",0,0.8,"both",2,"High Incidence Focus",20,1,TRUE,0.286797949790519,0,0,0,0,0,0.286797949790519,0.286797949790519,0.286797949790519,0.0307955476916807,0.0307955476916807,0,NA,0.243460704180711,0.330135195400326,0.243460704180711,0.330135195400326,1,NA,FALSE,TRUE,200,200,200,0,0,0,TRUE,0.107377154244562,0.535410730753246,0.0168349958546813,0.94,0.0379542603990755,0.0115455266139729,0.000283417085427136,0,20,200,"1e4657284a5fcad8881dfedfeca7e99e",FALSE,29,29,29,0.235017910676067,0.235017910676067,0.235017910676067,50.0672756676011,0,0,0,1
"2020","baseline_sensitivity","queen","mean_rank",0,0.8,"both",2,"High Incidence Focus",20,1,TRUE,0.318590858774987,0,0,0,0,0,0.318590858774987,0.318590858774987,0.318590858774987,0.0364809717684846,0.0364809717684846,0,NA,0.282176825580164,0.355004891969811,0.282176825580164,0.355004891969811,1,NA,FALSE,TRUE,200,200,200,0,0,0,TRUE,0.114507277166575,0.564366252645671,0.019231465004808,0.92,0.0400068629241502,0.00903280962214029,0.000369849246231155,0,20,200,"3715081dad4e01591bf0607f67ec45db",FALSE,29,29,29,0.233336934599855,0.233336934599855,0.233336934599855,65.9989237607368,0,0,0,1
"2021","baseline_sensitivity","queen","mean_rank",0,0.8,"both",2,"High Incidence Focus",20,1,TRUE,0.293908564066659,0,0,0,0,0,0.293908564066659,0.293908564066659,0.293908564066659,0.0307768538001295,0.0307768538001295,0,NA,0.304592318965959,0.283224809167359,0.304592318965959,0.283224809167359,1,NA,FALSE,TRUE,200,200,200,0,0,0,TRUE,0.104715743475747,0.536861512889158,0.020286887118154,0.91,0.0380571036179465,0.0754206871158233,0.000411557788944725,0,20,200,"f967525e7f8aa6fcc135516abbfbbc0d",FALSE,29,29,29,0.223989677404995,0.223989677404995,0.223989677404995,63.6592646906665,0,0,0,1
"2018","baseline_sensitivity","queen","mean_rank",0.5,0.8,"both",2,"High Incidence Focus",20,1,TRUE,0.285998378598508,0,0,0,0,0,0.285998378598508,0.285998378598508,0.285998378598508,0.0290245219067334,0.0290245219067334,0,NA,0.336517009736803,0.235479747460213,0.336517009736803,0.235479747460213,1,NA,FALSE,TRUE,200,200,200,0,0,0,TRUE,0.101484917673183,0.530113579365453,0.0180868924470722,0.93,0.0375787552931864,0.070554741661038,0.000327135678391958,0,20,200,"f35f911a3e65b4bc9b70153d216a2a19",FALSE,29,29,29,0.222331266315861,0.222331266315861,0.222331266315861,53.4219564460164,0,0,0,1
"2019","baseline_sensitivity","queen","mean_rank",0.5,0.8,"both",2,"High Incidence Focus",20,1,TRUE,0.283838591877787,0,0,0,0,0,0.283838591877787,0.283838591877787,0.283838591877787,0.0274693218887505,0.0274693218887505,0,NA,0.272819378046196,0.294857805709378,0.272819378046196,0.294857805709378,1,NA,FALSE,TRUE,200,200,200,0,0,0,TRUE,0.0967779670376113,0.532663750959763,0.0168349958546813,0.94,0.0377595321644617,0.0103884691491497,0.000283417085427136,0,20,200,"fcc72f2ba78f152d9a8ef2cc8504c0e5",FALSE,29,29,29,0.235017910676067,0.235017910676067,0.235017910676067,50.0672756676011,0,0,0,1
"2020","baseline_sensitivity","queen","mean_rank",0.5,0.8,"both",2,"High Incidence Focus",20,1,TRUE,0.323361715694106,0,0,0,0,0,0.323361715694106,0.323361715694106,0.323361715694106,0.0323145134263642,0.0323145134263642,0,NA,0.323529070747494,0.323194360640717,0.323529070747494,0.323194360640717,1,NA,FALSE,TRUE,200,200,200,0,0,0,TRUE,0.0999330219318021,0.556415118055675,0.0186713173196821,0.925,0.0394432219372162,0.117319785599852,0.000348618090452262,0,20,200,"a0e9d4f3b445e9b8838e17bcfc2c9e81",FALSE,29,29,29,0.233336934599855,0.233336934599855,0.233336934599855,65.9989237607368,0,0,0,1
"2021","baseline_sensitivity","queen","mean_rank",0.5,0.8,"both",2,"High Incidence Focus",20,1,TRUE,0.314178784211871,0,0,0,0,0,0.314178784211871,0.314178784211871,0.314178784211871,0.0318965039006813,0.0318965039006813,0,NA,0.316232135168419,0.312125433255323,0.316232135168419,0.312125433255323,1,NA,FALSE,TRUE,200,200,200,0,0,0,TRUE,0.101523417568423,0.554389406694281,0.0197693992252836,0.915,0.0392996230661298,0.0826508920522599,0.000390829145728643,0,20,200,"239078075eca194cd93f77ca83041698",FALSE,29,29,29,0.223989677404995,0.223989677404995,0.223989677404995,63.6592646906665,0,0,0,1
"2018","baseline_sensitivity","queen","mean_rank",0,0.5,"control_only",2,"High Incidence Focus",20,1,TRUE,0.391328688598056,0,0,0,0,0,0.391328688598056,0.391328688598056,0.391328688598056,0.0330484343895965,0.0330484343895965,0,NA,0.380728546585194,0.401928830610918,0.380728546585194,0.401928830610918,1,NA,FALSE,TRUE,200,200,200,0,0,0,TRUE,0.0844518568469726,0.625238403510623,0.0138911779241576,0.96,0.0443219752898099,0.0201401929867275,0.000192964824120603,0,20,200,"a03b6533821351d33c1d612c9535ef22",FALSE,29,29,29,0.222331266315861,0.222331266315861,0.222331266315861,53.4219564460164,0,0,0,1
"2019","baseline_sensitivity","queen","mean_rank",0,0.5,"control_only",2,"High Incidence Focus",20,1,TRUE,0.851938257558156,0,0,0,0,0,0.851938257558156,0.851938257558156,0.851938257558156,0.0939887687579174,0.0939887687579174,0,NA,0.852682299775241,0.851194215341072,0.852682299775241,0.851194215341072,1,NA,FALSE,TRUE,200,200,200,0,0,0,TRUE,0.110323451170405,0.91421880539419,0.0202868871181541,0.91,0.0648072528409114,0.127052089403429,0.000411557788944725,0,20,200,"065a455fec9e57c6789d27428437fc7d",FALSE,29,29,29,0.235017910676067,0.235017910676067,0.235017910676067,50.0672756676011,0,0,0,1
"2020","baseline_sensitivity","queen","mean_rank",0,0.5,"control_only",2,"High Incidence Focus",20,1,TRUE,0.657683703792083,0,0,0,0,0,0.657683703792083,0.657683703792083,0.657683703792083,0.0620086250547966,0.0620086250547966,0,NA,0.618794833596278,0.696572573987888,0.618794833596278,0.696572573987888,1,NA,FALSE,TRUE,200,200,200,0,0,0,TRUE,0.0942833533768076,0.81095210891149,0.0180868924470722,0.93,0.0574868708169229,-0.00635459236213693,0.000327135678391959,0,20,200,"6c4b954a51782b929da88b6fa7f01759",FALSE,29,29,29,0.233336934599855,0.233336934599855,0.233336934599855,65.9989237607368,0,0,0,1
"2021","baseline_sensitivity","queen","mean_rank",0,0.5,"control_only",2,"High Incidence Focus",20,1,TRUE,0.513100543687204,0,0,0,0,0,0.513100543687204,0.513100543687204,0.513100543687204,0.0562908322696098,0.0562908322696098,0,NA,0.492302321399822,0.533898765974585,0.492302321399822,0.533898765974585,1,NA,FALSE,TRUE,200,200,200,0,0,0,TRUE,0.109707216182421,0.712610661288455,0.0161610923059864,0.945,0.0505156304275947,0.0727089341500433,0.000261180904522613,0,20,200,"03cd386c5dd5ef079a54938048cd9552",FALSE,29,29,29,0.223989677404995,0.223989677404995,0.223989677404995,63.6592646906665,0,0,0,1
"2018","baseline_sensitivity","queen","mean_rank",0.5,0.5,"control_only",2,"High Incidence Focus",20,1,TRUE,0.403263534701591,0,0,0,0,0,0.403263534701591,0.403263534701591,0.403263534701591,0.0417689138158689,0.0417689138158689,0,NA,0.420922336689022,0.385604732714159,0.420922336689022,0.385604732714159,1,NA,FALSE,TRUE,200,200,200,0,0,0,TRUE,0.103577214951452,0.635029991238653,0.019231465004808,0.92,0.0450160825405689,0.000667030004527143,0.000369849246231154,0,20,200,"07d27c8cf0dfe8583c08d253f1c266c6",FALSE,29,29,29,0.222331266315861,0.222331266315861,0.222331266315861,53.4219564460164,0,0,0,1
"2019","baseline_sensitivity","queen","mean_rank",0.5,0.5,"control_only",2,"High Incidence Focus",20,1,TRUE,0.708494614945717,0,0,0,0,0,0.708494614945717,0.708494614945717,0.708494614945717,0.0615620231215602,0.0615620231215602,0,NA,0.667251838949751,0.749737390941683,0.667251838949751,0.749737390941683,1,NA,FALSE,TRUE,200,200,200,0,0,0,TRUE,0.0868913070373539,0.841713901610264,0.014695399751941,0.955,0.0596675164845752,-0.00351038199393333,0.000215954773869346,0,20,200,"fb5df23a835ff9d42186afd236249803",FALSE,29,29,29,0.235017910676067,0.235017910676067,0.235017910676067,50.0672756676011,0,0,0,1
"2020","baseline_sensitivity","queen","mean_rank",0.5,0.5,"control_only",2,"High Incidence Focus",20,1,TRUE,0.607827465932916,0,0,0,0,0,0.607827465932916,0.607827465932916,0.607827465932916,0.0594587928155354,0.0594587928155354,0,NA,0.628687623405259,0.586967308460573,0.628687623405259,0.586967308460573,1,NA,FALSE,TRUE,200,200,200,0,0,0,TRUE,0.0978218263373074,0.778938827267891,0.0180868924470722,0.93,0.0552175094501443,-0.0328902615896924,0.000327135678391958,0,20,200,"3e669e1f3f4e4278fd828339e9bfcbee",FALSE,29,29,29,0.233336934599855,0.233336934599855,0.233336934599855,65.9989237607368,0,0,0,1
"2021","baseline_sensitivity","queen","mean_rank",0.5,0.5,"control_only",2,"High Incidence Focus",20,1,TRUE,0.556623982714256,0,0,0,0,0,0.556623982714256,0.556623982714256,0.556623982714256,0.0608699127742376,0.0608699127742376,0,NA,0.583375206773897,0.529872758654614,0.583375206773897,0.529872758654614,1,NA,FALSE,TRUE,200,200,200,0,0,0,TRUE,0.109355533833484,0.740279897867362,0.0180868924470722,0.93,0.0524770506043663,0.0927882294676625,0.000327135678391959,0,20,200,"cd863c1a8629b6630ce862744ec3e44c",FALSE,29,29,29,0.223989677404995,0.223989677404995,0.223989677404995,63.6592646906665,0,0,0,1
"2018","baseline_sensitivity","queen","mean_rank",0,0.8,"control_only",2,"High Incidence Focus",20,1,TRUE,0.442858120028916,0,0,0,0,0,0.442858120028916,0.442858120028916,0.442858120028916,0.0460491743423146,0.0460491743423146,0,NA,0.419983562124894,0.465732677932937,0.419983562124894,0.465732677932937,1,NA,FALSE,TRUE,200,200,200,0,0,0,TRUE,0.103981777141871,0.654283641768406,0.0197693992252836,0.915,0.046380937639403,0.121536151589505,0.000390829145728643,0,20,200,"a7290a2874c4faeb7051b5283acee66b",FALSE,29,29,29,0.222331266315861,0.222331266315861,0.222331266315861,53.4219564460164,0,0,0,1
"2019","baseline_sensitivity","queen","mean_rank",0,0.8,"control_only",2,"High Incidence Focus",20,1,TRUE,0.779285672992302,0,0,0,0,0,0.779285672992302,0.779285672992302,0.779285672992302,0.0754285196884344,0.0754285196884344,0,NA,0.779698688069777,0.778872657914827,0.779698688069777,0.778872657914827,1,NA,FALSE,TRUE,200,200,200,0,0,0,TRUE,0.0967918727400747,0.880393971793234,0.0186713173196821,0.925,0.0624094739606862,0.064746640240528,0.000348618090452262,0,20,200,"444669da45d84606d5693be183778b8a",FALSE,29,29,29,0.235017910676067,0.235017910676067,0.235017910676067,50.0672756676011,0,0,0,1
"2020","baseline_sensitivity","queen","mean_rank",0,0.8,"control_only",2,"High Incidence Focus",20,1,TRUE,0.521075232755635,0,0,0,0,0,0.521075232755635,0.521075232755635,0.521075232755635,0.0517247237680138,0.0517247237680138,0,NA,0.514274082266606,0.527876383244663,0.514274082266606,0.527876383244663,1,NA,FALSE,TRUE,200,200,200,0,0,0,TRUE,0.099265366143915,0.718247916249492,0.014695399751941,0.955,0.0509152448365666,0.0720774830227729,0.000215954773869346,0,20,200,"e2cac99f072400992033b46b8fd0878f",FALSE,29,29,29,0.233336934599855,0.233336934599855,0.233336934599855,65.9989237607368,0,0,0,1
"2021","baseline_sensitivity","queen","mean_rank",0,0.8,"control_only",2,"High Incidence Focus",20,1,TRUE,0.526312906987885,0,0,0,0,0,0.526312906987885,0.526312906987885,0.526312906987885,0.0539476709926502,0.0539476709926502,0,NA,0.523441114354965,0.529184699620806,0.523441114354965,0.529184699620806,1,NA,FALSE,TRUE,200,200,200,0,0,0,TRUE,0.102501136256368,0.721636183008101,0.0186713173196821,0.925,0.0511554326988399,0.07452601130735,0.000348618090452262,0,20,200,"2d25d156e662802044d27b8201c994f7",FALSE,29,29,29,0.223989677404995,0.223989677404995,0.223989677404995,63.6592646906665,0,0,0,1
"2018","baseline_sensitivity","queen","mean_rank",0.5,0.8,"control_only",2,"High Incidence Focus",20,1,TRUE,0.440910518883676,0,0,0,0,0,0.440910518883676,0.440910518883676,0.440910518883676,0.0445036809075131,0.0445036809075131,0,NA,0.419148654460751,0.462672383306601,0.419148654460751,0.462672383306601,1,NA,FALSE,TRUE,200,200,200,0,0,0,TRUE,0.100935856600088,0.661236571975702,0.0174757549207538,0.935,0.0468738177937717,0.0606359197629384,0.000305402010050251,0,20,200,"1b3b81c4f28a059a1dd2bc572bb4290b",FALSE,29,29,29,0.222331266315861,0.222331266315861,0.222331266315861,53.4219564460164,0,0,0,1
"2019","baseline_sensitivity","queen","mean_rank",0.5,0.8,"control_only",2,"High Incidence Focus",20,1,TRUE,0.80672364591763,0,0,0,0,0,0.80672364591763,0.80672364591763,0.80672364591763,0.0715753128330311,0.0715753128330311,0,NA,0.772208988600988,0.841238303234271,0.772208988600988,0.841238303234271,1,NA,FALSE,TRUE,200,200,200,0,0,0,TRUE,0.0887234596323451,0.897643391940676,0.0180868924470722,0.93,0.0636322529346676,-0.0309836541238721,0.000327135678391959,0,20,200,"d7990a27ffda6b379dd8b2f555183f6a",FALSE,29,29,29,0.235017910676067,0.235017910676067,0.235017910676067,50.0672756676011,0,0,0,1
"2020","baseline_sensitivity","queen","mean_rank",0.5,0.8,"control_only",2,"High Incidence Focus",20,1,TRUE,0.591461578251081,0,0,0,0,0,0.591461578251081,0.591461578251081,0.591461578251081,0.0650604560826764,0.0650604560826764,0,NA,0.473671751182536,0.709251405319626,0.473671751182536,0.709251405319626,1,NA,FALSE,TRUE,200,200,200,0,0,0,TRUE,0.109999463152039,0.767470332340874,0.0180868924470722,0.93,0.0544045293997947,-0.0495062342303464,0.000327135678391958,0,20,200,"0763e2c0107dcc4acdbdbb11b97b082e",FALSE,29,29,29,0.233336934599855,0.233336934599855,0.233336934599855,65.9989237607368,0,0,0,1
"2021","baseline_sensitivity","queen","mean_rank",0.5,0.8,"control_only",2,"High Incidence Focus",20,1,TRUE,0.645948831706268,0,0,0,0,0,0.645948831706268,0.645948831706268,0.645948831706268,0.0732195917860563,0.0732195917860563,0,NA,0.63939097433168,0.652506689080856,0.63939097433168,0.652506689080856,1,NA,FALSE,TRUE,200,200,200,0,0,0,TRUE,0.113351999712806,0.802725270866228,0.0197693992252836,0.915,0.0569036857302295,-0.0397614287847914,0.000390829145728643,0,20,200,"2e22e53092fb7cc16e691de437f20a3f",FALSE,29,29,29,0.223989677404995,0.223989677404995,0.223989677404995,63.6592646906665,0,0,0,1
"2018","baseline_sensitivity","queen","mean_rank",0,0.5,"both",3,"Saturation Regions",20,20,TRUE,0.0764927360053744,0.000106133477773272,0.000118505888283842,-1.23724105105702e-05,0.0103021103553239,NA,0.0915188534318859,0.0963133958920172,0.0968724938897227,0.0024341927643866,0.00230362190662087,1.31841783386646e-06,1.11657406098574,0.0972243062717931,0.09751767892692,0.104830793789878,0.100334709707121,0,-0.0721804511278195,TRUE,FALSE,2000,2000,2000,0,0,0,FALSE,0.0301155642603634,0.276527724335932,0.00517458363440708,0.9275,0.00486635351747111,0.00501534435161691,3.37045454545455e-05,-0.000138564593301437,20,100,"133cd142ae2d8ccc2907e5036cf8df19",TRUE,29.05,28,30,0.488236907399426,0.334282285132303,0.6437329111376,1.32997865881398,0,0,0,1
"2019","baseline_sensitivity","queen","mean_rank",0,0.5,"both",3,"Saturation Regions",20,20,TRUE,0.0777924408042515,6.38645935343118e-05,0.000118676027803757,-5.48114342694455e-05,0.00799153261485629,NA,0.0875528812037733,0.0908753160241215,0.093546642233012,0.00243593952925516,0.00178696101712253,-2.73622887084169e-05,1.85824447062358,0.0934061731997491,0.0947539403320918,0.100351420459023,0.104214654148039,0,-0.266165413533835,TRUE,FALSE,2000,2000,2000,0,0,0,FALSE,0.0229708825002553,0.278513018905475,0.00567079313119797,0.927,0.00551481233972752,0.0149311454486902,3.38686868686869e-05,-3.42158426368961e-05,20,100,"26b88c9bb7c8a2fc919b65a4ad3539f7",TRUE,29.05,28,30,0.488177190625513,0.333412532332626,0.646510678072994,1.0873801577715,0,0,0,1
"2020","baseline_sensitivity","queen","mean_rank",0,0.5,"both",3,"Saturation Regions",20,20,TRUE,0.0754767693475789,0.000142727962598234,0.000127027489068593,1.57004735296411e-05,0.0119468808731917,0.00396238230483141,0.0929625680337226,0.0992710955751143,0.099805190157684,0.00252019333651798,0.00267140377515487,2.94140745223523e-05,0.889997213973855,0.103662317425976,0.0824840008743068,0.114145243983911,0.0917198121940746,0.333333333333333,0.166917293233083,TRUE,FALSE,2000,2000,2000,0,0,0,FALSE,0.0353937217801779,0.274484982559247,0.00537538248333132,0.931,0.00462162198362087,0.0116087767240481,3.21666666666667e-05,-6.5438596491229e-05,20,100,"ac97ccc6d4c74e8efe362995a87455ab",TRUE,29.05,28,30,0.488008547491598,0.333283321525134,0.648232033140811,1.65965534392257,0,0,0,1
"2021","baseline_sensitivity","queen","mean_rank",0,0.5,"both",3,"Saturation Regions",20,20,TRUE,0.0757406083465285,0.00016639780292094,0.000109504875757437,5.68929271635025e-05,0.0128995272363347,0.00754274003022128,0.0927618715860915,0.106711717979445,0.106735531298386,0.00233992388505948,0.00288442197780543,0.000101428591489562,0.658090875211051,0.083787060055935,0.099183107354592,0.110726923539267,0.105524920247619,0.333333333333333,0.273684210526316,TRUE,FALSE,2000,2000,2000,0,0,0,FALSE,0.0380828995274057,0.275168796354161,0.00504062443917835,0.9385,0.00560041829508545,0.00476884257768792,2.89065656565657e-05,-6.99734183944723e-05,20,100,"75ce13f3be69717a03f19d9df9c4bd71",TRUE,29.05,28,30,0.487744747005692,0.332551276405627,0.649306589758305,1.76865540710807,0,0,0,1
"2018","baseline_sensitivity","queen","mean_rank",0.5,0.5,"both",3,"Saturation Regions",20,20,TRUE,0.079647793355879,0.000239409981651309,0.000132256429442184,0.000107153552209125,0.0154728789063738,0.0103514999980256,0.0958740608946493,0.111070552778093,0.123164517107062,0.00257154068062498,0.00345984090422745,8.81648059300204e-05,0.55242654683801,0.0983987898954178,0.102757388882844,0.102637411959067,0.132382594872253,0,0.201503759398496,TRUE,FALSE,2000,2000,2000,0,0,0,FALSE,0.0434392562361186,0.280936618702936,0.00606434792780507,0.9275,0.00488722866992685,0.0268776789853589,3.36085858585859e-05,6.33545986177549e-05,20,100,"ecce2f2f5ae2c5399b4e7f0a3d9a8ff0",TRUE,29.05,28,30,0.488236907399426,0.334282285132303,0.6437329111376,1.32997865881398,0,0,0,1
"2019","baseline_sensitivity","queen","mean_rank",0.5,0.5,"both",3,"Saturation Regions",20,20,TRUE,0.0783652035527594,0.000136620327470479,0.000130829206194098,5.79112127638141e-06,0.0116884698515451,0.00240647486510485,0.0936533598501465,0.101050428777756,0.10490889987728,0.00255762786771354,0.00261362131410118,6.60431409563995e-06,0.957611569349863,0.0965582747745423,0.099820766776725,0.108600246609652,0.107792755700503,0,0.043609022556391,TRUE,FALSE,2000,2000,2000,0,0,0,FALSE,0.0333518091654232,0.277961976339266,0.0054046763377458,0.935,0.00601799582105448,0.0332015551191337,3.04141414141414e-05,-2.40723019670398e-05,20,100,"a878e5838c64762b56919d4ff003deae",TRUE,29.05,28,30,0.488177190625513,0.333412532332626,0.646510678072994,1.0873801577715,0,0,0,1
"2020","baseline_sensitivity","queen","mean_rank",0.5,0.5,"both",3,"Saturation Regions",20,20,TRUE,0.0819583445036247,0.000256010963552597,0.000137530640982268,0.000118480322570328,0.0160003426073505,0.0108848666767365,0.104072188247992,0.111794245914819,0.11792845003233,0.00262231425445415,0.0035777853733322,4.65628335265031e-05,0.537206059747566,0.0947878039465585,0.115889232142673,0.122797729364355,0.129120316992293,0,0.111278195488722,TRUE,FALSE,2000,2000,2000,0,0,0,FALSE,0.0436537047569814,0.284049495462362,0.0060903288304621,0.9295,0.00710375002357828,0.035696339184882,3.2739898989899e-05,8.70441254651773e-05,20,100,"36e25fb780e52a78b03816e13ef3c1ba",TRUE,29.05,28,30,0.488008547491598,0.333283321525134,0.648232033140811,1.65965534392257,0,0,0,1
"2021","baseline_sensitivity","queen","mean_rank",0.5,0.5,"both",3,"Saturation Regions",20,20,TRUE,0.0817060219935136,9.93972275457479e-05,0.000126120542875444,-2.67233153296959e-05,0.00996981582306052,NA,0.0944171502942066,0.0952990303094423,0.0959983494224837,0.00251118042835878,0.00222931859035163,-1.76939079511634e-05,1.26885372952074,0.095252360085778,0.0987114294778246,0.103836311071627,0.108354740924279,0,-0.15187969924812,TRUE,FALSE,2000,2000,2000,0,0,0,FALSE,0.0272846301405864,0.284581457911378,0.00414220891998968,0.932,0.00685714868567823,0.0268219277187156,3.18434343434344e-05,-0.000293710792131846,20,100,"44d2f05d2daf59391ebb004cb21b99b0",TRUE,29.05,28,30,0.487744747005692,0.332551276405627,0.649306589758305,1.76865540710807,0,0,0,1
"2018","baseline_sensitivity","queen","mean_rank",0,0.8,"both",3,"Saturation Regions",20,20,TRUE,0.0778939331490754,0.000153303726896875,0.000126274482883045,2.702924401383e-05,0.0123815882219073,0.00519896566769103,0.0933370963945755,0.106220587532129,0.109179945260932,0.00251271250726227,0.00276860729335956,4.86047802201187e-05,0.823688278419922,0.0957332431076693,0.0978528365683518,0.116511007193969,0.106660425520846,0.333333333333333,0.0766917293233083,TRUE,FALSE,2000,2000,2000,0,0,0,FALSE,0.0355432981932101,0.278301394487552,0.00530143972500817,0.934,0.00610947097283121,0.0210301444445698,3.08636363636364e-05,-5.5167464114834e-05,20,100,"22f13c28ef6f4bc8fbdffe18a1486f91",TRUE,29.05,28,30,0.488236907399426,0.334282285132303,0.6437329111376,1.32997865881398,0,0,0,1
"2019","baseline_sensitivity","queen","mean_rank",0,0.8,"both",3,"Saturation Regions",20,20,TRUE,0.072600271057669,0.000124324879421296,0.000105273817558961,1.90510618623356e-05,0.011150106699996,0.0043647522108747,0.0848838035818584,0.0932948762684314,0.0995489094534454,0.00229427349676276,0.0024932396537567,-1.83299729953598e-05,0.846763882249362,0.097510374292429,0.0888872900392739,0.104930528714442,0.0957903018689043,0,-0.0451127819548872,TRUE,FALSE,2000,2000,2000,0,0,0,FALSE,0.0343420157725889,0.268657875714585,0.00520500771019197,0.9355,0.0058697187375787,0.0205722355177012,3.02146464646465e-05,-6.24508240297725e-05,20,100,"732de5d284f2ea9a692cb623d45090b0",TRUE,29.05,28,30,0.488177190625513,0.333412532332626,0.646510678072994,1.0873801577715,0,0,0,1
"2020","baseline_sensitivity","queen","mean_rank",0,0.8,"both",3,"Saturation Regions",20,20,TRUE,0.0730193840166731,0.000144930015615735,0.000101698945581728,4.32310700340072e-05,0.0120386882846818,0.00657503384280318,0.0825503723177372,0.100715950930973,0.104858222741951,0.00225498276691562,0.00269193253644789,4.98846321772137e-05,0.701710719823358,0.0859549446068696,0.0869454001546642,0.113162109536339,0.094292304496974,0.333333333333333,0.0766917293233083,TRUE,FALSE,2000,2000,2000,0,0,0,FALSE,0.0368659989768364,0.269681997221394,0.0051809367167683,0.94,0.00583409752230726,0.0170588508215813,2.82272727272727e-05,-2.77033492822978e-05,20,100,"78a24aa3c22e0b3fd3cd774923cd5bde",TRUE,29.05,28,30,0.488008547491598,0.333283321525134,0.648232033140811,1.65965534392257,0,0,0,1
"2021","baseline_sensitivity","queen","mean_rank",0,0.8,"both",3,"Saturation Regions",20,20,TRUE,0.075971629637102,0.000111418613552082,0.000118120666068867,-6.70205251678506e-06,0.0105555015774752,NA,0.0908446976446293,0.0932608353758492,0.0951512249666242,0.0024302331788212,0.00236028190638409,1.52718961597725e-05,1.06015200066775,0.0973098715635189,0.0946987349124283,0.100849961822934,0.0998428786154112,0,0.141353383458647,TRUE,FALSE,2000,2000,2000,0,0,0,FALSE,0.0310679383561809,0.275170601792547,0.00501969804082403,0.9275,0.00543362492864698,0.0158987278179502,3.3719696969697e-05,-0.000170446570972888,20,100,"39aa6b017fbe9b7126d73b90461abc86",TRUE,29.05,28,30,0.487744747005692,0.332551276405627,0.649306589758305,1.76865540710807,0,0,0,1
"2018","baseline_sensitivity","queen","mean_rank",0.5,0.8,"both",3,"Saturation Regions",20,20,TRUE,0.082218573970378,0.000104395338460883,0.000130431720501339,-2.60363820404559e-05,0.0102174037045075,NA,0.0940363446974194,0.0972198256201274,0.0987653505510843,0.00255373961575313,0.00228468092368369,-2.3978823702748e-05,1.24940176854938,0.0961248427892621,0.103991944506167,0.107887409164974,0.111410567964607,0,-0.0857142857142857,TRUE,FALSE,2000,2000,2000,0,0,0,FALSE,0.0277878928489665,0.28462754440086,0.00424729015776065,0.9335,0.0083383394739171,0.0347236941974011,3.1179292929293e-05,-0.000262796384901649,20,100,"cb7c06e2bd4a3e4e4452c1bfbbf5a9ca",TRUE,29.05,28,30,0.488236907399426,0.334282285132303,0.6437329111376,1.32997865881398,0,0,0,1
"2019","baseline_sensitivity","queen","mean_rank",0.5,0.8,"both",3,"Saturation Regions",20,20,TRUE,0.0812369500105185,0.000128027949454836,0.000119157761158058,8.8701882967782e-06,0.0113149436346292,0.00297828613413456,0.0923573431869224,0.0977661650334707,0.101819451841998,0.00244087854222674,0.00253009831286095,1.744580916193e-05,0.930716782276457,0.105349415427914,0.102207152126133,0.108015813220293,0.107323966592707,0,0.118796992481203,TRUE,FALSE,2000,2000,2000,0,0,0,FALSE,0.0311446738526416,0.281461262356543,0.00597802995185396,0.929,0.0057861475821375,0.0449055431230924,3.2969696969697e-05,5.53429027113226e-05,20,100,"2553ec75d82b8d1a3a411697749ec3a0",TRUE,29.05,28,30,0.488177190625513,0.333412532332626,0.646510678072994,1.0873801577715,0,0,0,1
"2020","baseline_sensitivity","queen","mean_rank",0.5,0.8,"both",3,"Saturation Regions",20,20,TRUE,0.0833093760797688,0.000161918309109449,0.000132695987960098,2.92223211493505e-05,0.0127247125354347,0.00540576739689663,0.0966573298783004,0.109930113025779,0.112124692567197,0.00257581043518441,0.00284533222233757,3.08240327080392e-05,0.819524294009285,0.108317229341358,0.097604016711408,0.118779749879541,0.119712149521155,0,0.0842105263157895,TRUE,FALSE,2000,2000,2000,0,0,0,FALSE,0.0341538054445775,0.286597649387079,0.0053113582364391,0.932,0.00696962025584058,0.0342222653483015,3.17373737373737e-05,-7.05369484316863e-05,20,100,"d73be008b7bc43fa80ab192f77cd10b7",TRUE,29.05,28,30,0.488008547491598,0.333283321525134,0.648232033140811,1.65965534392257,0,0,0,1
"2021","baseline_sensitivity","queen","mean_rank",0.5,0.8,"both",3,"Saturation Regions",20,20,TRUE,0.0821691138021145,0.000129560636720114,0.000133963707971335,-4.40307125122017e-06,0.0113824705894685,NA,0.0943242277500998,0.103577677895588,0.106663873721818,0.00258808527652524,0.00254519779899436,2.96127045414018e-05,1.03398463733033,0.100672813079246,0.0992004155575361,0.104886752385274,0.108559809234171,0,0.0225563909774436,TRUE,FALSE,2000,2000,2000,0,0,0,FALSE,0.0309751156027298,0.283835949943975,0.00536067552695209,0.932,0.00654884407125067,0.0400782649514181,3.17323232323232e-05,-5.99096225412026e-05,20,100,"801c411e6c28cbd784110d74854eb310",TRUE,29.05,28,30,0.487744747005692,0.332551276405627,0.649306589758305,1.76865540710807,0,0,0,1
"2018","baseline_sensitivity","queen","mean_rank",0,0.5,"control_only",3,"Saturation Regions",20,20,TRUE,0.182350391103492,0.00299553328395909,0.000717127901815028,0.00227840538214407,0.0547314652093208,0.047732644826618,0.262286464805636,0.30506907620349,0.31709525768381,0.0059880209661249,0.0122383276716206,0.00224670483266562,0.239399076503408,0.252042349338951,0.271295477518956,0.279412058022813,0.331123062168,0.333333333333333,0.446616541353383,TRUE,FALSE,2000,2000,2000,0,0,0,FALSE,0.06711434835736,0.425231711931446,0.00681619588302665,0.9315,0.0114193074497126,0.0390945299414618,3.1780303030303e-05,0.000293604465709728,20,100,"8743241c213e0144ec61212579696aab",FALSE,29.05,28,30,0.488236907399426,0.334282285132303,0.6437329111376,1.32997865881398,0,0,0,1
"2019","baseline_sensitivity","queen","mean_rank",0,0.5,"control_only",3,"Saturation Regions",20,20,TRUE,0.20006370749612,0.00165353388091804,0.000830852209959402,0.000822681670958639,0.0406636678242143,0.0286824279125502,0.246194015728738,0.270342460422898,0.28355344800641,0.00644535573090967,0.00909267254694141,0.000554935035673619,0.502470629448556,0.278740804476478,0.273929879766791,0.282962311147983,0.312505922814633,0.333333333333333,0.267669172932331,TRUE,FALSE,2000,2000,2000,0,0,0,FALSE,0.0454488855612043,0.445888306340716,0.00654940736571678,0.915,0.0106087065463704,0.0353174994121682,3.88686868686869e-05,8.05209994683666e-05,20,100,"bff1fa77eced0ae17b6e9baf1b7ac111",TRUE,29.05,28,30,0.488177190625513,0.333412532332626,0.646510678072994,1.0873801577715,0,0,0,1
"2020","baseline_sensitivity","queen","mean_rank",0,0.5,"control_only",3,"Saturation Regions",20,20,TRUE,0.203183193129153,0.00199008084140351,0.000843408080421861,0.00114667276098165,0.0446103221396518,0.033862556917363,0.259184189859734,0.278323842733249,0.286132390964769,0.00649387434595812,0.00997517128024253,0.00105803002204703,0.423805939374325,0.270432052733306,0.261637740936448,0.303896620570041,0.265965331501829,0.333333333333333,0.344360902255639,TRUE,FALSE,2000,2000,2000,0,0,0,FALSE,0.0490944704954106,0.448990065200791,0.00564754254894155,0.922,0.00911568597049708,0.0398887763680844,3.60151515151515e-05,-8.24082934609263e-05,20,100,"a4893112deaf9c8687abd6bcf3b83b0c",TRUE,29.05,28,30,0.488008547491598,0.333283321525134,0.648232033140811,1.65965534392257,0,0,0,1
"2021","baseline_sensitivity","queen","mean_rank",0,0.5,"control_only",3,"Saturation Regions",20,20,TRUE,0.196761173734111,0.0019639916558954,0.000838932759797496,0.0011250588960979,0.0443169454711784,0.0335418976221963,0.261343935456513,0.275879123404964,0.27889454006102,0.0064766224214381,0.00990957026287062,0.00163144325936004,0.42715698780045,0.264665191667199,0.255151516024813,0.275894427508132,0.280096757461292,0.333333333333333,0.675187969924812,TRUE,FALSE,2000,2000,2000,0,0,0,FALSE,0.0503634435331318,0.442659309081952,0.00444113546410445,0.9245,0.0141522259037063,0.0285291047388426,3.50631313131313e-05,-0.000306788942052101,20,100,"83b5adcf32f32742040d39c12f96d6bb",FALSE,29.05,28,30,0.487744747005692,0.332551276405627,0.649306589758305,1.76865540710807,0,0,0,1
"2018","baseline_sensitivity","queen","mean_rank",0.5,0.5,"control_only",3,"Saturation Regions",20,20,TRUE,0.227414146278189,0.00141016112586784,0.00109813896057803,0.000312022165289816,0.0375521121359085,0.0176641491527279,0.269773366813254,0.299291616059904,0.318212663154809,0.00740992226874894,0.00839690754345862,0.000563038790244521,0.778732969186205,0.286012792706561,0.282537675545027,0.304766892220863,0.322764239716871,0.333333333333333,0.237593984962406,TRUE,FALSE,2000,2000,2000,0,0,0,FALSE,0.0369234178298957,0.471208983679699,0.00652525458265201,0.911,0.0109578730702284,0.0733228475833757,4.05404040404041e-05,4.07708665603401e-05,20,100,"7d692cb0c89709ad0ded0b7d97126dbe",TRUE,29.05,28,30,0.488236907399426,0.334282285132303,0.6437329111376,1.32997865881398,0,0,0,1
"2019","baseline_sensitivity","queen","mean_rank",0.5,0.5,"control_only",3,"Saturation Regions",20,20,TRUE,0.222690500825876,0.000880881451581116,0.00128922871511234,-0.000408347263531229,0.0296796470932711,NA,0.259064306609939,0.265325772811928,0.267474671850042,0.00802878793813968,0.00663657084487582,0.00031803211023806,1.4635666499712,0.283044487972308,0.255487441775855,0.306413541602205,0.270494283967328,0,0.246616541353383,TRUE,FALSE,2000,2000,2000,0,0,0,FALSE,0.0298017689136414,0.46394030594396,0.00407818329006537,0.922,0.0101416211737293,0.0863127646788185,3.61616161616162e-05,-0.000390600744284956,20,100,"5d19f102f38c12ab406c8db9f69820ac",TRUE,29.05,28,30,0.488177190625513,0.333412532332626,0.646510678072994,1.0873801577715,0,0,0,1
"2020","baseline_sensitivity","queen","mean_rank",0.5,0.5,"control_only",3,"Saturation Regions",20,20,TRUE,0.236888944182716,0.00129997433490877,0.00149379662445816,-0.000193822289549388,0.0360551568421048,NA,0.27714044388759,0.302266485056558,0.315710467552758,0.00864232788216856,0.00806217816383629,0.00052602237501946,1.1490970124137,0.259943791229525,0.318788901320693,0.275216114911927,0.334755292348706,0.333333333333333,0.266165413533835,TRUE,FALSE,2000,2000,2000,0,0,0,FALSE,0.0340335771753781,0.476681883591007,0.00517458363440709,0.9225,0.00838628459010978,0.0983022178734813,3.58510101010101e-05,-0.000181493886230729,20,100,"e7df6ea570b1a00596de977b8d1a402f",TRUE,29.05,28,30,0.488008547491598,0.333283321525134,0.648232033140811,1.65965534392257,0,0,0,1
"2021","baseline_sensitivity","queen","mean_rank",0.5,0.5,"control_only",3,"Saturation Regions",20,20,TRUE,0.221350304256952,0.00140488734469971,0.00134844156638913,5.64457783105835e-05,0.0374818268591555,0.00751304055030875,0.276547816202385,0.290701722138335,0.29505340470544,0.00821109483074313,0.00838119127779492,0.000254366646488256,0.959821847265164,0.275351354831478,0.297644124620369,0.323447311534641,0.316085831741711,0,0.132330827067669,TRUE,FALSE,2000,2000,2000,0,0,0,FALSE,0.037863924813339,0.462569357031035,0.00527531490703835,0.9225,0.00858751397682206,0.0859063105531041,3.58409090909091e-05,-0.000160239234449762,20,100,"59d500ed2a237c14cde213c741687916",TRUE,29.05,28,30,0.487744747005692,0.332551276405627,0.649306589758305,1.76865540710807,0,0,0,1
"2018","baseline_sensitivity","queen","mean_rank",0,0.8,"control_only",3,"Saturation Regions",20,20,TRUE,0.201570282089427,0.00196753192520205,0.00083232463419562,0.00113520729100643,0.044356870101508,0.033692837384323,0.26363572155556,0.283424425706092,0.298501769622778,0.0064510643858034,0.00991849768160998,0.000757761537164229,0.423029798670304,0.284719498853742,0.271366621191575,0.327498362915662,0.292142645143615,0.333333333333333,0.278195488721804,TRUE,FALSE,2000,2000,2000,0,0,0,FALSE,0.0492061507222063,0.447687727832021,0.00444261658319319,0.925,0.0114499595136803,0.033852332829946,3.48484848484849e-05,-0.000302232854864435,20,100,"0557fcba8085ad4526560c56593200e6",TRUE,29.05,28,30,0.488236907399426,0.334282285132303,0.6437329111376,1.32997865881398,0,0,0,1
"2019","baseline_sensitivity","queen","mean_rank",0,0.8,"control_only",3,"Saturation Regions",20,20,TRUE,0.208617199670169,0.00185496369284966,0.000940931562154406,0.000914032130695251,0.0430692894398045,0.0302329643054605,0.256351734122622,0.292317899169149,0.296475484987256,0.00685905081682009,0.00963058589300167,0.00124164212951611,0.507250662523165,0.256012687110933,0.281365301878864,0.258222762802637,0.326519218603211,0.333333333333333,0.440601503759398,TRUE,FALSE,2000,2000,2000,0,0,0,FALSE,0.0461639112605671,0.453386524087766,0.00820782681668123,0.91,0.0114425622561321,0.0552979153836983,4.07171717171717e-05,0.000533024986709198,20,100,"ea0283005b599a73816abb09231ef78b",TRUE,29.05,28,30,0.488177190625513,0.333412532332626,0.646510678072994,1.0873801577715,0,0,0,1
"2020","baseline_sensitivity","queen","mean_rank",0,0.8,"control_only",3,"Saturation Regions",20,20,TRUE,0.205498780197325,0.00289556407719404,0.000916727144664678,0.00197883693252937,0.0538104457999936,0.0444841200039898,0.281626728033161,0.319204206505511,0.332013882931654,0.00677025532998822,0.0120323814708354,0.00212273757561339,0.316597084445472,0.25626051911295,0.306897782442385,0.31464757982671,0.323760833184313,1,0.478195488721805,TRUE,FALSE,2000,2000,2000,0,0,0,FALSE,0.0585520822035128,0.452454970060397,0.00556658262359081,0.9175,0.00957301113501718,0.0279871446376723,3.79318181818182e-05,-0.000138899521531101,20,100,"831b7545e2c1c896fb1dd159991d7608",FALSE,29.05,28,30,0.488008547491598,0.333283321525134,0.648232033140811,1.65965534392257,0,0,0,1
"2021","baseline_sensitivity","queen","mean_rank",0,0.8,"control_only",3,"Saturation Regions",20,20,TRUE,0.191428090755144,0.00212587385885873,0.000824845504652203,0.00130102835420653,0.0461071996423414,0.036069770642555,0.251942535453204,0.29270709196808,0.294597371076511,0.00642201488884993,0.0103098832652429,0.00132600407386624,0.388003032830471,0.254893061959533,0.279534432881912,0.276736816631999,0.32473478596327,0.333333333333333,0.366917293233083,TRUE,FALSE,2000,2000,2000,0,0,0,FALSE,0.0538577343825172,0.436947498076327,0.00648480004155466,0.929,0.00978298160718933,0.0224716416841892,3.29090909090909e-05,0.000182870813397128,20,100,"ad5e9798f021d1e298a2cd7de4a549b0",FALSE,29.05,28,30,0.487744747005692,0.332551276405627,0.649306589758305,1.76865540710807,0,0,0,1
"2018","baseline_sensitivity","queen","mean_rank",0.5,0.8,"control_only",3,"Saturation Regions",20,20,TRUE,0.234488488494399,0.00113104916985803,0.00137031532942454,-0.000239266159566516,0.0336310744677898,NA,0.262865925400443,0.299184429991438,0.333683498087457,0.00827742511118205,0.00752013686663357,-0.00055220779487114,1.21154355260837,0.291188618237845,0.294008283547416,0.314268242058791,0.330978825404993,0.333333333333333,-0.261654135338346,TRUE,FALSE,2000,2000,2000,0,0,0,FALSE,0.0320703882519726,0.477864601431762,0.005871429486124,0.915,0.0121031522929545,0.0783192900431443,3.8949494949495e-05,-8.95162147793733e-05,20,100,"ff81bf47d3435d56e6135fd4f6d1bfdf",TRUE,29.05,28,30,0.488236907399426,0.334282285132303,0.6437329111376,1.32997865881398,0,0,0,1
"2019","baseline_sensitivity","queen","mean_rank",0.5,0.8,"control_only",3,"Saturation Regions",20,20,TRUE,0.229608725678487,0.0017582435847066,0.00125173326153857,0.000506510323168033,0.0419314152480762,0.0225057842157973,0.269344954110161,0.314812243032806,0.333120278926119,0.00791117330595964,0.00937614948874697,0.000773287120136844,0.711922552953574,0.325985933120823,0.271402105215216,0.366567920536694,0.277175031178287,0,0.27218045112782,TRUE,FALSE,2000,2000,2000,0,0,0,FALSE,0.0408353361181754,0.47408451285724,0.00755593179317798,0.9105,0.0117273951716814,0.0696606082904891,4.06085858585859e-05,0.00032967038809144,20,100,"1fb6d24d1070a88defe4529ef52830d1",TRUE,29.05,28,30,0.488177190625513,0.333412532332626,0.646510678072994,1.0873801577715,0,0,0,1
"2020","baseline_sensitivity","queen","mean_rank",0.5,0.8,"control_only",3,"Saturation Regions",20,20,TRUE,0.21211031894074,0.00173035026886102,0.00100577466641534,0.00072457560244568,0.0415974791166606,0.0269179420172806,0.271365032362124,0.284857725726553,0.288946231460074,0.00709145495090866,0.0093014790997481,0.00108547301093427,0.581254954280081,0.25826518522091,0.289662106798769,0.282639217820211,0.312841461270331,0,0.508270676691729,TRUE,FALSE,2000,2000,2000,0,0,0,FALSE,0.0438520820024168,0.454488807731762,0.00612479860034081,0.9315,0.0121124195785889,0.0744999502503276,3.18661616161616e-05,0.000112939925571503,20,100,"6b4f392b0f66914b3bc98a85e6eeaf2f",TRUE,29.05,28,30,0.488008547491598,0.333283321525134,0.648232033140811,1.65965534392257,0,0,0,1
"2021","baseline_sensitivity","queen","mean_rank",0.5,0.8,"control_only",3,"Saturation Regions",20,20,TRUE,0.224956822729105,0.00135779814405827,0.00102232000127036,0.000335478142787911,0.036848312635157,0.0183160624258576,0.272612823855664,0.289009947244556,0.293347374307051,0.00714954544453826,0.00823953319083754,0.000237322713127147,0.752924877489363,0.269669020370061,0.300923249085463,0.321965341530061,0.322498499982336,0,0.207518796992481,TRUE,FALSE,2000,2000,2000,0,0,0,FALSE,0.0366271762326572,0.466633068720455,0.00834376540014349,0.9185,0.013091067162018,0.0849140854371991,3.71388888888889e-05,0.000649590643274853,20,100,"54b2b29e162dd7df19e944c55e236fde",TRUE,29.05,28,30,0.487744747005692,0.332551276405627,0.649306589758305,1.76865540710807,0,0,0,1
"2018","baseline_sensitivity","queen","mean_rank",0,0.5,"both",4,"Isolation Buffer",20,20,TRUE,0.248238540842183,0.00223556507492574,0.00108156659137651,0.00115399848354923,0.0472817626038385,0.0339705531828557,0.314066649263576,0.324693794058518,0.325935354450517,0.00735379694911583,0.010572523527819,0.00146754266967901,0.483800093098357,0.29333202040849,0.346367858007949,0.318682959835406,0.363777576136104,0,0.580451127819549,TRUE,FALSE,2000,2000,2000,0,0,0,FALSE,0.0425901775443502,0.498087037601432,0.00409589010954562,0.9375,0.0128279025570864,0.0121591042274236,2.94318181818182e-05,-0.000253110047846891,20,100,"445cbdc154ff8f6e105e792179c83ae8",TRUE,15.65,13,17,0.238431159610054,0.17424881572961,0.331489697620606,-0.0773260328967496,0,0,0,1
"2019","baseline_sensitivity","queen","mean_rank",0,0.5,"both",4,"Isolation Buffer",20,20,TRUE,0.272024790470756,0.003276830533335,0.00152548185595244,0.00175134867738255,0.0572436069210789,0.0418491180000553,0.348164398467053,0.378159855354054,0.378527934275887,0.00873350403890798,0.012800059635281,0.00156830879105582,0.465535779294598,0.35193623545926,0.369842086894628,0.405085610947435,0.40354007052596,0,0.425563909774436,TRUE,FALSE,2000,2000,2000,0,0,0,FALSE,0.047054754138877,0.521501114376051,0.0051247593011513,0.919,0.012061757023045,-0.00783442246076827,3.73434343434344e-05,-0.000221605528973951,20,100,"c1792b44ac26430b43045bd72c6091eb",TRUE,15.65,13,17,0.238476514257701,0.173779321914468,0.332284416771464,3.72729726367176,0,0,0,1
"2020","baseline_sensitivity","queen","mean_rank",0,0.5,"both",4,"Isolation Buffer",20,20,TRUE,0.248706705822554,0.00374889494247456,0.00122955129925898,0.00251934364321559,0.061228220147858,0.0501930636962478,0.326668989530538,0.356348174461281,0.357596388979726,0.00784076303448515,0.0136910462391933,0.00295950538708952,0.32797699538824,0.35310958838896,0.3390711138528,0.367850028853799,0.353705699298948,0,0.593984962406015,TRUE,FALSE,2000,2000,2000,0,0,0,FALSE,0.0550489629699068,0.49863275069646,0.00507833375077007,0.94,0.0090523791343784,0.00849033305799132,2.82373737373737e-05,-4.89580010632656e-05,20,100,"992d791ceded162c2d8c9ffb73551ba6",FALSE,15.65,13,17,0.238394502302365,0.17372025715541,0.332206220178313,-0.21258229783183,0,0,0,1
"2021","baseline_sensitivity","queen","mean_rank",0,0.5,"both",4,"Isolation Buffer",20,20,TRUE,0.261715391279834,0.00594499115731107,0.00154678224500104,0.00439820891231003,0.077103768762046,0.0663189936014565,0.384353155366258,0.40050088426453,0.41320650530844,0.00879426587328651,0.017240926827336,0.00366614813839346,0.260182429892906,0.383957066278747,0.392495476816048,0.459278594145163,0.451343662585965,0,0.479699248120301,TRUE,FALSE,2000,2000,2000,0,0,0,FALSE,0.065876625532128,0.511525875323363,0.00436945136866836,0.9365,0.0122708429369918,-0.0075279581893888,2.98510101010101e-05,-0.000215178096757045,20,100,"6854b713890da89b8adf372af594e846",FALSE,15.65,13,17,0.23839790802992,0.173584951738808,0.331671327115932,-0.761866842206795,0,0,0,1
"2018","baseline_sensitivity","queen","mean_rank",0.5,0.5,"both",4,"Isolation Buffer",20,20,TRUE,0.27989956979895,0.00489028098869591,0.00171178634882942,0.00317849463986649,0.0699305440326036,0.0563781397340005,0.366231780140394,0.403828793742373,0.418849589791946,0.00925144947786405,0.0156369450160444,0.00381777408248197,0.3500384441684,0.364523723106532,0.403482210419394,0.385211511169088,0.422462101121756,0.333333333333333,0.621052631578947,TRUE,FALSE,2000,2000,2000,0,0,0,FALSE,0.0558662702742856,0.528750238631643,0.00603825523771474,0.9235,0.00875795632199368,0.0179653818754438,3.53308080808081e-05,2.25943646996267e-05,20,100,"6d918f8a1267de25b825e8e892e974b5",FALSE,15.65,13,17,0.238431159610054,0.17424881572961,0.331489697620606,-0.0773260328967496,0,0,0,1
"2019","baseline_sensitivity","queen","mean_rank",0.5,0.5,"both",4,"Isolation Buffer",20,20,TRUE,0.273959711616343,0.00434481690249214,0.00145901210571858,0.00288580479677356,0.065915225119028,0.0537196872363714,0.353567121979482,0.414340063152068,0.41843903885479,0.00854111264917686,0.0147390924118348,0.0027485173190312,0.335805199266672,0.364824944523151,0.352381429886069,0.438105056142463,0.412936902818097,0,0.466165413533835,TRUE,FALSE,2000,2000,2000,0,0,0,FALSE,0.0538002187433883,0.522769892881679,0.00617614255357705,0.9295,0.0142988634435459,0.025910436368788,3.2729797979798e-05,0.000108298777246144,20,100,"90770cfabb7faf3e0511261d4dfb49f8",FALSE,15.65,13,17,0.238476514257701,0.173779321914468,0.332284416771464,3.72729726367176,0,0,0,1
"2020","baseline_sensitivity","queen","mean_rank",0.5,0.5,"both",4,"Isolation Buffer",20,20,TRUE,0.274981803652291,0.00390395516784634,0.00145468324297355,0.00244927192487279,0.062481638645656,0.0494901194671501,0.351261014606975,0.378636313976439,0.384081071728201,0.00852843257279305,0.0139713191357265,0.0029964566293957,0.372617814608778,0.348525315982438,0.362543794844127,0.397014347177577,0.387796909883658,0.333333333333333,0.622556390977444,TRUE,FALSE,2000,2000,2000,0,0,0,FALSE,0.0508081587587262,0.524347386789766,0.00509256423880109,0.9235,0.0114389246819807,0.0064514819254634,3.54318181818182e-05,-0.000189952153110049,20,100,"eb24d27a43b524b10cd02bd26d6ce767",FALSE,15.65,13,17,0.238394502302365,0.17372025715541,0.332206220178313,-0.21258229783183,0,0,0,1
"2021","baseline_sensitivity","queen","mean_rank",0.5,0.5,"both",4,"Isolation Buffer",20,20,TRUE,0.289180582245039,0.00601954313077378,0.00190079302256482,0.00411875010820895,0.0775857147339236,0.0641774891080116,0.388390351823734,0.432429435606995,0.43588242436065,0.00974882819256967,0.017348693222796,0.00321022892497299,0.31577031367171,0.420753785094083,0.453213888075045,0.439329603746431,0.488056251882969,0,0.377443609022556,TRUE,FALSE,2000,2000,2000,0,0,0,FALSE,0.0599925938599,0.536548602228107,0.00517458363440708,0.9225,0.0128986501571453,0.0360024956371544,3.58510101010101e-05,-0.000181493886230729,20,100,"68bfdb31c32caa4cd08f2aa5f2d3e921",FALSE,15.65,13,17,0.23839790802992,0.173584951738808,0.331671327115932,-0.761866842206795,0,0,0,1
"2018","baseline_sensitivity","queen","mean_rank",0,0.8,"both",4,"Isolation Buffer",20,20,TRUE,0.255909670988772,0.00462064018278093,0.0013740867691527,0.00324655341362823,0.0679752909723888,0.0569785346742809,0.319667704150243,0.381151577047988,0.421057056845812,0.00828880802393413,0.0151997371404589,0.00346516569634132,0.297380171317669,0.31302483288919,0.323896814514214,0.424770927598379,0.346096821985635,0.333333333333333,0.837593984962406,TRUE,FALSE,2000,2000,2000,0,0,0,FALSE,0.0593949305695673,0.505692899990097,0.00613016699351828,0.934,0.00870604463532714,0.013577992796373,3.07727272727273e-05,0.000136124401913875,20,100,"36b943dffde3adbbdb0faa490dc7ec13",FALSE,15.65,13,17,0.238431159610054,0.17424881572961,0.331489697620606,-0.0773260328967496,0,0,0,1
"2019","baseline_sensitivity","queen","mean_rank",0,0.8,"both",4,"Isolation Buffer",20,20,TRUE,0.282718838312946,0.00737561741936171,0.00183920908803281,0.0055364083313289,0.0858814148658585,0.0744070449038859,0.412085002974607,0.443155647799132,0.449419015235172,0.00958960136823427,0.0192036681643921,0.0060006605875537,0.249363406947425,0.423892488098221,0.408048902487793,0.496653612120445,0.429549662105419,0.333333333333333,0.840601503759399,TRUE,FALSE,2000,2000,2000,0,0,0,FALSE,0.0679249684208706,0.53158995876268,0.00527656187902292,0.931,0.00879444303435557,0.01144351587745,3.21767676767677e-05,-8.66932482721968e-05,20,100,"70d42ecf12d6e071d5f784246a6d11fb",FALSE,15.65,13,17,0.238476514257701,0.173779321914468,0.332284416771464,3.72729726367176,0,0,0,1
"2020","baseline_sensitivity","queen","mean_rank",0,0.8,"both",4,"Isolation Buffer",20,20,TRUE,0.26119851729896,0.00378604437997221,0.001457045611817,0.00232899876815521,0.0615308408846508,0.0482597012853914,0.352712603953278,0.362927110389712,0.372701768081746,0.00853535474311702,0.0137587142930802,0.00235882720420676,0.384846416361262,0.351508349962071,0.349544683043411,0.431929921575127,0.378026443649944,0,0.595488721804511,TRUE,FALSE,2000,2000,2000,0,0,0,FALSE,0.0526753154472635,0.511046525133752,0.00561365815620588,0.9275,0.0149096528933611,-0.00547416182418939,3.36590909090909e-05,-4.29186602870825e-05,20,100,"bcf57a6f637b043e8fd9292f3575ca67",FALSE,15.65,13,17,0.238394502302365,0.17372025715541,0.332206220178313,-0.21258229783183,0,0,0,1
"2021","baseline_sensitivity","queen","mean_rank",0,0.8,"both",4,"Isolation Buffer",20,20,TRUE,0.27671482857232,0.00602488580763306,0.00160896025606385,0.00441592555156921,0.0776201379001163,0.066452430742368,0.392873219232291,0.422240117670285,0.429922966392975,0.0089692816213559,0.0173563904767568,0.00417657096551165,0.267052406873077,0.403055038966326,0.339929248791335,0.479596963921541,0.403221198275159,0.333333333333333,0.52781954887218,TRUE,FALSE,2000,2000,2000,0,0,0,FALSE,0.0627230227100772,0.526005867072936,0.00699247716064238,0.921,0.0120455093063798,0.00571457585207197,3.62777777777778e-05,0.00025233918128655,20,100,"db20f5a7fc058e28f2e93a560d53a5d3",FALSE,15.65,13,17,0.23839790802992,0.173584951738808,0.331671327115932,-0.761866842206795,0,0,0,1
"2018","baseline_sensitivity","queen","mean_rank",0.5,0.8,"both",4,"Isolation Buffer",20,20,TRUE,0.272482853649676,0.00473159473486808,0.00163535552321876,0.00309623921164932,0.068786588335722,0.0556438605027483,0.373887867332249,0.384591384428188,0.391797098922024,0.00904255363052596,0.0153811487458968,0.00265243452734782,0.345624596960407,0.34871478233924,0.380918750113768,0.4406170928561,0.441013923165123,0,0.526315789473684,TRUE,FALSE,2000,2000,2000,0,0,0,FALSE,0.0564481344050808,0.521196227201718,0.00482727993583833,0.9235,0.0116758225920837,0.0289369383378928,3.54570707070707e-05,-0.000243088782562468,20,100,"1c898353ea5827d70cd8a6b9d9db4527",FALSE,15.65,13,17,0.238431159610054,0.17424881572961,0.331489697620606,-0.0773260328967496,0,0,0,1
"2019","baseline_sensitivity","queen","mean_rank",0.5,0.8,"both",4,"Isolation Buffer",20,20,TRUE,0.294380724580493,0.00861496026321402,0.00182477179536764,0.00679018846784638,0.0928168102404625,0.0824025998852365,0.424462383507964,0.479646647367281,0.48164876442222,0.00955188932978088,0.0207544697152373,0.00621968181116928,0.211814302053073,0.431433097603199,0.403101095618205,0.567882823476571,0.449732533717042,0.333333333333333,0.571428571428571,TRUE,FALSE,2000,2000,2000,0,0,0,FALSE,0.0705021354397894,0.542404270943782,0.0065,0.9185,0.0149719204803739,0.0133540796177732,3.74015151515152e-05,9.69696969696957e-05,20,100,"74b4c6686248c1220a3cc03c799dd7f8",FALSE,15.65,13,17,0.238476514257701,0.173779321914468,0.332284416771464,3.72729726367176,0,0,0,1
"2020","baseline_sensitivity","queen","mean_rank",0.5,0.8,"both",4,"Isolation Buffer",20,20,TRUE,0.272986280008566,0.00406466638744139,0.00156495864944232,0.00249970773799907,0.0637547361961555,0.0499970772945686,0.359150915032777,0.373695692190328,0.386886339528543,0.00884578614211964,0.014255992402217,0.00222606279764498,0.385015275614642,0.352795972425673,0.379178048464756,0.395794091027006,0.436346502395566,0,0.431578947368421,TRUE,FALSE,2000,2000,2000,0,0,0,FALSE,0.0522223768966327,0.521728835389663,0.00630788979645416,0.922,0.0122023980993605,0.0280232462700499,3.59393939393939e-05,7.70015948963308e-05,20,100,"7dd83ac6b69a4807885f5027db16abca",FALSE,15.65,13,17,0.238394502302365,0.17372025715541,0.332206220178313,-0.21258229783183,0,0,0,1
"2021","baseline_sensitivity","queen","mean_rank",0.5,0.8,"both",4,"Isolation Buffer",20,20,TRUE,0.279388842858199,0.00542067309178165,0.00182987063593412,0.00359080245584754,0.0736252204871514,0.0599233047807574,0.364294459965833,0.431667708305497,0.451040239079582,0.00956522513047685,0.0164630997867681,0.0040753226855786,0.33757258645765,0.362094781420039,0.402783184788572,0.427276748662784,0.457542393328332,0.333333333333333,0.580451127819549,TRUE,FALSE,2000,2000,2000,0,0,0,FALSE,0.0589254016672519,0.527617427406391,0.00564288093646834,0.935,0.0154317002497129,0.0317599300260589,3.03888888888889e-05,2.90643274853787e-05,20,100,"66f7bc496191d5b350e531e9ca695f30",FALSE,15.65,13,17,0.23839790802992,0.173584951738808,0.331671327115932,-0.761866842206795,0,0,0,1
"2018","baseline_sensitivity","queen","mean_rank",0,0.5,"control_only",4,"Isolation Buffer",20,20,TRUE,0.26209793961864,0.00377806988397341,0.00141824518740066,0.00235982469657275,0.0614660059217565,0.0485780268904857,0.33660681831507,0.383031852520021,0.40433927487705,0.00842094171515472,0.0137442167546452,0.0018082257326193,0.375388817823847,0.355870320552729,0.310710127150252,0.469046102401759,0.357820261850441,0,0.581954887218045,TRUE,FALSE,2000,2000,2000,0,0,0,FALSE,0.0524392399827464,0.511756115747937,0.00630788979645416,0.928,0.0119128621981566,0.0142694643636037,3.33636363636364e-05,0.000128516746411482,20,100,"e17c393dd98f39854452a662a6f81029",FALSE,15.65,13,17,0.238431159610054,0.17424881572961,0.331489697620606,-0.0773260328967496,0,0,0,1
"2019","baseline_sensitivity","queen","mean_rank",0,0.5,"control_only",4,"Isolation Buffer",20,20,TRUE,0.265444625167897,0.00684826265384251,0.00174100182898643,0.00510726082485608,0.0827542304286766,0.0714651021468246,0.373224038688236,0.390119069101291,0.403493799197883,0.00933006385022748,0.0185044084664202,0.00505598178666992,0.254225329399358,0.391725753051367,0.343364814903373,0.461186561608501,0.398895828745114,0,0.774436090225564,TRUE,FALSE,2000,2000,2000,0,0,0,FALSE,0.0697109932239765,0.51521213813933,0.00664514068600824,0.931,0.0156729587275099,-0.00103821086359338,3.2020202020202e-05,0.000242753854332801,20,100,"70fd26447d9b67d5793e20833ce8a5db",FALSE,15.65,13,17,0.238476514257701,0.173779321914468,0.332284416771464,3.72729726367176,0,0,0,1
"2020","baseline_sensitivity","queen","mean_rank",0,0.5,"control_only",4,"Isolation Buffer",20,20,TRUE,0.266254723310027,0.00382674843718438,0.00135922787350997,0.00246752056367442,0.0618607180461428,0.049674143814206,0.369457809597187,0.375078028163293,0.379660718582447,0.00824387006663122,0.0138324770688123,0.00199795270472312,0.355191331706677,0.376593364819101,0.340727862718126,0.440859966970015,0.373026246747998,0,0.254135338345865,TRUE,FALSE,2000,2000,2000,0,0,0,FALSE,0.051952043880573,0.515998611487722,0.00482727993583833,0.9335,0.0138983579832536,-0.000395288210771319,3.11287878787879e-05,-0.000156523125996811,20,100,"bb904ec4e8b9def0ac7321f9c77608d1",FALSE,15.65,13,17,0.238394502302365,0.17372025715541,0.332206220178313,-0.21258229783183,0,0,0,1
"2021","baseline_sensitivity","queen","mean_rank",0,0.5,"control_only",4,"Isolation Buffer",20,20,TRUE,0.263813966073855,0.00450995969771615,0.00139258027899952,0.00311737941871664,0.0671562334985826,0.0558334972817988,0.346510810863192,0.397220778720235,0.417884507826965,0.00834440015519245,0.0150165903215679,0.00320360585537015,0.308778874388771,0.389899006515394,0.308820350589082,0.466887099642812,0.339526011761221,0.333333333333333,0.631578947368421,TRUE,FALSE,2000,2000,2000,0,0,0,FALSE,0.0569211347869431,0.513182743613689,0.00605240274166949,0.928,0.0143111332839522,0.0213877939718348,3.33939393939394e-05,6.4752791068579e-05,20,100,"fa487019d98e5afa7b6dc1e2d114b0b2",FALSE,15.65,13,17,0.23839790802992,0.173584951738808,0.331671327115932,-0.761866842206795,0,0,0,1
"2018","baseline_sensitivity","queen","mean_rank",0.5,0.5,"control_only",4,"Isolation Buffer",20,20,TRUE,0.266667614027642,0.00441149405171301,0.00148917062279135,0.00292232342892166,0.0664190789736881,0.0540585185601831,0.362608704204985,0.393587099657046,0.401226083291976,0.00862893568985002,0.0148517575588094,0.00337976028964875,0.337566050262064,0.390114406256326,0.323936541063296,0.447908983314311,0.377159594148014,0,0.682706766917293,TRUE,FALSE,2000,2000,2000,0,0,0,FALSE,0.055693892987207,0.516053193863492,0.00732246004104027,0.9225,0.00822318159623754,0.0188869036883054,3.55934343434343e-05,0.000360499734183943,20,100,"7bfa6c2360a86e753488821d21ce58de",FALSE,15.65,13,17,0.238431159610054,0.17424881572961,0.331489697620606,-0.0773260328967496,0,0,0,1
"2019","baseline_sensitivity","queen","mean_rank",0.5,0.5,"control_only",4,"Isolation Buffer",20,20,TRUE,0.295952166288453,0.00633579385772924,0.00219012406758156,0.00414566979014768,0.0795977000781382,0.0643868759154199,0.414215005554488,0.44309496353583,0.471860923449748,0.0104645211729481,0.0177985868227357,0.00413120817911698,0.345674767323713,0.422664519848217,0.408725172138805,0.498932996302562,0.419195994515562,0,0.428571428571429,TRUE,FALSE,2000,2000,2000,0,0,0,FALSE,0.0601400795471392,0.543727283140423,0.00540954322422298,0.922,0.0100720438312362,0.0176863749023803,3.60404040404041e-05,-0.000135544922913346,20,100,"7e04973cf00178ca4031561831fff49f",FALSE,15.65,13,17,0.238476514257701,0.173779321914468,0.332284416771464,3.72729726367176,0,0,0,1
"2020","baseline_sensitivity","queen","mean_rank",0.5,0.5,"control_only",4,"Isolation Buffer",20,20,TRUE,0.284016954848985,0.00542988759467761,0.00165417136732862,0.00377571622734899,0.0736877709981623,0.0614468569362908,0.371203660719352,0.413416072771785,0.429507406670251,0.00909442512567073,0.0164770865062329,0.00399200393463426,0.304641917256269,0.365820531328939,0.403246762891718,0.385435867708579,0.444056764091402,0.333333333333333,0.610526315789474,TRUE,FALSE,2000,2000,2000,0,0,0,FALSE,0.0580144467607362,0.531488473563353,0.00612479860034082,0.9185,0.0106286117910094,0.0392040472181341,3.74469696969697e-05,1.32376395534214e-06,20,100,"988bf000d221e4daebcef06ce3271ae5",FALSE,15.65,13,17,0.238394502302365,0.17372025715541,0.332206220178313,-0.21258229783183,0,0,0,1
"2021","baseline_sensitivity","queen","mean_rank",0.5,0.5,"control_only",4,"Isolation Buffer",20,20,TRUE,0.276016615405428,0.00265224885398515,0.00160159303412071,0.00105065581986444,0.051499988873641,0.0324138214325994,0.351686973800651,0.369517832930487,0.376346543166416,0.00894872346796097,0.0115157475961944,-0.000120952126097848,0.603862277747515,0.41784377931846,0.333518445706671,0.446901062084456,0.354105921863938,0,0.00451127819548872,TRUE,FALSE,2000,2000,2000,0,0,0,FALSE,0.0417212115266302,0.525049049023959,0.00441885910495839,0.927,0.0117575531548051,0.018442112798285,3.3989898989899e-05,-0.000289271664008507,20,100,"f2432c79028b5865c5ea0d8105f10a7f",TRUE,15.65,13,17,0.23839790802992,0.173584951738808,0.331671327115932,-0.761866842206795,0,0,0,1
"2018","baseline_sensitivity","queen","mean_rank",0,0.8,"control_only",4,"Isolation Buffer",20,20,TRUE,0.254021578974628,0.00444696121197909,0.00140714629938428,0.00303981491259481,0.0666855397517265,0.055134516526354,0.352925225296243,0.376355307268209,0.376645556202449,0.00838792673842674,0.0149113400001125,0.00386804224113314,0.316428732410293,0.334119540920952,0.363093038357637,0.396986286643604,0.394175239675519,0,0.801503759398496,TRUE,FALSE,2000,2000,2000,0,0,0,FALSE,0.0587010759491493,0.503933860030738,0.00494708845792414,0.935,0.00873491175885273,0.00849962876536102,3.0459595959596e-05,-0.000119718234981394,20,100,"c71826b8ddf9a1eca7a874d90b1f8dbb",FALSE,15.65,13,17,0.238431159610054,0.17424881572961,0.331489697620606,-0.0773260328967496,0,0,0,1
"2019","baseline_sensitivity","queen","mean_rank",0,0.8,"control_only",4,"Isolation Buffer",20,20,TRUE,0.271531826876256,0.00625305913702293,0.00172493264397725,0.00452812649304568,0.0790762868186344,0.067291355262364,0.392264196606293,0.403490659507122,0.410153555506453,0.00928690649241514,0.0176819952734737,0.0036393012204828,0.275854202907553,0.336591685843398,0.452995672737451,0.40426978731328,0.511774072592457,0,0.515789473684211,TRUE,FALSE,2000,2000,2000,0,0,0,FALSE,0.0651194207209156,0.520763595647391,0.00654036052442628,0.9285,0.00996431404497996,0.0183604009938717,3.31186868686869e-05,0.000193152578415735,20,100,"2cc505bc9222565e3083b053c38ff30f",FALSE,15.65,13,17,0.238476514257701,0.173779321914468,0.332284416771464,3.72729726367176,0,0,0,1
"2020","baseline_sensitivity","queen","mean_rank",0,0.8,"control_only",4,"Isolation Buffer",20,20,TRUE,0.269471993294172,0.00635313964219434,0.00148863471652128,0.00486450492567306,0.0797065846852965,0.0697460029368928,0.39216693315081,0.410145832478328,0.42333543096442,0.00862738290711985,0.0178229341610667,0.00533314842908894,0.234314811315419,0.419485842099856,0.349973558379555,0.457092176771731,0.396383281373102,0,0.793984962406015,TRUE,FALSE,2000,2000,2000,0,0,0,FALSE,0.0661402097605373,0.518962027984214,0.0058534740022261,0.927,0.0127958090824369,0.0122640452006741,3.38484848484849e-05,8.29346092503841e-06,20,100,"e3031839294e830de3eb534cd9940b60",FALSE,15.65,13,17,0.238394502302365,0.17372025715541,0.332206220178313,-0.21258229783183,0,0,0,1
"2021","baseline_sensitivity","queen","mean_rank",0,0.8,"control_only",4,"Isolation Buffer",20,20,TRUE,0.249685616827566,0.00315173144370242,0.0012724351909298,0.00187929625277262,0.0561402836090309,0.0433508506580046,0.320677570446958,0.346391200911479,0.362811814400883,0.00797632493987613,0.012553349042591,0.00199145791717024,0.403725765871422,0.321798620516999,0.367494619698498,0.349335900667858,0.397403187855613,0,0.458646616541353,TRUE,FALSE,2000,2000,2000,0,0,0,FALSE,0.050276620664379,0.499445434678997,0.00443668914014896,0.936,0.0115353372209686,0.0154878857780406,3.00656565656566e-05,-0.000207628920786816,20,100,"f4b727f26c27d81aa7a7b2b2436d7c01",FALSE,15.65,13,17,0.23839790802992,0.173584951738808,0.331671327115932,-0.761866842206795,0,0,0,1
"2018","baseline_sensitivity","queen","mean_rank",0.5,0.8,"control_only",4,"Isolation Buffer",20,20,TRUE,0.273191454769551,0.00613523077602378,0.00161107344814059,0.00452415732788319,0.0783277139716447,0.0672618564112171,0.372764682004627,0.403457369200202,0.432449128475119,0.00897516977037367,0.0175146092962758,0.00482759611999564,0.262593781221172,0.391747066375728,0.374085137647957,0.429746646176074,0.399548856899862,0.333333333333333,0.606015037593985,TRUE,FALSE,2000,2000,2000,0,0,0,FALSE,0.0641111169126798,0.521489625464229,0.0064675302371478,0.9295,0.0118344418903242,0.035213992996103,3.26944444444445e-05,0.000182690058479531,20,100,"10606bab4ac075814df3592a1854ab43",FALSE,15.65,13,17,0.238431159610054,0.17424881572961,0.331489697620606,-0.0773260328967496,0,0,0,1
"2019","baseline_sensitivity","queen","mean_rank",0.5,0.8,"control_only",4,"Isolation Buffer",20,20,TRUE,0.277432737687547,0.00599631395943,0.00161685723975062,0.00437945671967937,0.077435869979164,0.0661774638353524,0.387124739609938,0.418680050222168,0.442712589167289,0.00899126587236365,0.0173151869170246,0.00426206049458391,0.269641858430028,0.405381408972005,0.375936578877253,0.438184926552828,0.457413269489156,0,0.485714285714286,TRUE,FALSE,2000,2000,2000,0,0,0,FALSE,0.062412197858659,0.526444476982668,0.0053508484324795,0.936,0.00819593178687378,0.0169985394075967,2.9979797979798e-05,-2.69643806485924e-05,20,100,"1a00eba51a23622f9169dc20783ba12a",FALSE,15.65,13,17,0.238476514257701,0.173779321914468,0.332284416771464,3.72729726367176,0,0,0,1
"2020","baseline_sensitivity","queen","mean_rank",0.5,0.8,"control_only",4,"Isolation Buffer",20,20,TRUE,0.261898254257965,0.00485199529249861,0.00136031910002002,0.00349167619247859,0.06965626527814,0.0590904069412167,0.35852326101799,0.404449487447956,0.409131318628253,0.00824717860853036,0.0155756144220679,0.00351626634851407,0.280362823542539,0.402475688781152,0.355131689046524,0.440107631859112,0.402051231402371,0,0.596992481203008,TRUE,FALSE,2000,2000,2000,0,0,0,FALSE,0.0594720055167921,0.51136695237075,0.00512347538297979,0.9325,0.0129074049615912,0.0200522886727765,3.15378787878788e-05,-0.000105757575757577,20,100,"79d99ece022783313eb88f462951e130",FALSE,15.65,13,17,0.238394502302365,0.17372025715541,0.332206220178313,-0.21258229783183,0,0,0,1
"2021","baseline_sensitivity","queen","mean_rank",0.5,0.8,"control_only",4,"Isolation Buffer",20,20,TRUE,0.278865299441194,0.00577809880372126,0.00153367936588792,0.00424441943783334,0.0760138066651136,0.0651492090345949,0.396161856693547,0.421323246593065,0.430084521883126,0.00875693829454084,0.016997203893172,0.0035255048727154,0.265429757777798,0.332312316731137,0.400131980698602,0.450870347109895,0.473064639895152,0,0.413533834586466,TRUE,FALSE,2000,2000,2000,0,0,0,FALSE,0.0609513049032347,0.527697537176377,0.00568932518429308,0.925,0.010404816625125,0.0200152116946148,3.47272727272727e-05,-4.71770334928242e-05,20,100,"ac4cd2fe7052843ce56d92d4a1e715f5",FALSE,15.65,13,17,0.23839790802992,0.173584951738808,0.331671327115932,-0.761866842206795,0,0,0,1
"2018","baseline_sensitivity","queen","mean_rank",0,0.5,"both",5,"2x2 Blocking",20,20,TRUE,0.0776701899193642,0.000165002303107768,0.000114053646507196,5.09486566005718e-05,0.0128453222267006,0.00713783276636346,0.0959247358006855,0.0969478853623786,0.0975765335756532,0.00238802896242064,0.00287230136917915,7.47489209238747e-05,0.691224572984926,0.104934108454473,0.0958565714885828,0.110481777198847,0.098102413633638,0,0.31578947368421,TRUE,FALSE,2000,2000,2000,0,0,0,FALSE,0.0369807434765014,0.278490273178664,0.00407010927048454,0.9305,0.00576039793748603,0.0106469556323547,3.25025252525253e-05,-0.000318734715576822,20,100,"ec72479c6c076acabcfc153b70c3345d",TRUE,28,28,28,0.498338132780895,0.437579784834145,0.546772133567148,-0.866706574687487,0,0,0,1
"2019","baseline_sensitivity","queen","mean_rank",0,0.5,"both",5,"2x2 Blocking",20,20,TRUE,0.0760724158283299,0.000225555413373503,0.000119659694350967,0.000105895719022536,0.0150185023678629,0.0102905645628671,0.0907147279324269,0.11074747623783,0.124953257935788,0.00244601404688288,0.0033582392214783,0.000116234504769791,0.530511294591808,0.0886918167565353,0.0872956466094344,0.100559643357244,0.127030685323529,0,0.52781954887218,TRUE,FALSE,2000,2000,2000,0,0,0,FALSE,0.0441452947814451,0.275129030692943,0.00551910557208226,0.9225,0.00622742330561489,0.019401863268549,3.58156565656566e-05,-0.000107102604997343,20,100,"4e7009fb9aa4eeb7bf3146c2abbb72e0",TRUE,31,31,31,0.55847291112117,0.534086079072782,0.591913364235571,-0.00750933234640599,0,0,0,1
"2020","baseline_sensitivity","queen","mean_rank",0,0.5,"both",5,"2x2 Blocking",20,20,TRUE,0.0778294952331217,0.000267974045866764,0.000121744043271894,0.000146230002594869,0.0163699128240429,0.0120925598032372,0.0971518742263793,0.109558323089563,0.113721426573893,0.00246722560046598,0.00366042378603054,0.000124947041295656,0.454312815549403,0.0937349367843142,0.124715555992616,0.0983158960646504,0.129023128273694,0.333333333333333,0.300751879699248,TRUE,FALSE,2000,2000,2000,0,0,0,FALSE,0.0470313185902918,0.278928684672139,0.00654036052442628,0.9315,0.0056901270770275,0.00531827981514549,3.18156565656566e-05,0.000219213184476341,20,100,"6b622562c3724bf54bb444f15d88217e",TRUE,27,27,27,0.470431077847621,0.435754550163821,0.50535912173228,-4.34642244501575,0,0,0,1
"2021","baseline_sensitivity","queen","mean_rank",0,0.5,"both",5,"2x2 Blocking",20,20,TRUE,0.0766392502659497,0.000164158472451367,0.000116968650893682,4.7189821557685e-05,0.0128124342906166,0.00686948481020848,0.0981768019262989,0.100542975543721,0.102605491126667,0.00241835327127451,0.00286494740310679,3.93892644605735e-05,0.712534961778076,0.105936807970766,0.0871235025758983,0.112471827906429,0.10442024313849,0,0.150375939849624,TRUE,FALSE,2000,2000,2000,0,0,0,FALSE,0.037382247257965,0.276817703324721,0.00523651149445687,0.927,0.00589410970854121,0.00334804300692047,3.39141414141414e-05,-0.000129861775651251,20,100,"9575ee0adcd6a3f12012624f07784a01",TRUE,29,29,29,0.492481773859061,0.404634626290498,0.614688862265601,-0.319981209252688,0,0,0,1
"2018","baseline_sensitivity","queen","mean_rank",0.5,0.5,"both",5,"2x2 Blocking",20,20,TRUE,0.0808502400108241,0.00022832624626212,0.00012951779260432,9.88084536578008e-05,0.0151104681020186,0.00994024414477837,0.10095831610925,0.109462692834955,0.115198367287879,0.00254477693132738,0.00337880338479557,0.000143060842607668,0.56724881490686,0.100764079668949,0.108411702774086,0.108550621098991,0.116175828278945,0.333333333333333,0.427067669172932,TRUE,FALSE,2000,2000,2000,0,0,0,FALSE,0.0417908887387746,0.283962245547664,0.00499868403735054,0.9255,0.00670088893031738,0.0146861538311582,3.45833333333333e-05,-0.000191929824561405,20,100,"52d928fc1b0b588a604dd06389c0a3e7",TRUE,28,28,28,0.498338132780895,0.437579784834145,0.546772133567148,-0.866706574687487,0,0,0,1
"2019","baseline_sensitivity","queen","mean_rank",0.5,0.5,"both",5,"2x2 Blocking",20,20,TRUE,0.0755829110562919,0.000140287615843541,0.000107883921296081,3.24036945474594e-05,0.0118443073180132,0.00569242431196581,0.0866209381544486,0.102752985923826,0.108159714677795,0.00232254086396861,0.00264846763094757,-2.46011471532846e-05,0.769019564894463,0.104462315025892,0.100545821317667,0.113292800067247,0.108847399370227,0.333333333333333,-0.0556390977443609,TRUE,FALSE,2000,2000,2000,0,0,0,FALSE,0.0350405613376689,0.274511964434196,0.00364727728298073,0.9385,0.00580772809897781,0.0150363705318297,2.90227272727273e-05,-0.000314401913875599,20,100,"91334874a7c04c55ca05305203485907",TRUE,31,31,31,0.55847291112117,0.534086079072782,0.591913364235571,-0.00750933234640599,0,0,0,1
"2020","baseline_sensitivity","queen","mean_rank",0.5,0.5,"both",5,"2x2 Blocking",20,20,TRUE,0.0847212349340122,0.000317703212895907,0.000136789467738833,0.000180913745157074,0.0178242310604387,0.0134504180290827,0.103641305826166,0.122088294546646,0.130900169913919,0.00261523868641882,0.0039856192297804,0.000170155458843003,0.430557395035381,0.106777488088353,0.109504543339129,0.117910447086222,0.130926623057454,0.333333333333333,0.206015037593985,TRUE,FALSE,2000,2000,2000,0,0,0,FALSE,0.0470439227294636,0.29096162258764,0.00604805318829299,0.925,0.00571933943152547,0.00791006417040639,3.46868686868687e-05,3.78415736310465e-05,20,100,"20e81e72f57598288d2809804fc1aa80",TRUE,27,27,27,0.470431077847621,0.435754550163821,0.50535912173228,-4.34642244501575,0,0,0,1
"2021","baseline_sensitivity","queen","mean_rank",0.5,0.5,"both",5,"2x2 Blocking",20,20,TRUE,0.074669574431408,9.28081737650178e-05,0.000120414193143747,-2.76060193787295e-05,0.00963369990009123,NA,0.086966093739046,0.0898988709604702,0.0923249548184949,0.00245371344235372,0.00215416078514369,-6.85414848748146e-05,1.29745245767496,0.0928881141831646,0.0926720746357338,0.094253165383138,0.106636515446438,0,-0.0631578947368421,TRUE,FALSE,2000,2000,2000,0,0,0,FALSE,0.0288492441740447,0.272631826168801,0.00644307053311826,0.9375,0.00505620407051141,0.0184786847820103,2.91944444444444e-05,0.000246374269005847,20,100,"2d0f5539313d4ee422c6c26d116c7a82",TRUE,29,29,29,0.492481773859061,0.404634626290498,0.614688862265601,-0.319981209252688,0,0,0,1
"2018","baseline_sensitivity","queen","mean_rank",0,0.8,"both",5,"2x2 Blocking",20,20,TRUE,0.0752708125988173,0.000125187657952612,0.000113747899995847,1.14397579567652e-05,0.0111887290588615,0.00338227112407701,0.0891569352529197,0.0992222339565063,0.104888447781088,0.00238482598941565,0.00250187587574416,-5.2579849207445e-05,0.908619123131966,0.103665887866685,0.0907068019132088,0.121184009159436,0.0956623163207971,0,-0.231578947368421,TRUE,FALSE,2000,2000,2000,0,0,0,FALSE,0.0332383269073871,0.27432679785485,0.00496699633899391,0.9375,0.00644500383160747,0.00395228763145552,2.93560606060606e-05,-9.37001594896346e-05,20,100,"42e14259e1a8987a917290e1c090522d",TRUE,28,28,28,0.498338132780895,0.437579784834145,0.546772133567148,-0.866706574687487,0,0,0,1
"2019","baseline_sensitivity","queen","mean_rank",0,0.8,"both",5,"2x2 Blocking",20,20,TRUE,0.0772479863445935,0.000173500237111531,0.000113977528728198,5.95227083833332e-05,0.0131719488729471,0.00771509613571556,0.095161526108606,0.106792989773005,0.114455388321887,0.00238723196116546,0.00294533730760614,5.09467818988873e-05,0.656930103530232,0.0912200521961561,0.105524899239992,0.0926112944399432,0.121864651981046,0.333333333333333,0.0992481203007519,TRUE,FALSE,2000,2000,2000,0,0,0,FALSE,0.0381283376691188,0.277790270558173,0.0065,0.9265,0.00450080598707049,0.00897507257968884,3.39873737373737e-05,0.000165252525252525,20,100,"c4c8936b84d7b9ecca7d3d6cb1f649f1",TRUE,31,31,31,0.55847291112117,0.534086079072782,0.591913364235571,-0.00750933234640599,0,0,0,1
"2020","baseline_sensitivity","queen","mean_rank",0,0.8,"both",5,"2x2 Blocking",20,20,TRUE,0.0826711906641084,0.000166478425089054,0.000137227787917336,2.92506371717183e-05,0.012902651862662,0.00540838581942138,0.0988535694771924,0.107331554293058,0.113240930792201,0.0026194253942166,0.00288512066549264,-2.13267978032517e-05,0.824297730134873,0.0998053221707275,0.0993157036758304,0.128123997238905,0.117179451474357,0,0.0796992481203007,TRUE,FALSE,2000,2000,2000,0,0,0,FALSE,0.0348987433508106,0.287525905336519,0.00461547739447907,0.9245,0.00768327469148613,-0.000210771258770241,3.50479797979798e-05,-0.000274906964380649,20,100,"7756c5aec7c131a2a5fefcc29f6ea235",TRUE,27,27,27,0.470431077847621,0.435754550163821,0.50535912173228,-4.34642244501575,0,0,0,1
"2021","baseline_sensitivity","queen","mean_rank",0,0.8,"both",5,"2x2 Blocking",20,20,TRUE,0.0799747945277287,0.000150475276031851,0.000134113878785349,1.6361397246502e-05,0.012266836431283,0.00404492240302605,0.0960357416584749,0.102360859106766,0.104883736465891,0.00258953546785277,0.00274294801292196,2.52922867909983e-05,0.891268534752255,0.106117371081701,0.096148542334144,0.112662603716717,0.10432204338601,0.333333333333333,0.0947368421052632,TRUE,FALSE,2000,2000,2000,0,0,0,FALSE,0.0342976562693254,0.281739535465681,0.00640312423743284,0.919,0.0066449410416338,0.0244464452080627,3.72020202020202e-05,7.59595959595947e-05,20,100,"1926a8c2c97f53e60ae034102bd8ace9",TRUE,29,29,29,0.492481773859061,0.404634626290498,0.614688862265601,-0.319981209252688,0,0,0,1
"2018","baseline_sensitivity","queen","mean_rank",0.5,0.8,"both",5,"2x2 Blocking",20,20,TRUE,0.0795058323524974,0.000192073204696588,0.000129017924021603,6.30552806749853e-05,0.0138590477557655,0.00794073552481036,0.0984659045054287,0.10455333078309,0.106744586656866,0.00253986145312695,0.00309897728853075,9.09737493144628e-05,0.671712247553782,0.105882671187616,0.10201262168881,0.111770180538435,0.102870998840529,0.333333333333333,0.369924812030075,TRUE,FALSE,2000,2000,2000,0,0,0,FALSE,0.0389779868575064,0.281348011308108,0.00596039560679269,0.925,0.00547954395423674,0.0186849909143676,3.46969696969697e-05,1.65869218500784e-05,20,100,"41cb53a3f207c52d9777925d4fb907ed",TRUE,28,28,28,0.498338132780895,0.437579784834145,0.546772133567148,-0.866706574687487,0,0,0,1
"2019","baseline_sensitivity","queen","mean_rank",0.5,0.8,"both",5,"2x2 Blocking",20,20,TRUE,0.0777323644263569,0.000107348405904602,0.000112015003320193,-4.66659741559094e-06,0.0103609075811244,NA,0.093012052615947,0.0966042609786684,0.0990749694210954,0.00236659040943076,0.00231676936599871,-5.35100892980438e-05,1.04347151106965,0.0902563748609581,0.0982824040493899,0.0955680644451574,0.109039637023705,0,-0.203007518796992,TRUE,FALSE,2000,2000,2000,0,0,0,FALSE,0.0298044370976726,0.278014610276203,0.00544228086859099,0.9335,0.00418231005044316,0.0209819183900711,3.10681818181818e-05,-2.89952153110057e-05,20,100,"82fb6f2b5f93ed929c93d17c50cddc12",TRUE,31,31,31,0.55847291112117,0.534086079072782,0.591913364235571,-0.00750933234640599,0,0,0,1
"2020","baseline_sensitivity","queen","mean_rank",0.5,0.8,"both",5,"2x2 Blocking",20,20,TRUE,0.082957796329959,0.000185400886739098,0.000138212465783069,4.71884209560291e-05,0.0136161994234477,0.00686938286573322,0.105164065101885,0.109089637995381,0.112520786234903,0.00262880643812995,0.00304467475060226,7.33515594245254e-05,0.745478989955242,0.110624721208393,0.105844647669099,0.11333435090596,0.114974803331058,0.333333333333333,0.314285714285714,TRUE,FALSE,2000,2000,2000,0,0,0,FALSE,0.0367014902191021,0.28763409044688,0.00602079728939614,0.9275,0.00479168424435074,0.0149808658880189,3.36136363636364e-05,5.27272727272717e-05,20,100,"350b0d4c91d1a7ffc59b3e2245e7cdd2",TRUE,27,27,27,0.470431077847621,0.435754550163821,0.50535912173228,-4.34642244501575,0,0,0,1
"2021","baseline_sensitivity","queen","mean_rank",0.5,0.8,"both",5,"2x2 Blocking",20,20,TRUE,0.0805262096961122,0.000192554151352802,0.000140255105449064,5.22990459037376e-05,0.0138763882675861,0.007231807927741,0.0928631638917157,0.106338131079485,0.112317859398911,0.00264816073387799,0.00310285474485031,8.90636754980873e-05,0.728393049247149,0.10593226332066,0.0991096366095536,0.117575695129332,0.103091950324467,0.333333333333333,0.219548872180451,TRUE,FALSE,2000,2000,2000,0,0,0,FALSE,0.0385322338721739,0.282996910115442,0.00552029747482201,0.929,0.00699491564842813,0.0209513379340011,3.3020202020202e-05,-5.09303561935156e-05,20,100,"0af7f85c392db13d0daa9e9970df3257",TRUE,29,29,29,0.492481773859061,0.404634626290498,0.614688862265601,-0.319981209252688,0,0,0,1
"2018","baseline_sensitivity","queen","mean_rank",0,0.5,"control_only",5,"2x2 Blocking",20,20,TRUE,0.32178565586022,0.00780181501009264,0.00213325251109962,0.00566856249899302,0.0883278835368121,0.0752898565478313,0.439409332100807,0.448672546445682,0.453031740653423,0.0103277599485552,0.0197507151896996,0.0041772647133162,0.27343028620135,0.416253713832784,0.516166608723606,0.503986937920553,0.563804811972162,0,0.487218045112782,TRUE,FALSE,2000,2000,2000,0,0,0,FALSE,0.0613784823220309,0.566315687238797,0.00719191797857333,0.9135,0.0117518899031527,0.0327444384204336,3.94116161616162e-05,0.000246241360978202,20,100,"e2ffafac2b9c3a28787f5cf645d43454",FALSE,28,28,28,0.498338132780895,0.437579784834145,0.546772133567148,-0.866706574687487,0,0,0,1
"2019","baseline_sensitivity","queen","mean_rank",0,0.5,"control_only",5,"2x2 Blocking",20,20,TRUE,0.38881351366788,0.00965350080614579,0.00339920255751865,0.00625429824862714,0.0982522305403078,0.0790841213432073,0.510825080426228,0.560953819277288,0.599032900435651,0.0130368756945801,0.0219698666429109,0.00763615736179958,0.352121227912944,0.52952927069505,0.519915919314216,0.539379857325842,0.616809220142909,0.333333333333333,0.72781954887218,TRUE,FALSE,2000,2000,2000,0,0,0,FALSE,0.0565048946875785,0.623531570340702,0.00449999999999999,0.9245,0.0119404250602805,0.00467915124125063,3.50580808080808e-05,-0.000296161616161617,20,100,"0008cdbe6def987858adff0c5f883c54",FALSE,31,31,31,0.55847291112117,0.534086079072782,0.591913364235571,-0.00750933234640599,0,0,0,1
"2020","baseline_sensitivity","queen","mean_rank",0,0.5,"control_only",5,"2x2 Blocking",20,20,TRUE,0.303288681820212,0.00708548698565148,0.00224331508085021,0.00484217190480126,0.0841753347819388,0.0695857162412033,0.390129408600552,0.470309117165326,0.4969754316039,0.0105908334913977,0.0188221770601218,0.00591598387443135,0.316607042732992,0.421107994251862,0.417097315703519,0.500848756244784,0.466216531649466,0.333333333333333,0.741353383458647,TRUE,FALSE,2000,2000,2000,0,0,0,FALSE,0.0620602686099558,0.550583023738933,0.00682391306170324,0.9295,0.0116909163966177,0.0121250068332124,3.26489898989899e-05,0.000278335991493885,20,100,"e9809130144af58bf582f30192acad1b",FALSE,27,27,27,0.470431077847621,0.435754550163821,0.50535912173228,-4.34642244501575,0,0,0,1
"2021","baseline_sensitivity","queen","mean_rank",0,0.5,"control_only",5,"2x2 Blocking",20,20,TRUE,0.357644007250389,0.011034280021026,0.00270292173564432,0.00833135828538165,0.105044181281145,0.0912762744933296,0.469535503205366,0.590093591424229,0.661863154144448,0.0116252349129906,0.023488592998545,0.00832273929378326,0.244956782906893,0.487212011736023,0.45338656896631,0.545594071319015,0.634593111529443,1,0.553383458646617,TRUE,FALSE,2000,2000,2000,0,0,0,FALSE,0.0656759026360549,0.59785716677599,0.00489226026763864,0.9255,0.0126855963502542,0.0145194829444635,3.45934343434343e-05,-0.000213184476342372,20,100,"facf5b9d8102a0007ce5e6c2ce4f08b4",FALSE,29,29,29,0.492481773859061,0.404634626290498,0.614688862265601,-0.319981209252688,0,0,0,1
"2018","baseline_sensitivity","queen","mean_rank",0.5,0.5,"control_only",5,"2x2 Blocking",20,20,TRUE,0.316557694399095,0.00856927130204433,0.00242916104460201,0.00614011025744231,0.0925703586578573,0.0783588556414801,0.437180993093952,0.494730618320267,0.527144170032504,0.0110208008887785,0.0206993614660505,0.00602083910833183,0.283473466877225,0.485953099788047,0.442563359363483,0.556713727075261,0.452159139242619,0.333333333333333,0.493233082706767,TRUE,FALSE,2000,2000,2000,0,0,0,FALSE,0.0653889064530339,0.562082426475704,0.00641851761866029,0.9335,0.0104839930364654,0.0249206790894663,3.09570707070707e-05,0.000204805954279638,20,100,"3aab5e7025974d4106e26a10c9eea53f",FALSE,28,28,28,0.498338132780895,0.437579784834145,0.546772133567148,-0.866706574687487,0,0,0,1
"2019","baseline_sensitivity","queen","mean_rank",0.5,0.5,"control_only",5,"2x2 Blocking",20,20,TRUE,0.402743483866961,0.0167355821522669,0.00364805263579864,0.0130875295164683,0.129366078058612,0.114400740891256,0.614777634583193,0.658128970140089,0.682351902994884,0.0135056518461691,0.02892713445216,0.0139354968900092,0.217981818774347,0.558083541764244,0.60900404569418,0.67451289158756,0.701698682002337,0,0.745864661654135,TRUE,FALSE,2000,2000,2000,0,0,0,FALSE,0.0718252078827316,0.633648091858038,0.00575257379467294,0.9325,0.0113749223759132,0.035122351168857,3.14722222222222e-05,3.2397660818712e-05,20,100,"a2e33dc557472a3d9ac97bf37fa80a5b",FALSE,31,31,31,0.55847291112117,0.534086079072782,0.591913364235571,-0.00750933234640599,0,0,0,1
"2020","baseline_sensitivity","queen","mean_rank",0.5,0.5,"control_only",5,"2x2 Blocking",20,20,TRUE,0.328240454777133,0.0108957604646788,0.00215814116492819,0.00873761929975058,0.104382759422611,0.0934752336169885,0.516657708926757,0.530490248635265,0.533481033717109,0.010387832220748,0.0233406945747966,0.00989044863033992,0.198071641894508,0.532398626118135,0.496998878460438,0.577733601907744,0.508420819133403,0,0.649624060150376,TRUE,FALSE,2000,2000,2000,0,0,0,FALSE,0.0711085249703433,0.570836467528707,0.00719191797857333,0.9185,0.0124356638433664,0.0488485630953445,3.73106060606061e-05,0.000288261562998405,20,100,"a4f5cbb7dffe4c74ec6ca4dd9751750b",FALSE,27,27,27,0.470431077847621,0.435754550163821,0.50535912173228,-4.34642244501575,0,0,0,1
"2021","baseline_sensitivity","queen","mean_rank",0.5,0.5,"control_only",5,"2x2 Blocking",20,20,TRUE,0.377746995695273,0.0124108073760941,0.00307074852931019,0.00934005884678391,0.111403803238911,0.0966439798786448,0.505731910395405,0.600430953997647,0.670499709990476,0.0123910220105329,0.0249106476994217,0.00980277786612953,0.247425363737827,0.524495317305902,0.476878644921975,0.61323410352078,0.659929818160167,0.333333333333333,0.6,TRUE,FALSE,2000,2000,2000,0,0,0,FALSE,0.0659453231482932,0.613448625408917,0.00599451503679119,0.9215,0.0115169832452575,0.0377859719894004,3.61893939393939e-05,-5.10366826156404e-06,20,100,"403c92d31665b8b372d6b40170ed6f1a",FALSE,29,29,29,0.492481773859061,0.404634626290498,0.614688862265601,-0.319981209252688,0,0,0,1
"2018","baseline_sensitivity","queen","mean_rank",0,0.8,"control_only",5,"2x2 Blocking",20,20,TRUE,0.301613698779438,0.0143131714594221,0.0019025647143331,0.012410606745089,0.119637667393769,0.111402902767787,0.430888717644,0.579643280385548,0.639694945209157,0.00975337047982158,0.0267517956961978,0.0134191763770907,0.132924049692752,0.423496530897312,0.438280904390688,0.574676288047974,0.584610272723121,1,0.842105263157895,TRUE,FALSE,2000,2000,2000,0,0,0,FALSE,0.088695559268217,0.548943058365342,0.006553424175273,0.932,0.0119906501762482,0.0165896790789559,3.15959595959596e-05,0.000227028176501859,20,100,"6d3c484a8298a63fa02e8490a06b4256",FALSE,28,28,28,0.498338132780895,0.437579784834145,0.546772133567148,-0.866706574687487,0,0,0,1
"2019","baseline_sensitivity","queen","mean_rank",0,0.8,"control_only",5,"2x2 Blocking",20,20,TRUE,0.389550877881201,0.0111625887182346,0.00329486036320861,0.00786772835502595,0.105653152902479,0.0887002162061962,0.499361839536781,0.592419117613628,0.602320263151212,0.0128352256762564,0.0236247631927122,0.00795710724002506,0.295169915006034,0.559169076871983,0.527064052512985,0.61458175341397,0.581228034355976,0.333333333333333,0.487218045112782,TRUE,FALSE,2000,2000,2000,0,0,0,FALSE,0.06064615569912,0.623860076527457,0.00499999999999999,0.935,0.0169622073933008,0.0186944589746962,3.04545454545455e-05,-0.00010909090909091,20,100,"5d07ab46324fce9cd0c36391c8e2aaf7",FALSE,31,31,31,0.55847291112117,0.534086079072782,0.591913364235571,-0.00750933234640599,0,0,0,1
"2020","baseline_sensitivity","queen","mean_rank",0,0.8,"control_only",5,"2x2 Blocking",20,20,TRUE,0.317781941867105,0.0134869577500641,0.00240418663675953,0.0110827711133046,0.116133361916652,0.105274741098255,0.502340435698216,0.547766466049984,0.584102341039955,0.0109640016343476,0.0259682091701219,0.0108437639451335,0.178260114794837,0.471267443485812,0.520457319833383,0.543167059890257,0.59817388526809,0.333333333333333,0.604511278195489,TRUE,FALSE,2000,2000,2000,0,0,0,FALSE,0.0817170699428279,0.563284462454823,0.00638563354644421,0.9295,0.00961802940481488,0.0221936077303114,3.27045454545455e-05,0.000161435406698563,20,100,"f0f9d230146c314440161f823e380d0e",FALSE,27,27,27,0.470431077847621,0.435754550163821,0.50535912173228,-4.34642244501575,0,0,0,1
"2021","baseline_sensitivity","queen","mean_rank",0,0.8,"control_only",5,"2x2 Blocking",20,20,TRUE,0.356402810642525,0.00619295492337205,0.00282536615278939,0.00336758877058266,0.0786953297430798,0.0580309294306292,0.480865604755519,0.488162105809019,0.489760024298162,0.0118856345072306,0.0175968106817287,0.00268045654008205,0.45622262518439,0.513242775306712,0.484805873128043,0.556411195903666,0.51651992879837,0,0.314285714285714,TRUE,FALSE,2000,2000,2000,0,0,0,FALSE,0.0493733779764674,0.596766189274068,0.00619422481450516,0.929,0.0130768509281497,0.0165204715983828,3.29444444444445e-05,0.000108479532163741,20,100,"aaff99e99e8bbedc4801d1ef7bd318aa",TRUE,29,29,29,0.492481773859061,0.404634626290498,0.614688862265601,-0.319981209252688,0,0,0,1
"2018","baseline_sensitivity","queen","mean_rank",0.5,0.8,"control_only",5,"2x2 Blocking",20,20,TRUE,0.335734578035754,0.010515754382906,0.00226398009750608,0.00825177428539993,0.102546352362754,0.0908392772175116,0.50939226725433,0.537755945145894,0.539414412491333,0.0106395020971521,0.0229300614727763,0.00931165735442178,0.215294121093805,0.47530474721233,0.529862065024665,0.538991093965128,0.544012245114017,0.333333333333333,0.741353383458647,TRUE,FALSE,2000,2000,2000,0,0,0,FALSE,0.0682981824717929,0.577206170238372,0.00609140896327727,0.925,0.0170454952609712,0.0506716397455775,3.46818181818182e-05,4.846889952153e-05,20,100,"21d64e4d3c0bfa4454078a84b0ccc0a5",FALSE,28,28,28,0.498338132780895,0.437579784834145,0.546772133567148,-0.866706574687487,0,0,0,1
"2019","baseline_sensitivity","queen","mean_rank",0.5,0.8,"control_only",5,"2x2 Blocking",20,20,TRUE,0.42535197129769,0.0111002118254057,0.0034472503335901,0.00765296149181563,0.105357542802619,0.0874812065064013,0.51454245482561,0.637773508448287,0.737093318102641,0.013128690592725,0.0235586627649,0.00725737191856,0.310557166638944,0.548596024192474,0.535804442171303,0.709747170188985,0.603265190587144,0.333333333333333,0.360902255639098,TRUE,FALSE,2000,2000,2000,0,0,0,FALSE,0.055386278551915,0.651032570710198,0.00616761491049907,0.9265,0.0165711145152742,0.0388402262115132,3.40277777777778e-05,8.02339181286538e-05,20,100,"35c40a7a68cbb9811179ff7424416f43",FALSE,31,31,31,0.55847291112117,0.534086079072782,0.591913364235571,-0.00750933234640599,0,0,0,1
"2020","baseline_sensitivity","queen","mean_rank",0.5,0.8,"control_only",5,"2x2 Blocking",20,20,TRUE,0.324084761398219,0.0111276361678415,0.00207197859885005,0.00905565756899143,0.105487611442489,0.0951612188288455,0.439180082180059,0.504004412113082,0.551513089506379,0.0101783559547946,0.0235877469969489,0.00975515029321663,0.186201145292475,0.485723436897196,0.466974635143191,0.544210454846736,0.495208309118964,0.333333333333333,0.82406015037594,TRUE,FALSE,2000,2000,2000,0,0,0,FALSE,0.0727826476480499,0.567290928852334,0.0053851648071345,0.933,0.0118652494501575,0.0476000361352299,3.12929292929293e-05,-4.58585858585876e-05,20,100,"105c43c47ab551aed55fe35d65e92f84",FALSE,27,27,27,0.470431077847621,0.435754550163821,0.50535912173228,-4.34642244501575,0,0,0,1
"2021","baseline_sensitivity","queen","mean_rank",0.5,0.8,"control_only",5,"2x2 Blocking",20,20,TRUE,0.395056462442328,0.0129076560498084,0.00346294624913637,0.00944470980067203,0.113611865796705,0.0971838968176931,0.531954606329679,0.550900844790662,0.559192671939086,0.013158545225701,0.0254043854972015,0.00960157591466731,0.268286219881709,0.550135532502412,0.521475314620658,0.580373907727302,0.573511811740974,0,0.590977443609023,TRUE,FALSE,2000,2000,2000,0,0,0,FALSE,0.0643057079490508,0.627001721988487,0.0060903288304621,0.9245,0.0126285455428022,0.0438782755563582,3.48964646464647e-05,4.39128123338637e-05,20,100,"0ea27a4d2ac22b4bbfce8d919e6366ea",FALSE,29,29,29,0.492481773859061,0.404634626290498,0.614688862265601,-0.319981209252688,0,0,0,1
"2018","baseline_sensitivity","queen","mean_rank",0,0.5,"both",6,"Balanced Quartiles",20,20,TRUE,0.0733003682192802,7.32383603828424e-05,0.000107758088170999,-3.45197277881567e-05,0.00855794136360155,NA,0.0860894934919262,0.0891042250219751,0.090379672429474,0.00232118599180461,0.00191361386364703,-1.9310433895338e-05,1.47133397863783,0.0881906628823233,0.0870711997695703,0.0934959800506028,0.105428111417329,0,-0.190977443609023,TRUE,FALSE,2000,2000,2000,0,0,0,FALSE,0.0261064699964726,0.270725175804808,0.00504062443917835,0.9335,0.00639739404494511,0.00287182951025637,3.11085858585859e-05,-0.000114013822434876,20,100,"95f36464b9c7dae31845ffc362c1322d",TRUE,29,29,29,0.480562615989717,0.361870879032467,0.624151827660341,0.915017304556597,0,0,0,1
"2019","baseline_sensitivity","queen","mean_rank",0,0.5,"both",6,"Balanced Quartiles",20,20,TRUE,0.0746777316608244,9.40673202594283e-05,0.000106318363266326,-1.22510430068975e-05,0.00969883087075078,NA,0.0872564912356662,0.0911407378579225,0.0926875519822885,0.00230562749882029,0.00216872451292722,4.80303663833336e-05,1.13023697255445,0.0806298245963064,0.089689167690798,0.0904606514688429,0.0975516302226865,0.333333333333333,0.335338345864662,TRUE,FALSE,2000,2000,2000,0,0,0,FALSE,0.0290411139264012,0.27306619491638,0.00419272552982198,0.936,0.00642706760084418,0.0106106010533875,3.00858585858586e-05,-0.000250138224348752,20,100,"5a31bf5f7bfe734dde4d73e28692bd66",TRUE,29,29,29,0.483642637815662,0.333415196678908,0.675772252933602,0.429968132436435,0,0,0,1
"2020","baseline_sensitivity","queen","mean_rank",0,0.5,"both",6,"Balanced Quartiles",20,20,TRUE,0.0703197330630874,3.83064556463432e-05,9.59870220561412e-05,-5.7680566409798e-05,0.00618922092402131,NA,0.077781402974116,0.080188626128978,0.0813958646143667,0.00219074213516951,0.00138395187138757,-8.78106122125173e-05,2.50576620667604,0.0882584548275988,0.0854488739725133,0.0937765275248889,0.0951087101638816,0,-0.500751879699248,TRUE,FALSE,2000,2000,2000,0,0,0,FALSE,0.0196808464865183,0.265063785059949,0.00386618266783304,0.934,0.00437921983292872,0.00780531311227024,3.0989898989899e-05,-0.000320850611376928,20,100,"ca27a12c56a447480cabf0b88f3be5be",TRUE,29,29,29,0.531667669504902,0.393286718789275,0.640716991347905,-1.45589467125276,0,0,0,1
"2021","baseline_sensitivity","queen","mean_rank",0,0.5,"both",6,"Balanced Quartiles",20,20,TRUE,0.072299055276623,5.89495343616457e-05,0.000104988527257239,-4.60389928955932e-05,0.00767786001185523,NA,0.0826007715383752,0.0849199078602141,0.0870414139548594,0.00229116266617234,0.00171682169082356,-0.000149332011601697,1.78098993306973,0.0907371453963097,0.0882702769205705,0.105144649373982,0.0932540714829282,0,-0.491729323308271,TRUE,FALSE,2000,2000,2000,0,0,0,FALSE,0.0237461151360117,0.268845654489567,0.00603825523771473,0.9315,0.00726146857303372,0.00459013493261864,3.18762626262626e-05,9.16852737905357e-05,20,100,"88d1e0a694373aca1d5597b04a905f39",TRUE,29,29,29,0.496252239867406,0.370305475176481,0.603115975708886,-1.82500322928741,0,0,0,1
"2018","baseline_sensitivity","queen","mean_rank",0.5,0.5,"both",6,"Balanced Quartiles",20,20,TRUE,0.0751241716483968,0.000165064109746012,0.000110403449364243,5.46606603817693e-05,0.0128477278047915,0.00739328481676239,0.0932752681832169,0.10009442050244,0.106398883779005,0.00234950472828044,0.00287283927279279,-6.12948066393424e-06,0.668851935978834,0.0882955325448334,0.105111159730053,0.0931226812900619,0.122862927990968,0,-0.117293233082707,TRUE,FALSE,2000,2000,2000,0,0,0,FALSE,0.0382412106483985,0.273521793587198,0.00564171493150983,0.9355,0.00603808981002859,0.0176068191687006,3.01691919191919e-05,3.31951089845813e-05,20,100,"023df0db6676cf6150ba3a3d6141de70",TRUE,29,29,29,0.480562615989717,0.361870879032467,0.624151827660341,0.915017304556597,0,0,0,1
"2019","baseline_sensitivity","queen","mean_rank",0.5,0.5,"both",6,"Balanced Quartiles",20,20,TRUE,0.0753640081711365,0.000113003043846939,0.000104780386511339,8.22265733560059e-06,0.0106302889822873,0.00286751762603137,0.0856776264776303,0.0946512965074753,0.101995128465272,0.00228889041362118,0.00237700487848615,3.850839806233e-05,0.92723508097058,0.0961625781528044,0.0874874526140598,0.0984203174112623,0.10120334227934,0.333333333333333,0.168421052631579,TRUE,FALSE,2000,2000,2000,0,0,0,FALSE,0.0315403192607332,0.27383036868065,0.00467214590615715,0.9455,0.00670695547910841,0.0195176166412688,2.58156565656566e-05,-7.97341839447116e-05,20,100,"10aed671454b141aa7325534659827dd",TRUE,29,29,29,0.483642637815662,0.333415196678908,0.675772252933602,0.429968132436435,0,0,0,1
"2020","baseline_sensitivity","queen","mean_rank",0.5,0.5,"both",6,"Balanced Quartiles",20,20,TRUE,0.0735991090748577,8.83436127896908e-05,0.000117582255834037,-2.92386430443464e-05,0.00939912829945899,NA,0.0870922538220999,0.0874369887009816,0.0875384000108359,0.0024246881844274,0.00210170898068323,-4.8570234421498e-05,1.33096499136787,0.0903124254221486,0.0895862883172054,0.103994218874888,0.0970659435966017,0,-0.218045112781955,TRUE,FALSE,2000,2000,2000,0,0,0,FALSE,0.0285561742132718,0.271242531937455,0.00530143972500817,0.926,0.00574671146148365,0.00515731936344236,3.43383838383839e-05,-0.000124662413609783,20,100,"cedfcef2080b9e6917db3c11eef73104",TRUE,29,29,29,0.531667669504902,0.393286718789275,0.640716991347905,-1.45589467125276,0,0,0,1
"2021","baseline_sensitivity","queen","mean_rank",0.5,0.5,"both",6,"Balanced Quartiles",20,20,TRUE,0.0757274960263721,8.33199522043104e-05,0.000118703783029207,-3.5383830824897e-05,0.00912797634770766,NA,0.0852378012844334,0.0924654881046575,0.0992052097615176,0.00243622436394113,0.00204107756104846,-4.05090682843021e-06,1.42467416133571,0.0975303950598937,0.0889988142912117,0.100331358661739,0.0990039396586458,0.333333333333333,-0.13984962406015,TRUE,FALSE,2000,2000,2000,0,0,0,FALSE,0.0269529255310073,0.273434008546155,0.00373285554586777,0.9305,0.00725986992297171,0.0310054672074653,3.25277777777778e-05,-0.000371871345029241,20,100,"df7470ce83c460a80b99bf7498e9a0ff",TRUE,29,29,29,0.496252239867406,0.370305475176481,0.603115975708886,-1.82500322928741,0,0,0,1
"2018","baseline_sensitivity","queen","mean_rank",0,0.8,"both",6,"Balanced Quartiles",20,20,TRUE,0.0725663116046446,9.43683124156987e-05,0.000100748222055892,-6.37990964019363e-06,0.00971433540782378,NA,0.0815131161417682,0.0919290476674869,0.101376044939861,0.00224441776476542,0.00217219143281271,-2.4349224511117e-05,1.06760648227013,0.0870915419609133,0.0899023548602575,0.0997019458297734,0.108180011184581,0,-0.160902255639098,TRUE,FALSE,2000,2000,2000,0,0,0,FALSE,0.0299338823316146,0.268797664635755,0.00465097612844534,0.927,0.00692063811759985,0.0177236308641526,3.3969696969697e-05,-0.000246762360446572,20,100,"785a540ed60fe94cd6a3d8e81a1b86cd",TRUE,29,29,29,0.480562615989717,0.361870879032467,0.624151827660341,0.915017304556597,0,0,0,1
"2019","baseline_sensitivity","queen","mean_rank",0,0.8,"both",6,"Balanced Quartiles",20,20,TRUE,0.0765995323672041,0.000255993772989273,0.000116141949011473,0.0001398518239778,0.0159998054047314,0.011825896328727,0.0952397188376036,0.114253779207116,0.114710060986458,0.00240979199321718,0.0035776652511748,1.99498041781214e-05,0.453690524012628,0.0966259098307888,0.0920178189584338,0.134179295468936,0.115545093731333,0,-0.0526315789473684,TRUE,FALSE,2000,2000,2000,0,0,0,FALSE,0.0467060978130275,0.276231357967268,0.00615587011251092,0.93,0.00621540345722848,0.0171979429805749,3.25151515151515e-05,0.000107591706539074,20,100,"24c75ed4df353c4a12989d32d757ba85",TRUE,29,29,29,0.483642637815662,0.333415196678908,0.675772252933602,0.429968132436435,0,0,0,1
"2020","baseline_sensitivity","queen","mean_rank",0,0.8,"both",6,"Balanced Quartiles",20,20,TRUE,0.0698952048009998,0.000101289719562511,9.92121620909317e-05,2.077557471579e-06,0.0100642793861513,0.00144137346707195,0.0837628202715098,0.090737453577884,0.0911749706863846,0.0022272422644487,0.00225044128519842,1.10547525397836e-05,0.979488960177278,0.0871104602910487,0.0890418733007477,0.0896819510042936,0.0954215511083133,0,0.0466165413533835,TRUE,FALSE,2000,2000,2000,0,0,0,FALSE,0.0321973630609668,0.263511145849463,0.00515037045167371,0.934,0.00467047138441469,0.0213794484050136,3.08787878787879e-05,-8.70494417862851e-05,20,100,"92c9fea4950e7ecb0084e1a66348b0fc",TRUE,29,29,29,0.531667669504902,0.393286718789275,0.640716991347905,-1.45589467125276,0,0,0,1
"2021","baseline_sensitivity","queen","mean_rank",0,0.8,"both",6,"Balanced Quartiles",20,20,TRUE,0.0759028076301356,0.000138012071631962,0.000124343101130306,1.36689705016553e-05,0.0117478539160121,0.00369715708371382,0.0906238008346851,0.0921649272805082,0.0921802506339401,0.00249342235822881,0.00262689999459403,2.01409127247479e-05,0.900958152862842,0.0899797037149426,0.10029147498264,0.094433578238384,0.114567866025503,0,0.183458646616541,TRUE,FALSE,2000,2000,2000,0,0,0,FALSE,0.0346087328863322,0.275328821116674,0.00701408357670855,0.9295,0.00658036998087477,0.0098411326908029,3.26237373737374e-05,0.000331472620946304,20,100,"32d396201efbef2cd26eaf5d8a0196f2",TRUE,29,29,29,0.496252239867406,0.370305475176481,0.603115975708886,-1.82500322928741,0,0,0,1
"2018","baseline_sensitivity","queen","mean_rank",0.5,0.8,"both",6,"Balanced Quartiles",20,20,TRUE,0.0772907533244083,0.000159081330509074,0.000122666823693297,3.64145068157777e-05,0.0126127447650808,0.00603444337248911,0.0923132064868439,0.0963364448258137,0.0988596983469178,0.0024765583345976,0.00282029546775754,2.81258164213778e-05,0.771095032338188,0.102293986917739,0.0999200452360217,0.106851178854592,0.103887484851249,0,0.136842105263158,TRUE,FALSE,2000,2000,2000,0,0,0,FALSE,0.0364894291548701,0.277000165360486,0.00434680766104336,0.931,0.0064137470491984,0.0236994032555983,3.22626262626263e-05,-0.000267357788410421,20,100,"3e1743bba572a11df138726a80529aa3",TRUE,29,29,29,0.480562615989717,0.361870879032467,0.624151827660341,0.915017304556597,0,0,0,1
"2019","baseline_sensitivity","queen","mean_rank",0.5,0.8,"both",6,"Balanced Quartiles",20,20,TRUE,0.0786719193651485,0.000210936266728826,0.000121067493350727,8.98687733780985e-05,0.0145236450909827,0.00947991420731741,0.0948350135367429,0.107147920997456,0.112961605454301,0.00246036067834299,0.00324758577045184,4.24741934498615e-05,0.573952953791339,0.0951520700347949,0.105813339434674,0.0994197556322167,0.124786030811862,0,0.0616541353383459,TRUE,FALSE,2000,2000,2000,0,0,0,FALSE,0.0412801136245129,0.278350483496503,0.00684028315818947,0.939,0.00853224287141542,0.0345387854796853,2.8479797979798e-05,0.000366193514088251,20,100,"9796c00847451231a19789916b046977",TRUE,29,29,29,0.483642637815662,0.333415196678908,0.675772252933602,0.429968132436435,0,0,0,1
"2020","baseline_sensitivity","queen","mean_rank",0.5,0.8,"both",6,"Balanced Quartiles",20,20,TRUE,0.0763869155161362,0.000118686926228664,0.000126346672429243,-7.65974620057961e-06,0.0108943529513535,NA,0.0901371383169405,0.0950289033196959,0.0982362722502518,0.00251343064783219,0.00243605137701018,3.14108340609522e-05,1.06453740478393,0.100468356909258,0.0880247209418318,0.104547887754299,0.0992170048710301,0.333333333333333,0.144360902255639,TRUE,FALSE,2000,2000,2000,0,0,0,FALSE,0.0318909509639197,0.274997181654805,0.00690537548047286,0.932,0.00799834386613692,0.0276308812391211,3.15505050505051e-05,0.000322674109516213,20,100,"37a1aff73638b4713599685f6c17ddaa",TRUE,29,29,29,0.531667669504902,0.393286718789275,0.640716991347905,-1.45589467125276,0,0,0,1
"2021","baseline_sensitivity","queen","mean_rank",0.5,0.8,"both",6,"Balanced Quartiles",20,20,TRUE,0.0761960489649386,0.000147617592110503,0.000119916982852784,2.77006092577186e-05,0.0121497980275601,0.00526313682680953,0.0909198219698383,0.0937204776186704,0.0961464396543837,0.00244864230598085,0.00271677743025172,4.99076559923321e-05,0.812348861259147,0.09436294357367,0.093054128792444,0.0982528286574662,0.103169430805796,0,0.275187969924812,TRUE,FALSE,2000,2000,2000,0,0,0,FALSE,0.035655095863328,0.274568828582504,0.0048598787076049,0.9325,0.00741945649059314,0.0284254698425564,3.15631313131313e-05,-0.000158894205209996,20,100,"f27b4c26e6cb1e14e8133a927ccbae93",TRUE,29,29,29,0.496252239867406,0.370305475176481,0.603115975708886,-1.82500322928741,0,0,0,1
"2018","baseline_sensitivity","queen","mean_rank",0,0.5,"control_only",6,"Balanced Quartiles",20,20,TRUE,0.302566810257023,0.00885390175422677,0.00198942622280551,0.00686447553142126,0.094095173915705,0.082852130518299,0.390593310594701,0.525408050836255,0.593698408470453,0.00997353052535938,0.0210403205230181,0.00828464885022838,0.224694860868066,0.413543466149972,0.372331697973095,0.571069697782711,0.479746403889799,1,0.709774436090226,TRUE,FALSE,2000,2000,2000,0,0,0,FALSE,0.0695394200875665,0.547497160675878,0.00612479860034081,0.9265,0.012124273165623,0.0530440317931695,3.40328282828283e-05,6.96065922381699e-05,20,100,"eb93c26e112c6e12aed5f9d0ef3b0fb0",FALSE,29,29,29,0.480562615989717,0.361870879032467,0.624151827660341,0.915017304556597,0,0,0,1
"2019","baseline_sensitivity","queen","mean_rank",0,0.5,"control_only",6,"Balanced Quartiles",20,20,TRUE,0.308377852652884,0.0296426365343348,0.00248667786492856,0.0271559586694063,0.17217037066329,0.164790651037631,0.483597288111642,0.709142774273948,0.862247191871971,0.0111505108962069,0.0384984652514453,0.0287819159024252,0.0838885522901535,0.444110801843343,0.523083774379941,0.681830478472613,0.736455070075283,1,0.807518796992481,TRUE,FALSE,2000,2000,2000,0,0,0,FALSE,0.124841861762297,0.555283413070865,0.00563821546982824,0.934,0.00927806321990959,0.00617930588777121,3.08282828282829e-05,1.92238171185527e-05,20,100,"f14d4833aec349d9bf6a59dff196d22f",FALSE,29,29,29,0.483642637815662,0.333415196678908,0.675772252933602,0.429968132436435,0,0,0,1
"2020","baseline_sensitivity","queen","mean_rank",0,0.5,"control_only",6,"Balanced Quartiles",20,20,TRUE,0.251652789654085,0.0047854796683433,0.00133747657080793,0.00344800309753537,0.0691771614649177,0.0587196993992252,0.336704078776161,0.407941766319241,0.447859351676065,0.0081776419914543,0.0154684835526035,0.00405048413915626,0.279486417977188,0.325443168540458,0.364288716237583,0.393566329063803,0.424916028957107,0.333333333333333,0.544360902255639,TRUE,FALSE,2000,2000,2000,0,0,0,FALSE,0.0614675624055908,0.501522008354729,0.00625762692534814,0.926,0.010687242127594,0.0113342308925055,3.42323232323232e-05,9.85114300903766e-05,20,100,"2ef607e3114d18d9b8598ad26b0848b8",FALSE,29,29,29,0.531667669504902,0.393286718789275,0.640716991347905,-1.45589467125276,0,0,0,1
"2021","baseline_sensitivity","queen","mean_rank",0,0.5,"control_only",6,"Balanced Quartiles",20,20,TRUE,0.26029293688904,0.00422961057271629,0.00145408306411944,0.00277552750859685,0.0650354562736073,0.0526832754163677,0.334033210225725,0.361456687672762,0.381281009525032,0.00852667304439264,0.0145423701175501,0.00273268463876742,0.34378651157608,0.327354653810487,0.3671045643283,0.382177319823299,0.378824892103799,0.333333333333333,0.466165413533835,TRUE,FALSE,2000,2000,2000,0,0,0,FALSE,0.0558692459786159,0.509652068306386,0.0071552336384672,0.9235,0.012181209479982,0.0234031228698833,3.51893939393939e-05,0.000320159489633173,20,100,"e7c19a6f8880b188e60bba197ff8b67d",FALSE,29,29,29,0.496252239867406,0.370305475176481,0.603115975708886,-1.82500322928741,0,0,0,1
"2018","baseline_sensitivity","queen","mean_rank",0.5,0.5,"control_only",6,"Balanced Quartiles",20,20,TRUE,0.294523147332782,0.010582953400024,0.00182165754697913,0.00876129585304487,0.102873482491962,0.0936017940695843,0.435285656759754,0.536863521146466,0.563984576132183,0.00954373497897738,0.0230032099934161,0.00885739695460876,0.172131301927021,0.435716782667311,0.417618925969221,0.555150559587444,0.542320857763066,0.333333333333333,0.646616541353383,TRUE,FALSE,2000,2000,2000,0,0,0,FALSE,0.0781032329775588,0.54257537911606,0.00580381000088009,0.93,0.0123217113701802,0.0116234809693926,3.25555555555556e-05,2.25730994152032e-05,20,100,"8deb96c930368a5e4185c630c9a2c82d",FALSE,29,29,29,0.480562615989717,0.361870879032467,0.624151827660341,0.915017304556597,0,0,0,1
"2019","baseline_sensitivity","queen","mean_rank",0.5,0.5,"control_only",6,"Balanced Quartiles",20,20,TRUE,0.343299002361887,0.0302450800506936,0.00307608625340969,0.0271689937972839,0.173911126874313,0.164830196861145,0.445571260782776,0.794651297107349,0.927576934542768,0.0124017866725115,0.0388877101734555,0.0275402633019221,0.101705343422927,0.456330302807922,0.447799373956093,0.724279612886901,0.865022981327797,1,0.69624060150376,FALSE,FALSE,2000,2000,2000,0,0,0,FALSE,0.113276502133444,0.583836834889139,0.00524529864685861,0.9265,0.0117897190164079,0.0493310509569769,3.41287878787879e-05,-0.000132312599681022,20,100,"40248cd2f854443cc09654e453500e85",FALSE,29,29,29,0.483642637815662,0.333415196678908,0.675772252933602,0.429968132436435,0,0,0,1
"2020","baseline_sensitivity","queen","mean_rank",0.5,0.5,"control_only",6,"Balanced Quartiles",20,20,TRUE,0.271230056829594,0.00260977414426224,0.00156137558202854,0.0010483985622337,0.0510859485990252,0.0323789833415705,0.337535204686771,0.360362705267899,0.382252100037694,0.00883565385817185,0.011423165376248,0.000956157757265098,0.598279964364474,0.376109728955564,0.350583722263529,0.396557742087893,0.363160896733669,0,0.252631578947368,TRUE,FALSE,2000,2000,2000,0,0,0,FALSE,0.0421161485927236,0.517387326219958,0.00560075182923074,0.928,0.0120250207210968,0.0595013570984477,3.34444444444445e-05,-4.15204678362585e-05,20,100,"f15bec5474bd85e305158f8c3fc274c7",TRUE,29,29,29,0.531667669504902,0.393286718789275,0.640716991347905,-1.45589467125276,0,0,0,1
"2021","baseline_sensitivity","queen","mean_rank",0.5,0.5,"control_only",6,"Balanced Quartiles",20,20,TRUE,0.286149082698956,0.00496249202045329,0.00176784612916192,0.00319464589129137,0.0704449573813008,0.0565211986009795,0.365899407906112,0.421261904476435,0.452108975578549,0.00940171827157653,0.0157519713376664,0.00340211600129311,0.356241606409765,0.390686770898869,0.395645897605099,0.435197495881889,0.438148854006177,0.333333333333333,0.479699248120301,TRUE,FALSE,2000,2000,2000,0,0,0,FALSE,0.0550481280215682,0.533471587459546,0.00500526039072368,0.918,0.0155493698018388,0.0394607155579743,3.77777777777778e-05,-0.000254502923976609,20,100,"f4bca7bcda2913cc924ba59e979aed8c",FALSE,29,29,29,0.496252239867406,0.370305475176481,0.603115975708886,-1.82500322928741,0,0,0,1
"2018","baseline_sensitivity","queen","mean_rank",0,0.8,"control_only",6,"Balanced Quartiles",20,20,TRUE,0.277162776601589,0.00546977165934894,0.00169968130896625,0.00377009035038269,0.0739579046441213,0.0614010614760258,0.374451525759736,0.408744791327013,0.428789142066908,0.00921868024439032,0.0165374902257703,0.00403527408434608,0.31074081603775,0.415997097520172,0.358610047186647,0.428379903308688,0.407514289276671,0,0.601503759398496,TRUE,FALSE,2000,2000,2000,0,0,0,FALSE,0.0596670679538699,0.525996113896739,0.00558546044843687,0.9315,0.0164322202832601,0.0221554681087467,3.19267676767677e-05,-1.45879851143021e-05,20,100,"4c10f01e765f08028cb72a953788c7f0",FALSE,29,29,29,0.480562615989717,0.361870879032467,0.624151827660341,0.915017304556597,0,0,0,1
"2019","baseline_sensitivity","queen","mean_rank",0,0.8,"control_only",6,"Balanced Quartiles",20,20,TRUE,0.332173952376465,0.0375963889745014,0.00277279069534199,0.0348235982791594,0.193897882852035,0.186610820369987,0.459039158070596,0.809078231293377,0.976906458104246,0.0117745290677419,0.0433568846750441,0.0346976338514053,0.0737515163284046,0.585184346061837,0.493952057037308,0.738357497863394,0.87979896472336,1,0.705263157894737,FALSE,FALSE,2000,2000,2000,0,0,0,FALSE,0.130524637362011,0.575804608661053,0.00530143972500817,0.934,0.0161125951152245,0.0249600685326815,3.08636363636364e-05,-5.51674641148338e-05,20,100,"7176091cf08089b7055ffa2d16d6ede9",FALSE,29,29,29,0.483642637815662,0.333415196678908,0.675772252933602,0.429968132436435,0,0,0,1
"2020","baseline_sensitivity","queen","mean_rank",0,0.8,"control_only",6,"Balanced Quartiles",20,20,TRUE,0.269379768959126,0.00342270970087491,0.00145126623315953,0.00197144346771538,0.0585039289353707,0.0444009399418005,0.342812192850413,0.393819574019868,0.403408508024192,0.00851841016023393,0.0130818762050306,0.00192122269474686,0.424010903638296,0.350905275549085,0.365896020411614,0.424585129810801,0.398567569724724,0,0.353383458646617,TRUE,FALSE,2000,2000,2000,0,0,0,FALSE,0.048562949829449,0.518244433684903,0.00621013602698718,0.9235,0.00739784470623019,0.0283280058200249,3.53106060606061e-05,6.51036682615618e-05,20,100,"d7838697a3144cd6a3ad7fe9ab4a51d0",TRUE,29,29,29,0.531667669504902,0.393286718789275,0.640716991347905,-1.45589467125276,0,0,0,1
"2021","baseline_sensitivity","queen","mean_rank",0,0.8,"control_only",6,"Balanced Quartiles",20,20,TRUE,0.265623267774842,0.00698752015031927,0.00153501360548281,0.00545250654483647,0.0835913880152691,0.0738410898134397,0.360888639844914,0.407854559911267,0.429724410717755,0.0087607465591775,0.0186916025935703,0.00485793478432677,0.219679310035717,0.382892892744051,0.389036539189351,0.431531943936099,0.449773027608257,0,0.631578947368421,TRUE,FALSE,2000,2000,2000,0,0,0,FALSE,0.0703688451322509,0.514995198918359,0.00690061019422424,0.9195,0.010006754580066,0.0200801610023955,3.69267676767677e-05,0.000213833067517278,20,100,"3a3dec99a73c7a1f39fbe32f600dbc9c",FALSE,29,29,29,0.496252239867406,0.370305475176481,0.603115975708886,-1.82500322928741,0,0,0,1
"2018","baseline_sensitivity","queen","mean_rank",0.5,0.8,"control_only",6,"Balanced Quartiles",20,20,TRUE,0.296820370858463,0.00654208020005758,0.00189716616646597,0.00464491403359161,0.0808831267945149,0.068153606167184,0.387369499138884,0.441187881459346,0.461223909791381,0.00973952300286304,0.018086016974527,0.00360401491609736,0.289994330312439,0.402485976488657,0.387184208938594,0.485999897131899,0.50329476690183,0.333333333333333,0.482706766917293,TRUE,FALSE,2000,2000,2000,0,0,0,FALSE,0.0609325327713144,0.543202105849657,0.0048720470138601,0.933,0.0144843267717398,0.0418550242977032,3.13434343434343e-05,-0.000152131844763425,20,100,"0dc77e59826e93e78861c8fb3455d8e5",FALSE,29,29,29,0.480562615989717,0.361870879032467,0.624151827660341,0.915017304556597,0,0,0,1
"2019","baseline_sensitivity","queen","mean_rank",0.5,0.8,"control_only",6,"Balanced Quartiles",20,20,TRUE,0.34411879100419,0.0250703057234902,0.00263291260472179,0.0224373931187684,0.158336053138539,0.149791165022402,0.494778421125548,0.701697556061887,0.861021581811591,0.011473692964172,0.0354050178106792,0.0231359479895029,0.105021160641644,0.5349338021567,0.466231970262786,0.797570558747155,0.613837846824982,0.333333333333333,0.827067669172932,TRUE,FALSE,2000,2000,2000,0,0,0,FALSE,0.102886034521283,0.585074169649832,0.00804183142272821,0.9275,0.0134819828509226,0.0425089050994031,3.33409090909091e-05,0.000626602870813397,20,100,"f58d791a48d19bf7966e0391dc635b73",FALSE,29,29,29,0.483642637815662,0.333415196678908,0.675772252933602,0.429968132436435,0,0,0,1
"2020","baseline_sensitivity","queen","mean_rank",0.5,0.8,"control_only",6,"Balanced Quartiles",20,20,TRUE,0.283329326720519,0.00318174026527292,0.00175855696143338,0.00142318330383954,0.0564069168211924,0.0377251017737466,0.332746509446184,0.40137901284354,0.427495991533354,0.00937698502033938,0.0126129700413363,0.00198040063524555,0.552702865355522,0.377747598679325,0.356778604506023,0.385912495826817,0.422019550873413,0.333333333333333,0.381954887218045,TRUE,FALSE,2000,2000,2000,0,0,0,FALSE,0.044516994365987,0.529660813083029,0.00512989176042577,0.92,0.0127086670845572,0.0528086148724259,3.69191919191919e-05,-0.000212068048910155,20,100,"96f0ff1e0011d0289563ee6345fba54f",TRUE,29,29,29,0.531667669504902,0.393286718789275,0.640716991347905,-1.45589467125276,0,0,0,1
"2021","baseline_sensitivity","queen","mean_rank",0.5,0.8,"control_only",6,"Balanced Quartiles",20,20,TRUE,0.294370011926737,0.00678031535711737,0.00219325433951111,0.00458706101760626,0.0823426703302569,0.0677278452160281,0.43255777166456,0.443117361565334,0.44763459785058,0.0104719967998255,0.0184123808307309,0.00415559668906359,0.323473794948022,0.416993165969317,0.44398955358136,0.439413863285673,0.483363835231481,0,0.336842105263158,TRUE,FALSE,2000,2000,2000,0,0,0,FALSE,0.062548425738806,0.538135328056322,0.0058219186564315,0.924,0.0125195616410604,0.0691402966760459,3.51414141414141e-05,-2.49335459861783e-05,20,100,"a36b8a7233a8ffb8251f490ef4dccb0f",FALSE,29,29,29,0.496252239867406,0.370305475176481,0.603115975708886,-1.82500322928741,0,0,0,1
"2018","baseline_sensitivity","queen","mean_rank",0,0.5,"both",7,"Balanced Halves",20,20,TRUE,0.0674271464341435,8.22300136452191e-05,9.32409823255253e-05,-1.10109686803061e-05,0.00906807662325474,NA,0.0790617717028532,0.0814414768679185,0.0832224780285104,0.00215917787972095,0.00202768357547744,-2.90307952835606e-05,1.13390449778852,0.0820106366684105,0.0870522303917641,0.084304466145926,0.0915926965448985,0,-0.154887218045113,TRUE,FALSE,2000,2000,2000,0,0,0,FALSE,0.0300722139777617,0.25956751034528,0.00459404649061094,0.947,0.00673907515390064,0.00720097266321091,2.51464646464647e-05,-8.08240297713995e-05,20,100,"05af74ee0fe87453a5134b307aef96ee",TRUE,29,29,29,0.476069282420802,0.346835046452679,0.66996954057187,0.734019601293414,0,0,0,1
"2019","baseline_sensitivity","queen","mean_rank",0,0.5,"both",7,"Balanced Halves",20,20,TRUE,0.0735683423629225,0.000119147422705031,0.000113482953647505,5.66446905752555e-06,0.0109154671317828,0.0023800145078393,0.0892184076072912,0.0917873510092055,0.0943343602091919,0.0023820469521769,0.0024407726512831,-5.27265297470177e-07,0.952458316521467,0.0915571184322002,0.0920053188813667,0.0985395427341846,0.107483965536262,0,0.0165413533834586,TRUE,FALSE,2000,2000,2000,0,0,0,FALSE,0.0331769423217726,0.271075231006685,0.00479034115915063,0.932,0.00429081928757974,0.00930384316261887,3.17878787878788e-05,-0.000176810207336524,20,100,"d670d1c82b772715c734cd55fea0cbb1",TRUE,29,29,29,0.513517458991009,0.393299670624109,0.664370261381774,-0.530599656458006,0,0,0,1
"2020","baseline_sensitivity","queen","mean_rank",0,0.5,"both",7,"Balanced Halves",20,20,TRUE,0.0769135225193659,0.000131198605355098,0.000114868666380175,1.63299389749225e-05,0.0114541959715686,0.00404103191956244,0.0886349084164006,0.094236352217829,0.0953813825354922,0.00239654612286281,0.00256123608200316,3.27303997663165e-06,0.875532678638432,0.0915733366837691,0.096347622751474,0.0935937446714313,0.113870666278398,0,0.0135338345864662,TRUE,FALSE,2000,2000,2000,0,0,0,FALSE,0.033300205192894,0.277328328525624,0.00495240505103062,0.932,0.00611608116283516,0.00158767646244239,3.17727272727273e-05,-0.000144928229665073,20,100,"af85712875d99fcdf844e3ae06919e6e",TRUE,29,29,29,0.476748505968787,0.337636690702519,0.62484399282203,-0.612679051538837,0,0,0,1
"2021","baseline_sensitivity","queen","mean_rank",0,0.5,"both",7,"Balanced Halves",20,20,TRUE,0.0746143744420161,0.000249009991506724,0.00012423513400267,0.000124774857504054,0.0157800504278891,0.0111702666711254,0.0944493028184601,0.110019009761477,0.115118248420016,0.00249233960369238,0.00352852654451347,8.87134062873002e-05,0.498916261355381,0.0936307892883231,0.111967686055365,0.103010685881033,0.117027333641921,1,0.075187969924812,TRUE,FALSE,2000,2000,2000,0,0,0,FALSE,0.0472901712424801,0.273112034216317,0.00687864735785199,0.931,0.00764946133134972,0.00491845587979075,3.1989898989899e-05,0.000306517809675704,20,100,"51ab25057f71cbea6b5b4f732f13056d",TRUE,29,29,29,0.491639268397826,0.403069481989171,0.635186440898027,0.407114366033474,0,0,0,1
"2018","baseline_sensitivity","queen","mean_rank",0.5,0.5,"both",7,"Balanced Halves",20,20,TRUE,0.0749223094619806,0.000184627098551078,0.000117316741416365,6.73103571347137e-05,0.0135877554640595,0.00820428894753919,0.0927155422428272,0.0984536290404066,0.0996571970668275,0.00242194902316672,0.00303831448792812,9.75212625883056e-05,0.635425364624403,0.104799413007412,0.0897800581595561,0.10983681260376,0.0964271533930846,0,0.293233082706767,TRUE,FALSE,2000,2000,2000,0,0,0,FALSE,0.0405528674936257,0.272693357206321,0.00603062360395934,0.933,0.00602955637301524,0.023677888367131,3.12222222222222e-05,0.000102923976608186,20,100,"3ba66eba6a8bf002917bc734eec53cea",TRUE,29,29,29,0.476069282420802,0.346835046452679,0.66996954057187,0.734019601293414,0,0,0,1
"2019","baseline_sensitivity","queen","mean_rank",0.5,0.5,"both",7,"Balanced Halves",20,20,TRUE,0.0783948379466607,0.000129832209920187,0.000125737297698113,4.09491222207368e-06,0.0113943937934489,0.00202358894592595,0.089693698764761,0.0994978869424768,0.10346404915004,0.00250736213676957,0.00254786390845534,3.40147465330754e-05,0.968459966717111,0.0935692219304599,0.0987793939356894,0.105637315158213,0.107305524679535,0,0.16390977443609,TRUE,FALSE,2000,2000,2000,0,0,0,FALSE,0.0325004040468697,0.278601749073772,0.00415964320332253,0.9325,0.00674633537377058,0.0278550419079823,3.16237373737374e-05,-0.000286422115895801,20,100,"ec8667753cad5ff5998d15b87ba470d3",TRUE,29,29,29,0.513517458991009,0.393299670624109,0.664370261381774,-0.530599656458006,0,0,0,1
"2020","baseline_sensitivity","queen","mean_rank",0.5,0.5,"both",7,"Balanced Halves",20,20,TRUE,0.0827660739192246,0.000116647076688864,0.000139419683068586,-2.27726063797221e-05,0.0108003276195153,NA,0.0963338598723653,0.102696121940148,0.103518690357609,0.00264026213725632,0.00241502667365046,-7.36788487378819e-05,1.19522655025864,0.105566464384502,0.101339716945139,0.112498115773101,0.113760387537025,0,-0.153383458646617,TRUE,FALSE,2000,2000,2000,0,0,0,FALSE,0.029178944455036,0.2866973793704,0.00776208734813001,0.9255,0.00601705597796478,0.0238890473097979,3.42449494949495e-05,0.000520101010101009,20,100,"b16a3841f05ade6bd915a0b6e20dcacd",TRUE,29,29,29,0.476748505968787,0.337636690702519,0.62484399282203,-0.612679051538837,0,0,0,1
"2021","baseline_sensitivity","queen","mean_rank",0.5,0.5,"both",7,"Balanced Halves",20,20,TRUE,0.0763426439206134,0.000187095329617665,0.000118048771268362,6.90465583493033e-05,0.0136782794830953,0.00830942587362709,0.0928830754526729,0.0960767076844879,0.0968720587593822,0.00242949347877661,0.00305855627394417,8.10247288337799e-05,0.630955200803772,0.1067885562374,0.0889818046768139,0.115906072435422,0.092948811478048,0,0.350375939849624,TRUE,FALSE,2000,2000,2000,0,0,0,FALSE,0.0400635361427183,0.274850125875685,0.00549641031181165,0.934,0.00582480744327949,0.0282851944793268,3.08434343434344e-05,-1.26581605528986e-05,20,100,"f723c4bb4264144ac783a689f6584036",TRUE,29,29,29,0.491639268397826,0.403069481989171,0.635186440898027,0.407114366033474,0,0,0,1
"2018","baseline_sensitivity","queen","mean_rank",0,0.8,"both",7,"Balanced Halves",20,20,TRUE,0.0739055154415949,0.0001080104522415,0.000109189330208831,-1.17887796733122e-06,0.0103928077169502,NA,0.087154403753438,0.0922077794461053,0.0925249259723358,0.00233655013009384,0.00232390245321851,8.59968857647556e-06,1.01091448043098,0.0841350562877912,0.0984997864094205,0.0893577967071209,0.105356066390544,0,0.0616541353383459,TRUE,FALSE,2000,2000,2000,0,0,0,FALSE,0.0314442357831198,0.27162282975885,0.00542290464021285,0.9275,0.00642179851891475,0.0112496131217706,3.36792929292929e-05,-8.54279638490175e-05,20,100,"40d399c02ffab91f8bb19d9fc851a4de",TRUE,29,29,29,0.476069282420802,0.346835046452679,0.66996954057187,0.734019601293414,0,0,0,1
"2019","baseline_sensitivity","queen","mean_rank",0,0.8,"both",7,"Balanced Halves",20,20,TRUE,0.0710870849288686,0.000131225490128304,0.000103806505439031,2.74189846892725e-05,0.0114553694889473,0.00523631403654063,0.0881614941602876,0.0941781484776978,0.0959526385563999,0.00227822853813035,0.00256149848846631,3.42275321237961e-05,0.791054431098227,0.0841917379173983,0.0949036785157805,0.0900843805481193,0.103837858783265,0,0.0345864661654135,TRUE,FALSE,2000,2000,2000,0,0,0,FALSE,0.0360332469819153,0.266549429496575,0.00537538248333132,0.939,0.00581715313095297,0.00620375401824722,2.86515151515152e-05,4.86443381180108e-06,20,100,"d1c709839bd3e4fcba6c4a77e04bdc30",TRUE,29,29,29,0.513517458991009,0.393299670624109,0.664370261381774,-0.530599656458006,0,0,0,1
"2020","baseline_sensitivity","queen","mean_rank",0,0.8,"both",7,"Balanced Halves",20,20,TRUE,0.0734996048574097,0.000120922386694089,0.000121342457219373,-4.20070525284112e-07,0.0109964715565534,NA,0.0897641856874603,0.0902563321016513,0.0906818730512278,0.00246315303238931,0.00245888579130964,1.39976057088519e-05,1.00347388549605,0.100397850539397,0.084364770443509,0.104976615857388,0.086101681356956,0,0.0932330827067669,TRUE,FALSE,2000,2000,2000,0,0,0,FALSE,0.0334544083070911,0.2710917099921,0.00549042228267601,0.9365,0.00498973171280367,0.00298154841803598,2.97449494949495e-05,7.99574694311381e-06,20,100,"5a204789c85b96bd803a3af7a00076f3",TRUE,29,29,29,0.476748505968787,0.337636690702519,0.62484399282203,-0.612679051538837,0,0,0,1
"2021","baseline_sensitivity","queen","mean_rank",0,0.8,"both",7,"Balanced Halves",20,20,TRUE,0.0721133889299916,0.000120179304243868,0.000105711248172043,1.4468056071825e-05,0.0109626321768026,0.00380368979700304,0.0887368632979181,0.0898246780752086,0.0904039364407556,0.0022990351038212,0.00245131907596571,3.79796773667153e-05,0.879612748943309,0.0887903256584646,0.0903780537655512,0.105555291437696,0.0948262244090595,0,0.189473684210526,TRUE,FALSE,2000,2000,2000,0,0,0,FALSE,0.0339925652134512,0.268424558024465,0.00446624768917406,0.939,0.00600175067946933,0.00785146988545082,2.87373737373737e-05,-0.000175800106326423,20,100,"64e6a894c82a787f1479dc5fdd6a9a47",TRUE,29,29,29,0.491639268397826,0.403069481989171,0.635186440898027,0.407114366033474,0,0,0,1
"2018","baseline_sensitivity","queen","mean_rank",0.5,0.8,"both",7,"Balanced Halves",20,20,TRUE,0.0796989680791527,0.000162637568143847,0.000124338215843257,3.829935230059e-05,0.012752943509004,0.00618864704928226,0.0944879384485968,0.0960029167738599,0.0974037699349854,0.00249337337600345,0.00285164485993476,8.21586338875962e-05,0.764511036793691,0.0972081520949887,0.0984833942112265,0.100078866055143,0.103523292237124,0,0.32781954887218,TRUE,FALSE,2000,2000,2000,0,0,0,FALSE,0.0357801980209162,0.281551969015677,0.0071552336384672,0.9235,0.00800285040006664,0.0206750289612369,3.51893939393939e-05,0.000320159489633173,20,100,"ceba2ea9643d2f5c34a4b9a25bfb6065",TRUE,29,29,29,0.476069282420802,0.346835046452679,0.66996954057187,0.734019601293414,0,0,0,1
"2019","baseline_sensitivity","queen","mean_rank",0.5,0.8,"both",7,"Balanced Halves",20,20,TRUE,0.0774203289330052,8.31514075072334e-05,0.000124937899503146,-4.17864919959128e-05,0.00911873935954052,NA,0.0900910803930878,0.0940897744860192,0.0949765696346927,0.00249937891788286,0.00203901210770355,1.88020081648851e-05,1.50253499307607,0.0903610296043969,0.0920140687957003,0.0941424861252611,0.10431176494187,0,0.144360902255639,TRUE,FALSE,2000,2000,2000,0,0,0,FALSE,0.0263369083521718,0.277603088980818,0.00444113546410445,0.9305,0.00601875976202231,0.0188905775801877,3.24722222222222e-05,-0.00025497076023392,20,100,"bbc98bf38ab734259677c13d1b821d0c",TRUE,29,29,29,0.513517458991009,0.393299670624109,0.664370261381774,-0.530599656458006,0,0,0,1
"2020","baseline_sensitivity","queen","mean_rank",0.5,0.8,"both",7,"Balanced Halves",20,20,TRUE,0.0801290911897611,0.000111341974703549,0.000128140584770589,-1.67986100670405e-05,0.0105518706731815,NA,0.0929518561136517,0.0977884328043317,0.102475164820088,0.00253121102212547,0.00235947001150204,8.86268152734651e-06,1.15087400876235,0.0877666369288694,0.111133952957972,0.0955984741376151,0.118718959492563,0,0.0330827067669173,TRUE,FALSE,2000,2000,2000,0,0,0,FALSE,0.0294458601298043,0.281227081799929,0.00563821546982824,0.924,0.00534595810445096,0.0322555367659132,3.51616161616162e-05,-6.74428495481135e-05,20,100,"bd1779165fb2e59d2f20904e5bb5700e",TRUE,29,29,29,0.476748505968787,0.337636690702519,0.62484399282203,-0.612679051538837,0,0,0,1
"2021","baseline_sensitivity","queen","mean_rank",0.5,0.8,"both",7,"Balanced Halves",20,20,TRUE,0.0841819506596279,0.000156822289074696,0.000143927014085975,1.28952749887206e-05,0.0125228706403402,0.0035909991630075,0.0975605883292714,0.106389402064951,0.108279928895004,0.00268260148070837,0.00280019900252371,5.90664749362745e-06,0.917771414606896,0.102897660951698,0.105091463651134,0.111049956953921,0.112575463639198,0,-0.00601503759398496,TRUE,FALSE,2000,2000,2000,0,0,0,FALSE,0.0332636507063816,0.287977137345054,0.00763906166737085,0.9225,0.00604149268665031,0.0353711609390482,3.55479797979798e-05,0.000456145667198298,20,100,"ebbb582648ce1e4455c448eecc639369",TRUE,29,29,29,0.491639268397826,0.403069481989171,0.635186440898027,0.407114366033474,0,0,0,1
"2018","baseline_sensitivity","queen","mean_rank",0,0.5,"control_only",7,"Balanced Halves",20,20,TRUE,0.307477208335997,0.0105556933610437,0.00216615125355115,0.0083895421074925,0.102740904030691,0.0915944436496696,0.418293914736245,0.491245696410754,0.562789141477648,0.0104070919414387,0.0229735645482407,0.00892008853659293,0.205211650193009,0.439281359767241,0.435484895103717,0.547183465895132,0.480957877144657,0.333333333333333,0.738345864661654,TRUE,FALSE,2000,2000,2000,0,0,0,FALSE,0.0747163169347377,0.553967729604882,0.00564754254894155,0.918,0.0113801730642491,0.0244328240776401,3.77121212121212e-05,-0.00011634768740032,20,100,"a425f7d0f3564a77cfa7d210cc83c4cf",FALSE,29,29,29,0.476069282420802,0.346835046452679,0.66996954057187,0.734019601293414,0,0,0,1
"2019","baseline_sensitivity","queen","mean_rank",0,0.5,"control_only",7,"Balanced Halves",20,20,TRUE,0.295581386718739,0.0121142841350626,0.00186441934331389,0.0102498647917487,0.110064908735993,0.101241615908423,0.451708118096693,0.478039686561787,0.496951462282143,0.00965510057770994,0.0246112617870992,0.0110526632564317,0.153902560194843,0.463795815278724,0.422524020343552,0.524377960811673,0.451343916611389,0.333333333333333,0.873684210526316,TRUE,FALSE,2000,2000,2000,0,0,0,FALSE,0.0832639093425665,0.54314715659404,0.0058613362945573,0.9315,0.00946832582925941,0.0239280797923314,3.18964646464647e-05,4.9175970228601e-05,20,100,"421b5e4e146fabc5e15616f80ee96228",FALSE,29,29,29,0.513517458991009,0.393299670624109,0.664370261381774,-0.530599656458006,0,0,0,1
"2020","baseline_sensitivity","queen","mean_rank",0,0.5,"control_only",7,"Balanced Halves",20,20,TRUE,0.299257946194336,0.0103131273841763,0.00186438990124495,0.00844873748293131,0.101553569037116,0.0919170141101815,0.419009460806365,0.478142194640211,0.535290216611856,0.00965502434291325,0.0227080683724709,0.00833776510857847,0.180778325700266,0.504108343879706,0.432023650127984,0.526990743054254,0.501629938641238,0.333333333333333,0.720300751879699,TRUE,FALSE,2000,2000,2000,0,0,0,FALSE,0.0758812544871387,0.54636347255624,0.0049736145915484,0.94,0.00974762416357191,0.0272928937751714,2.82474747474747e-05,-7.02126528442324e-05,20,100,"b2a11e4dd60a6ec02fbc788fefd91626",FALSE,29,29,29,0.476748505968787,0.337636690702519,0.62484399282203,-0.612679051538837,0,0,0,1
"2021","baseline_sensitivity","queen","mean_rank",0,0.5,"control_only",7,"Balanced Halves",20,20,TRUE,0.282814967523441,0.0120391488666599,0.00197166442714783,0.0100674844395121,0.109723055310449,0.100336854841639,0.411896946725883,0.532614041742432,0.622768927406038,0.0099289083668544,0.0245348210373134,0.010740052112315,0.163771081243788,0.438147721212842,0.400351871732686,0.563855631289118,0.523742845275842,0.333333333333333,0.669172932330827,TRUE,FALSE,2000,2000,2000,0,0,0,FALSE,0.0867522014558152,0.529915756349598,0.00425502798555952,0.924,0.0136743530818752,0.0447689478977896,3.52929292929293e-05,-0.000343753322700692,20,100,"f5a7296e0b58f11336310ca07ca1bc4d",FALSE,29,29,29,0.491639268397826,0.403069481989171,0.635186440898027,0.407114366033474,0,0,0,1
"2018","baseline_sensitivity","queen","mean_rank",0.5,0.5,"control_only",7,"Balanced Halves",20,20,TRUE,0.321079601739413,0.0105682838807678,0.00275326969478936,0.00781501418597848,0.102802158930481,0.0884025688878919,0.399447131962956,0.566936691430646,0.629687591248719,0.0117330083414045,0.0229872615602292,0.00768627518403669,0.260521928238487,0.433541161576994,0.403825680099789,0.675898776610028,0.457974606251265,1,0.700751879699248,TRUE,FALSE,2000,2000,2000,0,0,0,FALSE,0.0715936529000854,0.559876683937778,0.00446624768917405,0.931,0.0140515791496384,0.0872794392869843,3.22525252525253e-05,-0.000246103136629454,20,100,"f8017f10cb56d9435b630204d9885677",FALSE,29,29,29,0.476069282420802,0.346835046452679,0.66996954057187,0.734019601293414,0,0,0,1
"2019","baseline_sensitivity","queen","mean_rank",0.5,0.5,"control_only",7,"Balanced Halves",20,20,TRUE,0.306256028324835,0.009539029322296,0.00188766606653125,0.00765136325576475,0.097667954428748,0.0874720712900109,0.424169406332015,0.443859338533798,0.460163576052934,0.0097151069642368,0.0218392185326032,0.006813339504736,0.197888695249015,0.438832043006876,0.443115919096444,0.479902031594533,0.541640423777773,0,0.723308270676692,TRUE,FALSE,2000,2000,2000,0,0,0,FALSE,0.0713103302882226,0.550869763228366,0.00634117704498064,0.926,0.0108057602615343,0.0529011558055066,3.42222222222222e-05,0.000119766081871344,20,100,"e65bbee9e4a6be9c3e61f1556236b873",FALSE,29,29,29,0.513517458991009,0.393299670624109,0.664370261381774,-0.530599656458006,0,0,0,1
"2020","baseline_sensitivity","queen","mean_rank",0.5,0.5,"control_only",7,"Balanced Halves",20,20,TRUE,0.319071339731178,0.01124488189332,0.00236581917398913,0.00887906271933083,0.106041887446989,0.094228778615298,0.42393420192364,0.573401338762952,0.633281028604169,0.0108761647054215,0.023711686879385,0.00777968846220718,0.210390753449758,0.442618268065403,0.409135476979578,0.626723585670139,0.584916084905488,0.333333333333333,0.464661654135338,TRUE,FALSE,2000,2000,2000,0,0,0,FALSE,0.0743146874280918,0.562686082326364,0.00591162992930482,0.934,0.0121945833178763,0.0495551459223591,3.07979797979798e-05,8.2987772461455e-05,20,100,"48ea7e2071a8fecb53ec3d045288561b",FALSE,29,29,29,0.476748505968787,0.337636690702519,0.62484399282203,-0.612679051538837,0,0,0,1
"2021","baseline_sensitivity","queen","mean_rank",0.5,0.5,"control_only",7,"Balanced Halves",20,20,TRUE,0.33054149928954,0.0168439423961584,0.00254489027503891,0.0142990521211195,0.129784214741849,0.119578644084633,0.445095606001556,0.63729417931539,0.741610111572086,0.0112802709963877,0.0290206326569205,0.0147184969143509,0.15108637961261,0.550468817024352,0.448064386919905,0.702177742481617,0.572410616149163,1,0.708270676691729,TRUE,FALSE,2000,2000,2000,0,0,0,FALSE,0.0877972439748015,0.571537482727773,0.00662828865743759,0.9195,0.0130229379242674,0.0623410388647852,3.69621212121212e-05,0.000139441786283891,20,100,"d2c27a92d45211afbf177750258fc8f3",FALSE,29,29,29,0.491639268397826,0.403069481989171,0.635186440898027,0.407114366033474,0,0,0,1
"2018","baseline_sensitivity","queen","mean_rank",0,0.8,"control_only",7,"Balanced Halves",20,20,TRUE,0.297914038598385,0.0121064096212497,0.00204108790291132,0.0100653217183384,0.11002913078476,0.10032607696077,0.416932941614217,0.516884802028348,0.551336138756372,0.010102197540415,0.0246032615939937,0.00971126759334448,0.168595642041445,0.43150252440336,0.515727776202594,0.491431262804362,0.553442419031909,0.333333333333333,0.750375939849624,TRUE,FALSE,2000,2000,2000,0,0,0,FALSE,0.0825851031047287,0.54490216982273,0.00658047350719896,0.9365,0.0129248656166005,0.0315541426894404,2.96186868686869e-05,0.000273678894205209,20,100,"9f3aa8f83a5d3dbe0da968c428a7d493",FALSE,29,29,29,0.476069282420802,0.346835046452679,0.66996954057187,0.734019601293414,0,0,0,1
"2019","baseline_sensitivity","queen","mean_rank",0,0.8,"control_only",7,"Balanced Halves",20,20,TRUE,0.309247059530642,0.0126104208796988,0.00211802247181009,0.0104923984078887,0.11229613029708,0.102432408972398,0.461500743687571,0.518192212550133,0.5689232866301,0.0102908271577412,0.0251101780954445,0.0107374955698737,0.167958111153914,0.454122160525739,0.498331452244847,0.595180021822459,0.53917121428211,0.333333333333333,0.8,TRUE,FALSE,2000,2000,2000,0,0,0,FALSE,0.0811977909622013,0.555196444456841,0.00449561189559213,0.924,0.0126830778711446,0.0316854476554117,3.52727272727273e-05,-0.000301244019138757,20,100,"69c332ac2eb2e68efa8c47ea6a280d23",FALSE,29,29,29,0.513517458991009,0.393299670624109,0.664370261381774,-0.530599656458006,0,0,0,1
"2020","baseline_sensitivity","queen","mean_rank",0,0.8,"control_only",7,"Balanced Halves",20,20,TRUE,0.338358313638776,0.0139994462754937,0.00249425642470157,0.0115051898507921,0.118319255725743,0.107262248022275,0.480727439221917,0.559497467131465,0.625217319270718,0.0111674894777241,0.0264569898849942,0.0110939771722389,0.178168220057947,0.55533727429775,0.467110286930568,0.633310736670351,0.582887590557586,0.333333333333333,0.590977443609023,TRUE,FALSE,2000,2000,2000,0,0,0,FALSE,0.0781922264609674,0.580974954503404,0.00568469783486195,0.916,0.0148719105330307,0.0287474499485405,3.85505050505051e-05,-0.000124694311536417,20,100,"5dcd9d87eec3eff7c5d35cde2b5927c9",FALSE,29,29,29,0.476748505968787,0.337636690702519,0.62484399282203,-0.612679051538837,0,0,0,1
"2021","baseline_sensitivity","queen","mean_rank",0,0.8,"control_only",7,"Balanced Halves",20,20,TRUE,0.279750825210455,0.0122915474951602,0.00183523210555918,0.010456315389601,0.110867251680378,0.102256126415981,0.392982848773428,0.527079144878537,0.635609243487558,0.00957922780175725,0.0247906711235902,0.00977385294258173,0.149308466349075,0.36871442906518,0.457564359398558,0.507939937607418,0.599731041625177,0.333333333333333,0.601503759398496,TRUE,FALSE,2000,2000,2000,0,0,0,FALSE,0.088616972282174,0.527759134976568,0.00613874665760982,0.928,0.0102285090375023,0.0349445369012149,3.33838383838384e-05,8.60074428495465e-05,20,100,"520cf9be4a6fe842b56c9cc142b42c54",FALSE,29,29,29,0.491639268397826,0.403069481989171,0.635186440898027,0.407114366033474,0,0,0,1
"2018","baseline_sensitivity","queen","mean_rank",0.5,0.8,"control_only",7,"Balanced Halves",20,20,TRUE,0.339305022027588,0.022173424527965,0.00262117420277827,0.0195522503251868,0.148907436107016,0.139829361455979,0.474643403526275,0.698648690313072,0.700497672883072,0.0114480876192888,0.0332967149490494,0.0200333516034864,0.118212421336743,0.459460145251618,0.528987858201545,0.64417349076599,0.753123889860154,1,0.851127819548872,TRUE,FALSE,2000,2000,2000,0,0,0,FALSE,0.0981321017592902,0.581072769831075,0.00525532311591129,0.9355,0.0112394578765204,0.0407364479112968,3.0209595959596e-05,-5.18234981392891e-05,20,100,"824fee389d8a1f7e62a623e54d005682",FALSE,29,29,29,0.476069282420802,0.346835046452679,0.66996954057187,0.734019601293414,0,0,0,1
"2019","baseline_sensitivity","queen","mean_rank",0.5,0.8,"control_only",7,"Balanced Halves",20,20,TRUE,0.300036425262115,0.00722830986957507,0.00215283781646837,0.0050754720531067,0.0850194675916938,0.0712423473301288,0.398734045915437,0.426665977490396,0.452007072903123,0.0103750610033589,0.0190109308945868,0.00520128810500841,0.297834190192918,0.404150105339299,0.425939455642295,0.468284138395777,0.46060707511799,0.333333333333333,0.590977443609023,TRUE,FALSE,2000,2000,2000,0,0,0,FALSE,0.0633620763811548,0.544989961703308,0.00587030887737514,0.9355,0.0117710544254122,0.0549760575590995,3.01439393939394e-05,8.63317384370006e-05,20,100,"5c17f3b71532a7a532838614d247f3e7",FALSE,29,29,29,0.513517458991009,0.393299670624109,0.664370261381774,-0.530599656458006,0,0,0,1
"2020","baseline_sensitivity","queen","mean_rank",0.5,0.8,"control_only",7,"Balanced Halves",20,20,TRUE,0.341234754850864,0.0232663164194543,0.00264441345262056,0.0206219029668337,0.152533001083222,0.143603283273168,0.593737822479795,0.683640803510336,0.720031018215564,0.0114987248263026,0.0341074159234134,0.0223165889456355,0.113658449620732,0.637490042635085,0.557886212507057,0.713966827649553,0.65331477937112,1,0.67218045112782,TRUE,FALSE,2000,2000,2000,0,0,0,FALSE,0.0999529369108958,0.580946192367674,0.00660542042169674,0.919,0.0086473998321647,0.0611250883383065,3.71767676767677e-05,0.000129096225412014,20,100,"0d95429dd6aefb1d1c4633b208630b8c",FALSE,29,29,29,0.476748505968787,0.337636690702519,0.62484399282203,-0.612679051538837,0,0,0,1
"2021","baseline_sensitivity","queen","mean_rank",0.5,0.8,"control_only",7,"Balanced Halves",20,20,TRUE,0.314871083193795,0.0134856118098271,0.00213797328565741,0.0113476385241697,0.116127566967654,0.106525295231554,0.386763663221762,0.597752254215861,0.706129014991355,0.0103391810257327,0.0259669133801334,0.0116842167567909,0.158537359358027,0.422210820901063,0.429232036071946,0.633127339498608,0.562377168933114,1,0.554887218045113,FALSE,FALSE,2000,2000,2000,0,0,0,FALSE,0.0824683966426712,0.558103959168898,0.0058613362945573,0.9215,0.0095723353519561,0.058232756707859,3.62045454545455e-05,-3.69856459330152e-05,20,100,"2e1dacca8dcac794039698db2080ebb1",FALSE,29,29,29,0.491639268397826,0.403069481989171,0.635186440898027,0.407114366033474,0,0,0,1
"2018","baseline_sensitivity","queen","mean_rank",0,0.5,"both",8,"Incidence-Guided Saturation Regions",20,20,TRUE,0.0723585143575968,0.000148452215532045,9.62969315467777e-05,5.2155283985267e-05,0.0121840968287372,0.00722186153185361,0.086575164829493,0.0968524361295791,0.104463779031479,0.00219427586628001,0.00272444687534961,5.65022409252089e-05,0.648672916073733,0.0880826043101466,0.0902950307518973,0.100241207209942,0.10625628155051,0,0.201503759398496,TRUE,FALSE,2000,2000,2000,0,0,0,FALSE,0.0376520565622084,0.268696175216006,0.0064675302371478,0.9355,0.00629849503447796,0.0126838393984655,3.00732323232323e-05,0.000235114300903774,20,100,"af6e57c72a387c7d7c5a2b15c12500f5",TRUE,29,29,29,0.545104713355137,0.41632696653249,0.647796219042853,4.55921594202507,0,0,0,1
"2019","baseline_sensitivity","queen","mean_rank",0,0.5,"both",8,"Incidence-Guided Saturation Regions",20,20,TRUE,0.0700690088540254,8.26924044097714e-05,0.000110414993361977,-2.77225889522061e-05,0.00909353640833814,NA,0.0813548601407376,0.085417105445932,0.0888556933007835,0.00234962755944402,0.00203337655649134,8.98470522693435e-06,1.33524952080037,0.0820456745216253,0.0849146641218272,0.0932669799221233,0.0861431245422066,0,0.0075187969924812,TRUE,FALSE,2000,2000,2000,0,0,0,FALSE,0.0290196277890482,0.264615227006853,0.00536067552695209,0.932,0.0053656390422714,0.00691306662321849,3.17323232323232e-05,-5.9909622541203e-05,20,100,"a04668a3929c1db25174fe1ff6bec318",TRUE,29,29,29,0.453644347699071,0.326403420895245,0.572667693955006,3.67958405146329,0,0,0,1
"2020","baseline_sensitivity","queen","mean_rank",0,0.5,"both",8,"Incidence-Guided Saturation Regions",20,20,TRUE,0.0760915442420512,0.000160180404833871,0.000112921781976549,4.72586228573223e-05,0.0126562397588648,0.00687449073439788,0.0873181703995702,0.0967428657368034,0.10470037878939,0.00237615005814604,0.00283002124403573,4.96834411868929e-05,0.704966266589624,0.103391084986179,0.0878869461896938,0.114545898577344,0.0939017905223091,0,0.172932330827068,TRUE,FALSE,2000,2000,2000,0,0,0,FALSE,0.0371923223825407,0.275360106617875,0.00639078283648865,0.922,0.00608255046755013,0.0163815727402466,3.5929292929293e-05,9.82562466772983e-05,20,100,"ba6fb66597bd54b5452fe658e78ac553",TRUE,29,29,29,0.499733956435708,0.370648699469209,0.593560904234309,8.68469808474463,0,0,0,1
"2021","baseline_sensitivity","queen","mean_rank",0,0.5,"both",8,"Incidence-Guided Saturation Regions",20,20,TRUE,0.0736703714220888,0.000148570579255414,0.000111462071413392,3.71085078420227e-05,0.0121889531648708,0.00609167529026479,0.0901953307679984,0.0926390891672326,0.0937213108454881,0.00236074216522465,0.00272553278512124,3.38435529095741e-05,0.75022976939312,0.0933049706692168,0.0913640774097148,0.10292350183703,0.109101684430351,0,0.219548872180451,TRUE,FALSE,2000,2000,2000,0,0,0,FALSE,0.0369963220289131,0.271361172673344,0.00504714614515235,0.934,0.00615949623978568,0.00578665598046257,3.08888888888889e-05,-0.000108304093567253,20,100,"4dfce039d0477d952cd5c31ff03fe271",TRUE,29,29,29,0.49809019472491,0.388690588159465,0.620745565746494,8.00283467888915,0,0,0,1
"2018","baseline_sensitivity","queen","mean_rank",0.5,0.5,"both",8,"Incidence-Guided Saturation Regions",20,20,TRUE,0.074145437514161,0.000163837228375399,0.000123014421587246,4.08228067881531e-05,0.0127998917329562,0.00638927279024406,0.0913582597545265,0.098082860818713,0.0999545554290181,0.00248006473289757,0.00286214280195276,7.51338320044109e-05,0.750833145842677,0.0873333793049352,0.0959458419081293,0.100588330887805,0.108167765930073,0,0.324812030075188,TRUE,FALSE,2000,2000,2000,0,0,0,FALSE,0.038601738662694,0.270742467727882,0.00418487250638975,0.9365,0.00482759092571681,0.0290508809294642,2.98661616161616e-05,-0.000247060074428496,20,100,"27f2cef7d691a66d6f3360464d732fa1",TRUE,29,29,29,0.545104713355137,0.41632696653249,0.647796219042853,4.55921594202507,0,0,0,1
"2019","baseline_sensitivity","queen","mean_rank",0.5,0.5,"both",8,"Incidence-Guided Saturation Regions",20,20,TRUE,0.0787336933003203,9.50315172741764e-05,0.000126800910239645,-3.17693929654689e-05,0.00974841101278441,NA,0.0885330013357207,0.0941417759891708,0.0942154443663592,0.00251794469994523,0.00217981096971935,-0.000180187655535773,1.33430375391998,0.102452233523268,0.0978096201199832,0.112103548004265,0.118753435651337,0,-0.473684210526316,TRUE,FALSE,2000,2000,2000,0,0,0,FALSE,0.0276858721894923,0.278976287493801,0.0048598787076049,0.9275,0.00567017509983308,0.0300985766523322,3.37348484848485e-05,-0.000202328548644339,20,100,"b108eafe3ade7dad0ad0fee31ad6c33c",TRUE,29,29,29,0.453644347699071,0.326403420895245,0.572667693955006,3.67958405146329,0,0,0,1
"2020","baseline_sensitivity","queen","mean_rank",0.5,0.5,"both",8,"Incidence-Guided Saturation Regions",20,20,TRUE,0.0831058633510777,0.000235401024889245,0.000148696944600281,8.67040802889635e-05,0.0153427841309602,0.00931150257954985,0.100390956693519,0.110079746177313,0.116564973918781,0.00272669162723145,0.00343075082809321,8.9975514132667e-05,0.63167500936006,0.108305335438277,0.106474460707054,0.108904977713995,0.125283512429141,0,0.360902255639098,TRUE,FALSE,2000,2000,2000,0,0,0,FALSE,0.041281694091789,0.28678393539121,0.00512347538297979,0.9325,0.00663518506774527,0.0293400366838165,3.15378787878788e-05,-0.000105757575757577,20,100,"2fb2a22d2b174dfb567f01d05a3a5a63",TRUE,29,29,29,0.499733956435708,0.370648699469209,0.593560904234309,8.68469808474463,0,0,0,1
"2021","baseline_sensitivity","queen","mean_rank",0.5,0.5,"both",8,"Incidence-Guided Saturation Regions",20,20,TRUE,0.0777093910639011,0.000113456422038038,0.000121000536113538,-7.54411407549952e-06,0.010651592464887,NA,0.0942581837625811,0.0960998334075915,0.097527310142524,0.00245968022427243,0.0023817684820112,-1.32161705172993e-05,1.06649349538777,0.0919164168065061,0.0929238921913488,0.109264955083382,0.106701097481611,0.333333333333333,-0.0631578947368421,TRUE,FALSE,2000,2000,2000,0,0,0,FALSE,0.0306496866003318,0.276786401156231,0.00464531456076131,0.93,0.00568244147237748,0.0331463300967548,3.26717171717172e-05,-0.000221855396065923,20,100,"a07c0f58338c5b289c3d024c9a7210e4",TRUE,29,29,29,0.49809019472491,0.388690588159465,0.620745565746494,8.00283467888915,0,0,0,1
"2018","baseline_sensitivity","queen","mean_rank",0,0.8,"both",8,"Incidence-Guided Saturation Regions",20,20,TRUE,0.0760434065119612,0.000163467416049396,0.000107018909662758,5.64485063866388e-05,0.0127854376557628,0.00751322210417334,0.0935676552722629,0.0972023553134673,0.0985897374066313,0.00231321107621805,0.00285891077203711,5.21788453346676e-05,0.654680377589248,0.100067710615596,0.0866443315622939,0.111639929697094,0.100548624007336,0,0.273684210526316,TRUE,FALSE,2000,2000,2000,0,0,0,FALSE,0.0375957746131141,0.275650526748414,0.00566615064729969,0.93,0.00488143541430641,0.00775845443907467,3.25707070707071e-05,-9.30887825624808e-06,20,100,"70529762c44f40e913c1584ebd57f6b2",TRUE,29,29,29,0.545104713355137,0.41632696653249,0.647796219042853,4.55921594202507,0,0,0,1
"2019","baseline_sensitivity","queen","mean_rank",0,0.8,"both",8,"Incidence-Guided Saturation Regions",20,20,TRUE,0.0735873558789216,0.0001508180479999,0.00011056568439142,4.02523636084803e-05,0.012280799973939,0.00634447504593409,0.0875021747910913,0.0963940610938096,0.0994396140982753,0.0023512303629315,0.00274607035598053,7.38357864069105e-05,0.733106454152576,0.0932584450876712,0.0940155043532525,0.0984946760712064,0.0982937456994209,0.333333333333333,0.204511278195489,TRUE,FALSE,2000,2000,2000,0,0,0,FALSE,0.0373171494366345,0.270703410089238,0.00430880371723802,0.9315,0.00525961778184099,0.0175219760580603,3.20479797979798e-05,-0.000269643806485913,20,100,"5fa112767639a6ef731ebf6ba5b22cf8",TRUE,29,29,29,0.453644347699071,0.326403420895245,0.572667693955006,3.67958405146329,0,0,0,1
"2020","baseline_sensitivity","queen","mean_rank",0,0.8,"both",8,"Incidence-Guided Saturation Regions",20,20,TRUE,0.0737938948604455,0.000179760545370904,0.000113213833096064,6.65467122748399e-05,0.013407480947997,0.00815761682569363,0.0928478926247494,0.101165116251014,0.106001903903077,0.00237922080833268,0.00299800388067547,9.76349730249486e-05,0.629803569311983,0.0917836557759408,0.0936598456390863,0.110445517028189,0.0979499759841947,0,0.279699248120301,TRUE,FALSE,2000,2000,2000,0,0,0,FALSE,0.0406267196811486,0.271172466869161,0.0055,0.9395,0.00567563155669327,0.0161055292536319,2.84166666666667e-05,3.66666666666656e-05,20,100,"e861240124c9a93ff52f38fe1a717cb5",TRUE,29,29,29,0.499733956435708,0.370648699469209,0.593560904234309,8.68469808474463,0,0,0,1
"2021","baseline_sensitivity","queen","mean_rank",0,0.8,"both",8,"Incidence-Guided Saturation Regions",20,20,TRUE,0.0763648856850952,0.000123135042886151,0.000114428511438211,8.70653144793997e-06,0.0110966230397428,0.0029506832171448,0.0882061392041729,0.0954597747895328,0.0980650099310452,0.00239195016083332,0.00248128034375553,3.26945709759854e-05,0.929292821573223,0.100278518600164,0.0881260438943052,0.110444096179673,0.0946605051711767,0,0.0721804511278195,TRUE,FALSE,2000,2000,2000,0,0,0,FALSE,0.0324924253011724,0.275686535230722,0.00514397961852391,0.9315,0.00472637527863362,0.0190215661178377,3.19722222222222e-05,-0.000110233918128656,20,100,"72b61d8d6ad812a5800c5d4a1f389e39",TRUE,29,29,29,0.49809019472491,0.388690588159465,0.620745565746494,8.00283467888915,0,0,0,1
"2018","baseline_sensitivity","queen","mean_rank",0.5,0.8,"both",8,"Incidence-Guided Saturation Regions",20,20,TRUE,0.0820279791132835,0.000187660045121808,0.000143843915286269,4.38161298355392e-05,0.0136989067126471,0.00661937533575029,0.0937625858422909,0.104922116584783,0.114061048201196,0.00268182694525829,0.00306316866269071,7.32011167450768e-05,0.766513272406501,0.103570007123778,0.0985036722354519,0.123673556888577,0.104863469171855,0,0.186466165413534,TRUE,FALSE,2000,2000,2000,0,0,0,FALSE,0.0373429736512266,0.2840740292843,0.00608168086183936,0.9315,0.00507946877828963,0.0364681367698719,3.18712121212121e-05,0.000102312599681019,20,100,"726b15098e8c3cd319268acf23c0a9e3",TRUE,29,29,29,0.545104713355137,0.41632696653249,0.647796219042853,4.55921594202507,0,0,0,1
"2019","baseline_sensitivity","queen","mean_rank",0.5,0.8,"both",8,"Incidence-Guided Saturation Regions",20,20,TRUE,0.0781733556943113,0.000117380654580006,0.000127720022478697,-1.03393678986912e-05,0.0108342353020417,NA,0.0900120795473723,0.0930401361921546,0.095672896790772,0.00252705384270594,0.00242260866195932,4.6363623371108e-05,1.08808408792476,0.0876691983936243,0.0984293021079786,0.0948425934956673,0.104762029305995,0,0.249624060150376,TRUE,FALSE,2000,2000,2000,0,0,0,FALSE,0.0309902093935007,0.276658406125166,0.00399999999999999,0.934,0.00717371203419674,0.0404163582549673,3.0979797979798e-05,-0.000299595959595961,20,100,"c03e5cf7f919a2637399e5641a183626",TRUE,29,29,29,0.453644347699071,0.326403420895245,0.572667693955006,3.67958405146329,0,0,0,1
"2020","baseline_sensitivity","queen","mean_rank",0.5,0.8,"both",8,"Incidence-Guided Saturation Regions",20,20,TRUE,0.0823183096550176,0.000153949834558204,0.000144498845211083,9.45098934712163e-06,0.0124076522581109,0.00307424614289774,0.0964940361988387,0.098535860784659,0.0994344960180402,0.00268792527064168,0.00277443538903147,-4.49053046341225e-06,0.938609941516056,0.119792557853486,0.101017533804907,0.121529641209307,0.104166238792954,0,0.087218045112782,TRUE,FALSE,2000,2000,2000,0,0,0,FALSE,0.0337037458696452,0.284575673656549,0.00654940736571678,0.925,0.00667178712603629,0.0365375918464658,3.46262626262626e-05,0.000165369484316852,20,100,"0670c68382c97f51a86f82811522db88",TRUE,29,29,29,0.499733956435708,0.370648699469209,0.593560904234309,8.68469808474463,0,0,0,1
"2021","baseline_sensitivity","queen","mean_rank",0.5,0.8,"both",8,"Incidence-Guided Saturation Regions",20,20,TRUE,0.0811151816671931,0.000174823476000926,0.00013979287060859,3.50306053923358e-05,0.0132220828919246,0.00591866584563918,0.0944104618825461,0.104723242710706,0.110348245607061,0.00264379339783378,0.00295654761504805,0.00010259213417031,0.799622990037389,0.102501111212043,0.0951767263974772,0.103295854687208,0.109014135043757,0,0.371428571428571,TRUE,FALSE,2000,2000,2000,0,0,0,FALSE,0.0364487578561858,0.283217777650792,0.00477934150936694,0.936,0.00556100097882934,0.0300478300337942,3.00353535353535e-05,-0.000143864965443914,20,100,"e04788e63407976d522461d9d1a2537f",TRUE,29,29,29,0.49809019472491,0.388690588159465,0.620745565746494,8.00283467888915,0,0,0,1
"2018","baseline_sensitivity","queen","mean_rank",0,0.5,"control_only",8,"Incidence-Guided Saturation Regions",20,20,TRUE,0.261692702747573,0.00533794473663493,0.00142238008774684,0.00391556464888809,0.0730612396324818,0.0625744728214956,0.322790627803181,0.435299710139433,0.47605624567758,0.00843320842783706,0.0163369898338631,0.00401013524971161,0.266465869903988,0.375253192487403,0.322898144294422,0.423435879091804,0.466394339445053,0.333333333333333,0.409022556390977,TRUE,FALSE,2000,2000,2000,0,0,0,FALSE,0.0624281443935471,0.510785355567925,0.00516057932284433,0.918,0.0130553714990922,0.0281251361760599,3.77626262626263e-05,-0.000222620946305157,20,100,"3f68c14fed6012a54606d13f41f34018",FALSE,29,29,29,0.545104713355137,0.41632696653249,0.647796219042853,4.55921594202507,0,0,0,1
"2019","baseline_sensitivity","queen","mean_rank",0,0.5,"control_only",8,"Incidence-Guided Saturation Regions",20,20,TRUE,0.201236716016961,0.00159407974816709,0.00102810783440441,0.000565971913762687,0.0399259282693226,0.023790164223113,0.255289242034658,0.277592498350176,0.289411782734116,0.00716975534591107,0.00892770896749859,0.000432969050299092,0.644953827176179,0.272000785993155,0.257043006091534,0.309864281920285,0.26511280620605,0,0.160902255639098,TRUE,FALSE,2000,2000,2000,0,0,0,FALSE,0.0443642151601507,0.447679246573946,0.00567079313119797,0.923,0.00813459768471266,0.0286357853732821,3.55858585858586e-05,-6.855927698033e-05,20,100,"2b3d57dc69d2bce0490acef11b3b4615",TRUE,29,29,29,0.453644347699071,0.326403420895245,0.572667693955006,3.67958405146329,0,0,0,1
"2020","baseline_sensitivity","queen","mean_rank",0,0.5,"control_only",8,"Incidence-Guided Saturation Regions",20,20,TRUE,0.227989342275439,0.00503647507441945,0.0011287817750599,0.00390769329935955,0.0709681271728334,0.0625115453285195,0.274992535749586,0.388760311757469,0.483397975108627,0.00751259534069253,0.0158689556594305,0.00397010528343513,0.224121386164115,0.340288109375833,0.262972899118413,0.451815505233316,0.357753377978184,0.333333333333333,0.377443609022556,TRUE,FALSE,2000,2000,2000,0,0,0,FALSE,0.0696039363114567,0.476117239942759,0.00670820393249937,0.925,0.0109738352464561,0.0360793029967105,3.46060606060606e-05,0.000207878787878788,20,100,"a3f4afd6199ddff8ced64b7a30696a42",FALSE,29,29,29,0.499733956435708,0.370648699469209,0.593560904234309,8.68469808474463,0,0,0,1
"2021","baseline_sensitivity","queen","mean_rank",0,0.5,"control_only",8,"Incidence-Guided Saturation Regions",20,20,TRUE,0.223316197919075,0.00463355466641237,0.00107737603801516,0.00355617862839721,0.0680702186452517,0.0596337037957329,0.314441907874023,0.362587172495039,0.36718943690824,0.00733953689961144,0.0152209636134056,0.0038224149635719,0.232516095218391,0.353537249515252,0.303884311664395,0.386084718837236,0.361840495216095,0.333333333333333,0.700751879699248,TRUE,FALSE,2000,2000,2000,0,0,0,FALSE,0.0681587979521369,0.47024346392194,0.00509256423880109,0.9285,0.0110116084635998,0.0467683927216873,3.3280303030303e-05,-0.000146921850079746,20,100,"9df2fd606b86cbde8c0e0118da2d652d",FALSE,29,29,29,0.49809019472491,0.388690588159465,0.620745565746494,8.00283467888915,0,0,0,1
"2018","baseline_sensitivity","queen","mean_rank",0.5,0.5,"control_only",8,"Incidence-Guided Saturation Regions",20,20,TRUE,0.269131415935945,0.003318212150677,0.00165289416134743,0.00166531798932957,0.0576039247853564,0.040808307846927,0.329986368450006,0.349436669606327,0.363809247726772,0.00909091348915891,0.0128806291590842,0.00236841349608871,0.49812793344458,0.331243433133174,0.343467769534353,0.378587999092584,0.365795889913356,0,0.437593984962406,TRUE,FALSE,2000,2000,2000,0,0,0,FALSE,0.0478599984854606,0.513948273311109,0.00611727493509805,0.927,0.0127525485090526,0.0706299390943718,3.38181818181818e-05,7.20574162679415e-05,20,100,"63aa52ccd0cb46335c096e94ab4c4a34",TRUE,29,29,29,0.545104713355137,0.41632696653249,0.647796219042853,4.55921594202507,0,0,0,1
"2019","baseline_sensitivity","queen","mean_rank",0.5,0.5,"control_only",8,"Incidence-Guided Saturation Regions",20,20,TRUE,0.243112369316875,0.00171918673222799,0.00146559747038852,0.000253589261839475,0.0414630767337398,0.0159244862347102,0.299092862624952,0.307829280275824,0.309722805547765,0.00856036643604852,0.00927142581329321,0.00010789135292468,0.85249463767625,0.311097273004315,0.300252354192861,0.348746492647824,0.343743661803263,0,0.117293233082707,TRUE,FALSE,2000,2000,2000,0,0,0,FALSE,0.0381363804702538,0.488566020742116,0.00697646419266801,0.9155,0.0107512288104903,0.0664500766973892,3.86035353535354e-05,0.000201350345560871,20,100,"eb03da395e79d4052bca34ca86aec944",TRUE,29,29,29,0.453644347699071,0.326403420895245,0.572667693955006,3.67958405146329,0,0,0,1
"2020","baseline_sensitivity","queen","mean_rank",0.5,0.5,"control_only",8,"Incidence-Guided Saturation Regions",20,20,TRUE,0.260563567797228,0.00308819890171729,0.00162432924601604,0.00146386965570125,0.0555715655863436,0.038260549600094,0.350937198147669,0.37074757040439,0.379162927926031,0.00901201765981413,0.0124261798267152,0.000828285308007086,0.525979477912766,0.362940484337655,0.319642630849353,0.466276088222682,0.342969120653639,0,0.282706766917293,TRUE,FALSE,2000,2000,2000,0,0,0,FALSE,0.047689628798702,0.5023227561283,0.00387977210399623,0.922,0.0121521496793556,0.09074919543939,3.61767676767677e-05,-0.000422482721956407,20,100,"9391954638726d6ba1f96900d395cafb",TRUE,29,29,29,0.499733956435708,0.370648699469209,0.593560904234309,8.68469808474463,0,0,0,1
"2021","baseline_sensitivity","queen","mean_rank",0.5,0.5,"control_only",8,"Incidence-Guided Saturation Regions",20,20,TRUE,0.245598886697134,0.00162654689914004,0.00121870647346789,0.00040784042567215,0.0403304710999021,0.0201950594372027,0.293834120057438,0.305586358023394,0.312288891787893,0.00780610810028879,0.00901816749439717,0.000994067322371226,0.749259965459479,0.28963090946201,0.317174402692369,0.309614111276225,0.328630045674296,0,0.481203007518797,TRUE,FALSE,2000,2000,2000,0,0,0,FALSE,0.0367190894701332,0.491500165174802,0.00577995629194911,0.9245,0.0136355991001713,0.0634545059887476,3.49318181818182e-05,-3.0478468899523e-05,20,100,"1f4dfc6af00bcd2d2c5d1d821131def4",TRUE,29,29,29,0.49809019472491,0.388690588159465,0.620745565746494,8.00283467888915,0,0,0,1
"2018","baseline_sensitivity","queen","mean_rank",0,0.8,"control_only",8,"Incidence-Guided Saturation Regions",20,20,TRUE,0.249191160302119,0.00370548821522229,0.0013396020038899,0.00236588621133239,0.0608727214376217,0.0486403763485892,0.333031496908532,0.339215883556759,0.340206816647656,0.00818413710750834,0.0136115543109931,0.0019487081904739,0.361518354959749,0.342683527067427,0.352822884909655,0.352399714308114,0.378574793399355,0,0.449624060150376,TRUE,FALSE,2000,2000,2000,0,0,0,FALSE,0.0546229420597844,0.499041305063256,0.00693105141260765,0.9215,0.0095899599028235,0.0122039396459477,3.60732323232323e-05,0.000239324827219563,20,100,"a781782f4213556a6eb32bd9740cdb13",FALSE,29,29,29,0.545104713355137,0.41632696653249,0.647796219042853,4.55921594202507,0,0,0,1
"2019","baseline_sensitivity","queen","mean_rank",0,0.8,"control_only",8,"Incidence-Guided Saturation Regions",20,20,TRUE,0.209807153030323,0.00137272987321118,0.000897254109657992,0.000475475763553185,0.0370503694072161,0.0218054067504641,0.267667735145128,0.270558862845772,0.272924458998442,0.00669796278601931,0.00828471445860138,0.000311722175193187,0.653627583378132,0.290794140945226,0.244444358324562,0.340385742529441,0.253630378048155,0,0.204511278195489,TRUE,FALSE,2000,2000,2000,0,0,0,FALSE,0.0394872831499887,0.455983078130197,0.00595045332196145,0.9265,0.0123535971153668,0.0434348418810756,3.40530303030303e-05,2.70972886762354e-05,20,100,"988ef6ae10660c264e848c1a4d5e2a5c",TRUE,29,29,29,0.453644347699071,0.326403420895245,0.572667693955006,3.67958405146329,0,0,0,1
"2020","baseline_sensitivity","queen","mean_rank",0,0.8,"control_only",8,"Incidence-Guided Saturation Regions",20,20,TRUE,0.213852281942492,0.00656494710389959,0.00106024123851349,0.0055047058653861,0.0810243611755106,0.0741937050253328,0.282869467580111,0.42321016143539,0.459392962637893,0.00728093825860889,0.0181175979421936,0.00532292787068305,0.16150034748699,0.279078383717395,0.334416716995129,0.357941032763205,0.488479290107576,1,0.418045112781955,TRUE,FALSE,2000,2000,2000,0,0,0,FALSE,0.0847201525166132,0.461187410309854,0.0054483218082558,0.934,0.012067144265495,0.0340360766567149,3.08484848484848e-05,-2.32854864433819e-05,20,100,"2bb75072a1bdac496494b706b61668b2",FALSE,29,29,29,0.499733956435708,0.370648699469209,0.593560904234309,8.68469808474463,0,0,0,1
"2021","baseline_sensitivity","queen","mean_rank",0,0.8,"control_only",8,"Incidence-Guided Saturation Regions",20,20,TRUE,0.216139958321259,0.00345597163600305,0.000963800757836558,0.00249217087816649,0.0587875125856083,0.0499216473903505,0.29302928499306,0.32484790772832,0.330537308426877,0.00694190448593381,0.0131452874369545,0.002585688677368,0.278879822911749,0.338585983345878,0.283483497469414,0.360376770419308,0.305472445883899,0.333333333333333,0.568421052631579,TRUE,FALSE,2000,2000,2000,0,0,0,FALSE,0.060818404607148,0.461956166296827,0.00595929172760797,0.9295,0.00810026685908566,0.0523111722445405,3.27550505050505e-05,5.51621477937254e-05,20,100,"800798ba65ad8616ccd233e2638fbf78",FALSE,29,29,29,0.49809019472491,0.388690588159465,0.620745565746494,8.00283467888915,0,0,0,1
"2018","baseline_sensitivity","queen","mean_rank",0.5,0.8,"control_only",8,"Incidence-Guided Saturation Regions",20,20,TRUE,0.277894005276099,0.00316103639168649,0.00171443075171169,0.0014466056399748,0.0562230948248715,0.0380342692840917,0.346867438171338,0.399491266476276,0.422030584713257,0.00925859263525425,0.0125718661933829,0.000752135208844471,0.54236349705452,0.412792680003519,0.314830447601147,0.487919475938894,0.378763546162628,0,0.0180451127819549,TRUE,FALSE,2000,2000,2000,0,0,0,FALSE,0.0452397891091326,0.524936278555403,0.0058613362945573,0.9235,0.0137746082663714,0.0483312397161865,3.53510101010101e-05,-1.99149388623088e-05,20,100,"1e9e487d670813f872af491e39488db6",TRUE,29,29,29,0.545104713355137,0.41632696653249,0.647796219042853,4.55921594202507,0,0,0,1
"2019","baseline_sensitivity","queen","mean_rank",0.5,0.8,"control_only",8,"Incidence-Guided Saturation Regions",20,20,TRUE,0.236468507144578,0.00155122147040516,0.00136716798597649,0.000184053484428675,0.0393855490047449,0.013566631285204,0.279471261214885,0.289181882939394,0.298727754935593,0.0082679138420054,0.00880687649057588,0.000355485212061025,0.881349318623986,0.303534914705983,0.28425640143224,0.318218245639981,0.325929464637905,0,0.0646616541353384,TRUE,FALSE,2000,2000,2000,0,0,0,FALSE,0.0372433377996982,0.480204233775403,0.00559487547483832,0.9245,0.0159981445478252,0.0766315927588385,3.49520202020202e-05,-7.29877724614578e-05,20,100,"3851c8441ee5feda9d6053a981f5919e",TRUE,29,29,29,0.453644347699071,0.326403420895245,0.572667693955006,3.67958405146329,0,0,0,1
"2020","baseline_sensitivity","queen","mean_rank",0.5,0.8,"control_only",8,"Incidence-Guided Saturation Regions",20,20,TRUE,0.273717872554864,0.00772526334436689,0.00203522041339311,0.00569004293097378,0.0878934772572282,0.075432373229097,0.373771214376776,0.488555909237939,0.566473145024315,0.0100876667604385,0.0196535789925994,0.00613374782535858,0.263449972210611,0.362800288982939,0.356647086503267,0.51897839001582,0.485321621717417,0.333333333333333,0.21203007518797,TRUE,FALSE,2000,2000,2000,0,0,0,FALSE,0.0718023226220278,0.517418111826355,0.00493510518204979,0.9165,0.0142417007782939,0.0774362325330542,3.84166666666667e-05,-0.000281228070175439,20,100,"737907568f03daeb6cf5f89e424992db",FALSE,29,29,29,0.499733956435708,0.370648699469209,0.593560904234309,8.68469808474463,0,0,0,1
"2021","baseline_sensitivity","queen","mean_rank",0.5,0.8,"control_only",8,"Incidence-Guided Saturation Regions",20,20,TRUE,0.251022721225568,0.0041765224959895,0.00152393009070509,0.00265259240528441,0.0646260202703949,0.051503324215864,0.339440031268988,0.375925938561103,0.393134763454048,0.0087290609194377,0.0144508174439882,0.00255800145770746,0.364880134649925,0.373964609657322,0.318314885057717,0.443053209193213,0.353160035720119,0,0.359398496240601,TRUE,FALSE,2000,2000,2000,0,0,0,FALSE,0.0575677666684315,0.497555057484545,0.00492576470151963,0.923,0.0120935406055618,0.0588360943394427,3.56616161616162e-05,-0.000227969165337588,20,100,"2b3106139ac3bfa85e817d9634709ea7",FALSE,29,29,29,0.49809019472491,0.388690588159465,0.620745565746494,8.00283467888915,0,0,0,1
"2018","baseline_sensitivity","queen","mean_rank",0,0.5,"both",9,"Simple Random Sampling",20,20,TRUE,0.0753365112313204,0.000271519804424128,0.000123157244327472,0.000148362560096656,0.0164778580047325,0.0121804170740027,0.100172617359135,0.107774420810996,0.114992731510359,0.00248150402304199,0.0036845610622171,0.000162959493162146,0.45358475632626,0.104095957864182,0.0919851759939139,0.11197091294133,0.113811168434868,0.333333333333333,0.26015037593985,TRUE,FALSE,2000,2000,2000,0,0,0,FALSE,0.0489080394352703,0.274395797239713,0.00621013602698718,0.9365,0.00705889063309044,0.00659224457242252,2.96641414141414e-05,0.000178032961190855,20,100,"f65b473efcc0d5ff1871e3e21176ca20",TRUE,29,29,29,0.500785929914919,0.314508582213638,0.68561367828357,-0.901957340911287,0,0,0,1
"2019","baseline_sensitivity","queen","mean_rank",0,0.5,"both",9,"Simple Random Sampling",20,20,TRUE,0.0793122624783378,0.000208630996650347,0.000134528333674403,7.41026629759439e-05,0.0144440644089656,0.00860829036312925,0.0904985791618863,0.101386606764871,0.107027004517946,0.00259353362880071,0.00322979098898324,3.69253779703343e-05,0.644814700760236,0.111909795947733,0.100816066415816,0.114126576490894,0.113692205996412,0,0.269172932330827,TRUE,FALSE,2000,2000,2000,0,0,0,FALSE,0.0407224669686529,0.281077208428609,0.00542896714030637,0.93,0.00593823613459097,0.0175460930214731,3.25959595959596e-05,-6.24455077086668e-05,20,100,"d5e88a9d4f4474773602aac3ecab094f",TRUE,29,29,29,0.50069696164219,0.313306121476637,0.685744901068121,1.19660999274909,0,0,0,1
"2020","baseline_sensitivity","queen","mean_rank",0,0.5,"both",9,"Simple Random Sampling",20,20,TRUE,0.0731585433100542,9.35789880255584e-05,0.000105269768713427,-1.16907806878688e-05,0.00967362331422712,NA,0.0841388053029823,0.0913646826269235,0.0947214869393916,0.00229422937730109,0.00216308793193386,2.96401428850024e-06,1.1249295481233,0.0832152358339202,0.0933443035784784,0.0895210470169118,0.103842526598237,0,0.150375939849624,TRUE,FALSE,2000,2000,2000,0,0,0,FALSE,0.029567126873569,0.270278954605669,0.00475173098653754,0.941,0.00533230644040313,0.0103841228479384,2.78232323232323e-05,-0.000104885699096227,20,100,"c723ba55e6a32ffb2c313de0e7a950ff",TRUE,29,29,29,0.500644715177808,0.312882563010975,0.685599752948953,1.69499808109388,0,0,0,1
"2021","baseline_sensitivity","queen","mean_rank",0,0.5,"both",9,"Simple Random Sampling",20,20,TRUE,0.0775864769001322,0.000348839047005652,0.000111149595452755,0.000237689451552897,0.018677233387353,0.0154171804021649,0.0904456366294369,0.112880293654817,0.134055196821994,0.00235743075670056,0.00417635634857499,0.000257341774568656,0.318627161743606,0.0998013790742965,0.0988995725125656,0.115532429308036,0.12169358152073,0.333333333333333,0.490225563909774,TRUE,FALSE,2000,2000,2000,0,0,0,FALSE,0.0538284056118531,0.27841542426339,0.00711836024879177,0.9315,0.00630854915366741,-0.00844561616275286,3.1739898989899e-05,0.000378623072833598,20,100,"c2d28baf1cfc2fe7c106c68126e70ed4",FALSE,29,29,29,0.500475007229866,0.312797009934478,0.686800807024632,1.60502649155216,0,0,0,1
"2018","baseline_sensitivity","queen","mean_rank",0.5,0.5,"both",9,"Simple Random Sampling",20,20,TRUE,0.0774585718217015,0.000223937731809091,0.000111047977198546,0.000112889754610545,0.014964549168254,0.0106249590404173,0.0957802473311373,0.104711221989898,0.105406587476592,0.00235635287253996,0.00334617491928539,3.66075328543775e-05,0.495887746568834,0.0970341126322159,0.105739761433772,0.111695202406317,0.10937994312573,0,-0.0120300751879699,TRUE,FALSE,2000,2000,2000,0,0,0,FALSE,0.0431995431956556,0.277489642244997,0.00558546044843687,0.9335,0.00506038327135642,0.0214025762104674,3.10530303030303e-05,2.88676236044486e-06,20,100,"71c3ac632b9975d1ef3c123dc84d97b1",TRUE,29,29,29,0.500785929914919,0.314508582213638,0.68561367828357,-0.901957340911287,0,0,0,1
"2019","baseline_sensitivity","queen","mean_rank",0.5,0.5,"both",9,"Simple Random Sampling",20,20,TRUE,0.0794455964987407,0.000475907514232608,0.000129239210929218,0.00034666830330339,0.0218153045872069,0.0186190306757197,0.0953828748697392,0.130754398158308,0.153335235640348,0.00254203865951345,0.00487805040068575,0.000358949622269095,0.271563711570333,0.113447259911965,0.0863415303630686,0.129625746383951,0.131883049932665,1,0.406015037593985,TRUE,FALSE,2000,2000,2000,0,0,0,FALSE,0.0614011426141545,0.281526699620564,0.00791401155845557,0.93,0.00542276366661396,0.0137227511634384,3.22777777777778e-05,0.000607076023391812,20,100,"3ec8887d148c463324445745200e04c1",FALSE,29,29,29,0.50069696164219,0.313306121476637,0.685744901068121,1.19660999274909,0,0,0,1
"2020","baseline_sensitivity","queen","mean_rank",0.5,0.5,"both",9,"Simple Random Sampling",20,20,TRUE,0.0778521541238553,0.000205065569770047,0.000124196821025212,8.08687487448352e-05,0.0143201106759008,0.00899270530734969,0.100533165610354,0.102751549287031,0.103370950710999,0.00249195526670536,0.00320207409166346,1.45240985284058e-05,0.605644434433735,0.108001718445344,0.107098494672615,0.11086264539932,0.116853029920812,0,0.114285714285714,TRUE,FALSE,2000,2000,2000,0,0,0,FALSE,0.0411301925771927,0.277815087332372,0.00648480004155466,0.931,0.00502282507090859,0.0259023430284143,3.2040404040404e-05,0.000200244550770865,20,100,"75ad4d9c97ea0fe623559e1fdbd4add1",TRUE,29,29,29,0.500644715177808,0.312882563010975,0.685599752948953,1.69499808109388,0,0,0,1
"2021","baseline_sensitivity","queen","mean_rank",0.5,0.5,"both",9,"Simple Random Sampling",20,20,TRUE,0.07665342244083,0.000298230711742564,0.000123863775134075,0.000174366936608489,0.0172693575949589,0.0132048073294724,0.0960310232181669,0.114766997511431,0.127955352960963,0.00248861181318095,0.00386154575100803,0.000112629826006385,0.415328704446093,0.112293628407675,0.115454709296527,0.118861481462032,0.13364691107866,0.333333333333333,0.129323308270677,TRUE,FALSE,2000,2000,2000,0,0,0,FALSE,0.0503766906688195,0.275860942926778,0.00544228086859099,0.9335,0.00716851476646645,0.0235406586224562,3.10681818181818e-05,-2.89952153110061e-05,20,100,"e8f78e4e3fd991735baed7a8154110f0",FALSE,29,29,29,0.500475007229866,0.312797009934478,0.686800807024632,1.60502649155216,0,0,0,1
"2018","baseline_sensitivity","queen","mean_rank",0,0.8,"both",9,"Simple Random Sampling",20,20,TRUE,0.0809763255765525,0.000160005295358225,0.000127695500483682,3.2309794874543e-05,0.0126493199563544,0.0056841705529077,0.0958475000155571,0.106046714276199,0.109529917607666,0.00252681123635781,0.0028284739291553,2.63754775662173e-05,0.798070465091753,0.102126528225056,0.0962448542706615,0.121131746745636,0.104281835754641,0,-0.087218045112782,TRUE,FALSE,2000,2000,2000,0,0,0,FALSE,0.0349296403487875,0.283991500156141,0.00520500771019197,0.9195,0.00588611898880886,0.0180320108589383,3.71237373737374e-05,-0.00020063264221159,20,100,"58fd5e7228b72cbe6a47e23a2096dfc5",TRUE,29,29,29,0.500785929914919,0.314508582213638,0.68561367828357,-0.901957340911287,0,0,0,1
"2019","baseline_sensitivity","queen","mean_rank",0,0.8,"both",9,"Simple Random Sampling",20,20,TRUE,0.0770683539068149,0.000202443349690876,0.000121155761490052,8.12875882008241e-05,0.0142282588425596,0.00901596296580815,0.0894731951786804,0.113812975309288,0.115047756024855,0.00246125741735857,0.00318153539734258,7.75927416328941e-05,0.59846748077945,0.104368204527334,0.0899604307744027,0.129726957489356,0.101312533756633,0.333333333333333,-0.0225563909774436,TRUE,FALSE,2000,2000,2000,0,0,0,FALSE,0.0412819949572226,0.277476539602609,0.00469602295340933,0.931,0.00583232599993797,0.0086674031276302,3.22323232323233e-05,-0.000203593833067519,20,100,"2f82155edb1e4d0a3066a65b62f37d85",TRUE,29,29,29,0.50069696164219,0.313306121476637,0.685744901068121,1.19660999274909,0,0,0,1
"2020","baseline_sensitivity","queen","mean_rank",0,0.8,"both",9,"Simple Random Sampling",20,20,TRUE,0.080070423085994,0.000127897632422362,0.000126657501575006,1.24013084735591e-06,0.0113091835435792,0.00111361162321337,0.0885384051889059,0.102896434035893,0.111260793656057,0.00251652043082314,0.00252881031734649,3.69938600406018e-05,0.990303723189648,0.0937527305292834,0.0998074605618847,0.0953806899586756,0.113579086836707,0.333333333333333,0.043609022556391,TRUE,FALSE,2000,2000,2000,0,0,0,FALSE,0.0315823274048471,0.282105455227324,0.00444853612823482,0.928,0.00636394368822104,0.0220666086424392,3.35555555555556e-05,-0.000275321637426902,20,100,"9428a4ba513464cca2b64854ff17261c",TRUE,29,29,29,0.500644715177808,0.312882563010975,0.685599752948953,1.69499808109388,0,0,0,1
"2021","baseline_sensitivity","queen","mean_rank",0,0.8,"both",9,"Simple Random Sampling",20,20,TRUE,0.0777861374847175,0.000185568723023361,0.000118511675121534,6.70570479018269e-05,0.0136223611398084,0.00818883678563854,0.0949324232876487,0.107856553030743,0.116591005924693,0.00243425219648185,0.0030460525522663,0.000115864301455414,0.638640354854492,0.0959329212775259,0.0886710091305945,0.11180931521666,0.107191863449312,0.333333333333333,0.225563909774436,TRUE,FALSE,2000,2000,2000,0,0,0,FALSE,0.0391593238945018,0.278739587179957,0.00677067982282118,0.927,0.00762250414564285,0.00950684087720992,3.37373737373737e-05,0.000242094630515683,20,100,"b5648ebb0fe07736432c26c94ce750e7",TRUE,29,29,29,0.500475007229866,0.312797009934478,0.686800807024632,1.60502649155216,0,0,0,1
"2018","baseline_sensitivity","queen","mean_rank",0.5,0.8,"both",9,"Simple Random Sampling",20,20,TRUE,0.0821927026781152,0.000205219322963955,0.000137349677412184,6.78696455517707e-05,0.0143254781059466,0.00823830356030722,0.0975501808211236,0.111514007064712,0.121238601085019,0.00262058845884073,0.00320327428550815,0.000131320600426148,0.66928238251867,0.095098160334129,0.110356563863504,0.112206993915754,0.115854183909191,0.333333333333333,0.35187969924812,TRUE,FALSE,2000,2000,2000,0,0,0,FALSE,0.0389727333587372,0.284737161942432,0.0064675302371478,0.9305,0.00521454134974272,0.0334283006909443,3.2260101010101e-05,0.0001913769271664,20,100,"a0e1b21375afc24807072fc6c0a4070b",TRUE,29,29,29,0.500785929914919,0.314508582213638,0.68561367828357,-0.901957340911287,0,0,0,1
"2019","baseline_sensitivity","queen","mean_rank",0.5,0.8,"both",9,"Simple Random Sampling",20,20,TRUE,0.0822984656322415,0.00026288043394742,0.000147853514907508,0.000115026919039913,0.0162135879418289,0.0107250603280314,0.0952973321134739,0.114463433077634,0.116626226148963,0.0027189475436969,0.00362546847971004,0.000153925139342647,0.562436361989118,0.106411386078105,0.0993170985508874,0.117364190868283,0.111562675286985,1,0.484210526315789,TRUE,FALSE,2000,2000,2000,0,0,0,FALSE,0.0440526861814264,0.28351068518031,0.00582530776236893,0.9355,0.00525538800685201,0.0438195963106978,3.01489898989899e-05,7.57044125465168e-05,20,100,"8c2bffc667dcdf8c6a47aa13c2604357",TRUE,29,29,29,0.50069696164219,0.313306121476637,0.685744901068121,1.19660999274909,0,0,0,1
"2020","baseline_sensitivity","queen","mean_rank",0.5,0.8,"both",9,"Simple Random Sampling",20,20,TRUE,0.0772065896909945,0.000138040873922079,0.000120499844155897,1.75410297661827e-05,0.011749079705325,0.00418820125664738,0.0896371554394005,0.0981196019985886,0.101067026177156,0.00245458595445237,0.00262717408941698,1.60167492037193e-05,0.872928725617282,0.0990843296789272,0.096054625645611,0.104492392720846,0.103844905416973,0.333333333333333,0.109774436090226,TRUE,FALSE,2000,2000,2000,0,0,0,FALSE,0.0340278478810135,0.276395871265552,0.00545194315914301,0.9345,0.00668477405269483,0.0284940702313797,3.06287878787879e-05,-1.81020733652325e-05,20,100,"e216fc289377c36a8a6aa547b00bec88",TRUE,29,29,29,0.500644715177808,0.312882563010975,0.685599752948953,1.69499808109388,0,0,0,1
"2021","baseline_sensitivity","queen","mean_rank",0.5,0.8,"both",9,"Simple Random Sampling",20,20,TRUE,0.0826951130756993,0.000132232174477084,0.000140523384226371,-8.29120974928693e-06,0.0114992249511471,NA,0.0974859483070369,0.0984491384004054,0.0990273885127797,0.00265069221361488,0.00257130486793266,-2.36598938871033e-05,1.06270190883629,0.114264668873743,0.0913894547557261,0.119804876380687,0.10079394754199,0,-0.148872180451128,TRUE,FALSE,2000,2000,2000,0,0,0,FALSE,0.0310937946910948,0.285822403788257,0.00563237820201434,0.9315,0.00713950471108037,0.031633314217798,3.19217171717172e-05,-3.96065922381812e-06,20,100,"e320349f9e293dad2806749fd37079b1",TRUE,29,29,29,0.500475007229866,0.312797009934478,0.686800807024632,1.60502649155216,0,0,0,1
"2018","baseline_sensitivity","queen","mean_rank",0,0.5,"control_only",9,"Simple Random Sampling",20,20,TRUE,0.344050567227429,0.0121779387440401,0.00293594291973068,0.00924199582430945,0.110353698370468,0.0961352995746591,0.443744450710337,0.588377279738384,0.663467657918812,0.0121159872064365,0.0246758371124873,0.00933597509957261,0.241087016566537,0.453205127459476,0.491661318101772,0.622207777188969,0.554546782287799,1,0.53984962406015,TRUE,FALSE,2000,2000,2000,0,0,0,FALSE,0.0717215417237657,0.586073425327583,0.00637738603438579,0.9265,0.0103816215109513,0.0238433922129976,3.40025252525253e-05,0.000133370547581073,20,100,"f23f52b91be4570b97b6ee037cf8dfb3",FALSE,29,29,29,0.500785929914919,0.314508582213638,0.68561367828357,-0.901957340911287,0,0,0,1
"2019","baseline_sensitivity","queen","mean_rank",0,0.5,"control_only",9,"Simple Random Sampling",20,20,TRUE,0.36268165282239,0.0191644766964995,0.00307572512848436,0.0160887515680151,0.138435821579891,0.126841442628248,0.497260907236441,0.653432305818108,0.795642456869553,0.0124010586815892,0.0309551907573669,0.0164244010864343,0.160490952985226,0.477849052953594,0.525378540624051,0.666669606568661,0.683723900591372,0.333333333333333,0.601503759398496,TRUE,FALSE,2000,2000,2000,0,0,0,FALSE,0.0853508594010022,0.602166623154131,0.0053606755269521,0.918,0.0126187394427567,0.00877557870117867,3.77424242424243e-05,-0.000180111642743223,20,100,"f846b9b127316106de44a3f5d9dbc614",FALSE,29,29,29,0.50069696164219,0.313306121476637,0.685744901068121,1.19660999274909,0,0,0,1
"2020","baseline_sensitivity","queen","mean_rank",0,0.5,"control_only",9,"Simple Random Sampling",20,20,TRUE,0.327331940705157,0.0175987052703232,0.00249913991510114,0.0150995653552221,0.132660111828399,0.122880288717199,0.465915703537644,0.653665306609642,0.748022998490089,0.011178416513758,0.0296637027951023,0.0151811778323291,0.142007032717086,0.473776488131203,0.513505354848197,0.576568066307504,0.73076254691178,1,0.53984962406015,TRUE,FALSE,2000,2000,2000,0,0,0,FALSE,0.0906226955157481,0.571339396639942,0.00481773041128179,0.933,0.0128762442294521,0.0300538608545235,3.13484848484849e-05,-0.000162759170653909,20,100,"4c3a01af8a44952052195ef2494a77f0",FALSE,29,29,29,0.500644715177808,0.312882563010975,0.685599752948953,1.69499808109388,0,0,0,1
"2021","baseline_sensitivity","queen","mean_rank",0,0.5,"control_only",9,"Simple Random Sampling",20,20,TRUE,0.335455690891189,0.019986435229986,0.00249197426250293,0.017494460967483,0.14137338939838,0.132266628321293,0.454425833434355,0.654325890828378,0.814283905596246,0.011162379366656,0.0316120508904326,0.01780654757401,0.124683278124764,0.434771113435609,0.505687434595633,0.601502591374796,0.70714919028196,1,0.639097744360902,TRUE,FALSE,2000,2000,2000,0,0,0,FALSE,0.0942361442921132,0.579170807593524,0.00530143972500817,0.936,0.0105917005196025,-0.00410688722198699,2.99848484848485e-05,-3.75917065390761e-05,20,100,"69a42f8998a2c778a3ce058f179ea680",FALSE,29,29,29,0.500475007229866,0.312797009934478,0.686800807024632,1.60502649155216,0,0,0,1
"2018","baseline_sensitivity","queen","mean_rank",0.5,0.5,"control_only",9,"Simple Random Sampling",20,20,TRUE,0.352401223981763,0.016036203479047,0.00249424055357817,0.0135419629254689,0.126634132361884,0.116369939956455,0.519650971389308,0.617430893111377,0.661095112667915,0.0111674539479198,0.0283162528232878,0.0144556476493495,0.155538095836533,0.561784113933289,0.475513852541962,0.626670631907333,0.608191154315421,1,0.839097744360902,TRUE,FALSE,2000,2000,2000,0,0,0,FALSE,0.0803523112188543,0.592038992202843,0.00480679343823871,0.929,0.0118783495446094,0.0434862701689198,3.30909090909091e-05,-0.000199712918660288,20,100,"85ab6ddfc983cbee38d1ec1300eb459d",FALSE,29,29,29,0.500785929914919,0.314508582213638,0.68561367828357,-0.901957340911287,0,0,0,1
"2019","baseline_sensitivity","queen","mean_rank",0.5,0.5,"control_only",9,"Simple Random Sampling",20,20,TRUE,0.363012750757054,0.025965548430613,0.00310275002541424,0.0228627984051988,0.161138289771901,0.151204492013957,0.484302264039257,0.766275778375166,0.912272849029581,0.0124554205577617,0.0360316169708029,0.0234341469652346,0.119494877364352,0.424891728463338,0.560772424353219,0.725463489062195,0.807088067688137,1,0.506766917293233,FALSE,FALSE,2000,2000,2000,0,0,0,FALSE,0.0992571662996955,0.600168635373161,0.00399176784474194,0.9335,0.0141214604407844,0.0530128274229203,3.1199494949495e-05,-0.000305305688463584,20,100,"d9ba9077591a35da403a850bfebb37ea",FALSE,29,29,29,0.50069696164219,0.313306121476637,0.685744901068121,1.19660999274909,0,0,0,1
"2020","baseline_sensitivity","queen","mean_rank",0.5,0.5,"control_only",9,"Simple Random Sampling",20,20,TRUE,0.367931450734139,0.0144964326233328,0.00308906635737191,0.0114073662659609,0.120401132151375,0.106805272650562,0.477937618600834,0.614225158854542,0.730293115881775,0.0124279249220695,0.0269225116058409,0.0118509073691199,0.213091485169937,0.502513377465155,0.498785093736554,0.650363314924759,0.61651467417396,0.333333333333333,0.592481203007519,TRUE,FALSE,2000,2000,2000,0,0,0,FALSE,0.0731726291735107,0.604798074971479,0.0064267123460559,0.9195,0.0108993476684041,0.0463760632754922,3.69873737373737e-05,8.63051568314718e-05,20,100,"4ada006ff26abea3512de1d436351054",FALSE,29,29,29,0.500644715177808,0.312882563010975,0.685599752948953,1.69499808109388,0,0,0,1
"2021","baseline_sensitivity","queen","mean_rank",0.5,0.5,"control_only",9,"Simple Random Sampling",20,20,TRUE,0.38480112240373,0.0250636649744449,0.00395114751208114,0.0211125174623638,0.158315081323432,0.14530147095733,0.509086832168521,0.711936886221204,0.855987051213747,0.0140555105067037,0.0354003283702602,0.0214742676705217,0.157644443305069,0.581842295184738,0.568403085941131,0.770284788742279,0.683397580989376,0.333333333333333,0.703759398496241,TRUE,FALSE,2000,2000,2000,0,0,0,FALSE,0.0919964270091666,0.618493328497769,0.00510288875875327,0.9295,0.017503883675871,0.0476143361549936,3.28459595959596e-05,-0.000136129718234982,20,100,"5c60ed1fc4c415dc7802b638aeca302c",FALSE,29,29,29,0.500475007229866,0.312797009934478,0.686800807024632,1.60502649155216,0,0,0,1
"2018","baseline_sensitivity","queen","mean_rank",0,0.8,"control_only",9,"Simple Random Sampling",20,20,TRUE,0.335103163702866,0.0148639764138369,0.00290529278242713,0.0119586836314098,0.121917908503373,0.109355766338176,0.413701877083579,0.635827961276094,0.721929820921024,0.0120525781109834,0.0272616731088142,0.0126390348113737,0.195458651274674,0.413405398418377,0.45516588088279,0.68694449146607,0.584711431086118,1,0.557894736842105,TRUE,FALSE,2000,2000,2000,0,0,0,FALSE,0.0813530758933299,0.578034868949042,0.00409589010954562,0.9275,0.0155436574446579,0.0312866422284247,3.38005050505051e-05,-0.000340483785220628,20,100,"3717ce67b3a5f750c722e634fd914382",FALSE,29,29,29,0.500785929914919,0.314508582213638,0.68561367828357,-0.901957340911287,0,0,0,1
"2019","baseline_sensitivity","queen","mean_rank",0,0.8,"control_only",9,"Simple Random Sampling",20,20,TRUE,0.357564530264039,0.0328257186423391,0.0036816871982882,0.0291440314440509,0.181178692572662,0.170716230757508,0.562725738533436,0.76328184173672,0.956562015619914,0.013567769157618,0.0405127872667008,0.028847486375778,0.112158616796877,0.579715528209606,0.492646676794459,0.932982099619457,0.680676757944811,0.333333333333333,0.830075187969925,TRUE,FALSE,2000,2000,2000,0,0,0,FALSE,0.113302030368573,0.597954564870852,0.00628699576820866,0.923,0.0168562568500267,0.00385598419971446,3.55151515151515e-05,8.02232854864425e-05,20,100,"a778ce2faf04cdce7fe22d3d9abff5ee",FALSE,29,29,29,0.50069696164219,0.313306121476637,0.685744901068121,1.19660999274909,0,0,0,1
"2020","baseline_sensitivity","queen","mean_rank",0,0.8,"control_only",9,"Simple Random Sampling",20,20,TRUE,0.336602149465503,0.0203650885984708,0.00278221201830645,0.0175828765801644,0.142706301887726,0.132600439592651,0.495251678446233,0.654750183351873,0.8140476180535,0.0117945157134713,0.0319100991838562,0.0167307757126041,0.13661674020487,0.445083043228344,0.54517538074783,0.713377720108604,0.596275729667824,0.333333333333333,0.565413533834586,TRUE,FALSE,2000,2000,2000,0,0,0,FALSE,0.0948006399677686,0.580067469782315,0.00542896714030636,0.93,0.0140637743612992,0.0111301377280819,3.25959595959596e-05,-6.2445507708667e-05,20,100,"30c65cb20543aa11d8b9e3b757ad888a",FALSE,29,29,29,0.500644715177808,0.312882563010975,0.685599752948953,1.69499808109388,0,0,0,1
"2021","baseline_sensitivity","queen","mean_rank",0,0.8,"control_only",9,"Simple Random Sampling",20,20,TRUE,0.334370546775563,0.0180846407225329,0.0027407127864199,0.015343927936113,0.134479146050728,0.12387060965424,0.535940782840165,0.637762908846803,0.689850890749711,0.0117062222480609,0.0300704512125549,0.0166332040815319,0.151549197380794,0.551355970360305,0.514168546603075,0.688036293890109,0.59146267925159,0.333333333333333,0.688721804511278,TRUE,FALSE,2000,2000,2000,0,0,0,FALSE,0.0899315190962047,0.578240943166974,0.00613338577399396,0.9305,0.00942039907133304,0.00282106733895209,3.2300505050505e-05,0.000106358320042529,20,100,"6e5cb118608fac7d3189a4045e9a17e6",FALSE,29,29,29,0.500475007229866,0.312797009934478,0.686800807024632,1.60502649155216,0,0,0,1
"2018","baseline_sensitivity","queen","mean_rank",0.5,0.8,"control_only",9,"Simple Random Sampling",20,20,TRUE,0.353339723358499,0.0200919953592781,0.00268240865409826,0.0174095867051798,0.141746235785216,0.131945392891074,0.47582832601676,0.70409453593565,0.742157212036837,0.0115810376350702,0.0316954218770457,0.0178887056573244,0.133506334544298,0.535520601423397,0.567134488777156,0.75725894842246,0.65093012344884,1,0.688721804511278,TRUE,FALSE,2000,2000,2000,0,0,0,FALSE,0.0897024019144529,0.593161858007457,0.00549641031181165,0.926,0.0123094206906314,0.0387134803865495,3.43181818181818e-05,-8.21531100478482e-05,20,100,"afd87e0458ea37a201e39aa75e31c023",FALSE,29,29,29,0.500785929914919,0.314508582213638,0.68561367828357,-0.901957340911287,0,0,0,1
"2019","baseline_sensitivity","queen","mean_rank",0.5,0.8,"control_only",9,"Simple Random Sampling",20,20,TRUE,0.343676293730948,0.0154269739273161,0.00297525796737868,0.0124517159599374,0.124205369961673,0.111587257157515,0.431057254124989,0.624726002473892,0.734864807670703,0.0121968396877607,0.0277731650404811,0.0118252607943477,0.192860763322513,0.478477762526171,0.461470481954052,0.743153695178535,0.578121064110149,0.333333333333333,0.467669172932331,TRUE,FALSE,2000,2000,2000,0,0,0,FALSE,0.0808119895002819,0.584621158817329,0.0065292862509901,0.93,0.00965526263194059,0.0435246412280628,3.2469696969697e-05,0.000203237639553428,20,100,"f89706ebe8ef210e3004bacd87b83f31",FALSE,29,29,29,0.50069696164219,0.313306121476637,0.685744901068121,1.19660999274909,0,0,0,1
"2020","baseline_sensitivity","queen","mean_rank",0.5,0.8,"control_only",9,"Simple Random Sampling",20,20,TRUE,0.375702186391542,0.0218554644758907,0.0035349965597746,0.0183204679161161,0.147835937700854,0.135353123037912,0.458762806350871,0.694059397993498,0.885554307457602,0.0132947293311571,0.0330571206216533,0.0176649306775445,0.161744288879065,0.497392169675573,0.509305756334868,0.794305819658279,0.659258345161386,0.333333333333333,0.556390977443609,TRUE,FALSE,2000,2000,2000,0,0,0,FALSE,0.0879875652019827,0.610976702107115,0.00552982344821433,0.923,0.0125623380875505,0.0490882457810061,3.56010101010101e-05,-0.000100441254651782,20,100,"9eaa905098a6f548bf0d6a5c576cab2a",FALSE,29,29,29,0.500644715177808,0.312882563010975,0.685599752948953,1.69499808109388,0,0,0,1
"2021","baseline_sensitivity","queen","mean_rank",0.5,0.8,"control_only",9,"Simple Random Sampling",20,20,TRUE,0.339001736965133,0.00890713335270675,0.0027007187427038,0.00620641461000295,0.0943776104418137,0.0787808010241261,0.488864829519486,0.516133560717136,0.521691473353038,0.0116204964237846,0.021103475250189,0.00642382278986818,0.303208522401103,0.449534057711768,0.493983975133125,0.500904154755703,0.588729543609159,0,0.630075187969925,TRUE,FALSE,2000,2000,2000,0,0,0,FALSE,0.0622518204157742,0.579922664582636,0.00549042228267601,0.9265,0.00992609210675002,0.0518790908604638,3.41035353535354e-05,-7.91759702286031e-05,20,100,"81787667c3ca5eb9c740a20a2686b976",FALSE,29,29,29,0.500475007229866,0.312797009934478,0.686800807024632,1.60502649155216,0,0,0,1
"2018","education","rook","mean_rank",0,0.5,"both",1,"Checkerboard (graph adaptation)",20,1,TRUE,0.252267115329142,0,0,0,0,0,0.252267115329142,0.252267115329142,0.252267115329142,0.028270957719441,0.028270957719441,0,NA,0.306169813805013,0.198364416853271,0.306169813805013,0.198364416853271,1,NA,FALSE,TRUE,200,200,200,0,0,0,TRUE,0.112067550630033,0.501346598143122,0.0168349958546813,0.94,0.0355395180618526,0.0303101280013902,0.000283417085427137,0,20,200,"3a95389ea26e75a8b27e2222f29ab03d",FALSE,26,26,26,0.415356612573364,0.415356612573364,0.415356612573364,-6.11790684228488,0,0,0,4
"2019","education","rook","mean_rank",0,0.5,"both",1,"Checkerboard (graph adaptation)",20,1,TRUE,0.252267115329142,0,0,0,0,0,0.252267115329142,0.252267115329142,0.252267115329142,0.028270957719441,0.028270957719441,0,NA,0.306169813805013,0.198364416853271,0.306169813805013,0.198364416853271,1,NA,FALSE,TRUE,200,200,200,0,0,0,TRUE,0.112067550630033,0.501346598143122,0.0168349958546813,0.94,0.0355395180618526,0.0303101280013902,0.000283417085427137,0,20,200,"3a95389ea26e75a8b27e2222f29ab03d",FALSE,26,26,26,0.414811602507119,0.414811602507119,0.414811602507119,0.0294918242820188,0,0,0,4
"2020","education","rook","mean_rank",0,0.5,"both",1,"Checkerboard (graph adaptation)",20,1,TRUE,0.252267115329142,0,0,0,0,0,0.252267115329142,0.252267115329142,0.252267115329142,0.028270957719441,0.028270957719441,0,NA,0.306169813805013,0.198364416853271,0.306169813805013,0.198364416853271,1,NA,FALSE,TRUE,200,200,200,0,0,0,TRUE,0.112067550630033,0.501346598143122,0.0168349958546813,0.94,0.0355395180618526,0.0303101280013902,0.000283417085427137,0,20,200,"3a95389ea26e75a8b27e2222f29ab03d",FALSE,26,26,26,0.415054501421824,0.415054501421824,0.415054501421824,3.6599801093391,0,0,0,4
"2021","education","rook","mean_rank",0,0.5,"both",1,"Checkerboard (graph adaptation)",20,1,TRUE,0.252267115329142,0,0,0,0,0,0.252267115329142,0.252267115329142,0.252267115329142,0.028270957719441,0.028270957719441,0,NA,0.306169813805013,0.198364416853271,0.306169813805013,0.198364416853271,1,NA,FALSE,TRUE,200,200,200,0,0,0,TRUE,0.112067550630033,0.501346598143122,0.0168349958546813,0.94,0.0355395180618526,0.0303101280013902,0.000283417085427137,0,20,200,"3a95389ea26e75a8b27e2222f29ab03d",FALSE,26,26,26,0.415102205035758,0.415102205035758,0.415102205035758,4.7453649549881,0,0,0,4
"2018","education","rook","mean_rank",0.5,0.5,"both",1,"Checkerboard (graph adaptation)",20,1,TRUE,0.29676987737716,0,0,0,0,0,0.29676987737716,0.29676987737716,0.29676987737716,0.0320415657625382,0.0320415657625382,0,NA,0.227220021617802,0.366319733136518,0.227220021617802,0.366319733136518,1,NA,FALSE,TRUE,200,200,200,0,0,0,TRUE,0.107967715745682,0.544737978512954,0.0212664361502501,0.9,0.0386154514622068,0.00551472055320309,0.000452261306532664,0,20,200,"98947ae0edd079d606894d6dde6fbb83",FALSE,26,26,26,0.415356612573364,0.415356612573364,0.415356612573364,-6.11790684228488,0,0,0,4
"2019","education","rook","mean_rank",0.5,0.5,"both",1,"Checkerboard (graph adaptation)",20,1,TRUE,0.29676987737716,0,0,0,0,0,0.29676987737716,0.29676987737716,0.29676987737716,0.0320415657625382,0.0320415657625382,0,NA,0.227220021617802,0.366319733136518,0.227220021617802,0.366319733136518,1,NA,FALSE,TRUE,200,200,200,0,0,0,TRUE,0.107967715745682,0.544737978512954,0.0212664361502501,0.9,0.0386154514622068,0.00551472055320309,0.000452261306532664,0,20,200,"98947ae0edd079d606894d6dde6fbb83",FALSE,26,26,26,0.414811602507119,0.414811602507119,0.414811602507119,0.0294918242820188,0,0,0,4
"2020","education","rook","mean_rank",0.5,0.5,"both",1,"Checkerboard (graph adaptation)",20,1,TRUE,0.29676987737716,0,0,0,0,0,0.29676987737716,0.29676987737716,0.29676987737716,0.0320415657625382,0.0320415657625382,0,NA,0.227220021617802,0.366319733136518,0.227220021617802,0.366319733136518,1,NA,FALSE,TRUE,200,200,200,0,0,0,TRUE,0.107967715745682,0.544737978512954,0.0212664361502501,0.9,0.0386154514622068,0.00551472055320309,0.000452261306532664,0,20,200,"98947ae0edd079d606894d6dde6fbb83",FALSE,26,26,26,0.415054501421824,0.415054501421824,0.415054501421824,3.6599801093391,0,0,0,4
"2021","education","rook","mean_rank",0.5,0.5,"both",1,"Checkerboard (graph adaptation)",20,1,TRUE,0.29676987737716,0,0,0,0,0,0.29676987737716,0.29676987737716,0.29676987737716,0.0320415657625382,0.0320415657625382,0,NA,0.227220021617802,0.366319733136518,0.227220021617802,0.366319733136518,1,NA,FALSE,TRUE,200,200,200,0,0,0,TRUE,0.107967715745682,0.544737978512954,0.0212664361502501,0.9,0.0386154514622068,0.00551472055320309,0.000452261306532664,0,20,200,"98947ae0edd079d606894d6dde6fbb83",FALSE,26,26,26,0.415102205035758,0.415102205035758,0.415102205035758,4.7453649549881,0,0,0,4
"2018","education","rook","mean_rank",0,0.8,"both",1,"Checkerboard (graph adaptation)",20,1,TRUE,0.283679503267154,0,0,0,0,0,0.283679503267154,0.283679503267154,0.283679503267154,0.0305701968895235,0.0305701968895235,0,NA,0.326500511824952,0.240858494709355,0.326500511824952,0.240858494709355,1,NA,FALSE,TRUE,200,200,200,0,0,0,TRUE,0.107763150095247,0.531802046606609,0.0217309958562539,0.895,0.0376984475624392,0.0294293474643167,0.000472236180904523,0,20,200,"ba1390619ea3c0a6a0024f33ba5c4e94",FALSE,26,26,26,0.415356612573364,0.415356612573364,0.415356612573364,-6.11790684228488,0,0,0,4
"2019","education","rook","mean_rank",0,0.8,"both",1,"Checkerboard (graph adaptation)",20,1,TRUE,0.283679503267154,0,0,0,0,0,0.283679503267154,0.283679503267154,0.283679503267154,0.0305701968895235,0.0305701968895235,0,NA,0.326500511824952,0.240858494709355,0.326500511824952,0.240858494709355,1,NA,FALSE,TRUE,200,200,200,0,0,0,TRUE,0.107763150095247,0.531802046606609,0.0217309958562539,0.895,0.0376984475624392,0.0294293474643167,0.000472236180904523,0,20,200,"ba1390619ea3c0a6a0024f33ba5c4e94",FALSE,26,26,26,0.414811602507119,0.414811602507119,0.414811602507119,0.0294918242820188,0,0,0,4
"2020","education","rook","mean_rank",0,0.8,"both",1,"Checkerboard (graph adaptation)",20,1,TRUE,0.283679503267154,0,0,0,0,0,0.283679503267154,0.283679503267154,0.283679503267154,0.0305701968895235,0.0305701968895235,0,NA,0.326500511824952,0.240858494709355,0.326500511824952,0.240858494709355,1,NA,FALSE,TRUE,200,200,200,0,0,0,TRUE,0.107763150095247,0.531802046606609,0.0217309958562539,0.895,0.0376984475624392,0.0294293474643167,0.000472236180904523,0,20,200,"ba1390619ea3c0a6a0024f33ba5c4e94",FALSE,26,26,26,0.415054501421824,0.415054501421824,0.415054501421824,3.6599801093391,0,0,0,4
"2021","education","rook","mean_rank",0,0.8,"both",1,"Checkerboard (graph adaptation)",20,1,TRUE,0.283679503267154,0,0,0,0,0,0.283679503267154,0.283679503267154,0.283679503267154,0.0305701968895235,0.0305701968895235,0,NA,0.326500511824952,0.240858494709355,0.326500511824952,0.240858494709355,1,NA,FALSE,TRUE,200,200,200,0,0,0,TRUE,0.107763150095247,0.531802046606609,0.0217309958562539,0.895,0.0376984475624392,0.0294293474643167,0.000472236180904523,0,20,200,"ba1390619ea3c0a6a0024f33ba5c4e94",FALSE,26,26,26,0.415102205035758,0.415102205035758,0.415102205035758,4.7453649549881,0,0,0,4
"2018","education","rook","mean_rank",0.5,0.8,"both",1,"Checkerboard (graph adaptation)",20,1,TRUE,0.267522534874849,0,0,0,0,0,0.267522534874849,0.267522534874849,0.267522534874849,0.0273936455371933,0.0273936455371933,0,NA,0.321383888716645,0.213661181033054,0.321383888716645,0.213661181033054,1,NA,FALSE,TRUE,200,200,200,0,0,0,TRUE,0.102397525315048,0.512794532459316,0.0197693992252836,0.915,0.0363510406091446,0.0675596207410957,0.000390829145728643,0,20,200,"68bbd6542431ad4b2a3a6247b9d2d404",FALSE,26,26,26,0.415356612573364,0.415356612573364,0.415356612573364,-6.11790684228488,0,0,0,4
"2019","education","rook","mean_rank",0.5,0.8,"both",1,"Checkerboard (graph adaptation)",20,1,TRUE,0.267522534874849,0,0,0,0,0,0.267522534874849,0.267522534874849,0.267522534874849,0.0273936455371933,0.0273936455371933,0,NA,0.321383888716645,0.213661181033054,0.321383888716645,0.213661181033054,1,NA,FALSE,TRUE,200,200,200,0,0,0,TRUE,0.102397525315048,0.512794532459316,0.0197693992252836,0.915,0.0363510406091446,0.0675596207410957,0.000390829145728643,0,20,200,"68bbd6542431ad4b2a3a6247b9d2d404",FALSE,26,26,26,0.414811602507119,0.414811602507119,0.414811602507119,0.0294918242820188,0,0,0,4
"2020","education","rook","mean_rank",0.5,0.8,"both",1,"Checkerboard (graph adaptation)",20,1,TRUE,0.267522534874849,0,0,0,0,0,0.267522534874849,0.267522534874849,0.267522534874849,0.0273936455371933,0.0273936455371933,0,NA,0.321383888716645,0.213661181033054,0.321383888716645,0.213661181033054,1,NA,FALSE,TRUE,200,200,200,0,0,0,TRUE,0.102397525315048,0.512794532459316,0.0197693992252836,0.915,0.0363510406091446,0.0675596207410957,0.000390829145728643,0,20,200,"68bbd6542431ad4b2a3a6247b9d2d404",FALSE,26,26,26,0.415054501421824,0.415054501421824,0.415054501421824,3.6599801093391,0,0,0,4
"2021","education","rook","mean_rank",0.5,0.8,"both",1,"Checkerboard (graph adaptation)",20,1,TRUE,0.267522534874849,0,0,0,0,0,0.267522534874849,0.267522534874849,0.267522534874849,0.0273936455371933,0.0273936455371933,0,NA,0.321383888716645,0.213661181033054,0.321383888716645,0.213661181033054,1,NA,FALSE,TRUE,200,200,200,0,0,0,TRUE,0.102397525315048,0.512794532459316,0.0197693992252836,0.915,0.0363510406091446,0.0675596207410957,0.000390829145728643,0,20,200,"68bbd6542431ad4b2a3a6247b9d2d404",FALSE,26,26,26,0.415102205035758,0.415102205035758,0.415102205035758,4.7453649549881,0,0,0,4
"2018","education","rook","mean_rank",0,0.5,"control_only",1,"Checkerboard (graph adaptation)",20,1,TRUE,1.36932972937701,0,0,0,0,0,1.36932972937701,1.36932972937701,1.36932972937701,0.14916180377502,0.14916180377502,0,NA,1.27304553962492,1.4656139191291,1.27304553962492,1.4656139191291,1,NA,FALSE,TRUE,200,200,200,0,0,0,TRUE,0.108930523142065,1.1672307448894,0.0234440422192481,0.875,0.0827427936959973,0.0830789838765081,0.00054962311557789,0,20,200,"b72a3ee5db7ab0cce204cdecfb94e642",FALSE,26,26,26,0.415356612573364,0.415356612573364,0.415356612573364,-6.11790684228488,0,0,0,4
"2019","education","rook","mean_rank",0,0.5,"control_only",1,"Checkerboard (graph adaptation)",20,1,TRUE,1.36932972937701,0,0,0,0,0,1.36932972937701,1.36932972937701,1.36932972937701,0.14916180377502,0.14916180377502,0,NA,1.27304553962492,1.4656139191291,1.27304553962492,1.4656139191291,1,NA,FALSE,TRUE,200,200,200,0,0,0,TRUE,0.108930523142065,1.1672307448894,0.0234440422192481,0.875,0.0827427936959973,0.0830789838765081,0.00054962311557789,0,20,200,"b72a3ee5db7ab0cce204cdecfb94e642",FALSE,26,26,26,0.414811602507119,0.414811602507119,0.414811602507119,0.0294918242820188,0,0,0,4
"2020","education","rook","mean_rank",0,0.5,"control_only",1,"Checkerboard (graph adaptation)",20,1,TRUE,1.36932972937701,0,0,0,0,0,1.36932972937701,1.36932972937701,1.36932972937701,0.14916180377502,0.14916180377502,0,NA,1.27304553962492,1.4656139191291,1.27304553962492,1.4656139191291,1,NA,FALSE,TRUE,200,200,200,0,0,0,TRUE,0.108930523142065,1.1672307448894,0.0234440422192481,0.875,0.0827427936959973,0.0830789838765081,0.00054962311557789,0,20,200,"b72a3ee5db7ab0cce204cdecfb94e642",FALSE,26,26,26,0.415054501421824,0.415054501421824,0.415054501421824,3.6599801093391,0,0,0,4
"2021","education","rook","mean_rank",0,0.5,"control_only",1,"Checkerboard (graph adaptation)",20,1,TRUE,1.36932972937701,0,0,0,0,0,1.36932972937701,1.36932972937701,1.36932972937701,0.14916180377502,0.14916180377502,0,NA,1.27304553962492,1.4656139191291,1.27304553962492,1.4656139191291,1,NA,FALSE,TRUE,200,200,200,0,0,0,TRUE,0.108930523142065,1.1672307448894,0.0234440422192481,0.875,0.0827427936959973,0.0830789838765081,0.00054962311557789,0,20,200,"b72a3ee5db7ab0cce204cdecfb94e642",FALSE,26,26,26,0.415102205035758,0.415102205035758,0.415102205035758,4.7453649549881,0,0,0,4
"2018","education","rook","mean_rank",0.5,0.5,"control_only",1,"Checkerboard (graph adaptation)",20,1,TRUE,1.06798777118268,0,0,0,0,0,1.06798777118268,1.06798777118268,1.06798777118268,0.0975901196636809,0.0975901196636809,0,NA,1.23589708925092,0.900078453114442,1.23589708925092,0.900078453114442,1,NA,FALSE,TRUE,200,200,200,0,0,0,TRUE,0.0913775628307151,1.02998109146861,0.0168349958546813,0.94,0.073013423725607,0.0844199170800827,0.000283417085427137,0,20,200,"23564e300865d23a87101186c67a5b92",FALSE,26,26,26,0.415356612573364,0.415356612573364,0.415356612573364,-6.11790684228488,0,0,0,4
"2019","education","rook","mean_rank",0.5,0.5,"control_only",1,"Checkerboard (graph adaptation)",20,1,TRUE,1.06798777118268,0,0,0,0,0,1.06798777118268,1.06798777118268,1.06798777118268,0.0975901196636809,0.0975901196636809,0,NA,1.23589708925092,0.900078453114442,1.23589708925092,0.900078453114442,1,NA,FALSE,TRUE,200,200,200,0,0,0,TRUE,0.0913775628307151,1.02998109146861,0.0168349958546813,0.94,0.073013423725607,0.0844199170800827,0.000283417085427137,0,20,200,"23564e300865d23a87101186c67a5b92",FALSE,26,26,26,0.414811602507119,0.414811602507119,0.414811602507119,0.0294918242820188,0,0,0,4
"2020","education","rook","mean_rank",0.5,0.5,"control_only",1,"Checkerboard (graph adaptation)",20,1,TRUE,1.06798777118268,0,0,0,0,0,1.06798777118268,1.06798777118268,1.06798777118268,0.0975901196636809,0.0975901196636809,0,NA,1.23589708925092,0.900078453114442,1.23589708925092,0.900078453114442,1,NA,FALSE,TRUE,200,200,200,0,0,0,TRUE,0.0913775628307151,1.02998109146861,0.0168349958546813,0.94,0.073013423725607,0.0844199170800827,0.000283417085427137,0,20,200,"23564e300865d23a87101186c67a5b92",FALSE,26,26,26,0.415054501421824,0.415054501421824,0.415054501421824,3.6599801093391,0,0,0,4
"2021","education","rook","mean_rank",0.5,0.5,"control_only",1,"Checkerboard (graph adaptation)",20,1,TRUE,1.06798777118268,0,0,0,0,0,1.06798777118268,1.06798777118268,1.06798777118268,0.0975901196636809,0.0975901196636809,0,NA,1.23589708925092,0.900078453114442,1.23589708925092,0.900078453114442,1,NA,FALSE,TRUE,200,200,200,0,0,0,TRUE,0.0913775628307151,1.02998109146861,0.0168349958546813,0.94,0.073013423725607,0.0844199170800827,0.000283417085427137,0,20,200,"23564e300865d23a87101186c67a5b92",FALSE,26,26,26,0.415102205035758,0.415102205035758,0.415102205035758,4.7453649549881,0,0,0,4
"2018","education","rook","mean_rank",0,0.8,"control_only",1,"Checkerboard (graph adaptation)",20,1,TRUE,1.13202321054094,0,0,0,0,0,1.13202321054094,1.13202321054094,1.13202321054094,0.132846033087709,0.132846033087709,0,NA,1.01482784539646,1.24921857568541,1.01482784539646,1.24921857568541,1,NA,FALSE,TRUE,200,200,200,0,0,0,TRUE,0.117352746702277,1.06200688921629,0.019231465004808,0.92,0.0752836723354801,-0.0645335401017697,0.000369849246231155,0,20,200,"51263c05fd292653579597784c928f73",FALSE,26,26,26,0.415356612573364,0.415356612573364,0.415356612573364,-6.11790684228488,0,0,0,4
"2019","education","rook","mean_rank",0,0.8,"control_only",1,"Checkerboard (graph adaptation)",20,1,TRUE,1.13202321054094,0,0,0,0,0,1.13202321054094,1.13202321054094,1.13202321054094,0.132846033087709,0.132846033087709,0,NA,1.01482784539646,1.24921857568541,1.01482784539646,1.24921857568541,1,NA,FALSE,TRUE,200,200,200,0,0,0,TRUE,0.117352746702277,1.06200688921629,0.019231465004808,0.92,0.0752836723354801,-0.0645335401017697,0.000369849246231155,0,20,200,"51263c05fd292653579597784c928f73",FALSE,26,26,26,0.414811602507119,0.414811602507119,0.414811602507119,0.0294918242820188,0,0,0,4
"2020","education","rook","mean_rank",0,0.8,"control_only",1,"Checkerboard (graph adaptation)",20,1,TRUE,1.13202321054094,0,0,0,0,0,1.13202321054094,1.13202321054094,1.13202321054094,0.132846033087709,0.132846033087709,0,NA,1.01482784539646,1.24921857568541,1.01482784539646,1.24921857568541,1,NA,FALSE,TRUE,200,200,200,0,0,0,TRUE,0.117352746702277,1.06200688921629,0.019231465004808,0.92,0.0752836723354801,-0.0645335401017697,0.000369849246231155,0,20,200,"51263c05fd292653579597784c928f73",FALSE,26,26,26,0.415054501421824,0.415054501421824,0.415054501421824,3.6599801093391,0,0,0,4
"2021","education","rook","mean_rank",0,0.8,"control_only",1,"Checkerboard (graph adaptation)",20,1,TRUE,1.13202321054094,0,0,0,0,0,1.13202321054094,1.13202321054094,1.13202321054094,0.132846033087709,0.132846033087709,0,NA,1.01482784539646,1.24921857568541,1.01482784539646,1.24921857568541,1,NA,FALSE,TRUE,200,200,200,0,0,0,TRUE,0.117352746702277,1.06200688921629,0.019231465004808,0.92,0.0752836723354801,-0.0645335401017697,0.000369849246231155,0,20,200,"51263c05fd292653579597784c928f73",FALSE,26,26,26,0.415102205035758,0.415102205035758,0.415102205035758,4.7453649549881,0,0,0,4
"2018","education","rook","mean_rank",0.5,0.8,"control_only",1,"Checkerboard (graph adaptation)",20,1,TRUE,1.34191936431368,0,0,0,0,0,1.34191936431368,1.34191936431368,1.34191936431368,0.139760228903924,0.139760228903924,0,NA,1.31597916371004,1.36785956491733,1.31597916371004,1.36785956491733,1,NA,FALSE,TRUE,200,200,200,0,0,0,TRUE,0.104149498562012,1.15766886705035,0.0212664361502501,0.9,0.0820649701475285,0.0414988984919519,0.000452261306532664,0,20,200,"f879160aaa80f8a0ff28579e3c6626e5",FALSE,26,26,26,0.415356612573364,0.415356612573364,0.415356612573364,-6.11790684228488,0,0,0,4
"2019","education","rook","mean_rank",0.5,0.8,"control_only",1,"Checkerboard (graph adaptation)",20,1,TRUE,1.34191936431368,0,0,0,0,0,1.34191936431368,1.34191936431368,1.34191936431368,0.139760228903924,0.139760228903924,0,NA,1.31597916371004,1.36785956491733,1.31597916371004,1.36785956491733,1,NA,FALSE,TRUE,200,200,200,0,0,0,TRUE,0.104149498562012,1.15766886705035,0.0212664361502501,0.9,0.0820649701475285,0.0414988984919519,0.000452261306532664,0,20,200,"f879160aaa80f8a0ff28579e3c6626e5",FALSE,26,26,26,0.414811602507119,0.414811602507119,0.414811602507119,0.0294918242820188,0,0,0,4
"2020","education","rook","mean_rank",0.5,0.8,"control_only",1,"Checkerboard (graph adaptation)",20,1,TRUE,1.34191936431368,0,0,0,0,0,1.34191936431368,1.34191936431368,1.34191936431368,0.139760228903924,0.139760228903924,0,NA,1.31597916371004,1.36785956491733,1.31597916371004,1.36785956491733,1,NA,FALSE,TRUE,200,200,200,0,0,0,TRUE,0.104149498562012,1.15766886705035,0.0212664361502501,0.9,0.0820649701475285,0.0414988984919519,0.000452261306532664,0,20,200,"f879160aaa80f8a0ff28579e3c6626e5",FALSE,26,26,26,0.415054501421824,0.415054501421824,0.415054501421824,3.6599801093391,0,0,0,4
"2021","education","rook","mean_rank",0.5,0.8,"control_only",1,"Checkerboard (graph adaptation)",20,1,TRUE,1.34191936431368,0,0,0,0,0,1.34191936431368,1.34191936431368,1.34191936431368,0.139760228903924,0.139760228903924,0,NA,1.31597916371004,1.36785956491733,1.31597916371004,1.36785956491733,1,NA,FALSE,TRUE,200,200,200,0,0,0,TRUE,0.104149498562012,1.15766886705035,0.0212664361502501,0.9,0.0820649701475285,0.0414988984919519,0.000452261306532664,0,20,200,"f879160aaa80f8a0ff28579e3c6626e5",FALSE,26,26,26,0.415102205035758,0.415102205035758,0.415102205035758,4.7453649549881,0,0,0,4
"2018","education","rook","mean_rank",0,0.5,"both",2,"High Incidence Focus",20,1,TRUE,0.0691923619540725,0,0,0,0,0,0.0691923619540725,0.0691923619540725,0.0691923619540725,0.0068198789321647,0.0068198789321647,0,NA,0.0606698570735229,0.0777148668346221,0.0606698570735229,0.0777148668346221,1,NA,FALSE,TRUE,200,200,200,0,0,0,TRUE,0.0985640429024738,0.263012297858892,0.0174757549207538,0.935,0.0186444474638222,-0.00411012518765151,0.000305402010050251,0,20,200,"84d44a774ae37bf98a97dea9004c205b",FALSE,29,29,29,0.222331266315861,0.222331266315861,0.222331266315861,53.4219564460164,0,0,0,1
"2019","education","rook","mean_rank",0,0.5,"both",2,"High Incidence Focus",20,1,TRUE,0.0829256842544319,0,0,0,0,0,0.0829256842544319,0.0829256842544319,0.0829256842544319,0.00795346528129843,0.00795346528129843,0,NA,0.0916439517168632,0.0742074167920006,0.0916439517168632,0.0742074167920006,1,NA,FALSE,TRUE,200,200,200,0,0,0,TRUE,0.0959107585642064,0.287766527663541,0.0207854558737449,0.905,0.0203992282891196,0.0107754262514474,0.000432035175879396,0,20,200,"405af0d6b7c229c87055f55622ca3caa",FALSE,29,29,29,0.235017910676067,0.235017910676067,0.235017910676067,50.0672756676011,0,0,0,1
"2020","education","rook","mean_rank",0,0.5,"both",2,"High Incidence Focus",20,1,TRUE,0.0715574755673965,0,0,0,0,0,0.0715574755673965,0.0715574755673965,0.0715574755673965,0.00724427734046956,0.00724427734046956,0,NA,0.0801982037387685,0.0629167473960245,0.0801982037387685,0.0629167473960245,1,NA,FALSE,TRUE,200,200,200,0,0,0,TRUE,0.101237184277784,0.266610690897389,0.0180868924470722,0.93,0.0188995307831446,0.0218223524536929,0.000327135678391958,0,20,200,"581ac3087ec28d59f96f20dad8c1c2f9",FALSE,29,29,29,0.233336934599855,0.233336934599855,0.233336934599855,65.9989237607368,0,0,0,1
"2021","education","rook","mean_rank",0,0.5,"both",2,"High Incidence Focus",20,1,TRUE,0.0751286515021137,0,0,0,0,0,0.0751286515021137,0.0751286515021137,0.0751286515021137,0.00701894576995312,0.00701894576995312,0,NA,0.0814337748910762,0.0688235281131512,0.0814337748910762,0.0688235281131512,1,NA,FALSE,TRUE,200,200,200,0,0,0,TRUE,0.0934256855356395,0.273599861625136,0.0154497076780334,0.95,0.019394979959894,0.0164853638364574,0.000238693467336684,0,20,200,"d1173d5e9e1c0fcfd69142e0a841c192",FALSE,29,29,29,0.223989677404995,0.223989677404995,0.223989677404995,63.6592646906665,0,0,0,1
"2018","education","rook","mean_rank",0.5,0.5,"both",2,"High Incidence Focus",20,1,TRUE,0.0697993502153211,0,0,0,0,0,0.0697993502153211,0.0697993502153211,0.0697993502153211,0.00640929168624684,0.00640929168624684,0,NA,0.0666515469414927,0.0729471534891496,0.0666515469414927,0.0729471534891496,1,NA,FALSE,TRUE,200,200,200,0,0,0,TRUE,0.0918245179428616,0.262590996552217,0.013027801736688,0.965,0.0186145822060275,0.0290743657718407,0.000169723618090452,0,20,200,"c2cb028f3073d459fd3ccb65ffb8f7c6",FALSE,29,29,29,0.222331266315861,0.222331266315861,0.222331266315861,53.4219564460164,0,0,0,1
"2019","education","rook","mean_rank",0.5,0.5,"both",2,"High Incidence Focus",20,1,TRUE,0.0780380478469194,0,0,0,0,0,0.0780380478469194,0.0780380478469194,0.0780380478469194,0.00881697775053762,0.00881697775053762,0,NA,0.0748430139032836,0.0812330817905551,0.0748430139032836,0.0812330817905551,1,NA,FALSE,TRUE,200,200,200,0,0,0,TRUE,0.112983063951486,0.278878241957208,0.0186713173196821,0.925,0.0197691544209232,0.0162780222931448,0.000348618090452262,0,20,200,"d11d44ae3da439397f31e9632829ef97",FALSE,29,29,29,0.235017910676067,0.235017910676067,0.235017910676067,50.0672756676011,0,0,0,1
"2020","education","rook","mean_rank",0.5,0.5,"both",2,"High Incidence Focus",20,1,TRUE,0.0696795937295947,0,0,0,0,0,0.0696795937295947,0.0696795937295947,0.0696795937295947,0.00780609006370468,0.00780609006370468,0,NA,0.0687439119135365,0.0706152755456529,0.0687439119135365,0.0706152755456529,1,NA,FALSE,TRUE,200,200,200,0,0,0,TRUE,0.112028352145647,0.261731899304858,0.0174757549207538,0.935,0.0185536824168348,0.0342929528601215,0.000305402010050251,0,20,200,"3cc2fe142683e94b672372d43f508c01",FALSE,29,29,29,0.233336934599855,0.233336934599855,0.233336934599855,65.9989237607368,0,0,0,1
"2021","education","rook","mean_rank",0.5,0.5,"both",2,"High Incidence Focus",20,1,TRUE,0.0711019250846733,0,0,0,0,0,0.0711019250846733,0.0711019250846733,0.0711019250846733,0.00625411585477912,0.00625411585477912,0,NA,0.0631416717253155,0.079062178444031,0.0631416717253155,0.079062178444031,1,NA,FALSE,TRUE,200,200,200,0,0,0,TRUE,0.0879598667311929,0.26618339337497,0.0138911779241576,0.96,0.0188692404648857,-0.0157583684453427,0.000192964824120603,0,20,200,"d224c5b8daed15c08220b1a27e88a57b",FALSE,29,29,29,0.223989677404995,0.223989677404995,0.223989677404995,63.6592646906665,0,0,0,1
"2018","education","rook","mean_rank",0,0.8,"both",2,"High Incidence Focus",20,1,TRUE,0.0638378429039584,0,0,0,0,0,0.0638378429039584,0.0638378429039584,0.0638378429039584,0.00668246462515627,0.00668246462515627,0,NA,0.0635428495162004,0.0641328362917165,0.0635428495162004,0.0641328362917165,1,NA,FALSE,TRUE,200,200,200,0,0,0,TRUE,0.104678734762542,0.252523154308069,0.0138911779241576,0.96,0.017900891791841,0.00836058863127872,0.000192964824120602,0,20,200,"8bbe75da7d3e26700833c894d5952744",FALSE,29,29,29,0.222331266315861,0.222331266315861,0.222331266315861,53.4219564460164,0,0,0,1
"2019","education","rook","mean_rank",0,0.8,"both",2,"High Incidence Focus",20,1,TRUE,0.0607093962533489,0,0,0,0,0,0.0607093962533489,0.0607093962533489,0.0607093962533489,0.00532595264798892,0.00532595264798892,0,NA,0.0564939861077568,0.0649248063989409,0.0564939861077568,0.0649248063989409,1,NA,FALSE,TRUE,200,200,200,0,0,0,TRUE,0.0877286380145006,0.245677687993828,0.014695399751941,0.955,0.0174156295508727,0.0187581948853336,0.000215954773869347,0,20,200,"f7fe6a34d61d8d5c88a2b58e9c1dfbee",FALSE,29,29,29,0.235017910676067,0.235017910676067,0.235017910676067,50.0672756676011,0,0,0,1
"2020","education","rook","mean_rank",0,0.8,"both",2,"High Incidence Focus",20,1,TRUE,0.0678866603130293,0,0,0,0,0,0.0678866603130293,0.0678866603130293,0.0678866603130293,0.00602226246457482,0.00602226246457482,0,NA,0.0767938766712437,0.0589794439548149,0.0767938766712437,0.0589794439548149,1,NA,FALSE,TRUE,200,200,200,0,0,0,TRUE,0.0887105424954744,0.260509853182296,0.0146953997519409,0.955,0.0184670538640411,-0.00461266820483283,0.000215954773869346,0,20,200,"66cff41683b3f3db11f1f2b629e0b740",FALSE,29,29,29,0.233336934599855,0.233336934599855,0.233336934599855,65.9989237607368,0,0,0,1
"2021","education","rook","mean_rank",0,0.8,"both",2,"High Incidence Focus",20,1,TRUE,0.071777228793979,0,0,0,0,0,0.071777228793979,0.071777228793979,0.071777228793979,0.00610307877100356,0.00610307877100356,0,NA,0.0692243454834159,0.0743301121045421,0.0692243454834159,0.0743301121045421,1,NA,FALSE,TRUE,200,200,200,0,0,0,TRUE,0.0850280635453497,0.26791181737256,0.0180868924470722,0.93,0.0189917651935034,0.000697786579768278,0.000327135678391959,0,20,200,"9d3019e8d2da5c10d065c429388e7c25",FALSE,29,29,29,0.223989677404995,0.223989677404995,0.223989677404995,63.6592646906665,0,0,0,1
"2018","education","rook","mean_rank",0.5,0.8,"both",2,"High Incidence Focus",20,1,TRUE,0.0917161406792226,0,0,0,0,0,0.0917161406792226,0.0917161406792226,0.0917161406792226,0.00861479263059991,0.00861479263059991,0,NA,0.0884533069132543,0.0949789744451909,0.0884533069132543,0.0949789744451909,1,NA,FALSE,TRUE,200,200,200,0,0,0,TRUE,0.0939288610140081,0.299037137894803,0.0207854558737449,0.905,0.0211981806653112,0.0478845574158027,0.000432035175879396,0,20,200,"5df0de7b4b82c08179c858b0923c32d4",FALSE,29,29,29,0.222331266315861,0.222331266315861,0.222331266315861,53.4219564460164,0,0,0,1
"2019","education","rook","mean_rank",0.5,0.8,"both",2,"High Incidence Focus",20,1,TRUE,0.0730256739995992,0,0,0,0,0,0.0730256739995992,0.0730256739995992,0.0730256739995992,0.00732539844856976,0.00732539844856976,0,NA,0.0731008979512266,0.0729504500479717,0.0731008979512266,0.0729504500479717,1,NA,FALSE,TRUE,200,200,200,0,0,0,TRUE,0.100312644134034,0.270189391827937,0.0161610923059864,0.945,0.0191532181659457,0.0048338952459395,0.000261180904522613,0,20,200,"e3e0aaae9e9ae6e250591819c3f9da64",FALSE,29,29,29,0.235017910676067,0.235017910676067,0.235017910676067,50.0672756676011,0,0,0,1
"2020","education","rook","mean_rank",0.5,0.8,"both",2,"High Incidence Focus",20,1,TRUE,0.081262998090375,0,0,0,0,0,0.081262998090375,0.081262998090375,0.081262998090375,0.0079256703804505,0.0079256703804505,0,NA,0.084965992120571,0.077560004060179,0.084965992120571,0.077560004060179,1,NA,FALSE,TRUE,200,200,200,0,0,0,TRUE,0.0975311096895063,0.284823661741931,0.0161610923059864,0.945,0.0201906140550507,-0.0117677441463136,0.000261180904522612,0,20,200,"1014433c3817d8d48f069b6a1851cd64",FALSE,29,29,29,0.233336934599855,0.233336934599855,0.233336934599855,65.9989237607368,0,0,0,1
"2021","education","rook","mean_rank",0.5,0.8,"both",2,"High Incidence Focus",20,1,TRUE,0.0853661541358554,0,0,0,0,0,0.0853661541358554,0.0853661541358554,0.0853661541358554,0.00866953444487505,0.00866953444487505,0,NA,0.088228867544274,0.0825034407274369,0.088228867544274,0.0825034407274369,1,NA,FALSE,TRUE,200,200,200,0,0,0,TRUE,0.101557046028781,0.290867104708957,0.0180868924470722,0.93,0.0206190223683371,0.0276130681758467,0.000327135678391959,0,20,200,"a91572d4eddaf64cbb52c38f47982396",FALSE,29,29,29,0.223989677404995,0.223989677404995,0.223989677404995,63.6592646906665,0,0,0,1
"2018","education","rook","mean_rank",0,0.5,"control_only",2,"High Incidence Focus",20,1,TRUE,0.220298435550977,0,0,0,0,0,0.220298435550977,0.220298435550977,0.220298435550977,0.019762983558777,0.019762983558777,0,NA,0.208568767571576,0.232028103530378,0.208568767571576,0.232028103530378,1,NA,FALSE,TRUE,200,200,200,0,0,0,TRUE,0.0897100495032967,0.464828730370469,0.019231465004808,0.92,0.0329508350507513,0.0650591036916093,0.000369849246231155,0,20,200,"3ad115de119499562f46c82a3d4b5d2d",FALSE,29,29,29,0.222331266315861,0.222331266315861,0.222331266315861,53.4219564460164,0,0,0,1
"2019","education","rook","mean_rank",0,0.5,"control_only",2,"High Incidence Focus",20,1,TRUE,0.42630809625721,0,0,0,0,0,0.42630809625721,0.42630809625721,0.42630809625721,0.0387271110367648,0.0387271110367648,0,NA,0.355929493664027,0.496686698850392,0.355929493664027,0.496686698850392,1,NA,FALSE,TRUE,200,200,200,0,0,0,TRUE,0.0908430109040179,0.649891238480611,0.0168349958546813,0.94,0.0460695684258496,0.0628448438883175,0.000283417085427136,0,20,200,"4273dc76191af21f1062f56b6b9187bd",FALSE,29,29,29,0.235017910676067,0.235017910676067,0.235017910676067,50.0672756676011,0,0,0,1
"2020","education","rook","mean_rank",0,0.5,"control_only",2,"High Incidence Focus",20,1,TRUE,0.247237865761021,0,0,0,0,0,0.247237865761021,0.247237865761021,0.247237865761021,0.0257762895809347,0.0257762895809347,0,NA,0.249690560560203,0.244785170961838,0.249690560560203,0.244785170961838,1,NA,FALSE,TRUE,200,200,200,0,0,0,TRUE,0.104257046151053,0.495806240125868,0.0174757549207538,0.935,0.0351467724951078,0.0376036968032437,0.000305402010050251,0,20,200,"44588aac90fda53060edf58ea31522ac",FALSE,29,29,29,0.233336934599855,0.233336934599855,0.233336934599855,65.9989237607368,0,0,0,1
"2021","education","rook","mean_rank",0,0.5,"control_only",2,"High Incidence Focus",20,1,TRUE,0.302938711468412,0,0,0,0,0,0.302938711468412,0.302938711468412,0.302938711468412,0.0275193587201948,0.0275193587201948,0,NA,0.304534185843157,0.301343237093666,0.304534185843157,0.301343237093666,1,NA,FALSE,TRUE,200,200,200,0,0,0,TRUE,0.0908413407675841,0.550300054366652,0.0161610923059864,0.945,0.0390097365655585,0.0104192913613106,0.000261180904522613,0,20,200,"850311d7379a2d49c4f5104143b0b9e9",FALSE,29,29,29,0.223989677404995,0.223989677404995,0.223989677404995,63.6592646906665,0,0,0,1
"2018","education","rook","mean_rank",0.5,0.5,"control_only",2,"High Incidence Focus",20,1,TRUE,0.215030448874554,0,0,0,0,0,0.215030448874554,0.215030448874554,0.215030448874554,0.0214823175394591,0.0214823175394591,0,NA,0.216314544723298,0.213746353025809,0.216314544723298,0.213746353025809,1,NA,FALSE,TRUE,200,200,200,0,0,0,TRUE,0.0999036073816302,0.459902972538531,0.0180868924470722,0.93,0.0326016573360029,0.0593270994131427,0.000327135678391959,0,20,200,"98e8f7f9fcd64cfdd03b1890b5524361",FALSE,29,29,29,0.222331266315861,0.222331266315861,0.222331266315861,53.4219564460164,0,0,0,1
"2019","education","rook","mean_rank",0.5,0.5,"control_only",2,"High Incidence Focus",20,1,TRUE,0.374946400049525,0,0,0,0,0,0.374946400049525,0.374946400049525,0.374946400049525,0.0314432540505877,0.0314432540505877,0,NA,0.362800137496803,0.387092662602247,0.362800137496803,0.387092662602247,1,NA,FALSE,TRUE,200,200,200,0,0,0,TRUE,0.0838606639413915,0.612111631285581,0.0138911779241576,0.96,0.0433914430785341,0.0163018678202742,0.000192964824120602,0,20,200,"97dcee150c2af1699d70783a8e9e982c",FALSE,29,29,29,0.235017910676067,0.235017910676067,0.235017910676067,50.0672756676011,0,0,0,1
"2020","education","rook","mean_rank",0.5,0.5,"control_only",2,"High Incidence Focus",20,1,TRUE,0.308251631568502,0,0,0,0,0,0.308251631568502,0.308251631568502,0.308251631568502,0.0335308088405688,0.0335308088405688,0,NA,0.321651037228727,0.294852225908276,0.321651037228727,0.294852225908276,1,NA,FALSE,TRUE,200,200,200,0,0,0,TRUE,0.108777392904463,0.533522715460277,0.0217309958562539,0.895,0.0378204225434801,0.15363965522089,0.000472236180904523,0,20,200,"d2be3bdd72c04c94e9ce0ffa772657f9",FALSE,29,29,29,0.233336934599855,0.233336934599855,0.233336934599855,65.9989237607368,0,0,0,1
"2021","education","rook","mean_rank",0.5,0.5,"control_only",2,"High Incidence Focus",20,1,TRUE,0.31712954273248,0,0,0,0,0,0.31712954273248,0.31712954273248,0.31712954273248,0.0289874428871551,0.0289874428871551,0,NA,0.23602158324707,0.398237502217891,0.23602158324707,0.398237502217891,1,NA,FALSE,TRUE,200,200,200,0,0,0,TRUE,0.0914056843692042,0.558214611510032,0.0197693992252836,0.915,0.0395707846460492,0.0743370044404802,0.000390829145728643,0,20,200,"0f5156d4f131f5b593f828a2dc99f1a2",FALSE,29,29,29,0.223989677404995,0.223989677404995,0.223989677404995,63.6592646906665,0,0,0,1
"2018","education","rook","mean_rank",0,0.8,"control_only",2,"High Incidence Focus",20,1,TRUE,0.213544207444665,0,0,0,0,0,0.213544207444665,0.213544207444665,0.213544207444665,0.0247243211464067,0.0247243211464067,0,NA,0.231663793896521,0.195424620992808,0.231663793896521,0.195424620992808,1,NA,FALSE,TRUE,200,200,200,0,0,0,TRUE,0.115780809239761,0.461965916060687,0.0186713173196821,0.925,0.032747895524988,-0.0114760551965808,0.000348618090452262,0,20,200,"4c23391b2755230f021a053621dddfd6",FALSE,29,29,29,0.222331266315861,0.222331266315861,0.222331266315861,53.4219564460164,0,0,0,1
"2019","education","rook","mean_rank",0,0.8,"control_only",2,"High Incidence Focus",20,1,TRUE,0.423983821693969,0,0,0,0,0,0.423983821693969,0.423983821693969,0.423983821693969,0.0373687244552144,0.0373687244552144,0,NA,0.411621654407855,0.436345988980083,0.411621654407855,0.436345988980083,1,NA,FALSE,TRUE,200,200,200,0,0,0,TRUE,0.0881371470871524,0.650955900812495,0.0180868924470722,0.93,0.0461450403375248,-0.0154995771349542,0.000327135678391959,0,20,200,"ab2ba1f262dbd3616a1ee29c126caf50",FALSE,29,29,29,0.235017910676067,0.235017910676067,0.235017910676067,50.0672756676011,0,0,0,1
"2020","education","rook","mean_rank",0,0.8,"control_only",2,"High Incidence Focus",20,1,TRUE,0.216874695005817,0,0,0,0,0,0.216874695005817,0.216874695005817,0.216874695005817,0.0203106720161626,0.0203106720161626,0,NA,0.188400457397255,0.245348932614379,0.188400457397255,0.245348932614379,1,NA,FALSE,TRUE,200,200,200,0,0,0,TRUE,0.093651645322742,0.464040690457849,0.0154497076780334,0.95,0.032894972382466,0.0392547144330406,0.000238693467336684,0,20,200,"12afb8e02bf189fe1747e641fe696a13",FALSE,29,29,29,0.233336934599855,0.233336934599855,0.233336934599855,65.9989237607368,0,0,0,1
"2021","education","rook","mean_rank",0,0.8,"control_only",2,"High Incidence Focus",20,1,TRUE,0.310126417884189,0,0,0,0,0,0.310126417884189,0.310126417884189,0.310126417884189,0.0269642308555454,0.0269642308555454,0,NA,0.340963870413039,0.279288965355339,0.340963870413039,0.279288965355339,1,NA,FALSE,TRUE,200,200,200,0,0,0,TRUE,0.0869459333374648,0.556699141130298,0.0161610923059863,0.945,0.0394633557991551,-0.0145768360413739,0.000261180904522611,0,20,200,"2620a36b86bd514822df15cada1e11f1",FALSE,29,29,29,0.223989677404995,0.223989677404995,0.223989677404995,63.6592646906665,0,0,0,1
"2018","education","rook","mean_rank",0.5,0.8,"control_only",2,"High Incidence Focus",20,1,TRUE,0.251547409004015,0,0,0,0,0,0.251547409004015,0.251547409004015,0.251547409004015,0.0252248943625854,0.0252248943625854,0,NA,0.333942880729092,0.169151937278938,0.333942880729092,0.169151937278938,1,NA,FALSE,TRUE,200,200,200,0,0,0,TRUE,0.100278887635781,0.483751816742099,0.0161610923059863,0.945,0.0342922570777111,0.132406906174615,0.00026118090452261,0,20,200,"184fee930c549969e911c35b1809fd8a",FALSE,29,29,29,0.222331266315861,0.222331266315861,0.222331266315861,53.4219564460164,0,0,0,1
"2019","education","rook","mean_rank",0.5,0.8,"control_only",2,"High Incidence Focus",20,1,TRUE,0.491619447923316,0,0,0,0,0,0.491619447923316,0.491619447923316,0.491619447923316,0.0467950298924728,0.0467950298924728,0,NA,0.487308699580617,0.495930196266015,0.487308699580617,0.495930196266015,1,NA,FALSE,TRUE,200,200,200,0,0,0,TRUE,0.0951854734188058,0.69982970227764,0.0212664361502501,0.9,0.0496096122651198,0.0431026186362908,0.000452261306532664,0,20,200,"8ee6b5e3024ae4372f5088d68f6a4f54",FALSE,29,29,29,0.235017910676067,0.235017910676067,0.235017910676067,50.0672756676011,0,0,0,1
"2020","education","rook","mean_rank",0.5,0.8,"control_only",2,"High Incidence Focus",20,1,TRUE,0.267010453342708,0,0,0,0,0,0.267010453342708,0.267010453342708,0.267010453342708,0.0257828417305896,0.0257828417305896,0,NA,0.250836001674597,0.283184905010819,0.250836001674597,0.283184905010819,1,NA,FALSE,TRUE,200,200,200,0,0,0,TRUE,0.0965611698261764,0.508532175885612,0.0174757549207538,0.935,0.0360488901627304,0.0916814017767691,0.000305402010050251,0,20,200,"8a4e8631b735a566060d1d5ffc5844e8",FALSE,29,29,29,0.233336934599855,0.233336934599855,0.233336934599855,65.9989237607368,0,0,0,1
"2021","education","rook","mean_rank",0.5,0.8,"control_only",2,"High Incidence Focus",20,1,TRUE,0.345095405833209,0,0,0,0,0,0.345095405833209,0.345095405833209,0.345095405833209,0.0389862982562399,0.0389862982562399,0,NA,0.277281654085851,0.412909157580566,0.277281654085851,0.412909157580566,1,NA,FALSE,TRUE,200,200,200,0,0,0,TRUE,0.112972521793242,0.586241236665741,0.0161610923059864,0.945,0.0415575394273188,0.0376379896624512,0.000261180904522612,0,20,200,"b8fb1ed47de80494a4089a98ced5baab",FALSE,29,29,29,0.223989677404995,0.223989677404995,0.223989677404995,63.6592646906665,0,0,0,1
"2018","education","rook","mean_rank",0,0.5,"both",3,"Saturation Regions",20,20,TRUE,0.0739170372315122,0.000140370779783285,0.000103878446801447,3.64923329818385e-05,0.0118478175113936,0.0060408884265345,0.0875367214116648,0.0928322490659119,0.0940289394154352,0.0022790178454923,0.00264925253404885,6.40205174781886e-06,0.740028992941565,0.098704042286542,0.0850967819277307,0.107208944173607,0.0911316023496084,0,0.112781954887218,TRUE,FALSE,2000,2000,2000,0,0,0,FALSE,0.0358408918061914,0.271863550696648,0.00527656187902291,0.931,0.00693367165310421,0.00269203159771176,3.21767676767677e-05,-8.6693248272197e-05,20,100,"b681d911023f74162ec55179a6fbbb20",TRUE,28.8,28,30,0.53414155935613,0.418137683935002,0.6357749359355,-1.36246248737076,0,0,0,4
"2019","education","rook","mean_rank",0,0.5,"both",3,"Saturation Regions",20,20,TRUE,0.0739170372315122,0.000140370779783285,0.000103878446801447,3.64923329818385e-05,0.0118478175113936,0.0060408884265345,0.0875367214116648,0.0928322490659119,0.0940289394154352,0.0022790178454923,0.00264925253404885,6.40205174781886e-06,0.740028992941565,0.098704042286542,0.0850967819277307,0.107208944173607,0.0911316023496084,0,0.112781954887218,TRUE,FALSE,2000,2000,2000,0,0,0,FALSE,0.0358408918061914,0.271863550696648,0.00527656187902291,0.931,0.00693367165310421,0.00269203159771176,3.21767676767677e-05,-8.6693248272197e-05,20,100,"b681d911023f74162ec55179a6fbbb20",TRUE,28.8,28,30,0.53425140959591,0.418070568189085,0.637352066090834,-2.84016067420239,0,0,0,4
"2020","education","rook","mean_rank",0,0.5,"both",3,"Saturation Regions",20,20,TRUE,0.0739170372315122,0.000140370779783285,0.000103878446801447,3.64923329818385e-05,0.0118478175113936,0.0060408884265345,0.0875367214116648,0.0928322490659119,0.0940289394154352,0.0022790178454923,0.00264925253404885,6.40205174781886e-06,0.740028992941565,0.098704042286542,0.0850967819277307,0.107208944173607,0.0911316023496084,0,0.112781954887218,TRUE,FALSE,2000,2000,2000,0,0,0,FALSE,0.0358408918061914,0.271863550696648,0.00527656187902291,0.931,0.00693367165310421,0.00269203159771176,3.21767676767677e-05,-8.6693248272197e-05,20,100,"b681d911023f74162ec55179a6fbbb20",TRUE,28.8,28,30,0.534178046304585,0.418535292047623,0.638486287761387,-2.52026067906776,0,0,0,4
"2021","education","rook","mean_rank",0,0.5,"both",3,"Saturation Regions",20,20,TRUE,0.0739170372315122,0.000140370779783285,0.000103878446801447,3.64923329818385e-05,0.0118478175113936,0.0060408884265345,0.0875367214116648,0.0928322490659119,0.0940289394154352,0.0022790178454923,0.00264925253404885,6.40205174781886e-06,0.740028992941565,0.098704042286542,0.0850967819277307,0.107208944173607,0.0911316023496084,0,0.112781954887218,TRUE,FALSE,2000,2000,2000,0,0,0,FALSE,0.0358408918061914,0.271863550696648,0.00527656187902291,0.931,0.00693367165310421,0.00269203159771176,3.21767676767677e-05,-8.6693248272197e-05,20,100,"b681d911023f74162ec55179a6fbbb20",TRUE,28.8,28,30,0.533853950675542,0.417408033861277,0.638141296083538,-1.78523790856852,0,0,0,4
"2018","education","rook","mean_rank",0.5,0.5,"both",3,"Saturation Regions",20,20,TRUE,0.0780242710680074,8.00568611946361e-05,0.000117225890450189,-3.71690292555527e-05,0.008947449982796,NA,0.0851463721351706,0.0956655882472517,0.0996963473135846,0.0024210110537768,0.00200071063868112,-8.1399329636646e-05,1.46428286971165,0.0961050712006631,0.0993746126187227,0.106165330477765,0.107979986553564,0,-0.278195488721804,TRUE,FALSE,2000,2000,2000,0,0,0,FALSE,0.0256421573863505,0.278550972366049,0.00561365815620588,0.9325,0.00723086554832074,0.0208237091301199,3.14873737373737e-05,5.15683147260635e-07,20,100,"454f9ac142e5582025bb952fd7e14c2a",TRUE,28.8,28,30,0.53414155935613,0.418137683935002,0.6357749359355,-1.36246248737076,0,0,0,4
"2019","education","rook","mean_rank",0.5,0.5,"both",3,"Saturation Regions",20,20,TRUE,0.0780242710680074,8.00568611946361e-05,0.000117225890450189,-3.71690292555527e-05,0.008947449982796,NA,0.0851463721351706,0.0956655882472517,0.0996963473135846,0.0024210110537768,0.00200071063868112,-8.1399329636646e-05,1.46428286971165,0.0961050712006631,0.0993746126187227,0.106165330477765,0.107979986553564,0,-0.278195488721804,TRUE,FALSE,2000,2000,2000,0,0,0,FALSE,0.0256421573863505,0.278550972366049,0.00561365815620588,0.9325,0.00723086554832074,0.0208237091301199,3.14873737373737e-05,5.15683147260635e-07,20,100,"454f9ac142e5582025bb952fd7e14c2a",TRUE,28.8,28,30,0.53425140959591,0.418070568189085,0.637352066090834,-2.84016067420239,0,0,0,4
"2020","education","rook","mean_rank",0.5,0.5,"both",3,"Saturation Regions",20,20,TRUE,0.0780242710680074,8.00568611946361e-05,0.000117225890450189,-3.71690292555527e-05,0.008947449982796,NA,0.0851463721351706,0.0956655882472517,0.0996963473135846,0.0024210110537768,0.00200071063868112,-8.1399329636646e-05,1.46428286971165,0.0961050712006631,0.0993746126187227,0.106165330477765,0.107979986553564,0,-0.278195488721804,TRUE,FALSE,2000,2000,2000,0,0,0,FALSE,0.0256421573863505,0.278550972366049,0.00561365815620588,0.9325,0.00723086554832074,0.0208237091301199,3.14873737373737e-05,5.15683147260635e-07,20,100,"454f9ac142e5582025bb952fd7e14c2a",TRUE,28.8,28,30,0.534178046304585,0.418535292047623,0.638486287761387,-2.52026067906776,0,0,0,4
"2021","education","rook","mean_rank",0.5,0.5,"both",3,"Saturation Regions",20,20,TRUE,0.0780242710680074,8.00568611946361e-05,0.000117225890450189,-3.71690292555527e-05,0.008947449982796,NA,0.0851463721351706,0.0956655882472517,0.0996963473135846,0.0024210110537768,0.00200071063868112,-8.1399329636646e-05,1.46428286971165,0.0961050712006631,0.0993746126187227,0.106165330477765,0.107979986553564,0,-0.278195488721804,TRUE,FALSE,2000,2000,2000,0,0,0,FALSE,0.0256421573863505,0.278550972366049,0.00561365815620588,0.9325,0.00723086554832074,0.0208237091301199,3.14873737373737e-05,5.15683147260635e-07,20,100,"454f9ac142e5582025bb952fd7e14c2a",TRUE,28.8,28,30,0.533853950675542,0.417408033861277,0.638141296083538,-1.78523790856852,0,0,0,4
"2018","education","rook","mean_rank",0,0.8,"both",3,"Saturation Regions",20,20,TRUE,0.0725333638140729,6.61505030446623e-05,0.000124151405984105,-5.80009029394428e-05,0.00813329595211328,NA,0.0818426731818421,0.0848980337067135,0.0870094199115022,0.00249149960850995,0.00181866026300492,-9.24626951022496e-05,1.87680214465312,0.093883998451347,0.0917937514701259,0.100555632286163,0.107727305913727,0,-0.368421052631579,TRUE,FALSE,2000,2000,2000,0,0,0,FALSE,0.0250734305893595,0.269128970660097,0.00407010927048453,0.9345,0.00621018244343696,0.0101469682915509,3.07550505050505e-05,-0.000283785220627327,20,100,"5d4e179a1e9351face12b1f1f4df58ca",TRUE,28.8,28,30,0.53414155935613,0.418137683935002,0.6357749359355,-1.36246248737076,0,0,0,4
"2019","education","rook","mean_rank",0,0.8,"both",3,"Saturation Regions",20,20,TRUE,0.0725333638140729,6.61505030446623e-05,0.000124151405984105,-5.80009029394428e-05,0.00813329595211328,NA,0.0818426731818421,0.0848980337067135,0.0870094199115022,0.00249149960850995,0.00181866026300492,-9.24626951022496e-05,1.87680214465312,0.093883998451347,0.0917937514701259,0.100555632286163,0.107727305913727,0,-0.368421052631579,TRUE,FALSE,2000,2000,2000,0,0,0,FALSE,0.0250734305893595,0.269128970660097,0.00407010927048453,0.9345,0.00621018244343696,0.0101469682915509,3.07550505050505e-05,-0.000283785220627327,20,100,"5d4e179a1e9351face12b1f1f4df58ca",TRUE,28.8,28,30,0.53425140959591,0.418070568189085,0.637352066090834,-2.84016067420239,0,0,0,4
"2020","education","rook","mean_rank",0,0.8,"both",3,"Saturation Regions",20,20,TRUE,0.0725333638140729,6.61505030446623e-05,0.000124151405984105,-5.80009029394428e-05,0.00813329595211328,NA,0.0818426731818421,0.0848980337067135,0.0870094199115022,0.00249149960850995,0.00181866026300492,-9.24626951022496e-05,1.87680214465312,0.093883998451347,0.0917937514701259,0.100555632286163,0.107727305913727,0,-0.368421052631579,TRUE,FALSE,2000,2000,2000,0,0,0,FALSE,0.0250734305893595,0.269128970660097,0.00407010927048453,0.9345,0.00621018244343696,0.0101469682915509,3.07550505050505e-05,-0.000283785220627327,20,100,"5d4e179a1e9351face12b1f1f4df58ca",TRUE,28.8,28,30,0.534178046304585,0.418535292047623,0.638486287761387,-2.52026067906776,0,0,0,4
"2021","education","rook","mean_rank",0,0.8,"both",3,"Saturation Regions",20,20,TRUE,0.0725333638140729,6.61505030446623e-05,0.000124151405984105,-5.80009029394428e-05,0.00813329595211328,NA,0.0818426731818421,0.0848980337067135,0.0870094199115022,0.00249149960850995,0.00181866026300492,-9.24626951022496e-05,1.87680214465312,0.093883998451347,0.0917937514701259,0.100555632286163,0.107727305913727,0,-0.368421052631579,TRUE,FALSE,2000,2000,2000,0,0,0,FALSE,0.0250734305893595,0.269128970660097,0.00407010927048453,0.9345,0.00621018244343696,0.0101469682915509,3.07550505050505e-05,-0.000283785220627327,20,100,"5d4e179a1e9351face12b1f1f4df58ca",TRUE,28.8,28,30,0.533853950675542,0.417408033861277,0.638141296083538,-1.78523790856852,0,0,0,4
"2018","education","rook","mean_rank",0.5,0.8,"both",3,"Saturation Regions",20,20,TRUE,0.0745100589241297,0.000155259015818314,0.000109007914021731,4.62511017965837e-05,0.012460297581451,0.00680081625958117,0.0897552769230474,0.0929244133441937,0.0953027311354153,0.00233460825430875,0.00278620724120007,4.46825212141381e-05,0.702103600536105,0.0905822632863436,0.0896555291187594,0.101573437959415,0.110708194027539,0,0.27218045112782,TRUE,FALSE,2000,2000,2000,0,0,0,FALSE,0.0373937060503085,0.270576913018034,0.00564171493150983,0.9305,0.00656441593221919,0.0360304463719356,3.23560606060606e-05,-1.05422647527923e-05,20,100,"1fcdeebf5b1cab476215cd57859218e5",TRUE,28.8,28,30,0.53414155935613,0.418137683935002,0.6357749359355,-1.36246248737076,0,0,0,4
"2019","education","rook","mean_rank",0.5,0.8,"both",3,"Saturation Regions",20,20,TRUE,0.0745100589241297,0.000155259015818314,0.000109007914021731,4.62511017965837e-05,0.012460297581451,0.00680081625958117,0.0897552769230474,0.0929244133441937,0.0953027311354153,0.00233460825430875,0.00278620724120007,4.46825212141381e-05,0.702103600536105,0.0905822632863436,0.0896555291187594,0.101573437959415,0.110708194027539,0,0.27218045112782,TRUE,FALSE,2000,2000,2000,0,0,0,FALSE,0.0373937060503085,0.270576913018034,0.00564171493150983,0.9305,0.00656441593221919,0.0360304463719356,3.23560606060606e-05,-1.05422647527923e-05,20,100,"1fcdeebf5b1cab476215cd57859218e5",TRUE,28.8,28,30,0.53425140959591,0.418070568189085,0.637352066090834,-2.84016067420239,0,0,0,4
"2020","education","rook","mean_rank",0.5,0.8,"both",3,"Saturation Regions",20,20,TRUE,0.0745100589241297,0.000155259015818314,0.000109007914021731,4.62511017965837e-05,0.012460297581451,0.00680081625958117,0.0897552769230474,0.0929244133441937,0.0953027311354153,0.00233460825430875,0.00278620724120007,4.46825212141381e-05,0.702103600536105,0.0905822632863436,0.0896555291187594,0.101573437959415,0.110708194027539,0,0.27218045112782,TRUE,FALSE,2000,2000,2000,0,0,0,FALSE,0.0373937060503085,0.270576913018034,0.00564171493150983,0.9305,0.00656441593221919,0.0360304463719356,3.23560606060606e-05,-1.05422647527923e-05,20,100,"1fcdeebf5b1cab476215cd57859218e5",TRUE,28.8,28,30,0.534178046304585,0.418535292047623,0.638486287761387,-2.52026067906776,0,0,0,4
"2021","education","rook","mean_rank",0.5,0.8,"both",3,"Saturation Regions",20,20,TRUE,0.0745100589241297,0.000155259015818314,0.000109007914021731,4.62511017965837e-05,0.012460297581451,0.00680081625958117,0.0897552769230474,0.0929244133441937,0.0953027311354153,0.00233460825430875,0.00278620724120007,4.46825212141381e-05,0.702103600536105,0.0905822632863436,0.0896555291187594,0.101573437959415,0.110708194027539,0,0.27218045112782,TRUE,FALSE,2000,2000,2000,0,0,0,FALSE,0.0373937060503085,0.270576913018034,0.00564171493150983,0.9305,0.00656441593221919,0.0360304463719356,3.23560606060606e-05,-1.05422647527923e-05,20,100,"1fcdeebf5b1cab476215cd57859218e5",TRUE,28.8,28,30,0.533853950675542,0.417408033861277,0.638141296083538,-1.78523790856852,0,0,0,4
"2018","education","rook","mean_rank",0,0.5,"control_only",3,"Saturation Regions",20,20,TRUE,0.196970719483822,0.00247899034405263,0.000801367134143678,0.00167762320990895,0.0497894601703275,0.0409587989314745,0.275362635702503,0.291598005342926,0.304315825845952,0.00632995708573004,0.0111332617503871,0.00103717518508761,0.323263515756019,0.258886367473923,0.305684108806763,0.297393152256206,0.34272508603679,0,0.288721804511278,TRUE,FALSE,2000,2000,2000,0,0,0,FALSE,0.0565224200813335,0.443064957412798,0.00424729015776065,0.9385,0.0110079982951286,0.0257713600071229,2.89772727272728e-05,-0.000218755980861245,20,100,"89c6015bfde9f7789da975063f0043c3",FALSE,28.8,28,30,0.53414155935613,0.418137683935002,0.6357749359355,-1.36246248737076,0,0,0,4
"2019","education","rook","mean_rank",0,0.5,"control_only",3,"Saturation Regions",20,20,TRUE,0.196970719483822,0.00247899034405263,0.000801367134143678,0.00167762320990895,0.0497894601703275,0.0409587989314745,0.275362635702503,0.291598005342926,0.304315825845952,0.00632995708573004,0.0111332617503871,0.00103717518508761,0.323263515756019,0.258886367473923,0.305684108806763,0.297393152256206,0.34272508603679,0,0.288721804511278,TRUE,FALSE,2000,2000,2000,0,0,0,FALSE,0.0565224200813335,0.443064957412798,0.00424729015776065,0.9385,0.0110079982951286,0.0257713600071229,2.89772727272728e-05,-0.000218755980861245,20,100,"89c6015bfde9f7789da975063f0043c3",FALSE,28.8,28,30,0.53425140959591,0.418070568189085,0.637352066090834,-2.84016067420239,0,0,0,4
"2020","education","rook","mean_rank",0,0.5,"control_only",3,"Saturation Regions",20,20,TRUE,0.196970719483822,0.00247899034405263,0.000801367134143678,0.00167762320990895,0.0497894601703275,0.0409587989314745,0.275362635702503,0.291598005342926,0.304315825845952,0.00632995708573004,0.0111332617503871,0.00103717518508761,0.323263515756019,0.258886367473923,0.305684108806763,0.297393152256206,0.34272508603679,0,0.288721804511278,TRUE,FALSE,2000,2000,2000,0,0,0,FALSE,0.0565224200813335,0.443064957412798,0.00424729015776065,0.9385,0.0110079982951286,0.0257713600071229,2.89772727272728e-05,-0.000218755980861245,20,100,"89c6015bfde9f7789da975063f0043c3",FALSE,28.8,28,30,0.534178046304585,0.418535292047623,0.638486287761387,-2.52026067906776,0,0,0,4
"2021","education","rook","mean_rank",0,0.5,"control_only",3,"Saturation Regions",20,20,TRUE,0.196970719483822,0.00247899034405263,0.000801367134143678,0.00167762320990895,0.0497894601703275,0.0409587989314745,0.275362635702503,0.291598005342926,0.304315825845952,0.00632995708573004,0.0111332617503871,0.00103717518508761,0.323263515756019,0.258886367473923,0.305684108806763,0.297393152256206,0.34272508603679,0,0.288721804511278,TRUE,FALSE,2000,2000,2000,0,0,0,FALSE,0.0565224200813335,0.443064957412798,0.00424729015776065,0.9385,0.0110079982951286,0.0257713600071229,2.89772727272728e-05,-0.000218755980861245,20,100,"89c6015bfde9f7789da975063f0043c3",FALSE,28.8,28,30,0.533853950675542,0.417408033861277,0.638141296083538,-1.78523790856852,0,0,0,4
"2018","education","rook","mean_rank",0.5,0.5,"control_only",3,"Saturation Regions",20,20,TRUE,0.240763917137486,0.00330758658130296,0.00175599397233897,0.00155159260896399,0.0575116212717305,0.0393902603312544,0.318682322477151,0.335145022849607,0.339541965828538,0.00937014933802811,0.0128599894659812,0.00146541656501192,0.53089886815517,0.331987330721471,0.327150607054196,0.388272136358714,0.350318400944441,0,0.309774436090226,TRUE,FALSE,2000,2000,2000,0,0,0,FALSE,0.0534132756223501,0.485951726015635,0.00630267278307595,0.9205,0.00706793352153161,0.067932592471591,3.65782828282828e-05,6.2908027644869e-05,20,100,"5041b606c12106926013fc94f9b8991f",FALSE,28.8,28,30,0.53414155935613,0.418137683935002,0.6357749359355,-1.36246248737076,0,0,0,4
"2019","education","rook","mean_rank",0.5,0.5,"control_only",3,"Saturation Regions",20,20,TRUE,0.240763917137486,0.00330758658130296,0.00175599397233897,0.00155159260896399,0.0575116212717305,0.0393902603312544,0.318682322477151,0.335145022849607,0.339541965828538,0.00937014933802811,0.0128599894659812,0.00146541656501192,0.53089886815517,0.331987330721471,0.327150607054196,0.388272136358714,0.350318400944441,0,0.309774436090226,TRUE,FALSE,2000,2000,2000,0,0,0,FALSE,0.0534132756223501,0.485951726015635,0.00630267278307595,0.9205,0.00706793352153161,0.067932592471591,3.65782828282828e-05,6.2908027644869e-05,20,100,"5041b606c12106926013fc94f9b8991f",FALSE,28.8,28,30,0.53425140959591,0.418070568189085,0.637352066090834,-2.84016067420239,0,0,0,4
"2020","education","rook","mean_rank",0.5,0.5,"control_only",3,"Saturation Regions",20,20,TRUE,0.240763917137486,0.00330758658130296,0.00175599397233897,0.00155159260896399,0.0575116212717305,0.0393902603312544,0.318682322477151,0.335145022849607,0.339541965828538,0.00937014933802811,0.0128599894659812,0.00146541656501192,0.53089886815517,0.331987330721471,0.327150607054196,0.388272136358714,0.350318400944441,0,0.309774436090226,TRUE,FALSE,2000,2000,2000,0,0,0,FALSE,0.0534132756223501,0.485951726015635,0.00630267278307595,0.9205,0.00706793352153161,0.067932592471591,3.65782828282828e-05,6.2908027644869e-05,20,100,"5041b606c12106926013fc94f9b8991f",FALSE,28.8,28,30,0.534178046304585,0.418535292047623,0.638486287761387,-2.52026067906776,0,0,0,4
"2021","education","rook","mean_rank",0.5,0.5,"control_only",3,"Saturation Regions",20,20,TRUE,0.240763917137486,0.00330758658130296,0.00175599397233897,0.00155159260896399,0.0575116212717305,0.0393902603312544,0.318682322477151,0.335145022849607,0.339541965828538,0.00937014933802811,0.0128599894659812,0.00146541656501192,0.53089886815517,0.331987330721471,0.327150607054196,0.388272136358714,0.350318400944441,0,0.309774436090226,TRUE,FALSE,2000,2000,2000,0,0,0,FALSE,0.0534132756223501,0.485951726015635,0.00630267278307595,0.9205,0.00706793352153161,0.067932592471591,3.65782828282828e-05,6.2908027644869e-05,20,100,"5041b606c12106926013fc94f9b8991f",FALSE,28.8,28,30,0.533853950675542,0.417408033861277,0.638141296083538,-1.78523790856852,0,0,0,4
"2018","education","rook","mean_rank",0,0.8,"control_only",3,"Saturation Regions",20,20,TRUE,0.216601595300041,0.00246755788114114,0.0010214408451484,0.00144611703599274,0.0496745194354323,0.0380278455344599,0.283270692145312,0.296315563729225,0.298967937097788,0.00714647061544508,0.0111075602207261,0.00134120252968876,0.41394807917374,0.287324462826256,0.28882432935262,0.338004312197934,0.338476680240801,0,0.490225563909774,TRUE,FALSE,2000,2000,2000,0,0,0,FALSE,0.0512810637675115,0.4643260586501,0.00499868403735054,0.9245,0.00952209761547744,0.0316686999812835,3.50126262626263e-05,-0.000200515683147263,20,100,"4fbc7ff968e99ae704c70115d9905614",FALSE,28.8,28,30,0.53414155935613,0.418137683935002,0.6357749359355,-1.36246248737076,0,0,0,4
"2019","education","rook","mean_rank",0,0.8,"control_only",3,"Saturation Regions",20,20,TRUE,0.216601595300041,0.00246755788114114,0.0010214408451484,0.00144611703599274,0.0496745194354323,0.0380278455344599,0.283270692145312,0.296315563729225,0.298967937097788,0.00714647061544508,0.0111075602207261,0.00134120252968876,0.41394807917374,0.287324462826256,0.28882432935262,0.338004312197934,0.338476680240801,0,0.490225563909774,TRUE,FALSE,2000,2000,2000,0,0,0,FALSE,0.0512810637675115,0.4643260586501,0.00499868403735054,0.9245,0.00952209761547744,0.0316686999812835,3.50126262626263e-05,-0.000200515683147263,20,100,"4fbc7ff968e99ae704c70115d9905614",FALSE,28.8,28,30,0.53425140959591,0.418070568189085,0.637352066090834,-2.84016067420239,0,0,0,4
"2020","education","rook","mean_rank",0,0.8,"control_only",3,"Saturation Regions",20,20,TRUE,0.216601595300041,0.00246755788114114,0.0010214408451484,0.00144611703599274,0.0496745194354323,0.0380278455344599,0.283270692145312,0.296315563729225,0.298967937097788,0.00714647061544508,0.0111075602207261,0.00134120252968876,0.41394807917374,0.287324462826256,0.28882432935262,0.338004312197934,0.338476680240801,0,0.490225563909774,TRUE,FALSE,2000,2000,2000,0,0,0,FALSE,0.0512810637675115,0.4643260586501,0.00499868403735054,0.9245,0.00952209761547744,0.0316686999812835,3.50126262626263e-05,-0.000200515683147263,20,100,"4fbc7ff968e99ae704c70115d9905614",FALSE,28.8,28,30,0.534178046304585,0.418535292047623,0.638486287761387,-2.52026067906776,0,0,0,4
"2021","education","rook","mean_rank",0,0.8,"control_only",3,"Saturation Regions",20,20,TRUE,0.216601595300041,0.00246755788114114,0.0010214408451484,0.00144611703599274,0.0496745194354323,0.0380278455344599,0.283270692145312,0.296315563729225,0.298967937097788,0.00714647061544508,0.0111075602207261,0.00134120252968876,0.41394807917374,0.287324462826256,0.28882432935262,0.338004312197934,0.338476680240801,0,0.490225563909774,TRUE,FALSE,2000,2000,2000,0,0,0,FALSE,0.0512810637675115,0.4643260586501,0.00499868403735054,0.9245,0.00952209761547744,0.0316686999812835,3.50126262626263e-05,-0.000200515683147263,20,100,"4fbc7ff968e99ae704c70115d9905614",FALSE,28.8,28,30,0.533853950675542,0.417408033861277,0.638141296083538,-1.78523790856852,0,0,0,4
"2018","education","rook","mean_rank",0.5,0.8,"control_only",3,"Saturation Regions",20,20,TRUE,0.236433672905652,0.00200273965089392,0.00132373788013087,0.000679001770763043,0.0447519792958246,0.0260576624193929,0.291758097058614,0.32834326782764,0.353209426630822,0.00813553280409732,0.0100068467833127,0.000333678691847512,0.660963535395141,0.346972727090154,0.311697920205495,0.377684740443709,0.337392283428851,0,-0.0917293233082707,TRUE,FALSE,2000,2000,2000,0,0,0,FALSE,0.0423241184740463,0.481118949327222,0.00477245385409578,0.9265,0.0082556091827243,0.0704146966472307,3.41742424242424e-05,-0.000227958532695376,20,100,"e0c9d280befd219cd82c2d1f80cbf8ab",TRUE,28.8,28,30,0.53414155935613,0.418137683935002,0.6357749359355,-1.36246248737076,0,0,0,4
"2019","education","rook","mean_rank",0.5,0.8,"control_only",3,"Saturation Regions",20,20,TRUE,0.236433672905652,0.00200273965089392,0.00132373788013087,0.000679001770763043,0.0447519792958246,0.0260576624193929,0.291758097058614,0.32834326782764,0.353209426630822,0.00813553280409732,0.0100068467833127,0.000333678691847512,0.660963535395141,0.346972727090154,0.311697920205495,0.377684740443709,0.337392283428851,0,-0.0917293233082707,TRUE,FALSE,2000,2000,2000,0,0,0,FALSE,0.0423241184740463,0.481118949327222,0.00477245385409578,0.9265,0.0082556091827243,0.0704146966472307,3.41742424242424e-05,-0.000227958532695376,20,100,"e0c9d280befd219cd82c2d1f80cbf8ab",TRUE,28.8,28,30,0.53425140959591,0.418070568189085,0.637352066090834,-2.84016067420239,0,0,0,4
"2020","education","rook","mean_rank",0.5,0.8,"control_only",3,"Saturation Regions",20,20,TRUE,0.236433672905652,0.00200273965089392,0.00132373788013087,0.000679001770763043,0.0447519792958246,0.0260576624193929,0.291758097058614,0.32834326782764,0.353209426630822,0.00813553280409732,0.0100068467833127,0.000333678691847512,0.660963535395141,0.346972727090154,0.311697920205495,0.377684740443709,0.337392283428851,0,-0.0917293233082707,TRUE,FALSE,2000,2000,2000,0,0,0,FALSE,0.0423241184740463,0.481118949327222,0.00477245385409578,0.9265,0.0082556091827243,0.0704146966472307,3.41742424242424e-05,-0.000227958532695376,20,100,"e0c9d280befd219cd82c2d1f80cbf8ab",TRUE,28.8,28,30,0.534178046304585,0.418535292047623,0.638486287761387,-2.52026067906776,0,0,0,4
"2021","education","rook","mean_rank",0.5,0.8,"control_only",3,"Saturation Regions",20,20,TRUE,0.236433672905652,0.00200273965089392,0.00132373788013087,0.000679001770763043,0.0447519792958246,0.0260576624193929,0.291758097058614,0.32834326782764,0.353209426630822,0.00813553280409732,0.0100068467833127,0.000333678691847512,0.660963535395141,0.346972727090154,0.311697920205495,0.377684740443709,0.337392283428851,0,-0.0917293233082707,TRUE,FALSE,2000,2000,2000,0,0,0,FALSE,0.0423241184740463,0.481118949327222,0.00477245385409578,0.9265,0.0082556091827243,0.0704146966472307,3.41742424242424e-05,-0.000227958532695376,20,100,"e0c9d280befd219cd82c2d1f80cbf8ab",TRUE,28.8,28,30,0.533853950675542,0.417408033861277,0.638141296083538,-1.78523790856852,0,0,0,4
"2018","education","rook","mean_rank",0,0.5,"both",4,"Isolation Buffer",20,20,TRUE,0.316577598621321,0.00992588379875173,0.00208670267449176,0.00783918112425997,0.0996287297858992,0.0885391502345712,0.438174690320642,0.497407661918411,0.550619376493891,0.0102144570939717,0.0222776612313229,0.00862600045916624,0.210228400493081,0.481389374443762,0.433970016400224,0.49426698804222,0.521879038836375,0.333333333333333,0.783458646616541,TRUE,FALSE,2000,2000,2000,0,0,0,FALSE,0.0703703020312901,0.562556561781082,0.00719923241522463,0.9245,0.0134207892122925,-0.0103785075212108,3.47550505050505e-05,0.00034147793726741,20,100,"52184c47a863798b9c4fd054a0203e56",FALSE,16.5,15,20,0.282103618847615,0.156637467178972,0.399632177322208,2.22661061794877,0,0,0,4
"2019","education","rook","mean_rank",0,0.5,"both",4,"Isolation Buffer",20,20,TRUE,0.316577598621321,0.00992588379875173,0.00208670267449176,0.00783918112425997,0.0996287297858992,0.0885391502345712,0.438174690320642,0.497407661918411,0.550619376493891,0.0102144570939717,0.0222776612313229,0.00862600045916624,0.210228400493081,0.481389374443762,0.433970016400224,0.49426698804222,0.521879038836375,0.333333333333333,0.783458646616541,TRUE,FALSE,2000,2000,2000,0,0,0,FALSE,0.0703703020312901,0.562556561781082,0.00719923241522463,0.9245,0.0134207892122925,-0.0103785075212108,3.47550505050505e-05,0.00034147793726741,20,100,"52184c47a863798b9c4fd054a0203e56",FALSE,16.5,15,20,0.282191415413588,0.155911588840589,0.400497323742523,5.31745995463134,0,0,0,4
"2020","education","rook","mean_rank",0,0.5,"both",4,"Isolation Buffer",20,20,TRUE,0.316577598621321,0.00992588379875173,0.00208670267449176,0.00783918112425997,0.0996287297858992,0.0885391502345712,0.438174690320642,0.497407661918411,0.550619376493891,0.0102144570939717,0.0222776612313229,0.00862600045916624,0.210228400493081,0.481389374443762,0.433970016400224,0.49426698804222,0.521879038836375,0.333333333333333,0.783458646616541,TRUE,FALSE,2000,2000,2000,0,0,0,FALSE,0.0703703020312901,0.562556561781082,0.00719923241522463,0.9245,0.0134207892122925,-0.0103785075212108,3.47550505050505e-05,0.00034147793726741,20,100,"52184c47a863798b9c4fd054a0203e56",FALSE,16.5,15,20,0.282198609120093,0.155461367517471,0.401568643002182,2.32230300294103,0,0,0,4
"2021","education","rook","mean_rank",0,0.5,"both",4,"Isolation Buffer",20,20,TRUE,0.316577598621321,0.00992588379875173,0.00208670267449176,0.00783918112425997,0.0996287297858992,0.0885391502345712,0.438174690320642,0.497407661918411,0.550619376493891,0.0102144570939717,0.0222776612313229,0.00862600045916624,0.210228400493081,0.481389374443762,0.433970016400224,0.49426698804222,0.521879038836375,0.333333333333333,0.783458646616541,TRUE,FALSE,2000,2000,2000,0,0,0,FALSE,0.0703703020312901,0.562556561781082,0.00719923241522463,0.9245,0.0134207892122925,-0.0103785075212108,3.47550505050505e-05,0.00034147793726741,20,100,"52184c47a863798b9c4fd054a0203e56",FALSE,16.5,15,20,0.282219467668549,0.155166916008817,0.401768801632103,1.18528612549043,0,0,0,4
"2018","education","rook","mean_rank",0.5,0.5,"both",4,"Isolation Buffer",20,20,TRUE,0.315236687723765,0.0100945734278046,0.00230681338653279,0.0077877600412718,0.100471754378057,0.0882482863361765,0.415982611135833,0.534170100446922,0.545701136106285,0.0107396773381066,0.0224661672607997,0.00842621280969601,0.228520145306872,0.443647185305494,0.461700442046055,0.538917008354325,0.52942319253952,1,0.750375939849624,TRUE,FALSE,2000,2000,2000,0,0,0,FALSE,0.0712676161617531,0.560363201210588,0.00584334979631591,0.9375,0.014668801966264,0.0350680831068344,2.92651515151515e-05,9.7591706539074e-05,20,100,"759c96e67c71a427a211f89a2aa771d1",FALSE,16.5,15,20,0.282103618847615,0.156637467178972,0.399632177322208,2.22661061794877,0,0,0,4
"2019","education","rook","mean_rank",0.5,0.5,"both",4,"Isolation Buffer",20,20,TRUE,0.315236687723765,0.0100945734278046,0.00230681338653279,0.0077877600412718,0.100471754378057,0.0882482863361765,0.415982611135833,0.534170100446922,0.545701136106285,0.0107396773381066,0.0224661672607997,0.00842621280969601,0.228520145306872,0.443647185305494,0.461700442046055,0.538917008354325,0.52942319253952,1,0.750375939849624,TRUE,FALSE,2000,2000,2000,0,0,0,FALSE,0.0712676161617531,0.560363201210588,0.00584334979631591,0.9375,0.014668801966264,0.0350680831068344,2.92651515151515e-05,9.7591706539074e-05,20,100,"759c96e67c71a427a211f89a2aa771d1",FALSE,16.5,15,20,0.282191415413588,0.155911588840589,0.400497323742523,5.31745995463134,0,0,0,4
"2020","education","rook","mean_rank",0.5,0.5,"both",4,"Isolation Buffer",20,20,TRUE,0.315236687723765,0.0100945734278046,0.00230681338653279,0.0077877600412718,0.100471754378057,0.0882482863361765,0.415982611135833,0.534170100446922,0.545701136106285,0.0107396773381066,0.0224661672607997,0.00842621280969601,0.228520145306872,0.443647185305494,0.461700442046055,0.538917008354325,0.52942319253952,1,0.750375939849624,TRUE,FALSE,2000,2000,2000,0,0,0,FALSE,0.0712676161617531,0.560363201210588,0.00584334979631591,0.9375,0.014668801966264,0.0350680831068344,2.92651515151515e-05,9.7591706539074e-05,20,100,"759c96e67c71a427a211f89a2aa771d1",FALSE,16.5,15,20,0.282198609120093,0.155461367517471,0.401568643002182,2.32230300294103,0,0,0,4
"2021","education","rook","mean_rank",0.5,0.5,"both",4,"Isolation Buffer",20,20,TRUE,0.315236687723765,0.0100945734278046,0.00230681338653279,0.0077877600412718,0.100471754378057,0.0882482863361765,0.415982611135833,0.534170100446922,0.545701136106285,0.0107396773381066,0.0224661672607997,0.00842621280969601,0.228520145306872,0.443647185305494,0.461700442046055,0.538917008354325,0.52942319253952,1,0.750375939849624,TRUE,FALSE,2000,2000,2000,0,0,0,FALSE,0.0712676161617531,0.560363201210588,0.00584334979631591,0.9375,0.014668801966264,0.0350680831068344,2.92651515151515e-05,9.7591706539074e-05,20,100,"759c96e67c71a427a211f89a2aa771d1",FALSE,16.5,15,20,0.282219467668549,0.155166916008817,0.401768801632103,1.18528612549043,0,0,0,4
"2018","education","rook","mean_rank",0,0.8,"both",4,"Isolation Buffer",20,20,TRUE,0.306828076264852,0.0171145967030054,0.00217880054415855,0.0149357961588469,0.130822768289795,0.122212094977735,0.417376057747281,0.65015837431732,0.704102023901518,0.0104374339378953,0.0292528602900686,0.0147818288807417,0.127306566550641,0.423788129047761,0.446204226913066,0.700961057938672,0.599355690695968,1,0.428571428571429,TRUE,FALSE,2000,2000,2000,0,0,0,FALSE,0.0953395811953589,0.553751453587801,0.00537415844085084,0.9375,0.0104342514042629,-0.0136895549324802,2.93156565656566e-05,-8.68155236576399e-06,20,100,"2ad64480c2cfc3c097f8c3d9fa92ef4c",FALSE,16.5,15,20,0.282103618847615,0.156637467178972,0.399632177322208,2.22661061794877,0,0,0,4
"2019","education","rook","mean_rank",0,0.8,"both",4,"Isolation Buffer",20,20,TRUE,0.306828076264852,0.0171145967030054,0.00217880054415855,0.0149357961588469,0.130822768289795,0.122212094977735,0.417376057747281,0.65015837431732,0.704102023901518,0.0104374339378953,0.0292528602900686,0.0147818288807417,0.127306566550641,0.423788129047761,0.446204226913066,0.700961057938672,0.599355690695968,1,0.428571428571429,TRUE,FALSE,2000,2000,2000,0,0,0,FALSE,0.0953395811953589,0.553751453587801,0.00537415844085084,0.9375,0.0104342514042629,-0.0136895549324802,2.93156565656566e-05,-8.68155236576399e-06,20,100,"2ad64480c2cfc3c097f8c3d9fa92ef4c",FALSE,16.5,15,20,0.282191415413588,0.155911588840589,0.400497323742523,5.31745995463134,0,0,0,4
"2020","education","rook","mean_rank",0,0.8,"both",4,"Isolation Buffer",20,20,TRUE,0.306828076264852,0.0171145967030054,0.00217880054415855,0.0149357961588469,0.130822768289795,0.122212094977735,0.417376057747281,0.65015837431732,0.704102023901518,0.0104374339378953,0.0292528602900686,0.0147818288807417,0.127306566550641,0.423788129047761,0.446204226913066,0.700961057938672,0.599355690695968,1,0.428571428571429,TRUE,FALSE,2000,2000,2000,0,0,0,FALSE,0.0953395811953589,0.553751453587801,0.00537415844085084,0.9375,0.0104342514042629,-0.0136895549324802,2.93156565656566e-05,-8.68155236576399e-06,20,100,"2ad64480c2cfc3c097f8c3d9fa92ef4c",FALSE,16.5,15,20,0.282198609120093,0.155461367517471,0.401568643002182,2.32230300294103,0,0,0,4
"2021","education","rook","mean_rank",0,0.8,"both",4,"Isolation Buffer",20,20,TRUE,0.306828076264852,0.0171145967030054,0.00217880054415855,0.0149357961588469,0.130822768289795,0.122212094977735,0.417376057747281,0.65015837431732,0.704102023901518,0.0104374339378953,0.0292528602900686,0.0147818288807417,0.127306566550641,0.423788129047761,0.446204226913066,0.700961057938672,0.599355690695968,1,0.428571428571429,TRUE,FALSE,2000,2000,2000,0,0,0,FALSE,0.0953395811953589,0.553751453587801,0.00537415844085084,0.9375,0.0104342514042629,-0.0136895549324802,2.93156565656566e-05,-8.68155236576399e-06,20,100,"2ad64480c2cfc3c097f8c3d9fa92ef4c",FALSE,16.5,15,20,0.282219467668549,0.155166916008817,0.401768801632103,1.18528612549043,0,0,0,4
"2018","education","rook","mean_rank",0.5,0.8,"both",4,"Isolation Buffer",20,20,TRUE,0.312800756487123,0.00793208598723809,0.00230579335179418,0.00562629263544392,0.0890622590508353,0.0750086170745996,0.390984854621034,0.495634950740391,0.566743718091868,0.010737302621688,0.0199149265467364,0.00672198475458405,0.290691925869684,0.415193409944385,0.388769707572101,0.506094818340066,0.512799532293208,0.333333333333333,0.687218045112782,TRUE,FALSE,2000,2000,2000,0,0,0,FALSE,0.0636664909969814,0.559231974245932,0.00515420114796504,0.9305,0.0124061251466542,0.00776887817644142,3.24065656565657e-05,-0.000116815523657631,20,100,"48f37c519848fd0d474a459af1261a7b",FALSE,16.5,15,20,0.282103618847615,0.156637467178972,0.399632177322208,2.22661061794877,0,0,0,4
"2019","education","rook","mean_rank",0.5,0.8,"both",4,"Isolation Buffer",20,20,TRUE,0.312800756487123,0.00793208598723809,0.00230579335179418,0.00562629263544392,0.0890622590508353,0.0750086170745996,0.390984854621034,0.495634950740391,0.566743718091868,0.010737302621688,0.0199149265467364,0.00672198475458405,0.290691925869684,0.415193409944385,0.388769707572101,0.506094818340066,0.512799532293208,0.333333333333333,0.687218045112782,TRUE,FALSE,2000,2000,2000,0,0,0,FALSE,0.0636664909969814,0.559231974245932,0.00515420114796504,0.9305,0.0124061251466542,0.00776887817644142,3.24065656565657e-05,-0.000116815523657631,20,100,"48f37c519848fd0d474a459af1261a7b",FALSE,16.5,15,20,0.282191415413588,0.155911588840589,0.400497323742523,5.31745995463134,0,0,0,4
"2020","education","rook","mean_rank",0.5,0.8,"both",4,"Isolation Buffer",20,20,TRUE,0.312800756487123,0.00793208598723809,0.00230579335179418,0.00562629263544392,0.0890622590508353,0.0750086170745996,0.390984854621034,0.495634950740391,0.566743718091868,0.010737302621688,0.0199149265467364,0.00672198475458405,0.290691925869684,0.415193409944385,0.388769707572101,0.506094818340066,0.512799532293208,0.333333333333333,0.687218045112782,TRUE,FALSE,2000,2000,2000,0,0,0,FALSE,0.0636664909969814,0.559231974245932,0.00515420114796504,0.9305,0.0124061251466542,0.00776887817644142,3.24065656565657e-05,-0.000116815523657631,20,100,"48f37c519848fd0d474a459af1261a7b",FALSE,16.5,15,20,0.282198609120093,0.155461367517471,0.401568643002182,2.32230300294103,0,0,0,4
"2021","education","rook","mean_rank",0.5,0.8,"both",4,"Isolation Buffer",20,20,TRUE,0.312800756487123,0.00793208598723809,0.00230579335179418,0.00562629263544392,0.0890622590508353,0.0750086170745996,0.390984854621034,0.495634950740391,0.566743718091868,0.010737302621688,0.0199149265467364,0.00672198475458405,0.290691925869684,0.415193409944385,0.388769707572101,0.506094818340066,0.512799532293208,0.333333333333333,0.687218045112782,TRUE,FALSE,2000,2000,2000,0,0,0,FALSE,0.0636664909969814,0.559231974245932,0.00515420114796504,0.9305,0.0124061251466542,0.00776887817644142,3.24065656565657e-05,-0.000116815523657631,20,100,"48f37c519848fd0d474a459af1261a7b",FALSE,16.5,15,20,0.282219467668549,0.155166916008817,0.401768801632103,1.18528612549043,0,0,0,4
"2018","education","rook","mean_rank",0,0.5,"control_only",4,"Isolation Buffer",20,20,TRUE,0.293779967094339,0.00830675997943299,0.00186365940848866,0.00644310057094434,0.0911414284474025,0.0802689265590635,0.388557624413018,0.478874268926545,0.48617108274049,0.00965313267413397,0.0203798429574825,0.00565831023728122,0.22435455136575,0.421211396093954,0.435622544607912,0.519742285482988,0.448897578008066,0.333333333333333,0.545864661654135,TRUE,FALSE,2000,2000,2000,0,0,0,FALSE,0.0693711118530357,0.541876615563283,0.00634428877022475,0.9355,0.012330875873476,0.0122352196556184,3.00883838383838e-05,0.000203232323232322,20,100,"b842902ace9a67a00bf90f8f81ab4f3f",FALSE,16.5,15,20,0.282103618847615,0.156637467178972,0.399632177322208,2.22661061794877,0,0,0,4
"2019","education","rook","mean_rank",0,0.5,"control_only",4,"Isolation Buffer",20,20,TRUE,0.293779967094339,0.00830675997943299,0.00186365940848866,0.00644310057094434,0.0911414284474025,0.0802689265590635,0.388557624413018,0.478874268926545,0.48617108274049,0.00965313267413397,0.0203798429574825,0.00565831023728122,0.22435455136575,0.421211396093954,0.435622544607912,0.519742285482988,0.448897578008066,0.333333333333333,0.545864661654135,TRUE,FALSE,2000,2000,2000,0,0,0,FALSE,0.0693711118530357,0.541876615563283,0.00634428877022475,0.9355,0.012330875873476,0.0122352196556184,3.00883838383838e-05,0.000203232323232322,20,100,"b842902ace9a67a00bf90f8f81ab4f3f",FALSE,16.5,15,20,0.282191415413588,0.155911588840589,0.400497323742523,5.31745995463134,0,0,0,4
"2020","education","rook","mean_rank",0,0.5,"control_only",4,"Isolation Buffer",20,20,TRUE,0.293779967094339,0.00830675997943299,0.00186365940848866,0.00644310057094434,0.0911414284474025,0.0802689265590635,0.388557624413018,0.478874268926545,0.48617108274049,0.00965313267413397,0.0203798429574825,0.00565831023728122,0.22435455136575,0.421211396093954,0.435622544607912,0.519742285482988,0.448897578008066,0.333333333333333,0.545864661654135,TRUE,FALSE,2000,2000,2000,0,0,0,FALSE,0.0693711118530357,0.541876615563283,0.00634428877022475,0.9355,0.012330875873476,0.0122352196556184,3.00883838383838e-05,0.000203232323232322,20,100,"b842902ace9a67a00bf90f8f81ab4f3f",FALSE,16.5,15,20,0.282198609120093,0.155461367517471,0.401568643002182,2.32230300294103,0,0,0,4
"2021","education","rook","mean_rank",0,0.5,"control_only",4,"Isolation Buffer",20,20,TRUE,0.293779967094339,0.00830675997943299,0.00186365940848866,0.00644310057094434,0.0911414284474025,0.0802689265590635,0.388557624413018,0.478874268926545,0.48617108274049,0.00965313267413397,0.0203798429574825,0.00565831023728122,0.22435455136575,0.421211396093954,0.435622544607912,0.519742285482988,0.448897578008066,0.333333333333333,0.545864661654135,TRUE,FALSE,2000,2000,2000,0,0,0,FALSE,0.0693711118530357,0.541876615563283,0.00634428877022475,0.9355,0.012330875873476,0.0122352196556184,3.00883838383838e-05,0.000203232323232322,20,100,"b842902ace9a67a00bf90f8f81ab4f3f",FALSE,16.5,15,20,0.282219467668549,0.155166916008817,0.401768801632103,1.18528612549043,0,0,0,4
"2018","education","rook","mean_rank",0.5,0.5,"control_only",4,"Isolation Buffer",20,20,TRUE,0.300275775437145,0.0106819839941593,0.00172780981359254,0.00895417418056678,0.103353683989296,0.0946264983002477,0.415575543447119,0.545565929122868,0.570502028307295,0.00929464849683015,0.0231105863125098,0.00958005349065639,0.161749897260403,0.389737799942167,0.441250173466507,0.490783092355948,0.600348765889787,1,0.798496240601504,TRUE,FALSE,2000,2000,2000,0,0,0,FALSE,0.0769645379447116,0.546850442675492,0.00617614255357705,0.9405,0.0135059931689133,0.0350766130457801,2.78964646464647e-05,0.000204965443912811,20,100,"88625a8b4043f48f706d0f212eec8737",FALSE,16.5,15,20,0.282103618847615,0.156637467178972,0.399632177322208,2.22661061794877,0,0,0,4
"2019","education","rook","mean_rank",0.5,0.5,"control_only",4,"Isolation Buffer",20,20,TRUE,0.300275775437145,0.0106819839941593,0.00172780981359254,0.00895417418056678,0.103353683989296,0.0946264983002477,0.415575543447119,0.545565929122868,0.570502028307295,0.00929464849683015,0.0231105863125098,0.00958005349065639,0.161749897260403,0.389737799942167,0.441250173466507,0.490783092355948,0.600348765889787,1,0.798496240601504,TRUE,FALSE,2000,2000,2000,0,0,0,FALSE,0.0769645379447116,0.546850442675492,0.00617614255357705,0.9405,0.0135059931689133,0.0350766130457801,2.78964646464647e-05,0.000204965443912811,20,100,"88625a8b4043f48f706d0f212eec8737",FALSE,16.5,15,20,0.282191415413588,0.155911588840589,0.400497323742523,5.31745995463134,0,0,0,4
"2020","education","rook","mean_rank",0.5,0.5,"control_only",4,"Isolation Buffer",20,20,TRUE,0.300275775437145,0.0106819839941593,0.00172780981359254,0.00895417418056678,0.103353683989296,0.0946264983002477,0.415575543447119,0.545565929122868,0.570502028307295,0.00929464849683015,0.0231105863125098,0.00958005349065639,0.161749897260403,0.389737799942167,0.441250173466507,0.490783092355948,0.600348765889787,1,0.798496240601504,TRUE,FALSE,2000,2000,2000,0,0,0,FALSE,0.0769645379447116,0.546850442675492,0.00617614255357705,0.9405,0.0135059931689133,0.0350766130457801,2.78964646464647e-05,0.000204965443912811,20,100,"88625a8b4043f48f706d0f212eec8737",FALSE,16.5,15,20,0.282198609120093,0.155461367517471,0.401568643002182,2.32230300294103,0,0,0,4
"2021","education","rook","mean_rank",0.5,0.5,"control_only",4,"Isolation Buffer",20,20,TRUE,0.300275775437145,0.0106819839941593,0.00172780981359254,0.00895417418056678,0.103353683989296,0.0946264983002477,0.415575543447119,0.545565929122868,0.570502028307295,0.00929464849683015,0.0231105863125098,0.00958005349065639,0.161749897260403,0.389737799942167,0.441250173466507,0.490783092355948,0.600348765889787,1,0.798496240601504,TRUE,FALSE,2000,2000,2000,0,0,0,FALSE,0.0769645379447116,0.546850442675492,0.00617614255357705,0.9405,0.0135059931689133,0.0350766130457801,2.78964646464647e-05,0.000204965443912811,20,100,"88625a8b4043f48f706d0f212eec8737",FALSE,16.5,15,20,0.282219467668549,0.155166916008817,0.401768801632103,1.18528612549043,0,0,0,4
"2018","education","rook","mean_rank",0,0.8,"control_only",4,"Isolation Buffer",20,20,TRUE,0.301570486814961,0.0130450006685342,0.00209027759964312,0.0109547230688911,0.114214713012528,0.104664812945379,0.447432475654048,0.564863573877784,0.643306201215992,0.0102232030197075,0.0255391862326643,0.0115518967815711,0.160235913569945,0.511480426248857,0.445036764675922,0.612775013853378,0.530356631120078,0.333333333333333,0.42406015037594,TRUE,FALSE,2000,2000,2000,0,0,0,FALSE,0.0846872865524629,0.549154227963969,0.00727197214979323,0.9245,0.0139268606569799,0.000347453964891641,3.47449494949495e-05,0.000362732589048377,20,100,"ef70e83c9c2183af6ec0d64e89f260cd",FALSE,16.5,15,20,0.282103618847615,0.156637467178972,0.399632177322208,2.22661061794877,0,0,0,4
"2019","education","rook","mean_rank",0,0.8,"control_only",4,"Isolation Buffer",20,20,TRUE,0.301570486814961,0.0130450006685342,0.00209027759964312,0.0109547230688911,0.114214713012528,0.104664812945379,0.447432475654048,0.564863573877784,0.643306201215992,0.0102232030197075,0.0255391862326643,0.0115518967815711,0.160235913569945,0.511480426248857,0.445036764675922,0.612775013853378,0.530356631120078,0.333333333333333,0.42406015037594,TRUE,FALSE,2000,2000,2000,0,0,0,FALSE,0.0846872865524629,0.549154227963969,0.00727197214979323,0.9245,0.0139268606569799,0.000347453964891641,3.47449494949495e-05,0.000362732589048377,20,100,"ef70e83c9c2183af6ec0d64e89f260cd",FALSE,16.5,15,20,0.282191415413588,0.155911588840589,0.400497323742523,5.31745995463134,0,0,0,4
"2020","education","rook","mean_rank",0,0.8,"control_only",4,"Isolation Buffer",20,20,TRUE,0.301570486814961,0.0130450006685342,0.00209027759964312,0.0109547230688911,0.114214713012528,0.104664812945379,0.447432475654048,0.564863573877784,0.643306201215992,0.0102232030197075,0.0255391862326643,0.0115518967815711,0.160235913569945,0.511480426248857,0.445036764675922,0.612775013853378,0.530356631120078,0.333333333333333,0.42406015037594,TRUE,FALSE,2000,2000,2000,0,0,0,FALSE,0.0846872865524629,0.549154227963969,0.00727197214979323,0.9245,0.0139268606569799,0.000347453964891641,3.47449494949495e-05,0.000362732589048377,20,100,"ef70e83c9c2183af6ec0d64e89f260cd",FALSE,16.5,15,20,0.282198609120093,0.155461367517471,0.401568643002182,2.32230300294103,0,0,0,4
"2021","education","rook","mean_rank",0,0.8,"control_only",4,"Isolation Buffer",20,20,TRUE,0.301570486814961,0.0130450006685342,0.00209027759964312,0.0109547230688911,0.114214713012528,0.104664812945379,0.447432475654048,0.564863573877784,0.643306201215992,0.0102232030197075,0.0255391862326643,0.0115518967815711,0.160235913569945,0.511480426248857,0.445036764675922,0.612775013853378,0.530356631120078,0.333333333333333,0.42406015037594,TRUE,FALSE,2000,2000,2000,0,0,0,FALSE,0.0846872865524629,0.549154227963969,0.00727197214979323,0.9245,0.0139268606569799,0.000347453964891641,3.47449494949495e-05,0.000362732589048377,20,100,"ef70e83c9c2183af6ec0d64e89f260cd",FALSE,16.5,15,20,0.282219467668549,0.155166916008817,0.401768801632103,1.18528612549043,0,0,0,4
"2018","education","rook","mean_rank",0.5,0.8,"control_only",4,"Isolation Buffer",20,20,TRUE,0.308416587751875,0.0137739344923027,0.0020518808182332,0.0117220536740695,0.117362406639872,0.108268433414682,0.420080835594573,0.584332456875478,0.662638916484255,0.0101288716504683,0.0262430319249727,0.0130056901249086,0.148968388036102,0.426028584332277,0.414133086856869,0.616037056058716,0.552627857692239,1,0.83609022556391,TRUE,FALSE,2000,2000,2000,0,0,0,FALSE,0.0850895605721618,0.555309336432509,0.00494708845792414,0.935,0.0135416703167708,0.00693747956836086,3.0459595959596e-05,-0.000119718234981394,20,100,"38c77e3aefd070d70ec89c9eb3e53525",FALSE,16.5,15,20,0.282103618847615,0.156637467178972,0.399632177322208,2.22661061794877,0,0,0,4
"2019","education","rook","mean_rank",0.5,0.8,"control_only",4,"Isolation Buffer",20,20,TRUE,0.308416587751875,0.0137739344923027,0.0020518808182332,0.0117220536740695,0.117362406639872,0.108268433414682,0.420080835594573,0.584332456875478,0.662638916484255,0.0101288716504683,0.0262430319249727,0.0130056901249086,0.148968388036102,0.426028584332277,0.414133086856869,0.616037056058716,0.552627857692239,1,0.83609022556391,TRUE,FALSE,2000,2000,2000,0,0,0,FALSE,0.0850895605721618,0.555309336432509,0.00494708845792414,0.935,0.0135416703167708,0.00693747956836086,3.0459595959596e-05,-0.000119718234981394,20,100,"38c77e3aefd070d70ec89c9eb3e53525",FALSE,16.5,15,20,0.282191415413588,0.155911588840589,0.400497323742523,5.31745995463134,0,0,0,4
"2020","education","rook","mean_rank",0.5,0.8,"control_only",4,"Isolation Buffer",20,20,TRUE,0.308416587751875,0.0137739344923027,0.0020518808182332,0.0117220536740695,0.117362406639872,0.108268433414682,0.420080835594573,0.584332456875478,0.662638916484255,0.0101288716504683,0.0262430319249727,0.0130056901249086,0.148968388036102,0.426028584332277,0.414133086856869,0.616037056058716,0.552627857692239,1,0.83609022556391,TRUE,FALSE,2000,2000,2000,0,0,0,FALSE,0.0850895605721618,0.555309336432509,0.00494708845792414,0.935,0.0135416703167708,0.00693747956836086,3.0459595959596e-05,-0.000119718234981394,20,100,"38c77e3aefd070d70ec89c9eb3e53525",FALSE,16.5,15,20,0.282198609120093,0.155461367517471,0.401568643002182,2.32230300294103,0,0,0,4
"2021","education","rook","mean_rank",0.5,0.8,"control_only",4,"Isolation Buffer",20,20,TRUE,0.308416587751875,0.0137739344923027,0.0020518808182332,0.0117220536740695,0.117362406639872,0.108268433414682,0.420080835594573,0.584332456875478,0.662638916484255,0.0101288716504683,0.0262430319249727,0.0130056901249086,0.148968388036102,0.426028584332277,0.414133086856869,0.616037056058716,0.552627857692239,1,0.83609022556391,TRUE,FALSE,2000,2000,2000,0,0,0,FALSE,0.0850895605721618,0.555309336432509,0.00494708845792414,0.935,0.0135416703167708,0.00693747956836086,3.0459595959596e-05,-0.000119718234981394,20,100,"38c77e3aefd070d70ec89c9eb3e53525",FALSE,16.5,15,20,0.282219467668549,0.155166916008817,0.401768801632103,1.18528612549043,0,0,0,4
"2018","education","rook","mean_rank",0,0.5,"both",5,"2x2 Blocking",20,20,TRUE,0.075408941923267,6.12417075155112e-05,0.000108634818987103,-4.73931114715915e-05,0.00782570811591585,NA,0.0817752028532052,0.0912589999737007,0.0920516064623914,0.00233060956604815,0.00174988153192596,-1.39857979247037e-05,1.77386985755725,0.086420512712745,0.0881926362445141,0.0918421351698613,0.0989141896894226,0,-0.302255639097744,TRUE,FALSE,2000,2000,2000,0,0,0,FALSE,0.0232052258962415,0.274365237556589,0.00459404649061094,0.937,0.00443137073090041,0.0115177403939847,2.96111111111111e-05,-0.000170116959064328,20,100,"95d5684cb3e6b41c506c76a59572aba1",TRUE,28,28,28,0.495964393957082,0.466098978312408,0.544036338028347,-0.101834305317624,0,0,0,1
"2019","education","rook","mean_rank",0,0.5,"both",5,"2x2 Blocking",20,20,TRUE,0.079259919283902,0.000166996027092605,0.000120160005533746,4.68360215588592e-05,0.0129226942660037,0.00684368479394392,0.0897185561509796,0.102814296639971,0.110622895669729,0.00245112224841751,0.0028896022831231,0.000112284784431368,0.71953810893425,0.0978247417253451,0.0928445723206987,0.109608374868102,0.0988408474872496,0.333333333333333,0.318796992481203,TRUE,FALSE,2000,2000,2000,0,0,0,FALSE,0.0364572953042358,0.281478603181771,0.00590606289734273,0.9285,0.00501899839581776,0.00545116819965366,3.31944444444445e-05,3.37426900584783e-05,20,100,"fbafd4d51a9273514da2bc27fc8a62f4",TRUE,31,31,31,0.549734051223154,0.5107390395063,0.57960361423275,-0.513925830700088,0,0,0,1
"2020","education","rook","mean_rank",0,0.5,"both",5,"2x2 Blocking",20,20,TRUE,0.0802377171219496,0.000196478062511696,0.000122007671753857,7.44703907578385e-05,0.0140170632627414,0.00862962286301311,0.0923365896437215,0.108857695040641,0.125311458860013,0.00246989546088349,0.00313431063004049,7.74779550710471e-05,0.620973508157403,0.104905563534129,0.100468904720437,0.108465302392733,0.122202503528194,0.333333333333333,0.0255639097744361,TRUE,FALSE,2000,2000,2000,0,0,0,FALSE,0.0390628091434455,0.283116286010588,0.00588821302532262,0.9225,0.00776364880729754,0.00910415935276253,3.57752525252526e-05,-2.20839978734727e-05,20,100,"ba6eae933e639c361f496da4c1dfb6bc",TRUE,27,27,27,0.481034757321994,0.434033904571225,0.529725124485688,-3.22106676336216,0,0,0,1
"2021","education","rook","mean_rank",0,0.5,"both",5,"2x2 Blocking",20,20,TRUE,0.0740546155060137,0.000229886400889409,0.00010853161298464,0.000121354787904769,0.0151620051737694,0.0110161149188255,0.0929813899345673,0.10486478140229,0.115063975732108,0.00232950223207276,0.00339032742437518,6.56591876669474e-05,0.47210975753564,0.103073253460063,0.0897609455106171,0.119088265504319,0.10192925248128,0.333333333333333,0.130827067669173,TRUE,FALSE,2000,2000,2000,0,0,0,FALSE,0.0457814465878884,0.271955688566767,0.0067042798584973,0.934,0.00513703695057721,0.00973236673113581,3.07020202020202e-05,0.000284906964380647,20,100,"dac2953f280bedc202f7d9102ae30003",TRUE,29,29,29,0.521645214585983,0.44248759330237,0.591294854731084,-1.50978626825317,0,0,0,1
"2018","education","rook","mean_rank",0.5,0.5,"both",5,"2x2 Blocking",20,20,TRUE,0.0787377667028637,0.000108797701793549,0.000114853548431675,-6.05584663812514e-06,0.0104306136824997,NA,0.094764714021971,0.0960014532256596,0.0969190308075853,0.00239638841208677,0.00233235612411087,5.78060767088938e-05,1.05566153088065,0.102758857217198,0.0905662345235362,0.104320826593161,0.09398660064189,0,0.463157894736842,TRUE,FALSE,2000,2000,2000,0,0,0,FALSE,0.0296218221798516,0.280328998339937,0.00611727493509805,0.933,0.00744329268493895,0.0123862582159235,3.12121212121212e-05,0.000124178628389154,20,100,"8103b1d90db70656619e18112414e3e6",TRUE,28,28,28,0.495964393957082,0.466098978312408,0.544036338028347,-0.101834305317624,0,0,0,1
"2019","education","rook","mean_rank",0.5,0.5,"both",5,"2x2 Blocking",20,20,TRUE,0.0792369117842127,0.000135906670143387,0.000141550964102331,-5.64429395894355e-06,0.0116579016183611,NA,0.093654749635645,0.0945954735118959,0.0949530505728547,0.00266036617876497,0.00260678604936603,1.55727292905109e-05,1.04153066183572,0.108224585655073,0.0857905593604806,0.116176075262031,0.0953954817052397,0,0.0541353383458647,TRUE,FALSE,2000,2000,2000,0,0,0,FALSE,0.0328986326027589,0.279079621515178,0.00589826022520289,0.923,0.00381143433203308,0.0367624351635966,3.55606060606061e-05,-1.54226475279112e-05,20,100,"516a3ed92b526d232fc51a555c375a56",TRUE,31,31,31,0.549734051223154,0.5107390395063,0.57960361423275,-0.513925830700088,0,0,0,1
"2020","education","rook","mean_rank",0.5,0.5,"both",5,"2x2 Blocking",20,20,TRUE,0.0763877590224311,0.000155271057030788,0.000123443242992833,3.18278140379556e-05,0.0124607807552652,0.00564161448859771,0.0856289085678692,0.104971231319275,0.117378417214483,0.00248438365588764,0.00278631528214942,-2.37502912397803e-05,0.795017728051889,0.0824185968915948,0.0997486449347208,0.0903779934258509,0.130511542064973,0,-0.308270676691729,TRUE,FALSE,2000,2000,2000,0,0,0,FALSE,0.036475939572088,0.275351063500821,0.00483817059815402,0.9345,0.00529181036261627,0.023865264536515,3.0689393939394e-05,-0.000145629984051038,20,100,"cc6dd48916631301c229bc8cb9b0ad1c",TRUE,27,27,27,0.481034757321994,0.434033904571225,0.529725124485688,-3.22106676336216,0,0,0,1
"2021","education","rook","mean_rank",0.5,0.5,"both",5,"2x2 Blocking",20,20,TRUE,0.0795954039338013,0.000324488692288827,0.000128885108802642,0.000195603583486185,0.0180135696709127,0.0139858351014941,0.108498926715469,0.117828391170285,0.12016339811775,0.00253855380879195,0.00402795663015894,0.000190410776316753,0.397194453506323,0.102858926433421,0.107839586964884,0.114635207253946,0.13417089025441,0.333333333333333,0.484210526315789,TRUE,FALSE,2000,2000,2000,0,0,0,FALSE,0.0506053921594386,0.281770987662345,0.0065333154314112,0.933,0.00644255615629432,0.0141603123407651,3.11616161616162e-05,0.000230451887293991,20,100,"a2bb82010c37869c27ead6e30793988c",FALSE,29,29,29,0.521645214585983,0.44248759330237,0.591294854731084,-1.50978626825317,0,0,0,1
"2018","education","rook","mean_rank",0,0.8,"both",5,"2x2 Blocking",20,20,TRUE,0.0778338472616156,0.000120102086272122,0.000123023134402713,-2.92104813059111e-06,0.0109591097390309,NA,0.0914577429050802,0.093013232445764,0.0933879463254881,0.00248015255985104,0.00245053143493531,4.3393323477766e-06,1.02432137709892,0.094405067762856,0.0986446517362939,0.103832714674502,0.106501537809431,0,0.081203007518797,TRUE,FALSE,2000,2000,2000,0,0,0,FALSE,0.0314841360301588,0.278811095727402,0.00588821302532261,0.9325,0.00641767116381437,0.00991060850306001,3.14570707070707e-05,6.42796384901634e-05,20,100,"44c710c6c131276f264692e4cc4e0a11",TRUE,28,28,28,0.495964393957082,0.466098978312408,0.544036338028347,-0.101834305317624,0,0,0,1
"2019","education","rook","mean_rank",0,0.8,"both",5,"2x2 Blocking",20,20,TRUE,0.0761480488548099,0.000124806573620606,0.000107039226328139,1.77673472924669e-05,0.0111716862478592,0.00421513312867659,0.0914695231012729,0.0944669156439137,0.0967757357921883,0.00231343063790703,0.00249806498735127,-1.20904246942071e-05,0.857640933670072,0.0945976759515839,0.0956278370004547,0.106189375562501,0.110071957125016,0,0.0736842105263158,TRUE,FALSE,2000,2000,2000,0,0,0,FALSE,0.0328053709178324,0.275777065671881,0.00557720926251604,0.933,0.00490088938978677,0.00974981559912795,3.12727272727273e-05,-3.3492822966517e-06,20,100,"a3fcfae1ab0dc8e16e0e80310d474c48",TRUE,31,31,31,0.549734051223154,0.5107390395063,0.57960361423275,-0.513925830700088,0,0,0,1
"2020","education","rook","mean_rank",0,0.8,"both",5,"2x2 Blocking",20,20,TRUE,0.0772125639929216,0.000162362639526508,0.000119566514055458,4.27961254710498e-05,0.0127421599239104,0.00654187476730102,0.0970692008927562,0.0996389176269107,0.100330515707778,0.00244506149263631,0.00284923357700372,7.81333310664267e-05,0.736416421931458,0.0989228058739764,0.0977983977072911,0.109736623214962,0.106291856939435,0,0.345864661654135,TRUE,FALSE,2000,2000,2000,0,0,0,FALSE,0.0369011651687271,0.277664493236146,0.00489226026763864,0.9245,0.00709649613237661,0.0107234877179004,3.50227272727273e-05,-0.00022177033492823,20,100,"01b19b908816f34646fc3de3f7635969",TRUE,27,27,27,0.481034757321994,0.434033904571225,0.529725124485688,-3.22106676336216,0,0,0,1
"2021","education","rook","mean_rank",0,0.8,"both",5,"2x2 Blocking",20,20,TRUE,0.0768550083191048,0.00025372525329893,0.000130219323283661,0.00012350593001527,0.0159287555477172,0.0111133221862443,0.0973488072303487,0.112032444551783,0.120079772406553,0.00255165949220954,0.00356177802016725,0.000121625472734468,0.513229651327772,0.100961112050014,0.0961105062616753,0.124020511416159,0.111914396942366,0.333333333333333,0.13984962406015,TRUE,FALSE,2000,2000,2000,0,0,0,FALSE,0.0463441237996958,0.276988800435255,0.00652424627629002,0.9325,0.00574552542241374,0.011498380431323,3.13813131313131e-05,0.00022368952684742,20,100,"7dcb0b42d8dc03291ff0598b5925c45a",TRUE,29,29,29,0.521645214585983,0.44248759330237,0.591294854731084,-1.50978626825317,0,0,0,1
"2018","education","rook","mean_rank",0.5,0.8,"both",5,"2x2 Blocking",20,20,TRUE,0.0812716251642881,0.000155960664966402,0.000151687193423479,4.27347154292223e-06,0.012488421235945,0.00206723765999999,0.096118625441653,0.10171115232249,0.107198277209467,0.00275397161771395,0.00279249588152249,1.08442316881026e-05,0.972599042560874,0.105808193540375,0.0967058714688415,0.108385820419462,0.119750699672435,0,0.153383458646617,TRUE,FALSE,2000,2000,2000,0,0,0,FALSE,0.0343600349553433,0.283749049651392,0.0065484027783398,0.9345,0.00745659804258281,0.027533651886739,3.05025252525252e-05,0.000247581073896862,20,100,"44c4766910685e6233554c2f7172eae1",TRUE,28,28,28,0.495964393957082,0.466098978312408,0.544036338028347,-0.101834305317624,0,0,0,1
"2019","education","rook","mean_rank",0.5,0.8,"both",5,"2x2 Blocking",20,20,TRUE,0.0788734254862998,9.08874897290987e-05,0.000130108041755479,-3.92205520263802e-05,0.00953349304972205,NA,0.0901481446979647,0.0954880628615884,0.095514550279454,0.00255056897334182,0.00213175385222003,-0.000151095563077351,1.43152860908891,0.110368140549543,0.0941754237292963,0.115351751973428,0.107817078197963,0,-0.437593984962406,TRUE,FALSE,2000,2000,2000,0,0,0,FALSE,0.0270275297297733,0.279244128303656,0.00455377229396279,0.934,0.00742649020076293,0.0299356358581413,3.09343434343434e-05,-0.000203950026581607,20,100,"2f31e4b183bd3652d3089fb65f155205",TRUE,31,31,31,0.549734051223154,0.5107390395063,0.57960361423275,-0.513925830700088,0,0,0,1
"2020","education","rook","mean_rank",0.5,0.8,"both",5,"2x2 Blocking",20,20,TRUE,0.0794816011079106,0.000124441181989072,0.000133565397103786,-9.12421511471473e-06,0.011155320792746,NA,0.0951744423014341,0.100163023498883,0.103448970353229,0.00258423486842611,0.00249440556033969,-6.04897482441776e-06,1.07332150795157,0.0863861355670375,0.104775498961827,0.106102758559595,0.113310016964814,0.333333333333333,0.12781954887218,TRUE,FALSE,2000,2000,2000,0,0,0,FALSE,0.0313834337201271,0.281410353372253,0.00403928081144208,0.94,0.00607718173784684,0.0170239279490429,2.83282828282828e-05,-0.000240249867091973,20,100,"d63729bbf7b54f8874bbccb3d6709736",TRUE,27,27,27,0.481034757321994,0.434033904571225,0.529725124485688,-3.22106676336216,0,0,0,1
"2021","education","rook","mean_rank",0.5,0.8,"both",5,"2x2 Blocking",20,20,TRUE,0.0820858686383612,0.000226962012592724,0.000137549551022263,8.94124615704612e-05,0.0150652584641859,0.0094558162826094,0.103029137581309,0.108584954650921,0.113403651522903,0.00262249452832855,0.00336869420245237,0.00011614810077274,0.606046577799304,0.090609385291566,0.11382049774488,0.0963492214253351,0.126419016497053,0.333333333333333,0.347368421052632,TRUE,FALSE,2000,2000,2000,0,0,0,FALSE,0.0410386618102751,0.285752568982785,0.00630267278307594,0.9295,0.00555352702410478,0.0207686773314963,3.27146464646465e-05,0.000140180754917596,20,100,"cc01a1127e22b0d49da31e4ee35505bc",TRUE,29,29,29,0.521645214585983,0.44248759330237,0.591294854731084,-1.50978626825317,0,0,0,1
"2018","education","rook","mean_rank",0,0.5,"control_only",5,"2x2 Blocking",20,20,TRUE,0.307092157653868,0.0138966802980833,0.00218316470683461,0.0117135155912487,0.117884181712744,0.10822899607429,0.490536994304181,0.548085946529796,0.598734495569722,0.0104478818591009,0.0263597043781634,0.011018087760391,0.157099728856518,0.452075635800624,0.458781673329431,0.53626330122639,0.622001772699642,0.333333333333333,0.655639097744361,TRUE,FALSE,2000,2000,2000,0,0,0,FALSE,0.085836462186293,0.554146037520488,0.00678523939770812,0.9255,0.0116143034620459,0.00378506990818718,3.43813131313132e-05,0.000233163211057947,20,100,"bc20bce6db18d53d2f03aa356bbb35bd",FALSE,28,28,28,0.495964393957082,0.466098978312408,0.544036338028347,-0.101834305317624,0,0,0,1
"2019","education","rook","mean_rank",0,0.5,"control_only",5,"2x2 Blocking",20,20,TRUE,0.388215461584567,0.0110703445980935,0.00309606816005408,0.00797427643803947,0.105215705092413,0.0892988042363361,0.541162438754248,0.582752157177619,0.602469686688078,0.012442001768313,0.0235269468887205,0.00872099457285327,0.279672248015411,0.533960761507079,0.540987026170146,0.643863980210103,0.558841069140899,0.333333333333333,0.630075187969925,TRUE,FALSE,2000,2000,2000,0,0,0,FALSE,0.0606028075046041,0.623045611508795,0.00488149028150431,0.9285,0.0164893078959603,0.00544312081426678,3.3300505050505e-05,-0.00018943115364168,20,100,"9d6a8e9ea6aabd8062de94c5defb6ecb",FALSE,31,31,31,0.549734051223154,0.5107390395063,0.57960361423275,-0.513925830700088,0,0,0,1
"2020","education","rook","mean_rank",0,0.5,"control_only",5,"2x2 Blocking",20,20,TRUE,0.299736365264288,0.0155268761475278,0.00209884256626166,0.0134280335812661,0.124606886437018,0.115879392392548,0.466070673688669,0.601611441285425,0.664099731129323,0.0102441265275807,0.0278629468537768,0.0131127610107329,0.135174812133466,0.415103404723899,0.459827235444845,0.705583276433756,0.537345082444204,0.333333333333333,0.502255639097744,TRUE,FALSE,2000,2000,2000,0,0,0,FALSE,0.0929581795295645,0.547289588818232,0.00491372942296431,0.9325,0.0148145002916145,0.0145076268031074,3.15580808080808e-05,-0.000148266879319512,20,100,"9fa63a3dec2894a78438d10cc20a472c",FALSE,27,27,27,0.481034757321994,0.434033904571225,0.529725124485688,-3.22106676336216,0,0,0,1
"2021","education","rook","mean_rank",0,0.5,"control_only",5,"2x2 Blocking",20,20,TRUE,0.338862072986047,0.00614514081535125,0.00262962422078652,0.00351551659456473,0.078390948554991,0.0592917919662134,0.39828700745615,0.495456854218088,0.582849738325079,0.0114665256742976,0.0175287489789649,0.00445281930510167,0.427919277979347,0.43582214905621,0.443929188582005,0.54822665755109,0.49567926126264,0.333333333333333,0.473684210526316,TRUE,FALSE,2000,2000,2000,0,0,0,FALSE,0.0517282705157938,0.58102732504376,0.00512989176042576,0.92,0.0112257209097935,0.0356275250128255,3.69191919191919e-05,-0.000212068048910155,20,100,"9419a9f2f4ed06a2df224d2fa7d03497",FALSE,29,29,29,0.521645214585983,0.44248759330237,0.591294854731084,-1.50978626825317,0,0,0,1
"2018","education","rook","mean_rank",0.5,0.5,"control_only",5,"2x2 Blocking",20,20,TRUE,0.298542183092077,0.00917058841629333,0.00195079619119524,0.00721979222509808,0.0957631892550229,0.0849693605077624,0.458630969455193,0.478832839292528,0.493469111950775,0.00987622445875762,0.0214133000916409,0.00750793411441862,0.212723121204445,0.450472733985722,0.472643713987963,0.511309591613713,0.504322963764187,0.333333333333333,0.578947368421053,TRUE,FALSE,2000,2000,2000,0,0,0,FALSE,0.071726212590321,0.54525089335845,0.0052113237029417,0.938,0.0140750381574006,0.0352653708882887,2.91111111111111e-05,-3.90643274853812e-05,20,100,"421e27aea4354e3c1a818f205d82db5a",FALSE,28,28,28,0.495964393957082,0.466098978312408,0.544036338028347,-0.101834305317624,0,0,0,1
"2019","education","rook","mean_rank",0.5,0.5,"control_only",5,"2x2 Blocking",20,20,TRUE,0.43797304383851,0.020405688863828,0.00431382744472153,0.0160918614191064,0.142848482189444,0.126853700849074,0.619078588226206,0.708014934213292,0.751086664999912,0.0146864349736781,0.0319418916658265,0.0183693917128771,0.211403176511645,0.680389317464329,0.624285779543699,0.761800357472705,0.664253999389455,0.333333333333333,0.854135338345865,TRUE,FALSE,2000,2000,2000,0,0,0,FALSE,0.0729311817592231,0.660778510568159,0.00577995629194911,0.9255,0.0153790044708603,0.0366715667763873,3.45025252525253e-05,-2.18926103136639e-05,20,100,"9f5136caaac11002ac0363ada7549423",FALSE,31,31,31,0.549734051223154,0.5107390395063,0.57960361423275,-0.513925830700088,0,0,0,1
"2020","education","rook","mean_rank",0.5,0.5,"control_only",5,"2x2 Blocking",20,20,TRUE,0.341189620536947,0.022970356616842,0.00327215140765354,0.0196982052091885,0.151559746030541,0.140350294653016,0.616976819268689,0.689140646912781,0.709401322075917,0.0127909174957341,0.0338897894776893,0.0210481424893201,0.142451049508494,0.63082161297101,0.575487301616201,0.748832226210893,0.644666531526697,0.333333333333333,0.742857142857143,TRUE,FALSE,2000,2000,2000,0,0,0,FALSE,0.0993283131660197,0.58206451475341,0.00627757076717117,0.9225,0.0129774894202725,0.0488929565666055,3.5729797979798e-05,7.35619351408817e-05,20,100,"f51a775c72af992c3bde0ea764f1c436",FALSE,27,27,27,0.481034757321994,0.434033904571225,0.529725124485688,-3.22106676336216,0,0,0,1
"2021","education","rook","mean_rank",0.5,0.5,"control_only",5,"2x2 Blocking",20,20,TRUE,0.358117593084438,0.0125237844368913,0.00333335777913719,0.0091904266577541,0.111909715560765,0.0958667129808575,0.495825675351472,0.603515622164049,0.689664171348687,0.0129099918263669,0.0250237731336536,0.00973241351788483,0.266162180923374,0.502235760594792,0.490376694787855,0.681065072519458,0.525966171808641,1,0.571428571428571,TRUE,FALSE,2000,2000,2000,0,0,0,FALSE,0.0698758553527792,0.59624456099044,0.00522519201359599,0.9325,0.0139314135045208,0.0510883213049221,3.15277777777778e-05,-8.45029239766094e-05,20,100,"52af3132359565de0ff84f60a7805ba4",FALSE,29,29,29,0.521645214585983,0.44248759330237,0.591294854731084,-1.50978626825317,0,0,0,1
"2018","education","rook","mean_rank",0,0.8,"control_only",5,"2x2 Blocking",20,20,TRUE,0.2926419909204,0.0071188408849819,0.00183398283705023,0.00528485804793167,0.0843732237441589,0.072697029154785,0.391011957661048,0.471479091367225,0.504163795255861,0.0095759668886495,0.0188664263772739,0.00573299922728495,0.257623799531642,0.442197625306278,0.392053027670711,0.484461885387839,0.48746597924066,0.333333333333333,0.717293233082707,TRUE,FALSE,2000,2000,2000,0,0,0,FALSE,0.0644693070804238,0.538281429652791,0.00461547739447907,0.9305,0.00921432810079937,0.0538060722534911,3.24570707070707e-05,-0.000223088782562468,20,100,"3fa19f9254c6a2e0f94167a32cef9f01",FALSE,28,28,28,0.495964393957082,0.466098978312408,0.544036338028347,-0.101834305317624,0,0,0,1
"2019","education","rook","mean_rank",0,0.8,"control_only",5,"2x2 Blocking",20,20,TRUE,0.401540154382545,0.0112914229730609,0.0034286949011836,0.00786272807187731,0.106261107527923,0.0886720253060531,0.54448136413449,0.582924736049784,0.595040635308185,0.0130933091714501,0.0237607059796851,0.00872733464373212,0.30365481032495,0.571498481702189,0.546731323934251,0.636864357958402,0.611897422844927,0,0.678195488721804,TRUE,FALSE,2000,2000,2000,0,0,0,FALSE,0.0591739225090014,0.63360939901788,0.00612479860034081,0.9265,0.0144062949993601,0.00890414840095814,3.40328282828283e-05,6.96065922381699e-05,20,100,"b18338bcd781dafb24e229ef226b7c9c",FALSE,31,31,31,0.549734051223154,0.5107390395063,0.57960361423275,-0.513925830700088,0,0,0,1
"2020","education","rook","mean_rank",0,0.8,"control_only",5,"2x2 Blocking",20,20,TRUE,0.315970160609851,0.0169663392593859,0.00239767362174151,0.0145686656376444,0.130254901095452,0.120700727577113,0.506545622473677,0.631092385820222,0.656669636040056,0.0109491406551873,0.0291258813251942,0.0149958220506226,0.141319443463038,0.545610290268246,0.449511360580439,0.655929578226551,0.625698349531006,0.333333333333333,0.596992481203008,TRUE,FALSE,2000,2000,2000,0,0,0,FALSE,0.0921792148631332,0.562109947694081,0.00559487547483832,0.9155,0.0150294148685489,0.00160228374783423,3.8770202020202e-05,-0.000149351408825094,20,100,"22b18bb02e0097fa7196fad60d40e039",FALSE,27,27,27,0.481034757321994,0.434033904571225,0.529725124485688,-3.22106676336216,0,0,0,1
"2021","education","rook","mean_rank",0,0.8,"control_only",5,"2x2 Blocking",20,20,TRUE,0.326064378763913,0.00829317882109698,0.00256681017103553,0.00572636865006144,0.0910668920140408,0.0756727735058088,0.429495865544056,0.499866522084629,0.569288113708139,0.0113287469983126,0.0203631761043028,0.007208747888019,0.309508600550833,0.390326110680622,0.467147955893981,0.517897604627157,0.494819995175037,0.333333333333333,0.789473684210526,TRUE,FALSE,2000,2000,2000,0,0,0,FALSE,0.0624513974249447,0.570622093077649,0.00444113546410445,0.9405,0.00902733239411812,0.0213261730180505,2.80732323232323e-05,-0.000166990962254121,20,100,"d3254e3be4f5e1f927b6882542ba9374",FALSE,29,29,29,0.521645214585983,0.44248759330237,0.591294854731084,-1.50978626825317,0,0,0,1
"2018","education","rook","mean_rank",0.5,0.8,"control_only",5,"2x2 Blocking",20,20,TRUE,0.323643427866589,0.0114129344408028,0.00266512846210422,0.00874780597869853,0.106831336417751,0.0935297063969439,0.466681615893414,0.548477053737155,0.585037165118535,0.0115436745928327,0.0238882130357241,0.0092948131086564,0.23351824860888,0.476348172065076,0.508808642126688,0.550033215463948,0.579583147705017,0.333333333333333,0.651127819548872,TRUE,FALSE,2000,2000,2000,0,0,0,FALSE,0.0738102831044391,0.567155164813124,0.0074126492174561,0.924,0.0117361899562495,0.0444797357499697,3.4939393939394e-05,0.000400159489633173,20,100,"e42049dcbc915705ff1f88b43dca5e7d",FALSE,28,28,28,0.495964393957082,0.466098978312408,0.544036338028347,-0.101834305317624,0,0,0,1
"2019","education","rook","mean_rank",0.5,0.8,"control_only",5,"2x2 Blocking",20,20,TRUE,0.431816676238947,0.0178700487846857,0.00419996307894781,0.0136700857057379,0.133678901793386,0.116919141742223,0.601224786750297,0.686957729115222,0.770370235581923,0.0144913130511831,0.029891511156753,0.0151171897476475,0.235028070127435,0.649272350510392,0.591533806236512,0.708496102101984,0.727647913825845,0.333333333333333,0.657142857142857,TRUE,FALSE,2000,2000,2000,0,0,0,FALSE,0.069222688241462,0.653379067899607,0.00623550951786367,0.9275,0.0160043238351705,0.070089013900808,3.35883838383839e-05,0.00010586390217969,20,100,"1b527415dd664ac32a7ab4629ea52597",FALSE,31,31,31,0.549734051223154,0.5107390395063,0.57960361423275,-0.513925830700088,0,0,0,1
"2020","education","rook","mean_rank",0.5,0.8,"control_only",5,"2x2 Blocking",20,20,TRUE,0.31562940083178,0.0135646419142221,0.00234880893903917,0.0112158329751829,0.116467342694088,0.10590482980102,0.521694805430565,0.565601284852528,0.605668160147328,0.0108369943689179,0.0260428895422744,0.012412432198598,0.173156722742272,0.530323795936592,0.495078992751259,0.593468285116887,0.548976048446468,0.333333333333333,0.63609022556391,TRUE,FALSE,2000,2000,2000,0,0,0,FALSE,0.0825109748130035,0.559400821845705,0.00494575841664243,0.9205,0.0118365639724709,0.0519626919061162,3.67247474747475e-05,-0.000245284423179161,20,100,"f8ac572a25bb1c9f7ae26004565bb309",FALSE,27,27,27,0.481034757321994,0.434033904571225,0.529725124485688,-3.22106676336216,0,0,0,1
"2021","education","rook","mean_rank",0.5,0.8,"control_only",5,"2x2 Blocking",20,20,TRUE,0.369499526068213,0.0170263408334537,0.00312523687346272,0.013901103959991,0.130485021490797,0.117902942965776,0.469570531788145,0.661110998845589,0.822636874128364,0.0125004737379483,0.0291773378098943,0.0151107080515015,0.183553054883183,0.491313308502775,0.46716447281125,0.641319261690984,0.681235348002837,0.333333333333333,0.609022556390977,TRUE,FALSE,2000,2000,2000,0,0,0,FALSE,0.078964479658109,0.606704577050923,0.0063701607019306,0.927,0.0128742608234569,0.0375377443871242,3.37878787878788e-05,0.000135821371610844,20,100,"0cc85bd6847c3403e1b96bd38e6e26e5",FALSE,29,29,29,0.521645214585983,0.44248759330237,0.591294854731084,-1.50978626825317,0,0,0,1
"2018","education","rook","mean_rank",0,0.5,"both",6,"Balanced Quartiles",20,20,TRUE,0.0757493586905706,0.000107892042717359,0.000118884966046892,-1.09929233295332e-05,0.0103871094495706,NA,0.0885090856122569,0.0979288857443697,0.102705094012758,0.00243808291539575,0.00232262828189703,-7.14199726684379e-06,1.10188817500037,0.0926306369422964,0.0948422254770327,0.0943258128303186,0.107332773562993,0.333333333333333,-0.147368421052632,TRUE,FALSE,2000,2000,2000,0,0,0,FALSE,0.0306620190856633,0.274483261845242,0.00572506033064051,0.9365,0.00551836995041402,0.0202063766511157,2.9719696969697e-05,6.1132376395533e-05,20,100,"5c7347dbb6ca76ef9b24b890aac7d3fa",TRUE,29,29,29,0.487465711846364,0.378166546877672,0.62799475115966,0.566801923610638,0,0,0,1
"2019","education","rook","mean_rank",0,0.5,"both",6,"Balanced Quartiles",20,20,TRUE,0.0715788617478403,0.00011235761220059,0.00010084714985654,1.151046234405e-05,0.010599887367354,0.00339270722934503,0.0842481434883937,0.0904268701334021,0.0925940763920656,0.00224551942606315,0.00237020687072447,3.82402858074622e-05,0.897555117818804,0.085432653596409,0.0895651615218937,0.100485205196674,0.0971357975668473,0,0.218045112781955,TRUE,FALSE,2000,2000,2000,0,0,0,FALSE,0.0331132238323975,0.267494974019304,0.0058219186564315,0.934,0.00544822144866238,0.0050299723907863,3.08080808080808e-05,6.17331206804883e-05,20,100,"8757e72df77829d69f2e1bcadc8825aa",TRUE,29,29,29,0.478518073357916,0.38226833665802,0.538656216578127,1.09768045626525,0,0,0,1
"2020","education","rook","mean_rank",0,0.5,"both",6,"Balanced Quartiles",20,20,TRUE,0.0722153048372526,0.000119167368012522,0.000100366873702246,1.88004943102766e-05,0.0109163807194749,0.00433595367944316,0.0864723625721347,0.0927762121609127,0.0952779321692734,0.00224016599499062,0.00244097693570139,7.18120559144636e-06,0.842234542695438,0.102410151265141,0.0871726738590737,0.103624329072113,0.100207597778923,0,0.317293233082707,TRUE,FALSE,2000,2000,2000,0,0,0,FALSE,0.0338013796549426,0.268728453182377,0.00525532311591129,0.9355,0.00503670539919967,0.000568583731463208,3.0209595959596e-05,-5.18234981392888e-05,20,100,"898d797f7cbd4d3c22e992285698a586",TRUE,29,29,29,0.491992518837174,0.372374809411296,0.631870365646166,-0.567509117916943,0,0,0,1
"2021","education","rook","mean_rank",0,0.5,"both",6,"Balanced Quartiles",20,20,TRUE,0.074331629231145,0.000138359955771556,0.000120304624016888,1.8055331754667e-05,0.011762650881989,0.0042491565933332,0.0910472371608152,0.0955077305064022,0.0957183850816541,0.00245259682802625,0.00263020869677252,6.00397739837537e-05,0.869504643493252,0.0909993964328521,0.0896049161658978,0.100427549892665,0.098409823405706,0,0.206015037593985,TRUE,FALSE,2000,2000,2000,0,0,0,FALSE,0.0353847847003797,0.272405361001202,0.00563237820201434,0.9335,0.00645631114028853,0.011267143779572,3.10479797979798e-05,1.35140882509294e-05,20,100,"04a94a0c8651193a5a8ed2ed0c91c7c4",TRUE,29,29,29,0.488155446682075,0.392588610491598,0.624401536333034,-0.664014432261098,0,0,0,1
"2018","education","rook","mean_rank",0.5,0.5,"both",6,"Balanced Quartiles",20,20,TRUE,0.0760296842493975,0.000169258684271928,0.000111211765473089,5.8046918798839e-05,0.0130099455906598,0.00761885285320822,0.0927048760750824,0.10428118193522,0.108212222962659,0.00235808996301126,0.00290911227242889,9.89576042449125e-05,0.657052049952238,0.101473380549677,0.0898712794013106,0.102578906673615,0.105983457196826,1,0.209022556390977,TRUE,FALSE,2000,2000,2000,0,0,0,FALSE,0.0382628482697131,0.274924572829699,0.00510288875875327,0.9355,0.00835743685393572,0.0211225827920021,3.02247474747475e-05,-8.37054758107399e-05,20,100,"d9a762325530b38cf278774a45dabfa9",TRUE,29,29,29,0.487465711846364,0.378166546877672,0.62799475115966,0.566801923610638,0,0,0,1
"2019","education","rook","mean_rank",0.5,0.5,"both",6,"Balanced Quartiles",20,20,TRUE,0.0741030317822901,0.000157227205366188,0.000110328851493053,4.68983538731351e-05,0.0125390272894746,0.00684823728218694,0.0883930810530579,0.0903824711447542,0.0907327347922761,0.00234871083248932,0.00280381173909901,6.67954907615872e-05,0.701716037222012,0.0922610115295105,0.0912962057471622,0.0975929301535262,0.103406381010025,0,0.345864661654135,TRUE,FALSE,2000,2000,2000,0,0,0,FALSE,0.0378366670251283,0.271911974524632,0.0052113237029417,0.938,0.00708556375345695,0.0129193611454293,2.91111111111111e-05,-3.90643274853812e-05,20,100,"6826984df0963f8e7144ce0faae46a9b",TRUE,29,29,29,0.478518073357916,0.38226833665802,0.538656216578127,1.09768045626525,0,0,0,1
"2020","education","rook","mean_rank",0.5,0.5,"both",6,"Balanced Quartiles",20,20,TRUE,0.0737419730849015,0.000115597660594174,0.000105371352037315,1.02263085568584e-05,0.0107516352520988,0.00319785999644424,0.088957119718322,0.0922021913671266,0.093550512491402,0.00229533605423384,0.0024041387292976,1.12426593185098e-05,0.911535332944499,0.0979243954927656,0.092042847053866,0.0991649264150892,0.0992941571707471,0,-0.0225563909774436,TRUE,FALSE,2000,2000,2000,0,0,0,FALSE,0.0326020396352785,0.271208602875876,0.00549999999999999,0.9345,0.00652740369338247,0.0137064514378014,3.06237373737374e-05,-7.47474747474881e-06,20,100,"af810323015800342d56698c9451082c",TRUE,29,29,29,0.491992518837174,0.372374809411296,0.631870365646166,-0.567509117916943,0,0,0,1
"2021","education","rook","mean_rank",0.5,0.5,"both",6,"Balanced Quartiles",20,20,TRUE,0.0761185449868625,0.000177405582769345,0.000106916770824514,7.04888119448311e-05,0.0133193687076132,0.00839576154644896,0.0923057627702328,0.104072024356506,0.107317705894746,0.00231210694848351,0.00297830138476066,0.000144980663872318,0.602668580974267,0.0967931233867619,0.0900675168389055,0.106246664140355,0.101897384572657,1,0.547368421052632,TRUE,FALSE,2000,2000,2000,0,0,0,FALSE,0.0391271454975222,0.274548230373265,0.00690061019422424,0.9405,0.00534938580992693,0.0272362660027255,2.78055555555555e-05,0.00039625730994152,20,100,"bd9911978f9076be7148191132a6358f",TRUE,29,29,29,0.488155446682075,0.392588610491598,0.624401536333034,-0.664014432261098,0,0,0,1
"2018","education","rook","mean_rank",0,0.8,"both",6,"Balanced Quartiles",20,20,TRUE,0.0720078788684575,8.60052487966368e-05,0.00010099354954867,-1.49883007520334e-05,0.00927390148732651,NA,0.0848691454763239,0.0886482596926678,0.0905767897621109,0.00224714874394943,0.00207370741422985,-5.19169289960504e-06,1.17427193062919,0.0901681817794707,0.0889669068249996,0.0936304397576266,0.0959872932160298,0,-0.0390977443609023,TRUE,FALSE,2000,2000,2000,0,0,0,FALSE,0.0287983404985176,0.268282913026501,0.00419899737406067,0.935,0.00714206504273606,0.00567075360708495,3.05252525252525e-05,-0.000257873471557683,20,100,"20d307aec3092c0ce77e3e8cb71ead39",TRUE,29,29,29,0.487465711846364,0.378166546877672,0.62799475115966,0.566801923610638,0,0,0,1
"2019","education","rook","mean_rank",0,0.8,"both",6,"Balanced Quartiles",20,20,TRUE,0.0728662923888675,9.35264326979671e-05,0.000108600115064335,-1.50736823663675e-05,0.00967090650859407,NA,0.0840796514230445,0.0874325531241676,0.0893103462763635,0.00233023727401669,0.00216248043572615,-1.5276235825284e-05,1.16117029091707,0.0939481212528899,0.0853380867879708,0.0979175810180387,0.0923458388809255,0,-0.00902255639097744,TRUE,FALSE,2000,2000,2000,0,0,0,FALSE,0.0296773770811006,0.26868214974697,0.00461119918185463,0.934,0.00648120048736213,0.0260037458112117,3.09292929292929e-05,-0.000193322700691123,20,100,"016a8115b398b0e840ead235ab8408dc",TRUE,29,29,29,0.478518073357916,0.38226833665802,0.538656216578127,1.09768045626525,0,0,0,1
"2020","education","rook","mean_rank",0,0.8,"both",6,"Balanced Quartiles",20,20,TRUE,0.0678781453772665,0.000114157383748812,9.16541469127375e-05,2.25032368360743e-05,0.0106844458793525,0.00474375767046276,0.0785192503359501,0.0874928648275338,0.092830035950751,0.00214072589222368,0.00238911472881496,6.14118363006871e-05,0.802875327928067,0.0829737876603426,0.0848763504544797,0.095312196391057,0.0871250660543686,0.333333333333333,0.269172932330827,TRUE,FALSE,2000,2000,2000,0,0,0,FALSE,0.0351971126426079,0.259926422389686,0.00558546044843687,0.9385,0.00589565068500765,0.0177876451776257,2.88510101010101e-05,4.69271664008497e-05,20,100,"68ddfc7964807a325f21d55a20103f9e",TRUE,29,29,29,0.491992518837174,0.372374809411296,0.631870365646166,-0.567509117916943,0,0,0,1
"2021","education","rook","mean_rank",0,0.8,"both",6,"Balanced Quartiles",20,20,TRUE,0.0732257170324589,0.000187624867046387,0.000104751296134663,8.28735709117242e-05,0.0136976226786398,0.00910349223714307,0.0813159342804652,0.102970411919366,0.123415556699433,0.00228857265707976,0.00306288154395813,0.000120011255343178,0.55830177408608,0.0939127977100098,0.0774635825970494,0.116703029684764,0.0932503571646396,0.333333333333333,0.145864661654135,TRUE,FALSE,2000,2000,2000,0,0,0,FALSE,0.0418279488147646,0.270359205891924,0.00394701752826371,0.938,0.00683816460293825,0.0114724374893545,2.92222222222222e-05,-0.000272865497076025,20,100,"732b64b22181920f9ab8fd4abfd12dc4",TRUE,29,29,29,0.488155446682075,0.392588610491598,0.624401536333034,-0.664014432261098,0,0,0,1
"2018","education","rook","mean_rank",0.5,0.8,"both",6,"Balanced Quartiles",20,20,TRUE,0.0798346519086767,0.000105798755678282,0.000130318908708125,-2.45201530298431e-05,0.0102858522096267,NA,0.0904472670168893,0.0959631736477959,0.0983138851028405,0.0025526349984685,0.00229998647472417,-1.70840475991485e-05,1.23176220620595,0.102745321580329,0.0951422841981285,0.107924217114249,0.103598833108415,0,-0.0135338345864662,TRUE,FALSE,2000,2000,2000,0,0,0,FALSE,0.0288093756249496,0.281136835085563,0.00446624768917405,0.929,0.00669350937428925,0.0282264391439936,3.31212121212121e-05,-0.000263476874003191,20,100,"35b936b0b6993f3f9f2cd80dc05040a8",TRUE,29,29,29,0.487465711846364,0.378166546877672,0.62799475115966,0.566801923610638,0,0,0,1
"2019","education","rook","mean_rank",0.5,0.8,"both",6,"Balanced Quartiles",20,20,TRUE,0.0738292538168973,0.000113693669804235,0.000103959023842216,9.73464596201967e-06,0.0106627233765223,0.00312003941674134,0.0818735554630545,0.096338471771607,0.108843152382306,0.00227990157509283,0.002384257429518,-1.36609288830372e-05,0.914378294070537,0.0949411564783967,0.0850725940811616,0.102489409380995,0.109713971164318,0.333333333333333,-0.154887218045113,TRUE,FALSE,2000,2000,2000,0,0,0,FALSE,0.0322942100353764,0.270431337446009,0.00412948320967011,0.944,0.00626265308797763,0.0263845701890383,2.65353535353535e-05,-0.000189654439128124,20,100,"662c8628797f71a7eeb4e559d628067b",TRUE,29,29,29,0.478518073357916,0.38226833665802,0.538656216578127,1.09768045626525,0,0,0,1
"2020","education","rook","mean_rank",0.5,0.8,"both",6,"Balanced Quartiles",20,20,TRUE,0.0757246886541175,0.000106599178268804,0.000112768565454056,-6.16938718525188e-06,0.0103246878049074,NA,0.087502427031541,0.0937075564929944,0.0961166762893921,0.00237453748605971,0.0023086703778236,1.1623199734653e-06,1.05787462235117,0.0910027831428156,0.092924137101077,0.0992203398603373,0.109443204218833,0,0.123308270676692,TRUE,FALSE,2000,2000,2000,0,0,0,FALSE,0.0304876839886231,0.273326693852436,0.00461690258438319,0.935,0.00571506239308657,0.0318936840426808,3.0489898989899e-05,-0.000183482190324297,20,100,"24fa36d3ec7a109c5536b1bdd2a61d4a",TRUE,29,29,29,0.491992518837174,0.372374809411296,0.631870365646166,-0.567509117916943,0,0,0,1
"2021","education","rook","mean_rank",0.5,0.8,"both",6,"Balanced Quartiles",20,20,TRUE,0.0725518490980661,0.000113673619984995,0.000103001455328947,1.06721646560476e-05,0.0106617831522215,0.00326682791956473,0.0890471619308238,0.0925978114545119,0.0952594446614679,0.00226937717588931,0.00238404718897293,-4.71996202370198e-05,0.906115731535106,0.0974396421936621,0.0904320143596238,0.102198071194994,0.102123853393557,0,-0.240601503759398,TRUE,FALSE,2000,2000,2000,0,0,0,FALSE,0.032859909411137,0.267325921723883,0.00431643127448687,0.944,0.00563332210525984,0.0329954644238031,2.6520202020202e-05,-0.000157772461456673,20,100,"69cc1822eaff649c7ec0d9548ba407eb",TRUE,29,29,29,0.488155446682075,0.392588610491598,0.624401536333034,-0.664014432261098,0,0,0,1
"2018","education","rook","mean_rank",0,0.5,"control_only",6,"Balanced Quartiles",20,20,TRUE,0.276727174944649,0.0117424307118597,0.00187166790155083,0.00987076281030887,0.108362496795984,0.0993517126692281,0.430979196559718,0.507783847657518,0.537799884839726,0.00967385109858228,0.0242305909047424,0.00965841410028852,0.159393565734263,0.411773131976616,0.481876330059057,0.456565569335727,0.581838822477388,0.333333333333333,0.790977443609023,TRUE,FALSE,2000,2000,2000,0,0,0,FALSE,0.0875612989927316,0.525938826600154,0.00593384582844797,0.931,0.0106501229297629,0.0107482844725159,3.21060606060606e-05,6.2089314194576e-05,20,100,"8e2db2ae5aac721d7ee5df91f109a9ba",FALSE,29,29,29,0.487465711846364,0.378166546877672,0.62799475115966,0.566801923610638,0,0,0,1
"2019","education","rook","mean_rank",0,0.5,"control_only",6,"Balanced Quartiles",20,20,TRUE,0.2775738759368,0.00510556100712368,0.00166445373168244,0.00344110727544124,0.0714532085152492,0.0586609518797747,0.362509693353969,0.422530613954121,0.451605011659456,0.00912264690668897,0.0159774231450564,0.00343373467306945,0.326007999779076,0.335543924857346,0.385508801596766,0.358494885867774,0.516620595364733,0,0.520300751879699,TRUE,FALSE,2000,2000,2000,0,0,0,FALSE,0.0575609757623381,0.526375613587585,0.00638563354644421,0.9345,0.0130577347821112,0.0224185047916621,3.05227272727273e-05,0.000205071770334927,20,100,"d929dd8bb96eaea6cfe84f24a5fa355a",FALSE,29,29,29,0.478518073357916,0.38226833665802,0.538656216578127,1.09768045626525,0,0,0,1
"2020","education","rook","mean_rank",0,0.5,"control_only",6,"Balanced Quartiles",20,20,TRUE,0.28725477291549,0.00792076437910958,0.00180051242440861,0.00612025195470097,0.0889986762772884,0.0782320391828116,0.382540573291375,0.463480641894827,0.526942737902436,0.00948818324129706,0.0199007090063515,0.00540096380026057,0.227315488535087,0.413708973568199,0.399884016487765,0.49494746313672,0.474795992786319,0.333333333333333,0.35187969924812,TRUE,FALSE,2000,2000,2000,0,0,0,FALSE,0.0692789498477933,0.534442062349662,0.00544228086859099,0.9335,0.0103445576700651,0.0403293306035434,3.10681818181818e-05,-2.89952153110059e-05,20,100,"e4e2c289e33f58823a46359c421dba1c",FALSE,29,29,29,0.491992518837174,0.372374809411296,0.631870365646166,-0.567509117916943,0,0,0,1
"2021","education","rook","mean_rank",0,0.5,"control_only",6,"Balanced Quartiles",20,20,TRUE,0.289381260946452,0.00953951519658425,0.00197752842961808,0.00756198676696617,0.0976704417753101,0.086959684722095,0.411051557911766,0.484931747877695,0.52759186837621,0.00994366237766065,0.0218397747202029,0.00788269118326643,0.207298629842967,0.432389221200878,0.467528481711122,0.479414443775663,0.524053968564788,0.333333333333333,0.664661654135338,TRUE,FALSE,2000,2000,2000,0,0,0,FALSE,0.075470590765876,0.537919750418913,0.00562419584895195,0.933,0.0114286461792903,0.00485829761404935,3.12676767676768e-05,7.27804359383145e-06,20,100,"c73141761e9d9e8eac9c6c3e99ba0f98",FALSE,29,29,29,0.488155446682075,0.392588610491598,0.624401536333034,-0.664014432261098,0,0,0,1
"2018","education","rook","mean_rank",0.5,0.5,"control_only",6,"Balanced Quartiles",20,20,TRUE,0.285820444947773,0.00687689754056284,0.00182345921449469,0.00505343832606815,0.0829270615695675,0.0710875398791388,0.414863614591557,0.451192241555653,0.46463821932925,0.00954845331583783,0.0185430546843863,0.0047462771405374,0.265157246234826,0.394385872433155,0.387613481845749,0.469885439115989,0.488066905806043,0,0.518796992481203,TRUE,FALSE,2000,2000,2000,0,0,0,FALSE,0.0648765860250993,0.533552395931102,0.00629954050120449,0.936,0.0112563974155429,0.033797718028793,2.98737373737374e-05,0.000196209463051567,20,100,"bab42131bb5045c00a571d25fc371983",FALSE,29,29,29,0.487465711846364,0.378166546877672,0.62799475115966,0.566801923610638,0,0,0,1
"2019","education","rook","mean_rank",0.5,0.5,"control_only",6,"Balanced Quartiles",20,20,TRUE,0.285335257994828,0.00341076296854039,0.00176242733895314,0.00164833562958725,0.0584017377184993,0.0405996998706549,0.340632019172623,0.422628001560965,0.459577928699386,0.00938729817080809,0.0130590255542678,0.00242426786745306,0.516725247461964,0.335617466998522,0.360345161236591,0.41760141551902,0.430140316585649,0.333333333333333,0.415037593984962,TRUE,FALSE,2000,2000,2000,0,0,0,FALSE,0.0457673042092279,0.533195618334204,0.00623550951786367,0.9325,0.0138652753147986,0.0322132051189232,3.14166666666667e-05,0.000149298245614034,20,100,"f37a9252fb94bbbd4cffda2cd33de02f",TRUE,29,29,29,0.478518073357916,0.38226833665802,0.538656216578127,1.09768045626525,0,0,0,1
"2020","education","rook","mean_rank",0.5,0.5,"control_only",6,"Balanced Quartiles",20,20,TRUE,0.309132108801546,0.0108210125104671,0.00244016397925062,0.00838084853121653,0.104024095816629,0.0915469744514614,0.428823606351717,0.523686358556108,0.613567839668431,0.0110457321605465,0.0232604949543933,0.00884260245315401,0.225502371140432,0.48880693177329,0.395677504822237,0.571013113510639,0.533023604375309,0.333333333333333,0.63609022556391,TRUE,FALSE,2000,2000,2000,0,0,0,FALSE,0.0752445129189924,0.555094455233749,0.00425966393534809,0.9305,0.0120794468900718,0.0316584044179994,3.24873737373737e-05,-0.00028685273790537,20,100,"b42c4266d6dbc0484bc5d5c2cdc8c34f",FALSE,29,29,29,0.491992518837174,0.372374809411296,0.631870365646166,-0.567509117916943,0,0,0,1
"2021","education","rook","mean_rank",0.5,0.5,"control_only",6,"Balanced Quartiles",20,20,TRUE,0.309064569794844,0.00755843670596875,0.00193942683543995,0.0056190098705288,0.0869392702175993,0.0749600551662604,0.382372173282202,0.474161593017429,0.546848746854029,0.00984740279322409,0.0194402118120775,0.00565881924662631,0.256591000346463,0.433224233374697,0.377806417306368,0.45918461306369,0.515454960039181,0.333333333333333,0.577443609022556,TRUE,FALSE,2000,2000,2000,0,0,0,FALSE,0.0629001629820651,0.551857577646081,0.0060903288304621,0.9295,0.0132922341144462,0.0672144611630837,3.2739898989899e-05,8.70441254651768e-05,20,100,"1f5e1ae232ae67458070c4b0d143a7af",FALSE,29,29,29,0.488155446682075,0.392588610491598,0.624401536333034,-0.664014432261098,0,0,0,1
"2018","education","rook","mean_rank",0,0.8,"control_only",6,"Balanced Quartiles",20,20,TRUE,0.273750217560877,0.00824249112568134,0.00157242687703291,0.00667006424864844,0.0907881662205011,0.0816704612981244,0.40185725290504,0.501728025094392,0.532989634536517,0.00886686775877736,0.0203008511221591,0.0069787796823613,0.190770830451204,0.39496014150262,0.408754364307461,0.476184003148679,0.527272047040104,1,0.282706766917293,TRUE,FALSE,2000,2000,2000,0,0,0,FALSE,0.0741583013268092,0.523072708237346,0.00441885910495839,0.937,0.00949123873559101,0.0120482138977257,2.96262626262626e-05,-0.00020199893673578,20,100,"64e86f8a0533dd11414ec67d65e5b5be",FALSE,29,29,29,0.487465711846364,0.378166546877672,0.62799475115966,0.566801923610638,0,0,0,1
"2019","education","rook","mean_rank",0,0.8,"control_only",6,"Balanced Quartiles",20,20,TRUE,0.276548810634764,0.00307304268523811,0.00154711463008416,0.00152592805515395,0.0554350312098596,0.0390631291009048,0.336421294826448,0.351501334702394,0.353841202728983,0.00879521071403113,0.0123956498120069,0.00140598454555648,0.503447165740974,0.348772811682922,0.366595617152459,0.369207099837264,0.432625810045046,0,0.350375939849624,TRUE,FALSE,2000,2000,2000,0,0,0,FALSE,0.0448226473422722,0.524913929024057,0.00465097612844534,0.937,0.0128083130885452,0.0318461575592987,2.96060606060606e-05,-0.000159489633173845,20,100,"224922fe70d81311065c13f1a915ee85",TRUE,29,29,29,0.478518073357916,0.38226833665802,0.538656216578127,1.09768045626525,0,0,0,1
"2020","education","rook","mean_rank",0,0.8,"control_only",6,"Balanced Quartiles",20,20,TRUE,0.274988088257727,0.00656311213646139,0.00181859888618329,0.0047445132502781,0.081013036830262,0.0688804271929123,0.369299338505109,0.418294768158813,0.4587268458506,0.00953571939127639,0.018115065741616,0.00512870026106903,0.277093983520419,0.360094278092371,0.384627086910048,0.45382926121992,0.401242685839133,0,0.646616541353383,TRUE,FALSE,2000,2000,2000,0,0,0,FALSE,0.0658758197723752,0.524263188637333,0.00533607385729679,0.933,0.00990326484016347,0.011670359786351,3.12979797979798e-05,-5.6485911749071e-05,20,100,"a0647efb61f59abd5168b4ee69f62da0",FALSE,29,29,29,0.491992518837174,0.372374809411296,0.631870365646166,-0.567509117916943,0,0,0,1
"2021","education","rook","mean_rank",0,0.8,"control_only",6,"Balanced Quartiles",20,20,TRUE,0.293118743022538,0.0102569347637464,0.0020731955856333,0.00818373917811305,0.101276526222745,0.0904640214566711,0.401635545728007,0.502634577447587,0.546820665662489,0.0101813446696232,0.0226461197159098,0.0087568979987617,0.202126232971776,0.397112614915363,0.49713938120014,0.456125628985738,0.549143525909436,1,0.760902255639098,TRUE,FALSE,2000,2000,2000,0,0,0,FALSE,0.07725920042639,0.540859565511271,0.00549042228267601,0.9235,0.0131581536435255,0.0242831920779952,3.53914141414142e-05,-0.000104933545986179,20,100,"1dd9349d3607f105dc9159d0e925bb6e",FALSE,29,29,29,0.488155446682075,0.392588610491598,0.624401536333034,-0.664014432261098,0,0,0,1
"2018","education","rook","mean_rank",0.5,0.8,"control_only",6,"Balanced Quartiles",20,20,TRUE,0.293792526297069,0.00795391367581322,0.00193425460167647,0.00601965907413675,0.0891847166044341,0.0775864619256269,0.389680400600941,0.498981007226023,0.555530337849851,0.009834263067654,0.0199423088881569,0.00442452662934079,0.243182750091729,0.422333741873634,0.399826661603875,0.614591042082632,0.431805995009287,0.333333333333333,0.360902255639098,TRUE,FALSE,2000,2000,2000,0,0,0,FALSE,0.0678788842572264,0.540813834476887,0.00484496483068002,0.928,0.0122335569226125,0.0362342756996086,3.3520202020202e-05,-0.000200930356193515,20,100,"5b9623d666221d623163648c5f79bafc",FALSE,29,29,29,0.487465711846364,0.378166546877672,0.62799475115966,0.566801923610638,0,0,0,1
"2019","education","rook","mean_rank",0.5,0.8,"control_only",6,"Balanced Quartiles",20,20,TRUE,0.317975208469096,0.0075567820951133,0.00234690661024892,0.00520987548486438,0.0869297537964609,0.0721794671971495,0.434987837333746,0.467978942164076,0.486033327098754,0.0108326049735253,0.0194380838756207,0.0054218003409695,0.310569575873649,0.514556695644502,0.418569470594644,0.52655093053911,0.452479354142631,0.333333333333333,0.621052631578947,TRUE,FALSE,2000,2000,2000,0,0,0,FALSE,0.0611308157299624,0.561300832310032,0.00613338577399396,0.9245,0.0108841697883767,0.0540054082214144,3.48914141414142e-05,5.45401382243475e-05,20,100,"87c74680932022e3ba03faa5b694bde0",FALSE,29,29,29,0.478518073357916,0.38226833665802,0.538656216578127,1.09768045626525,0,0,0,1
"2020","education","rook","mean_rank",0.5,0.8,"control_only",6,"Balanced Quartiles",20,20,TRUE,0.297622877159635,0.00910873144328924,0.0018286010714444,0.00728013037184484,0.0954396743670537,0.0853236800181804,0.405268952227964,0.513690287319669,0.55414098741085,0.00956190637750758,0.0213409599635176,0.00712807150206357,0.200752550761786,0.394800156337592,0.438486355016738,0.486711721301655,0.561880891207146,0.333333333333333,0.535338345864662,TRUE,FALSE,2000,2000,2000,0,0,0,FALSE,0.0717047028346246,0.543271001176794,0.00662034344792028,0.9335,0.0118988719736788,0.0497945422712079,3.09318181818182e-05,0.000257942583732056,20,100,"a1c14786850bb643a22d72f5a2d8da78",FALSE,29,29,29,0.491992518837174,0.372374809411296,0.631870365646166,-0.567509117916943,0,0,0,1
"2021","education","rook","mean_rank",0.5,0.8,"control_only",6,"Balanced Quartiles",20,20,TRUE,0.30627052771631,0.00707136000356722,0.00214005748176563,0.00493130252180159,0.084091378889677,0.070223233490075,0.418157567391176,0.453985106047219,0.47414621105458,0.0103442193561564,0.0188034039519009,0.00519113093408063,0.302637325873107,0.412079769675883,0.428406413460976,0.491658365824731,0.50732997078749,0,0.830075187969925,TRUE,FALSE,2000,2000,2000,0,0,0,FALSE,0.0613947548009515,0.552089425244887,0.00648480004155466,0.931,0.016430050856077,0.038311802999602,3.20404040404041e-05,0.000200244550770865,20,100,"af5a715d1eb230b81b619af45f37ba14",FALSE,29,29,29,0.488155446682075,0.392588610491598,0.624401536333034,-0.664014432261098,0,0,0,1
"2018","education","rook","mean_rank",0,0.5,"both",7,"Balanced Halves",20,20,TRUE,0.0783672172691198,0.000178353152779649,0.000130496732328475,4.7856420451174e-05,0.0133548924660459,0.00691783350848906,0.0959756936531439,0.104200355633872,0.111257356234669,0.00255437597397559,0.00298624473862784,7.21394690319993e-05,0.731676061200334,0.0948800907074577,0.108441019751016,0.1041456491959,0.112519252963315,0.333333333333333,0.207518796992481,TRUE,FALSE,2000,2000,2000,0,0,0,FALSE,0.0381057901848526,0.279872897744167,0.00603825523771474,0.9235,0.00373774411470052,0.00619502844246122,3.53308080808081e-05,2.25943646996269e-05,20,100,"b0359319e6a90c73e5e45b8d9ff61968",TRUE,29,29,29,0.502454904018411,0.3444428423499,0.618812751186163,1.52150519494251,0,0,0,1
"2019","education","rook","mean_rank",0,0.5,"both",7,"Balanced Halves",20,20,TRUE,0.0731689789551625,0.000155680949900464,0.000105758745361063,4.9922204539401e-05,0.0124772172338412,0.00706556470067333,0.0858533734079305,0.0952793451853614,0.102173841803574,0.00229955153628988,0.00278999059049008,8.61529386841149e-05,0.679330036389685,0.0861559595666474,0.089881797891384,0.104921088789412,0.094394872616765,0.333333333333333,0.341353383458647,TRUE,FALSE,2000,2000,2000,0,0,0,FALSE,0.038130784798839,0.270247403250695,0.00744806580331607,0.936,0.00820422826773864,0.0116327121265411,2.97222222222222e-05,0.000515029239766081,20,100,"f5ccb9d3055d18826bc4587e512e919f",TRUE,29,29,29,0.513366774536122,0.378142518076806,0.676476267257128,-1.27522439276202,0,0,0,1
"2020","education","rook","mean_rank",0,0.5,"both",7,"Balanced Halves",20,20,TRUE,0.07356283758105,0.000374587994982078,0.000108843040174167,0.00026574495480791,0.0193542758836924,0.0163016856431447,0.0954190783027139,0.122987382679772,0.127565940961249,0.00233284204538335,0.0043277476531221,0.000295130385877082,0.290567347678548,0.0909139579725451,0.0999035633794709,0.130078776431995,0.115895988927549,1,0.281203007518797,TRUE,FALSE,2000,2000,2000,0,0,0,FALSE,0.0588306242041558,0.270896827801955,0.00540345893118959,0.9355,0.0055828452712602,0.0133321516601077,3.01944444444444e-05,-1.99415204678377e-05,20,100,"3d7dac45c0b6326a0ea83737ee957f77",FALSE,29,29,29,0.502394938513578,0.317016109214548,0.671013686790357,-0.0481280956489585,0,0,0,1
"2021","education","rook","mean_rank",0,0.5,"both",7,"Balanced Halves",20,20,TRUE,0.0696297233722976,8.99602537166716e-05,0.000100526322701698,-1.0566068985026e-05,0.00948473793610934,NA,0.0822372936904455,0.0892207254567274,0.0894039767081391,0.00224194472168358,0.00212085187739115,1.33228058621828e-05,1.11745263656441,0.0868761332332308,0.0868411925203274,0.0907091325781616,0.0916368239405145,0,0.0827067669172932,TRUE,FALSE,2000,2000,2000,0,0,0,FALSE,0.0304590019128949,0.263648228672071,0.00387128429662084,0.9395,0.00625956706408021,0.0109240510057839,2.85631313131313e-05,-0.000271525784157364,20,100,"0213480d1090aeb6a265e18e23df73e9",TRUE,29,29,29,0.521358933525573,0.386900858170815,0.623913259535888,-1.9422865346982,0,0,0,1
"2018","education","rook","mean_rank",0.5,0.5,"both",7,"Balanced Halves",20,20,TRUE,0.0729694730126303,0.000141615154258047,0.000113819759640521,2.77953946175263e-05,0.0119002165634936,0.00527213378221061,0.0851090860729201,0.0946498178414001,0.102752659561358,0.0023855791711922,0.00266096931829406,2.67034765571947e-05,0.803725845845012,0.0819662005828161,0.0979986828535741,0.0970905517643432,0.107396553887507,0.333333333333333,0.0616541353383459,TRUE,FALSE,2000,2000,2000,0,0,0,FALSE,0.0364668841425437,0.269558133048639,0.00561365815620588,0.9375,0.00589940129675023,0.0175466783170683,2.9290404040404e-05,4.44550770866549e-05,20,100,"79f584cc53e57ee5fff71c4f7ae790f2",TRUE,29,29,29,0.502454904018411,0.3444428423499,0.618812751186163,1.52150519494251,0,0,0,1
"2019","education","rook","mean_rank",0.5,0.5,"both",7,"Balanced Halves",20,20,TRUE,0.0756753712074851,6.20952805249132e-05,0.000120030330006774,-5.79350494818613e-05,0.00788005587067206,NA,0.0824216900756729,0.0942065822307038,0.101075964171153,0.00244979927756107,0.0017620340593319,-4.86026978574769e-05,1.9330024599634,0.0892981831560848,0.0981361943787881,0.094927927082378,0.10691559193159,0.333333333333333,-0.345864661654135,TRUE,FALSE,2000,2000,2000,0,0,0,FALSE,0.0232841151779856,0.273862747170691,0.00407010927048453,0.9345,0.00474630642859294,0.0259724261401811,3.07550505050505e-05,-0.000283785220627327,20,100,"3fd0646f46d0614945778a733f2a824f",TRUE,29,29,29,0.513366774536122,0.378142518076806,0.676476267257128,-1.27522439276202,0,0,0,1
"2020","education","rook","mean_rank",0.5,0.5,"both",7,"Balanced Halves",20,20,TRUE,0.0777265368249436,0.000221629425150796,0.000128874362232514,9.27550629182824e-05,0.0148872235541351,0.00963094299216242,0.0935041847787795,0.110172338579418,0.124710611089099,0.00253844797299958,0.00332888438632822,0.000107248119284868,0.581485793886926,0.100558297393378,0.0881533247583682,0.122585819010055,0.109292359488969,0.333333333333333,0.166917293233083,TRUE,FALSE,2000,2000,2000,0,0,0,FALSE,0.0428281578249853,0.278413801591165,0.00687769086096106,0.9375,0.00515254858881313,0.0145702405093097,2.91388888888889e-05,0.000363274853801168,20,100,"1e11934a37f8d0185f273f112857c745",TRUE,29,29,29,0.502394938513578,0.317016109214548,0.671013686790357,-0.0481280956489585,0,0,0,1
"2021","education","rook","mean_rank",0.5,0.5,"both",7,"Balanced Halves",20,20,TRUE,0.0709948423845212,9.47596468757415e-05,0.000104061257305376,-9.30161042963402e-06,0.00973445668107581,NA,0.079957159601969,0.0914575772233242,0.0981747605787387,0.00228102232897198,0.00217669068629125,1.89408683642287e-07,1.09816003685441,0.0889712792000725,0.084000871106265,0.0975039481926745,0.0914510571499492,0.333333333333333,-0.228571428571429,TRUE,FALSE,2000,2000,2000,0,0,0,FALSE,0.0306598425066132,0.265689481796738,0.00517458363440708,0.9375,0.0064064591116528,0.0200982996072333,2.93358585858586e-05,-5.11908559276994e-05,20,100,"8b6b926461301e699288eded3c43517d",TRUE,29,29,29,0.521358933525573,0.386900858170815,0.623913259535888,-1.9422865346982,0,0,0,1
"2018","education","rook","mean_rank",0,0.8,"both",7,"Balanced Halves",20,20,TRUE,0.0757149875880135,0.000126784713758978,0.000112139919900683,1.46447938582952e-05,0.0112598718358149,0.00382685169013579,0.0914740191161716,0.0942179600162251,0.0951203240316743,0.00236790962560528,0.00251778388428175,-3.94784148746142e-06,0.884490855213544,0.108581025490603,0.090648590267357,0.109802360423662,0.107661649427497,0,0.0586466165413534,TRUE,FALSE,2000,2000,2000,0,0,0,FALSE,0.0332534411546327,0.274982360787391,0.00608168086183936,0.9385,0.00597133468929525,0.00998443006918969,2.87954545454546e-05,0.000163827751196171,20,100,"89757a72f8f2a70e48c8087634ab9d18",TRUE,29,29,29,0.502454904018411,0.3444428423499,0.618812751186163,1.52150519494251,0,0,0,1
"2019","education","rook","mean_rank",0,0.8,"both",7,"Balanced Halves",20,20,TRUE,0.071711097315106,4.49842716670038e-05,0.000107217294910915,-6.22330232439111e-05,0.00670703150931944,NA,0.0785381916905245,0.083813571792219,0.0882083349573869,0.00231535412961943,0.00149973783820713,-7.78421043610556e-05,2.38343960983944,0.0898695518921468,0.0870895550918452,0.0904913076065257,0.088807217615709,0,-0.421052631578947,TRUE,FALSE,2000,2000,2000,0,0,0,FALSE,0.0209136088326347,0.267633959307372,0.00489226026763864,0.9405,0.00674188456806705,0.00911927302836959,2.80328282828283e-05,-8.19723551302511e-05,20,100,"8074eb73b202b5b4385f4347b9b54c1f",TRUE,29,29,29,0.513366774536122,0.378142518076806,0.676476267257128,-1.27522439276202,0,0,0,1
"2020","education","rook","mean_rank",0,0.8,"both",7,"Balanced Halves",20,20,TRUE,0.0719813384239876,0.00017824535611726,0.000110021945230486,6.8223410886774e-05,0.0133508560069106,0.00825974641782507,0.0857872519169576,0.0979479752111424,0.107027957098848,0.00234544180518816,0.00298534215892634,3.36527277432584e-05,0.617249995327268,0.0869061298475841,0.096042161424546,0.11149449105568,0.100900616417488,0,0.0330827067669173,TRUE,FALSE,2000,2000,2000,0,0,0,FALSE,0.0414738350840596,0.268130922569567,0.00549999999999999,0.9405,0.0066973131735642,0.0093352442914322,2.79722222222222e-05,4.55555555555541e-05,20,100,"81b161c4dbf05c3fb25bc63d1d280839",TRUE,29,29,29,0.502394938513578,0.317016109214548,0.671013686790357,-0.0481280956489585,0,0,0,1
"2021","education","rook","mean_rank",0,0.8,"both",7,"Balanced Halves",20,20,TRUE,0.0721758736460743,9.74181753153993e-05,0.00011195372555334,-1.4535550237941e-05,0.00987006460543189,NA,0.0844986295943527,0.0893417455644266,0.093083655142381,0.00236594299966568,0.00220701354000603,-1.59489025652483e-05,1.14920778582519,0.0919282730006264,0.094053358226548,0.0936591753051483,0.0964466020123324,0,0.0210526315789474,TRUE,FALSE,2000,2000,2000,0,0,0,FALSE,0.0305782726071107,0.267887673774074,0.00467214590615715,0.9245,0.00604224431987147,0.0202994553126274,3.50429292929293e-05,-0.000264279638490165,20,100,"343a4fbad4d3b0a662ee9ee8cc56c154",TRUE,29,29,29,0.521358933525573,0.386900858170815,0.623913259535888,-1.9422865346982,0,0,0,1
"2018","education","rook","mean_rank",0.5,0.8,"both",7,"Balanced Halves",20,20,TRUE,0.0772375751427785,0.000190763709285228,0.000122125402316647,6.86383069685817e-05,0.0138117236174646,0.00828482389484422,0.0912870715582508,0.106969291518444,0.109464037775554,0.00247108682887355,0.00308839528950901,0.000104050331453577,0.640192009131285,0.0939553507071455,0.0963145490326036,0.115022717264767,0.110455658209129,0.333333333333333,0.52781954887218,TRUE,FALSE,2000,2000,2000,0,0,0,FALSE,0.0399856583249787,0.276029937885767,0.00744364794551986,0.9385,0.005466430653191,0.0323272104202998,2.86186868686869e-05,0.000535784157363104,20,100,"bd28f3e25e9a109739ce1aec1c42478f",TRUE,29,29,29,0.502454904018411,0.3444428423499,0.618812751186163,1.52150519494251,0,0,0,1
"2019","education","rook","mean_rank",0.5,0.8,"both",7,"Balanced Halves",20,20,TRUE,0.0742642852891196,0.000116203037045718,0.000106819555117379,9.38348192833846e-06,0.0107797512515697,0.00306324695843128,0.0851836929583078,0.097876991958888,0.107371586291535,0.0023110555501478,0.00241042565790482,-1.58237853025245e-05,0.919249254004896,0.0940405321787507,0.0948722168757541,0.100645896418563,0.111043659471178,0,-0.321804511278195,TRUE,FALSE,2000,2000,2000,0,0,0,FALSE,0.0324574006000428,0.270285003157945,0.00542290464021285,0.9425,0.00394243969879225,0.0347894000671069,2.70883838383838e-05,4.63902179691639e-05,20,100,"fab06817ddd374ac504266a35e1ddfb7",TRUE,29,29,29,0.513366774536122,0.378142518076806,0.676476267257128,-1.27522439276202,0,0,0,1
"2020","education","rook","mean_rank",0.5,0.8,"both",7,"Balanced Halves",20,20,TRUE,0.0849593303362305,0.000315888566109813,0.000142582284588432,0.000173306281521381,0.0177732542352213,0.0131645843656904,0.0945226221767378,0.131201249858162,0.141120547325488,0.00267004011756783,0.00397422046513409,0.00015173359657996,0.45136893159617,0.0988022732307633,0.109409889600502,0.132488045314342,0.136913951062004,0.333333333333333,-0.0195488721804511,TRUE,FALSE,2000,2000,2000,0,0,0,FALSE,0.0467779165561443,0.289459741762441,0.00501969804082403,0.9225,0.00740311165943442,0.0342401553012176,3.58661616161616e-05,-0.00021337586390218,20,100,"b27f792798a9f7a6870883c0a6c4f359",TRUE,29,29,29,0.502394938513578,0.317016109214548,0.671013686790357,-0.0481280956489585,0,0,0,1
"2021","education","rook","mean_rank",0.5,0.8,"both",7,"Balanced Halves",20,20,TRUE,0.0785675487941232,0.000116196938396322,0.000120192137495271,-3.99519909894907e-06,0.0107794683726203,NA,0.0910164586114619,0.0949258607455795,0.0983860620569763,0.00245144995355066,0.00241036240424881,5.05721751730973e-07,1.03438299798677,0.102281984289081,0.0881785019541843,0.104279372551632,0.1037060712593,0.333333333333333,0.114285714285714,TRUE,FALSE,2000,2000,2000,0,0,0,FALSE,0.0306788545811054,0.278985009903052,0.00599451503679119,0.9235,0.00716606301386384,0.0271092796569201,3.53358585858586e-05,1.19670388091428e-05,20,100,"d152bba704f709411fc827fffcc2dcb9",TRUE,29,29,29,0.521358933525573,0.386900858170815,0.623913259535888,-1.9422865346982,0,0,0,1
"2018","education","rook","mean_rank",0,0.5,"control_only",7,"Balanced Halves",20,20,TRUE,0.288553798625814,0.00792256204346208,0.00165246079212453,0.00627010125133754,0.089008775092471,0.079183970924282,0.394079609487011,0.448745304408393,0.475089578312179,0.00908972164624564,0.0199029671700755,0.00622648840677174,0.208576566905928,0.410573474283311,0.441661750755586,0.426017448518081,0.508638980447116,0.333333333333333,0.661654135338346,TRUE,FALSE,2000,2000,2000,0,0,0,FALSE,0.0689748922553086,0.535913684207788,0.00492576470151963,0.937,0.00878535293065771,0.0367467237267396,2.95808080808081e-05,-0.000106353003721426,20,100,"e6629e9d5cb6a2fc276b17d1513ac0d6",FALSE,29,29,29,0.502454904018411,0.3444428423499,0.618812751186163,1.52150519494251,0,0,0,1
"2019","education","rook","mean_rank",0,0.5,"control_only",7,"Balanced Halves",20,20,TRUE,0.298420554208132,0.00962327011747675,0.00199858725190071,0.00762468286557604,0.0980982676578784,0.0873194300575538,0.415131351212768,0.463347810447661,0.499490550612318,0.00999646750582601,0.0219354394957985,0.00768914126359265,0.207682755186419,0.470505467926665,0.450606423602958,0.529109747459753,0.451915719052926,0.333333333333333,0.586466165413534,TRUE,FALSE,2000,2000,2000,0,0,0,FALSE,0.0735051228425096,0.546246242671093,0.00610866511389225,0.929,0.0123284211579612,-0.00596628660431014,3.29545454545455e-05,8.72248803827743e-05,20,100,"fde334a48ca7bcc1d82dd433f7d65c54",FALSE,29,29,29,0.513366774536122,0.378142518076806,0.676476267257128,-1.27522439276202,0,0,0,1
"2020","education","rook","mean_rank",0,0.5,"control_only",7,"Balanced Halves",20,20,TRUE,0.287923976578732,0.02155408986677,0.00213557660289195,0.019418513263878,0.146813112039661,0.13935032566836,0.45768646775555,0.623883569730556,0.783440974600794,0.010333384254183,0.0328284098508974,0.0195862975259188,0.0990798783939552,0.449388241872201,0.446360150625184,0.677102230624314,0.582930248220368,0.333333333333333,0.530827067669173,TRUE,FALSE,2000,2000,2000,0,0,0,FALSE,0.114017631462938,0.535622868106634,0.00646753023714779,0.9245,0.0133759161415654,0.0321266204253739,3.48510101010101e-05,0.000139558745348218,20,100,"e9d5a52d5ee1ced13a033184a2f2c72c",FALSE,29,29,29,0.502394938513578,0.317016109214548,0.671013686790357,-0.0481280956489585,0,0,0,1
"2021","education","rook","mean_rank",0,0.5,"control_only",7,"Balanced Halves",20,20,TRUE,0.252740554536943,0.00706402944252929,0.00167483709051442,0.00538919235201487,0.0840477807115053,0.0734111187219951,0.378179786927444,0.439635357288757,0.446114265017865,0.00915105756323941,0.0187936551028922,0.00500139453454329,0.237093730163552,0.348389841989256,0.408081275566744,0.440450248822017,0.472550143339786,0.333333333333333,0.374436090225564,TRUE,FALSE,2000,2000,2000,0,0,0,FALSE,0.0743594756184849,0.502299351282676,0.00572506033064051,0.9385,0.00834047650553383,0.0208786071840535,2.88358585858586e-05,7.88091440723009e-05,20,100,"2c0db22ebdd28fc18b2efebb9d0daadb",FALSE,29,29,29,0.521358933525573,0.386900858170815,0.623913259535888,-1.9422865346982,0,0,0,1
"2018","education","rook","mean_rank",0.5,0.5,"control_only",7,"Balanced Halves",20,20,TRUE,0.308432271569041,0.00691035584970853,0.00208718674139814,0.00482316910831039,0.0831285501479999,0.0694490396500225,0.419069196538198,0.44673738031374,0.47413337406942,0.0102156417845335,0.0185881089001928,0.00482700155538156,0.30203751974454,0.383985934166584,0.449177808025503,0.444671085808639,0.508394678515174,0,0.550375939849624,TRUE,FALSE,2000,2000,2000,0,0,0,FALSE,0.0602664202602157,0.553905930098611,0.00636189313102053,0.929,0.0125686506334806,0.0402553371695359,3.29242424242424e-05,0.000150988835725677,20,100,"cbcfc59b9b4c29c64f79b13eb74f51c3",FALSE,29,29,29,0.502454904018411,0.3444428423499,0.618812751186163,1.52150519494251,0,0,0,1
"2019","education","rook","mean_rank",0.5,0.5,"control_only",7,"Balanced Halves",20,20,TRUE,0.309509493658961,0.0116858087248344,0.00246327480411874,0.00922253392071563,0.108100919167389,0.0960340248074381,0.45388300809021,0.542378370663505,0.588971123643888,0.0110979160298651,0.0241721003688492,0.00728658694948613,0.210791983860206,0.504150918937265,0.402791625706469,0.600260840011096,0.549067534703927,0.333333333333333,0.439097744360902,TRUE,FALSE,2000,2000,2000,0,0,0,FALSE,0.0780980902494826,0.55542534258743,0.00634428877022475,0.9295,0.0143363719619537,0.0318148152689434,3.27095959595959e-05,0.00015080808080808,20,100,"1fa4bfc78cbc8c66db7bcaf8c19a4798",FALSE,29,29,29,0.513366774536122,0.378142518076806,0.676476267257128,-1.27522439276202,0,0,0,1
"2020","education","rook","mean_rank",0.5,0.5,"control_only",7,"Balanced Halves",20,20,TRUE,0.29426941301637,0.015835859809256,0.00196857068100041,0.0138672891282556,0.125840612718057,0.117759454517485,0.468822891466962,0.602222816398217,0.659585677079362,0.00992111556479514,0.02813881643678,0.0142817431880894,0.12431094394065,0.441874851777109,0.495770931156816,0.531012261193524,0.67343337160291,1,0.52781954887218,TRUE,FALSE,2000,2000,2000,0,0,0,FALSE,0.095622634198868,0.541214474223456,0.00662828865743758,0.9345,0.0135310871618866,0.0368280586971248,3.04924242424242e-05,0.00026883572567783,20,100,"9a06a77f4b1f0ad8fdcf525af20c49e9",FALSE,29,29,29,0.502394938513578,0.317016109214548,0.671013686790357,-0.0481280956489585,0,0,0,1
"2021","education","rook","mean_rank",0.5,0.5,"control_only",7,"Balanced Halves",20,20,TRUE,0.287588610114656,0.00283613423326941,0.00195773351395422,0.000878400719315192,0.053255368116927,0.0296378258196378,0.34955365475262,0.365502099906149,0.376123100214646,0.00989376953934702,0.0119082623276224,0.0012611517630641,0.690282388960625,0.326333512035132,0.397729644900612,0.363507990450148,0.425077613483672,0,0.533834586466165,TRUE,FALSE,2000,2000,2000,0,0,0,FALSE,0.0414072807781741,0.531951459006474,0.00638563354644421,0.9195,0.0120451551355993,0.0679430303676464,3.69924242424243e-05,7.56778309409874e-05,20,100,"0c411ee3b2eb2b306b41221097cb181a",TRUE,29,29,29,0.521358933525573,0.386900858170815,0.623913259535888,-1.9422865346982,0,0,0,1
"2018","education","rook","mean_rank",0,0.8,"control_only",7,"Balanced Halves",20,20,TRUE,0.303830693934418,0.0164379426839628,0.00216013224169766,0.0142778104422652,0.128210540455779,0.119489792209482,0.491311973853774,0.582230566323078,0.582929982489905,0.0103926229646266,0.0286687483891108,0.014219638017622,0.131411350144512,0.573198727497024,0.470832344934812,0.598935621626292,0.577635017690677,0.333333333333333,0.639097744360902,TRUE,FALSE,2000,2000,2000,0,0,0,FALSE,0.094357643784663,0.551110573173564,0.00697363455791658,0.926,0.0102080489614518,0.0103841259008125,3.41414141414142e-05,0.000289803296119085,20,100,"ace05b82f7792833d131297adf64a191",FALSE,29,29,29,0.502454904018411,0.3444428423499,0.618812751186163,1.52150519494251,0,0,0,1
"2019","education","rook","mean_rank",0,0.8,"control_only",7,"Balanced Halves",20,20,TRUE,0.306114292294771,0.0119619706215919,0.0019254531446673,0.0100365174769246,0.109370794189271,0.100182420997521,0.40927585805406,0.576771008490746,0.633128985533343,0.00981186308676213,0.0244560530560349,0.0100930919343667,0.16096454385131,0.477887622977455,0.426785785081244,0.605759556592917,0.550161719389351,0.333333333333333,0.61203007518797,TRUE,FALSE,2000,2000,2000,0,0,0,FALSE,0.0798919020497255,0.55225949529291,0.00529523122103374,0.9135,0.00941804230737809,0.0335222635511197,3.96388888888889e-05,-0.000231988304093568,20,100,"fcddeaa5e3cb4f062797535e84579bac",FALSE,29,29,29,0.513366774536122,0.378142518076806,0.676476267257128,-1.27522439276202,0,0,0,1
"2020","education","rook","mean_rank",0,0.8,"control_only",7,"Balanced Halves",20,20,TRUE,0.280708405766393,0.0129681798467271,0.00201795935626304,0.0109502204904641,0.113877916413706,0.104643301221168,0.346038922392611,0.548514990579863,0.691637939916316,0.010044798047405,0.0254638762237087,0.0116314738696746,0.155608526417247,0.387940738402503,0.336672006342926,0.618951602096111,0.478078379063614,1,0.618045112781955,TRUE,FALSE,2000,2000,2000,0,0,0,FALSE,0.0907129095553334,0.528177651762635,0.0051247593011513,0.929,0.0149504871372138,0.0416746199131039,3.30606060606061e-05,-0.000135948963317385,20,100,"1d1189abb50a49aa523763581b561073",FALSE,29,29,29,0.502394938513578,0.317016109214548,0.671013686790357,-0.0481280956489585,0,0,0,1
"2021","education","rook","mean_rank",0,0.8,"control_only",7,"Balanced Halves",20,20,TRUE,0.253991718538843,0.00348808333649305,0.00142110796638259,0.00206697537011046,0.0590599977691589,0.0454640008150455,0.324208819305346,0.360906935535763,0.389790846337663,0.00842943641764557,0.0132062169762825,0.00262425730783615,0.407418008484677,0.340628713351358,0.310903185035784,0.366169031726012,0.378452777565456,0.333333333333333,0.625563909774436,TRUE,FALSE,2000,2000,2000,0,0,0,FALSE,0.0519946754652274,0.503741643677447,0.0060903288304621,0.9205,0.0115147720658394,0.0153647311719544,3.66035353535354e-05,9.77139819244971e-06,20,100,"f485798a454a4271547e8a53e4a1bfff",FALSE,29,29,29,0.521358933525573,0.386900858170815,0.623913259535888,-1.9422865346982,0,0,0,1
"2018","education","rook","mean_rank",0.5,0.8,"control_only",7,"Balanced Halves",20,20,TRUE,0.323812797906386,0.00859899427447786,0.0021601613024988,0.00643883297197906,0.0927307622878075,0.0802423390236044,0.445772376560173,0.49326091989176,0.51170555447828,0.0103926928716738,0.0207352288080911,0.00674872902045093,0.251210924620597,0.463357273557242,0.40563290321938,0.551383992710893,0.479973102565312,0.333333333333333,0.642105263157895,TRUE,FALSE,2000,2000,2000,0,0,0,FALSE,0.0640346179711084,0.567807512426584,0.0033717089216941,0.922,0.0136372300518278,0.0375156865633656,3.62121212121212e-05,-0.000496874003189793,20,100,"ee08fd3a0b7e7e2e6d4c612bbbba8e0a",FALSE,29,29,29,0.502454904018411,0.3444428423499,0.618812751186163,1.52150519494251,0,0,0,1
"2019","education","rook","mean_rank",0.5,0.8,"control_only",7,"Balanced Halves",20,20,TRUE,0.316871429161422,0.00936798628381646,0.00210192207231775,0.00726606421149871,0.0967883582039517,0.0852412119311939,0.445174977689485,0.507551496473199,0.510148579220121,0.0102516390697238,0.0216425348374635,0.00702334774831377,0.224372881069318,0.499561862845368,0.452989001759535,0.525946917454532,0.510252204778614,0.333333333333333,0.517293233082707,TRUE,FALSE,2000,2000,2000,0,0,0,FALSE,0.0683006823768838,0.559595383825483,0.00537538248333132,0.939,0.0120574574781288,0.0610281538524067,2.86515151515152e-05,4.86443381180087e-06,20,100,"f09abcd47dfe547a89468dae3965b47f",FALSE,29,29,29,0.513366774536122,0.378142518076806,0.676476267257128,-1.27522439276202,0,0,0,1
"2020","education","rook","mean_rank",0.5,0.8,"control_only",7,"Balanced Halves",20,20,TRUE,0.319003145017278,0.0264246952665364,0.00242164219919755,0.0240030530673388,0.162556744758673,0.154929187267405,0.401243532860874,0.695455163538848,0.927174476312871,0.0110037316379434,0.0363487931481475,0.0250249409715604,0.0916431457305873,0.416825542340945,0.397675805939033,0.728361350982651,0.662548976095045,1,0.679699248120301,TRUE,FALSE,2000,2000,2000,0,0,0,FALSE,0.11394493664374,0.562331117722638,0.00651314460392051,0.918,0.0136058711181942,0.0527907099600526,3.76111111111111e-05,9.61988304093555e-05,20,100,"d9fffce99871052bcf4f32feb6dbea62",FALSE,29,29,29,0.502394938513578,0.317016109214548,0.671013686790357,-0.0481280956489585,0,0,0,1
"2021","education","rook","mean_rank",0.5,0.8,"control_only",7,"Balanced Halves",20,20,TRUE,0.283566352618506,0.00452046353282378,0.00175814508328886,0.00276231844953492,0.0672343924849759,0.0525577629806951,0.340809767228218,0.43055518265208,0.479305227989722,0.00937588684682377,0.0150340672022307,0.00193539036157632,0.388930265784183,0.380238762571025,0.366099937080694,0.417941759149582,0.4784119624139,0,0.278195488721804,TRUE,FALSE,2000,2000,2000,0,0,0,FALSE,0.0530178106936993,0.528515129694455,0.00572506033064051,0.9285,0.011561641413428,0.0651007703684016,3.32146464646465e-05,-8.7666135034567e-06,20,100,"30291a52971ac3535446e97fa272538e",FALSE,29,29,29,0.521358933525573,0.386900858170815,0.623913259535888,-1.9422865346982,0,0,0,1
"2018","education","rook","mean_rank",0,0.5,"both",8,"Incidence-Guided Saturation Regions",20,20,TRUE,0.0749002425259835,0.000100574180904212,0.000107704615875371,-7.13043497115857e-06,0.0100286679526352,NA,0.0866508656453304,0.0900502570605382,0.092992378880519,0.00232061000466872,0.00224247832658659,4.83264754063119e-05,1.07089727111921,0.0926187644858423,0.0874000846559185,0.100453878484564,0.0898219998482576,0,0.357894736842105,TRUE,FALSE,2000,2000,2000,0,0,0,FALSE,0.0299395335844028,0.273678399142824,0.00570779706790816,0.931,0.00731305460233882,0.000613488879005937,3.21313131313131e-05,8.95268474215697e-06,20,100,"a6d742a603a3e9c987fe2e7c2ff4cdf2",TRUE,29,29,29,0.537685007739484,0.339197472631002,0.640068882352904,2.64476482586902,0,0,0,1
"2019","education","rook","mean_rank",0,0.5,"both",8,"Incidence-Guided Saturation Regions",20,20,TRUE,0.0702634206480966,7.81192153337469e-05,9.62445026621056e-05,-1.81252873283587e-05,0.00883850752863553,NA,0.0803109229904745,0.083724186469811,0.0864940223236603,0.00219367844797392,0.00197635036536727,8.74463162545333e-06,1.23202085749226,0.0823944253017176,0.0869056294565237,0.0849170198007519,0.0946043870999317,0,0.117293233082707,TRUE,FALSE,2000,2000,2000,0,0,0,FALSE,0.0281277277299879,0.264938610318961,0.00515420114796504,0.9395,0.00505876311414205,0.00842338473266042,2.84520202020202e-05,-3.77246145667209e-05,20,100,"65f1fabaf91c158997de103c0c21f84d",TRUE,29,29,29,0.451043992745455,0.327350204182961,0.595448324847129,7.61714769506733,0,0,0,1
"2020","education","rook","mean_rank",0,0.5,"both",8,"Incidence-Guided Saturation Regions",20,20,TRUE,0.0711218655533689,9.65627296667526e-05,0.000103520030267003,-6.95730060025054e-06,0.00982663368945605,NA,0.080073491482531,0.085881668074441,0.0889649969089822,0.00227508274868194,0.00219730209196133,3.48485486254773e-05,1.07204954358955,0.0854226500525234,0.0856457946793433,0.0947420021701817,0.0896159483321226,0,0.266165413533835,TRUE,FALSE,2000,2000,2000,0,0,0,FALSE,0.0308948883000334,0.266365878869565,0.00413425994141126,0.9455,0.00560864302724648,0.013079913127116,2.58611111111111e-05,-0.000175380116959065,20,100,"5d9ed2e281c8d97596d750556b5b2df7",TRUE,29,29,29,0.500534397767798,0.363794063343364,0.602045321626927,2.39294646696487,0,0,0,1
"2021","education","rook","mean_rank",0,0.5,"both",8,"Incidence-Guided Saturation Regions",20,20,TRUE,0.0701960211784815,9.4029044020135e-05,9.66733486343965e-05,-2.64430461426145e-06,0.00969685743012317,NA,0.0830634026623009,0.0846568080862344,0.0851687291549202,0.00219856030886574,0.00216828323818793,3.19965808034673e-05,1.02812221098085,0.100333046667252,0.080665176799863,0.100964056440109,0.0810801772573556,0,0.348872180451128,TRUE,FALSE,2000,2000,2000,0,0,0,FALSE,0.0308889763520189,0.264937220867593,0.00567890834580027,0.9365,0.00602599350058709,0.00207127435117298,2.97247474747475e-05,5.05050505050493e-05,20,100,"3e584d3d8f8d707222abdf634cca7e4b",TRUE,29,29,29,0.500229879603215,0.302237463891243,0.649429006733088,6.68047069009406,0,0,0,1
"2018","education","rook","mean_rank",0.5,0.5,"both",8,"Incidence-Guided Saturation Regions",20,20,TRUE,0.075519521623702,0.000114787323900867,0.000116445786133354,-1.65846223248672e-06,0.0107138846316762,NA,0.0907381253029293,0.095069832972193,0.0972339642891763,0.00241294204378549,0.00239569743395183,-2.98827401964016e-05,1.01444813047405,0.0958450928985416,0.0920465807861933,0.107263134127759,0.0992638161279434,0,-0.193984962406015,TRUE,FALSE,2000,2000,2000,0,0,0,FALSE,0.0317228894257182,0.274256801134632,0.00404579053494265,0.933,0.00630726441829058,0.0173990992612004,3.14141414141414e-05,-0.000300914407230198,20,100,"f89bcccb869e7205140a17c112840ad0",TRUE,29,29,29,0.537685007739484,0.339197472631002,0.640068882352904,2.64476482586902,0,0,0,1
"2019","education","rook","mean_rank",0.5,0.5,"both",8,"Incidence-Guided Saturation Regions",20,20,TRUE,0.0800105478582586,0.00014181965085685,0.000135717226125771,6.10242473107953e-06,0.0119088056016063,0.00247030863073413,0.0912865749040628,0.101544430113041,0.102831057620608,0.00260496858067205,0.0026628898856022,2.12791716103507e-05,0.956970527749788,0.100616551644144,0.101081089885441,0.104918720390276,0.108500002422633,0,0.142857142857143,TRUE,FALSE,2000,2000,2000,0,0,0,FALSE,0.0332817354321783,0.280528550375877,0.0069386408497706,0.9355,0.0050895108548806,0.036253003768896,3.00126262626263e-05,0.000362642211589579,20,100,"dfd588d6cb937f728a26dde85a68a694",TRUE,29,29,29,0.451043992745455,0.327350204182961,0.595448324847129,7.61714769506733,0,0,0,1
"2020","education","rook","mean_rank",0.5,0.5,"both",8,"Incidence-Guided Saturation Regions",20,20,TRUE,0.0767225137313073,9.40497303351526e-05,0.000109372051573054,-1.53223212379012e-05,0.00969792402193132,NA,0.0905942070274138,0.0918299829655768,0.0930307978626815,0.0023385043465114,0.00216852173536666,-3.40334937452976e-05,1.16291722669804,0.0983287297382437,0.0838777556441204,0.115998804800225,0.0907260478246073,0,-0.209022556390977,TRUE,FALSE,2000,2000,2000,0,0,0,FALSE,0.0282644771384983,0.275779964364729,0.00369031449237481,0.9425,0.00597492698244573,0.0258442447422295,2.7239898989899e-05,-0.000272429558745348,20,100,"45a4371c1fa52a4ba0c321ae3d0b08a9",TRUE,29,29,29,0.500534397767798,0.363794063343364,0.602045321626927,2.39294646696487,0,0,0,1
"2021","education","rook","mean_rank",0.5,0.5,"both",8,"Incidence-Guided Saturation Regions",20,20,TRUE,0.0750886022894627,0.000151468011273019,0.000114639743259943,3.68282680130753e-05,0.0123072341032833,0.00606862982995959,0.0881803995942278,0.0918386175146561,0.0931532863790384,0.00239415687936216,0.0027519812069945,7.91807730596946e-05,0.756857783346129,0.0865955351931299,0.0969901908769777,0.096266438474254,0.0998731148393419,0,0.390977443609023,TRUE,FALSE,2000,2000,2000,0,0,0,FALSE,0.0366497860272556,0.272881022042412,0.00580381000088009,0.94,0.00623237373164901,0.0249910003511499,2.81616161616162e-05,0.000110451887293991,20,100,"3847164c1d8fca0f9c998c5bb3adf82f",TRUE,29,29,29,0.500229879603215,0.302237463891243,0.649429006733088,6.68047069009406,0,0,0,1
"2018","education","rook","mean_rank",0,0.8,"both",8,"Incidence-Guided Saturation Regions",20,20,TRUE,0.0734624703471527,0.000211665131829962,0.000104141632614369,0.000107523499215594,0.0145487158137742,0.0103693538475449,0.0856979814966739,0.105905162667516,0.115052177265806,0.00228190307215676,0.00325319175449252,8.26915505502839e-05,0.492011280809487,0.0902327222654735,0.0865152782850319,0.122981358923196,0.10027110735508,0,0.225563909774436,TRUE,FALSE,2000,2000,2000,0,0,0,FALSE,0.0442837239085387,0.270420563100984,0.00666787269792919,0.9345,0.00612840337387387,0.0183081784811965,3.04873737373738e-05,0.000279463051568314,20,100,"b6f5857ef8522ce2087f857b22530aee",TRUE,29,29,29,0.537685007739484,0.339197472631002,0.640068882352904,2.64476482586902,0,0,0,1
"2019","education","rook","mean_rank",0,0.8,"both",8,"Incidence-Guided Saturation Regions",20,20,TRUE,0.0738148269841963,7.78289409588436e-05,0.000113523080391595,-3.56941394327514e-05,0.00882207123972843,NA,0.086726660444977,0.0886584261430635,0.0887103747359957,0.0023824680521635,0.00197267509943786,-8.67729809715844e-05,1.45862296201135,0.0912765946263642,0.0938027525107152,0.0949440456380163,0.108741387343794,0,-0.215037593984962,TRUE,FALSE,2000,2000,2000,0,0,0,FALSE,0.0267246457119003,0.271397752125205,0.00441885910495838,0.933,0.00625351627877802,0.0125732702819065,3.13838383838384e-05,-0.000237150451887295,20,100,"e06d9d9cb28c452d81a0d7967e0a1ab0",TRUE,29,29,29,0.451043992745455,0.327350204182961,0.595448324847129,7.61714769506733,0,0,0,1
"2020","education","rook","mean_rank",0,0.8,"both",8,"Incidence-Guided Saturation Regions",20,20,TRUE,0.0766053742602694,8.32245730884021e-05,0.000127397264898057,-4.41726918096545e-05,0.00912275030286383,NA,0.0878349475601563,0.0924185600809957,0.0955973794737441,0.00252385880050823,0.00203990898189603,-7.08103623109092e-05,1.53076501531265,0.0969294669938665,0.0875011055240999,0.104194753143494,0.101865271222024,0,-0.381954887218045,TRUE,FALSE,2000,2000,2000,0,0,0,FALSE,0.0266287972820989,0.276313097331012,0.00527531490703835,0.9375,0.00725786945825177,0.0160139471590232,2.93257575757576e-05,-2.99362041467314e-05,20,100,"f7d5ba957998239d3cb9ec19a4bde375",TRUE,29,29,29,0.500534397767798,0.363794063343364,0.602045321626927,2.39294646696487,0,0,0,1
"2021","education","rook","mean_rank",0,0.8,"both",8,"Incidence-Guided Saturation Regions",20,20,TRUE,0.0760255232100206,8.03617598859384e-05,0.000113855819013275,-3.34940591273362e-05,0.00896447209187124,NA,0.0860956976474994,0.0914144896827496,0.0947470027184129,0.00238595703034731,0.00200451689798238,-3.85510369943592e-05,1.41679101073541,0.0921791299463717,0.0992615264777277,0.0992786474288365,0.104638292609323,0,-0.123308270676692,TRUE,FALSE,2000,2000,2000,0,0,0,FALSE,0.0263663676795081,0.275370172132852,0.00461119918185463,0.926,0.00730209483083249,0.0140282397165228,3.44040404040404e-05,-0.000262817650186073,20,100,"db0d66294d044490cbadb649dbee01d0",TRUE,29,29,29,0.500229879603215,0.302237463891243,0.649429006733088,6.68047069009406,0,0,0,1
"2018","education","rook","mean_rank",0.5,0.8,"both",8,"Incidence-Guided Saturation Regions",20,20,TRUE,0.0758187793040827,0.000155008770390924,0.000119002820879128,3.60059495117962e-05,0.012450251820382,0.00600049577216718,0.0936392214953522,0.0971849578163576,0.097906973553981,0.00243929109455112,0.00278396094073646,7.98798996049669e-05,0.767716694861904,0.087229678226426,0.100218800736972,0.0922597068189384,0.110761523503976,0,0.2,TRUE,FALSE,2000,2000,2000,0,0,0,FALSE,0.0367186199288564,0.273237866925073,0.00525156618242796,0.934,0.0086767134978661,0.0340565321534429,3.08686868686869e-05,-6.57947900053178e-05,20,100,"05eeeb68766c6bb6b4fe375da5099d24",TRUE,29,29,29,0.537685007739484,0.339197472631002,0.640068882352904,2.64476482586902,0,0,0,1
"2019","education","rook","mean_rank",0.5,0.8,"both",8,"Incidence-Guided Saturation Regions",20,20,TRUE,0.0823433346180037,8.43354952336174e-05,0.0001297761728666,-4.54406776329825e-05,0.0091834359165629,NA,0.092881347852264,0.100141351843664,0.105661179086733,0.00254731400564006,0.00205347869764477,-9.79258649021896e-05,1.5388084519704,0.099677453971166,0.107168031426811,0.102572612254331,0.112180790508504,0,-0.311278195488722,TRUE,FALSE,2000,2000,2000,0,0,0,FALSE,0.0249380075165889,0.283584404794214,0.00533607385729679,0.923,0.00558321708010384,0.0438545319837686,3.56212121212121e-05,-0.000142950558213718,20,100,"1a605792a0e5b7327695741c140e9ba5",TRUE,29,29,29,0.451043992745455,0.327350204182961,0.595448324847129,7.61714769506733,0,0,0,1
"2020","education","rook","mean_rank",0.5,0.8,"both",8,"Incidence-Guided Saturation Regions",20,20,TRUE,0.0810550529750616,0.000100699547016881,0.000135251756215839,-3.45522091989583e-05,0.0100349163931186,NA,0.0939244426855561,0.0979847071219677,0.101841751042378,0.00260049760830345,0.00224387552035402,2.35504402817358e-05,1.34312179371736,0.10112005707083,0.0916714921111964,0.106257408839136,0.0985224889338953,0,0.171428571428571,TRUE,FALSE,2000,2000,2000,0,0,0,FALSE,0.0276833514752548,0.282315726196485,0.00417385345113827,0.937,0.00471474087412082,0.0367815676285442,2.96464646464647e-05,-0.000244508240297715,20,100,"a788d716113f2234fc249b765f36b2c1",TRUE,29,29,29,0.500534397767798,0.363794063343364,0.602045321626927,2.39294646696487,0,0,0,1
"2021","education","rook","mean_rank",0.5,0.8,"both",8,"Incidence-Guided Saturation Regions",20,20,TRUE,0.0739335454857357,0.000133800754981564,0.00011835435669516,1.5446398286404e-05,0.011567227627291,0.00393019061705714,0.0883642167660417,0.0955763991917002,0.10100393845527,0.00243263598484402,0.00258651072858363,1.05386519523891e-05,0.884556718020521,0.0969240404925172,0.0938880252312613,0.102254174738907,0.100078883017923,0.333333333333333,0.0180451127819549,TRUE,FALSE,2000,2000,2000,0,0,0,FALSE,0.0349842647419453,0.271192625528013,0.00540345893118959,0.9355,0.00780118347236093,0.0197003894621014,3.01944444444445e-05,-1.99415204678378e-05,20,100,"95310ae74d6e94080c7823d71cd861e4",TRUE,29,29,29,0.500229879603215,0.302237463891243,0.649429006733088,6.68047069009406,0,0,0,1
"2018","education","rook","mean_rank",0,0.5,"control_only",8,"Incidence-Guided Saturation Regions",20,20,TRUE,0.237762092147406,0.00380058630979022,0.00114673980801372,0.00265384650177649,0.0616488954466357,0.0515154976854198,0.30660429020743,0.347806839806415,0.361258648442548,0.00757211928066946,0.0137851120956455,0.00289102855035749,0.301727079598153,0.321860711759311,0.295324407500479,0.367473479803169,0.36789554479732,0.333333333333333,0.565413533834586,TRUE,FALSE,2000,2000,2000,0,0,0,FALSE,0.0579785952047355,0.487061368507006,0.00708129485631726,0.9185,0.0108562211416805,0.0230936236976457,3.73257575757576e-05,0.000256379585326953,20,100,"db82d03fdc9e5cdab64bf92773ad2699",FALSE,29,29,29,0.537685007739484,0.339197472631002,0.640068882352904,2.64476482586902,0,0,0,1
"2019","education","rook","mean_rank",0,0.5,"control_only",8,"Incidence-Guided Saturation Regions",20,20,TRUE,0.205281555321638,0.00354758715946875,0.000965792837396621,0.00258179432207213,0.0595616248894265,0.0508113601675071,0.293539099057387,0.337153375801359,0.342861555584413,0.00694907489309412,0.0133183842103101,0.00272951320922597,0.272239354237951,0.253384757086639,0.294254615965601,0.33148010587582,0.371632786006328,0.333333333333333,0.790977443609023,TRUE,FALSE,2000,2000,2000,0,0,0,FALSE,0.0648786209235539,0.452403057414543,0.00545797340449828,0.922,0.0111472895632126,0.024759421713993,3.60353535353535e-05,-0.000124917597022861,20,100,"1949921d4549b2df96ca7a7f3ca1eb9f",FALSE,29,29,29,0.451043992745455,0.327350204182961,0.595448324847129,7.61714769506733,0,0,0,1
"2020","education","rook","mean_rank",0,0.5,"control_only",8,"Incidence-Guided Saturation Regions",20,20,TRUE,0.214881039006337,0.00256614043598693,0.000937980174759602,0.00162816026122732,0.0506570867301597,0.0403504679183194,0.257566966126243,0.317767925259569,0.375475251812372,0.00684828509467736,0.011327268947074,0.00214997012339094,0.365521762412375,0.269248107277648,0.253865907848252,0.363716620802455,0.291093035986903,0.333333333333333,0.675187969924812,TRUE,FALSE,2000,2000,2000,0,0,0,FALSE,0.052714138946154,0.462174267654737,0.00473508739429157,0.922,0.010600053475175,0.0357209367758466,3.61060606060606e-05,-0.000273700159489635,20,100,"b1ef175ee4256000e3818e2c1a2081a4",FALSE,29,29,29,0.500534397767798,0.363794063343364,0.602045321626927,2.39294646696487,0,0,0,1
"2021","education","rook","mean_rank",0,0.5,"control_only",8,"Incidence-Guided Saturation Regions",20,20,TRUE,0.232503574441245,0.00291885220093394,0.00109591635882752,0.00182293584210642,0.0540264028131981,0.0426958527506645,0.300399556999141,0.335404133101734,0.341549409814869,0.00740241973555783,0.0120806709270097,0.00102293725089911,0.375461408589603,0.295325002344891,0.328267114445519,0.315247047261084,0.416612534547831,0,0.257142857142857,TRUE,FALSE,2000,2000,2000,0,0,0,FALSE,0.0519590761391179,0.481805478416758,0.00548202805346227,0.927,0.00917263793620985,0.0191586901651415,3.38888888888889e-05,-7.67251461988318e-05,20,100,"d5a480b6f45d8d14a1f3423b3a5bf387",FALSE,29,29,29,0.500229879603215,0.302237463891243,0.649429006733088,6.68047069009406,0,0,0,1
"2018","education","rook","mean_rank",0.5,0.5,"control_only",8,"Incidence-Guided Saturation Regions",20,20,TRUE,0.247585364130175,0.00191498502489319,0.00119756393110387,0.00071742109378932,0.0437605418715673,0.0267847175417125,0.291775575008111,0.315477356564753,0.336825915905051,0.00773810031953539,0.00978515463570503,0.00100618045520775,0.625364645434064,0.28522474692479,0.323898881998322,0.308485055947252,0.381784087914877,0,0.407518796992481,TRUE,FALSE,2000,2000,2000,0,0,0,FALSE,0.039522346848258,0.493805611167958,0.00587030887737514,0.9305,0.0144472832863999,0.0611668415827959,3.23308080808081e-05,4.25943646996267e-05,20,100,"0857ccf292caa532766517ef4f2bb904",TRUE,29,29,29,0.537685007739484,0.339197472631002,0.640068882352904,2.64476482586902,0,0,0,1
"2019","education","rook","mean_rank",0.5,0.5,"control_only",8,"Incidence-Guided Saturation Regions",20,20,TRUE,0.218490366745247,0.00248600874899995,0.00108547780071966,0.00140053094828029,0.0498598911851996,0.0374236682900045,0.277008006403244,0.321176208114556,0.336434755260791,0.00736708151413998,0.0111490106040849,0.00143739747737238,0.436634746823122,0.280824115376583,0.30399701729342,0.340158904648345,0.329536772576298,0.333333333333333,0.300751879699248,TRUE,FALSE,2000,2000,2000,0,0,0,FALSE,0.0510274698613339,0.462941297319847,0.00463964608450619,0.929,0.0118332295746754,0.0646198265322941,3.31060606060606e-05,-0.00023159489633174,20,100,"a8089328cca5cc3fc2ab5541ac9e42d9",FALSE,29,29,29,0.451043992745455,0.327350204182961,0.595448324847129,7.61714769506733,0,0,0,1
"2020","education","rook","mean_rank",0.5,0.5,"control_only",8,"Incidence-Guided Saturation Regions",20,20,TRUE,0.229710326796747,0.00132137849582478,0.00116605700059547,0.000155321495229312,0.0363507702232674,0.012462804468871,0.266613504888543,0.298397240036695,0.328384675560068,0.00763563029682381,0.00812827932537011,0.000670879081405621,0.882454954640107,0.279576896871378,0.261527940624707,0.34371096463103,0.275549723475794,0,0.42406015037594,TRUE,FALSE,2000,2000,2000,0,0,0,FALSE,0.0353849103726285,0.47293458048504,0.00634117704498064,0.924,0.0086420433042558,0.0777380819044733,3.50808080808081e-05,0.000102594364699627,20,100,"bfa6401655bd98ba1120679faccbbbf5",TRUE,29,29,29,0.500534397767798,0.363794063343364,0.602045321626927,2.39294646696487,0,0,0,1
"2021","education","rook","mean_rank",0.5,0.5,"control_only",8,"Incidence-Guided Saturation Regions",20,20,TRUE,0.251723673520842,0.00360587340398881,0.0014362570181886,0.00216961638580022,0.0600489250860398,0.0465791411020021,0.293738291104435,0.370500842592442,0.432877333130362,0.00847424633282688,0.0134273478468177,0.00240292284573627,0.398310438907758,0.320482513626395,0.327129601771564,0.407203358423377,0.360056284015924,0.333333333333333,0.43609022556391,TRUE,FALSE,2000,2000,2000,0,0,0,FALSE,0.0533416172543899,0.497807328247412,0.00617614255357705,0.9295,0.0121890345002106,0.0625422854076726,3.2729797979798e-05,0.000108298777246144,20,100,"119757b02d12eba73df6b1e21eeb28ce",FALSE,29,29,29,0.500229879603215,0.302237463891243,0.649429006733088,6.68047069009406,0,0,0,1
"2018","education","rook","mean_rank",0,0.8,"control_only",8,"Incidence-Guided Saturation Regions",20,20,TRUE,0.227656418793111,0.00355435837374775,0.00105051562024753,0.00250384275350022,0.0596184398801894,0.0500384127795859,0.294030046887035,0.331497438231052,0.35207707277488,0.00724746721361171,0.0133310884284588,0.00255300146649169,0.29555703443034,0.301220404523497,0.319653635029983,0.325163041146987,0.380912916726782,0,0.628571428571429,TRUE,FALSE,2000,2000,2000,0,0,0,FALSE,0.05855792908951,0.476952481295348,0.00727197214979323,0.9305,0.0119021823426506,0.0131434158163568,3.21540404040404e-05,0.000414550770866559,20,100,"080e2e4041884dcba025f0a4f15d1687",FALSE,29,29,29,0.537685007739484,0.339197472631002,0.640068882352904,2.64476482586902,0,0,0,1
"2019","education","rook","mean_rank",0,0.8,"control_only",8,"Incidence-Guided Saturation Regions",20,20,TRUE,0.19275707079054,0.00263895233737497,0.000824380415376321,0.00181457192199865,0.0513707342499109,0.0425977924545234,0.279448234712742,0.287368312601866,0.293243276678614,0.00642020410647637,0.0114868453836878,0.00227700630140693,0.31238927801036,0.279901110363392,0.256354912311274,0.305774630101037,0.286308295875786,0.333333333333333,0.729323308270677,TRUE,FALSE,2000,2000,2000,0,0,0,FALSE,0.0595923425095518,0.43754004690831,0.00632039305906307,0.929,0.00828136125886544,0.0362736563088645,3.29292929292929e-05,0.000140361509835193,20,100,"e4d133413df5c1f00518e9c6e528800a",FALSE,29,29,29,0.451043992745455,0.327350204182961,0.595448324847129,7.61714769506733,0,0,0,1
"2020","education","rook","mean_rank",0,0.8,"control_only",8,"Incidence-Guided Saturation Regions",20,20,TRUE,0.204208169261483,0.00190430455244222,0.000920423623129565,0.000983880929312654,0.0436383381035784,0.031366876307861,0.272961055208216,0.284146863159643,0.286615603632881,0.00678389129898749,0.00975782904247205,0.00118597124831246,0.483338456524271,0.279869324990605,0.267040281615121,0.298853882631327,0.285166832394714,0.333333333333333,0.395488721804511,TRUE,FALSE,2000,2000,2000,0,0,0,FALSE,0.0477837349884735,0.450007241779668,0.00604370050461418,0.924,0.0108667460558673,0.0412510800748131,3.51161616161616e-05,2.82030834662403e-05,20,100,"459300baa8fce7c32714c0ff2705a5f7",TRUE,29,29,29,0.500534397767798,0.363794063343364,0.602045321626927,2.39294646696487,0,0,0,1
"2021","education","rook","mean_rank",0,0.8,"control_only",8,"Incidence-Guided Saturation Regions",20,20,TRUE,0.248895323168518,0.00342391209906994,0.00131798722365102,0.00210592487541891,0.058514204250506,0.0458903571071191,0.312641221298797,0.342279075529388,0.357598221171188,0.00811784215063038,0.0130841738353439,0.00204644159364434,0.384936057210417,0.319469491405636,0.338913739003757,0.333399724374569,0.401411823063446,0,0.425563909774436,TRUE,FALSE,2000,2000,2000,0,0,0,FALSE,0.0525689822885303,0.497947786772943,0.00769483764063865,0.915,0.00874172018053195,0.0307135933496231,3.87121212121212e-05,0.000409968102073365,20,100,"f032bb647ae3a551ceb8b1644440e477",FALSE,29,29,29,0.500229879603215,0.302237463891243,0.649429006733088,6.68047069009406,0,0,0,1
"2018","education","rook","mean_rank",0.5,0.8,"control_only",8,"Incidence-Guided Saturation Regions",20,20,TRUE,0.257583410081051,0.00320713701050782,0.00138529178245798,0.00182184522804983,0.0566315902170142,0.0426830789429469,0.335933474451281,0.355677330006109,0.360918744959928,0.00832253501782355,0.0126632085399156,0.00211477222568991,0.431940318707693,0.370683454696886,0.316695945303042,0.395812821016308,0.343544901063413,0,0.496240601503759,TRUE,FALSE,2000,2000,2000,0,0,0,FALSE,0.0491615843424504,0.504987880011322,0.00634428877022476,0.9195,0.0104451746095787,0.050701588956574,3.69974747474747e-05,6.50505050505039e-05,20,100,"a90512f722d07bf8baceae67f9b1d8c8",TRUE,29,29,29,0.537685007739484,0.339197472631002,0.640068882352904,2.64476482586902,0,0,0,1
"2019","education","rook","mean_rank",0.5,0.8,"control_only",8,"Incidence-Guided Saturation Regions",20,20,TRUE,0.228930371229957,0.0029649532221188,0.00116992348582693,0.00179502973629186,0.0544513840239052,0.0423677912604831,0.269324059237832,0.347797139775424,0.368287739436496,0.00764827917190179,0.0121756996146398,0.00160356438081885,0.394584129388351,0.355314386366978,0.289014802351335,0.371171331640354,0.340017520679597,0.333333333333333,0.360902255639098,TRUE,FALSE,2000,2000,2000,0,0,0,FALSE,0.0531851652064526,0.472057928871401,0.00567079313119797,0.933,0.0107715756560109,0.0780492345868965,3.12626262626263e-05,1.79053694843157e-05,20,100,"2f4087984c8ee6f38438bfc1d326592c",FALSE,29,29,29,0.451043992745455,0.327350204182961,0.595448324847129,7.61714769506733,0,0,0,1
"2020","education","rook","mean_rank",0.5,0.8,"control_only",8,"Incidence-Guided Saturation Regions",20,20,TRUE,0.230250652038234,0.00308321647710333,0.00131116834390496,0.00177204813319836,0.0555267185875712,0.0420957020751331,0.302564602231042,0.341586559694566,0.348272614575259,0.00809681525016153,0.012416151732931,0.00196546590018879,0.425259904272697,0.307188013658447,0.321978248915932,0.339994700734306,0.388746767050689,0.333333333333333,0.493233082706767,TRUE,FALSE,2000,2000,2000,0,0,0,FALSE,0.0539245019417765,0.474709033361498,0.00603062360395934,0.923,0.00981869327099085,0.0700141820149767,3.55454545454546e-05,1.64593301435394e-05,20,100,"93308e54fb42b1cce01136ee9c2e3e20",FALSE,29,29,29,0.500534397767798,0.363794063343364,0.602045321626927,2.39294646696487,0,0,0,1
"2021","education","rook","mean_rank",0.5,0.8,"control_only",8,"Incidence-Guided Saturation Regions",20,20,TRUE,0.261639551482504,0.003255050242406,0.00146849351027298,0.00178655673213302,0.0570530476171606,0.0422676795215094,0.331642290976082,0.35339992732237,0.367797482918183,0.00856881996039413,0.0127574492795504,0.00112920251477052,0.451143116361708,0.352982544702997,0.377937467163667,0.398309350136598,0.406172080364851,0,0.287218045112782,TRUE,FALSE,2000,2000,2000,0,0,0,FALSE,0.0487596359467214,0.509883395168768,0.00535576423363797,0.925,0.0100280231752834,0.040724376160644,3.47626262626263e-05,-0.00012156831472621,20,100,"58e1ba02384e809044fa14d74b2be37f",TRUE,29,29,29,0.500229879603215,0.302237463891243,0.649429006733088,6.68047069009406,0,0,0,1
"2018","education","rook","mean_rank",0,0.5,"both",9,"Simple Random Sampling",20,20,TRUE,0.0706499906639299,0.000136758536134536,0.000104390448526193,3.23680876083438e-05,0.0116943805365883,0.00568929587983819,0.081617420482567,0.0971239842977581,0.108376117845476,0.00228462741520573,0.0026149429834562,6.85562431303727e-05,0.763319434945533,0.0760256045717875,0.090443809071698,0.0964980675902248,0.104917160680022,0.333333333333333,0.081203007518797,TRUE,FALSE,2000,2000,2000,0,0,0,FALSE,0.0370126444304153,0.265566918556992,0.00508351308281565,0.933,0.00559115956460281,0.0111446144874581,3.13232323232323e-05,-0.00010962254120149,20,100,"a5a19cf8f5f3d8f9930a7b4328bbda3d",TRUE,29,29,29,0.50144857392201,0.360254989648085,0.652908127625446,-0.107516239591468,0,0,0,4
"2019","education","rook","mean_rank",0,0.5,"both",9,"Simple Random Sampling",20,20,TRUE,0.0706499906639299,0.000136758536134536,0.000104390448526193,3.23680876083438e-05,0.0116943805365883,0.00568929587983819,0.081617420482567,0.0971239842977581,0.108376117845476,0.00228462741520573,0.0026149429834562,6.85562431303727e-05,0.763319434945533,0.0760256045717875,0.090443809071698,0.0964980675902248,0.104917160680022,0.333333333333333,0.081203007518797,TRUE,FALSE,2000,2000,2000,0,0,0,FALSE,0.0370126444304153,0.265566918556992,0.00508351308281565,0.933,0.00559115956460281,0.0111446144874581,3.13232323232323e-05,-0.00010962254120149,20,100,"a5a19cf8f5f3d8f9930a7b4328bbda3d",TRUE,29,29,29,0.501163347622588,0.359124884492752,0.65348389919869,1.04933655804423,0,0,0,4
"2020","education","rook","mean_rank",0,0.5,"both",9,"Simple Random Sampling",20,20,TRUE,0.0706499906639299,0.000136758536134536,0.000104390448526193,3.23680876083438e-05,0.0116943805365883,0.00568929587983819,0.081617420482567,0.0971239842977581,0.108376117845476,0.00228462741520573,0.0026149429834562,6.85562431303727e-05,0.763319434945533,0.0760256045717875,0.090443809071698,0.0964980675902248,0.104917160680022,0.333333333333333,0.081203007518797,TRUE,FALSE,2000,2000,2000,0,0,0,FALSE,0.0370126444304153,0.265566918556992,0.00508351308281565,0.933,0.00559115956460281,0.0111446144874581,3.13232323232323e-05,-0.00010962254120149,20,100,"a5a19cf8f5f3d8f9930a7b4328bbda3d",TRUE,29,29,29,0.500779817315868,0.35807772927864,0.654554441626228,0.107552222270608,0,0,0,4
"2021","education","rook","mean_rank",0,0.5,"both",9,"Simple Random Sampling",20,20,TRUE,0.0706499906639299,0.000136758536134536,0.000104390448526193,3.23680876083438e-05,0.0116943805365883,0.00568929587983819,0.081617420482567,0.0971239842977581,0.108376117845476,0.00228462741520573,0.0026149429834562,6.85562431303727e-05,0.763319434945533,0.0760256045717875,0.090443809071698,0.0964980675902248,0.104917160680022,0.333333333333333,0.081203007518797,TRUE,FALSE,2000,2000,2000,0,0,0,FALSE,0.0370126444304153,0.265566918556992,0.00508351308281565,0.933,0.00559115956460281,0.0111446144874581,3.13232323232323e-05,-0.00010962254120149,20,100,"a5a19cf8f5f3d8f9930a7b4328bbda3d",TRUE,29,29,29,0.501041131639826,0.357471786519634,0.655698548817865,-1.00481461867105,0,0,0,4
"2018","education","rook","mean_rank",0.5,0.5,"both",9,"Simple Random Sampling",20,20,TRUE,0.0767029741185198,9.27907946755799e-05,0.000115912918336843,-2.31221236612636e-05,0.00963279786331987,NA,0.0864185531962382,0.0950633703345859,0.102153852249343,0.00240741477872887,0.0021539590835898,-5.84206994130493e-05,1.24918553335063,0.099410239410113,0.0935039564041044,0.108513930228884,0.101920687383827,0.333333333333333,-0.24812030075188,TRUE,FALSE,2000,2000,2000,0,0,0,FALSE,0.0280818196209908,0.276514081812859,0.00616761491049907,0.9315,0.00580430334230137,0.0155864260724381,3.18611111111111e-05,0.000123567251461988,20,100,"c21dac49dd0999c681ed075602d023c8",TRUE,29,29,29,0.50144857392201,0.360254989648085,0.652908127625446,-0.107516239591468,0,0,0,4
"2019","education","rook","mean_rank",0.5,0.5,"both",9,"Simple Random Sampling",20,20,TRUE,0.0767029741185198,9.27907946755799e-05,0.000115912918336843,-2.31221236612636e-05,0.00963279786331987,NA,0.0864185531962382,0.0950633703345859,0.102153852249343,0.00240741477872887,0.0021539590835898,-5.84206994130493e-05,1.24918553335063,0.099410239410113,0.0935039564041044,0.108513930228884,0.101920687383827,0.333333333333333,-0.24812030075188,TRUE,FALSE,2000,2000,2000,0,0,0,FALSE,0.0280818196209908,0.276514081812859,0.00616761491049907,0.9315,0.00580430334230137,0.0155864260724381,3.18611111111111e-05,0.000123567251461988,20,100,"c21dac49dd0999c681ed075602d023c8",TRUE,29,29,29,0.501163347622588,0.359124884492752,0.65348389919869,1.04933655804423,0,0,0,4
"2020","education","rook","mean_rank",0.5,0.5,"both",9,"Simple Random Sampling",20,20,TRUE,0.0767029741185198,9.27907946755799e-05,0.000115912918336843,-2.31221236612636e-05,0.00963279786331987,NA,0.0864185531962382,0.0950633703345859,0.102153852249343,0.00240741477872887,0.0021539590835898,-5.84206994130493e-05,1.24918553335063,0.099410239410113,0.0935039564041044,0.108513930228884,0.101920687383827,0.333333333333333,-0.24812030075188,TRUE,FALSE,2000,2000,2000,0,0,0,FALSE,0.0280818196209908,0.276514081812859,0.00616761491049907,0.9315,0.00580430334230137,0.0155864260724381,3.18611111111111e-05,0.000123567251461988,20,100,"c21dac49dd0999c681ed075602d023c8",TRUE,29,29,29,0.500779817315868,0.35807772927864,0.654554441626228,0.107552222270608,0,0,0,4
"2021","education","rook","mean_rank",0.5,0.5,"both",9,"Simple Random Sampling",20,20,TRUE,0.0767029741185198,9.27907946755799e-05,0.000115912918336843,-2.31221236612636e-05,0.00963279786331987,NA,0.0864185531962382,0.0950633703345859,0.102153852249343,0.00240741477872887,0.0021539590835898,-5.84206994130493e-05,1.24918553335063,0.099410239410113,0.0935039564041044,0.108513930228884,0.101920687383827,0.333333333333333,-0.24812030075188,TRUE,FALSE,2000,2000,2000,0,0,0,FALSE,0.0280818196209908,0.276514081812859,0.00616761491049907,0.9315,0.00580430334230137,0.0155864260724381,3.18611111111111e-05,0.000123567251461988,20,100,"c21dac49dd0999c681ed075602d023c8",TRUE,29,29,29,0.501041131639826,0.357471786519634,0.655698548817865,-1.00481461867105,0,0,0,4
"2018","education","rook","mean_rank",0,0.8,"both",9,"Simple Random Sampling",20,20,TRUE,0.0760183504464343,0.000166975258130488,0.000118386144249143,4.85891138813449e-05,0.0129218906561884,0.00697058920618228,0.0927709269506198,0.0966296209979146,0.0995807184616138,0.00243296264099085,0.00288942259050566,3.8906751562466e-05,0.709004109798271,0.0932619288360102,0.0946931194300897,0.107171926023908,0.114485624313698,0,0.219548872180451,TRUE,FALSE,2000,2000,2000,0,0,0,FALSE,0.0380095407692602,0.275304409803421,0.00695474090478082,0.929,0.00640738619949155,0.0150277206929234,3.28484848484848e-05,0.000310398724082934,20,100,"672d9bc55df36c8e0200c9eead36f4f9",TRUE,29,29,29,0.50144857392201,0.360254989648085,0.652908127625446,-0.107516239591468,0,0,0,4
"2019","education","rook","mean_rank",0,0.8,"both",9,"Simple Random Sampling",20,20,TRUE,0.0760183504464343,0.000166975258130488,0.000118386144249143,4.85891138813449e-05,0.0129218906561884,0.00697058920618228,0.0927709269506198,0.0966296209979146,0.0995807184616138,0.00243296264099085,0.00288942259050566,3.8906751562466e-05,0.709004109798271,0.0932619288360102,0.0946931194300897,0.107171926023908,0.114485624313698,0,0.219548872180451,TRUE,FALSE,2000,2000,2000,0,0,0,FALSE,0.0380095407692602,0.275304409803421,0.00695474090478082,0.929,0.00640738619949155,0.0150277206929234,3.28484848484848e-05,0.000310398724082934,20,100,"672d9bc55df36c8e0200c9eead36f4f9",TRUE,29,29,29,0.501163347622588,0.359124884492752,0.65348389919869,1.04933655804423,0,0,0,4
"2020","education","rook","mean_rank",0,0.8,"both",9,"Simple Random Sampling",20,20,TRUE,0.0760183504464343,0.000166975258130488,0.000118386144249143,4.85891138813449e-05,0.0129218906561884,0.00697058920618228,0.0927709269506198,0.0966296209979146,0.0995807184616138,0.00243296264099085,0.00288942259050566,3.8906751562466e-05,0.709004109798271,0.0932619288360102,0.0946931194300897,0.107171926023908,0.114485624313698,0,0.219548872180451,TRUE,FALSE,2000,2000,2000,0,0,0,FALSE,0.0380095407692602,0.275304409803421,0.00695474090478082,0.929,0.00640738619949155,0.0150277206929234,3.28484848484848e-05,0.000310398724082934,20,100,"672d9bc55df36c8e0200c9eead36f4f9",TRUE,29,29,29,0.500779817315868,0.35807772927864,0.654554441626228,0.107552222270608,0,0,0,4
"2021","education","rook","mean_rank",0,0.8,"both",9,"Simple Random Sampling",20,20,TRUE,0.0760183504464343,0.000166975258130488,0.000118386144249143,4.85891138813449e-05,0.0129218906561884,0.00697058920618228,0.0927709269506198,0.0966296209979146,0.0995807184616138,0.00243296264099085,0.00288942259050566,3.8906751562466e-05,0.709004109798271,0.0932619288360102,0.0946931194300897,0.107171926023908,0.114485624313698,0,0.219548872180451,TRUE,FALSE,2000,2000,2000,0,0,0,FALSE,0.0380095407692602,0.275304409803421,0.00695474090478082,0.929,0.00640738619949155,0.0150277206929234,3.28484848484848e-05,0.000310398724082934,20,100,"672d9bc55df36c8e0200c9eead36f4f9",TRUE,29,29,29,0.501041131639826,0.357471786519634,0.655698548817865,-1.00481461867105,0,0,0,4
"2018","education","rook","mean_rank",0.5,0.8,"both",9,"Simple Random Sampling",20,20,TRUE,0.0807437506082046,0.000126032039400125,0.000129812270959627,-3.78023155950106e-06,0.0112263992179205,NA,0.0935955663686819,0.0981773276537767,0.102408923251984,0.00254766825705022,0.00251029917938207,3.52068570189371e-05,1.0299942108173,0.10082308532505,0.0974119644548315,0.104379894683565,0.103500380258239,0,0.177443609022556,TRUE,FALSE,2000,2000,2000,0,0,0,FALSE,0.0310897024286482,0.282762015691674,0.00515037045167371,0.936,0.00665804430618747,0.0280961401296667,3e-05,-6.94736842105277e-05,20,100,"dd48c3eac82623dd153da00e6e8ca119",TRUE,29,29,29,0.50144857392201,0.360254989648085,0.652908127625446,-0.107516239591468,0,0,0,4
"2019","education","rook","mean_rank",0.5,0.8,"both",9,"Simple Random Sampling",20,20,TRUE,0.0807437506082046,0.000126032039400125,0.000129812270959627,-3.78023155950106e-06,0.0112263992179205,NA,0.0935955663686819,0.0981773276537767,0.102408923251984,0.00254766825705022,0.00251029917938207,3.52068570189371e-05,1.0299942108173,0.10082308532505,0.0974119644548315,0.104379894683565,0.103500380258239,0,0.177443609022556,TRUE,FALSE,2000,2000,2000,0,0,0,FALSE,0.0310897024286482,0.282762015691674,0.00515037045167371,0.936,0.00665804430618747,0.0280961401296667,3e-05,-6.94736842105277e-05,20,100,"dd48c3eac82623dd153da00e6e8ca119",TRUE,29,29,29,0.501163347622588,0.359124884492752,0.65348389919869,1.04933655804423,0,0,0,4
"2020","education","rook","mean_rank",0.5,0.8,"both",9,"Simple Random Sampling",20,20,TRUE,0.0807437506082046,0.000126032039400125,0.000129812270959627,-3.78023155950106e-06,0.0112263992179205,NA,0.0935955663686819,0.0981773276537767,0.102408923251984,0.00254766825705022,0.00251029917938207,3.52068570189371e-05,1.0299942108173,0.10082308532505,0.0974119644548315,0.104379894683565,0.103500380258239,0,0.177443609022556,TRUE,FALSE,2000,2000,2000,0,0,0,FALSE,0.0310897024286482,0.282762015691674,0.00515037045167371,0.936,0.00665804430618747,0.0280961401296667,3e-05,-6.94736842105277e-05,20,100,"dd48c3eac82623dd153da00e6e8ca119",TRUE,29,29,29,0.500779817315868,0.35807772927864,0.654554441626228,0.107552222270608,0,0,0,4
"2021","education","rook","mean_rank",0.5,0.8,"both",9,"Simple Random Sampling",20,20,TRUE,0.0807437506082046,0.000126032039400125,0.000129812270959627,-3.78023155950106e-06,0.0112263992179205,NA,0.0935955663686819,0.0981773276537767,0.102408923251984,0.00254766825705022,0.00251029917938207,3.52068570189371e-05,1.0299942108173,0.10082308532505,0.0974119644548315,0.104379894683565,0.103500380258239,0,0.177443609022556,TRUE,FALSE,2000,2000,2000,0,0,0,FALSE,0.0310897024286482,0.282762015691674,0.00515037045167371,0.936,0.00665804430618747,0.0280961401296667,3e-05,-6.94736842105277e-05,20,100,"dd48c3eac82623dd153da00e6e8ca119",TRUE,29,29,29,0.501041131639826,0.357471786519634,0.655698548817865,-1.00481461867105,0,0,0,4
"2018","education","rook","mean_rank",0,0.5,"control_only",9,"Simple Random Sampling",20,20,TRUE,0.311301128192533,0.0110932924396897,0.00220591190507995,0.00888738053460975,0.105324700045572,0.0942729045622853,0.402409892705155,0.57084805826391,0.609315298095151,0.0105021709781358,0.0235513189011674,0.00947728813748823,0.198850964857612,0.424862959578278,0.414577334426047,0.608986745574025,0.532709370953795,1,0.536842105263158,TRUE,FALSE,2000,2000,2000,0,0,0,FALSE,0.0756544604830388,0.557501794305788,0.00461547739447907,0.9295,0.0114889304315598,0.022200845442454,3.28914141414141e-05,-0.000231775651249336,20,100,"8048dd75648358c8ead75b55486d043f",FALSE,29,29,29,0.50144857392201,0.360254989648085,0.652908127625446,-0.107516239591468,0,0,0,4
"2019","education","rook","mean_rank",0,0.5,"control_only",9,"Simple Random Sampling",20,20,TRUE,0.311301128192533,0.0110932924396897,0.00220591190507995,0.00888738053460975,0.105324700045572,0.0942729045622853,0.402409892705155,0.57084805826391,0.609315298095151,0.0105021709781358,0.0235513189011674,0.00947728813748823,0.198850964857612,0.424862959578278,0.414577334426047,0.608986745574025,0.532709370953795,1,0.536842105263158,TRUE,FALSE,2000,2000,2000,0,0,0,FALSE,0.0756544604830388,0.557501794305788,0.00461547739447907,0.9295,0.0114889304315598,0.022200845442454,3.28914141414141e-05,-0.000231775651249336,20,100,"8048dd75648358c8ead75b55486d043f",FALSE,29,29,29,0.501163347622588,0.359124884492752,0.65348389919869,1.04933655804423,0,0,0,4
"2020","education","rook","mean_rank",0,0.5,"control_only",9,"Simple Random Sampling",20,20,TRUE,0.311301128192533,0.0110932924396897,0.00220591190507995,0.00888738053460975,0.105324700045572,0.0942729045622853,0.402409892705155,0.57084805826391,0.609315298095151,0.0105021709781358,0.0235513189011674,0.00947728813748823,0.198850964857612,0.424862959578278,0.414577334426047,0.608986745574025,0.532709370953795,1,0.536842105263158,TRUE,FALSE,2000,2000,2000,0,0,0,FALSE,0.0756544604830388,0.557501794305788,0.00461547739447907,0.9295,0.0114889304315598,0.022200845442454,3.28914141414141e-05,-0.000231775651249336,20,100,"8048dd75648358c8ead75b55486d043f",FALSE,29,29,29,0.500779817315868,0.35807772927864,0.654554441626228,0.107552222270608,0,0,0,4
"2021","education","rook","mean_rank",0,0.5,"control_only",9,"Simple Random Sampling",20,20,TRUE,0.311301128192533,0.0110932924396897,0.00220591190507995,0.00888738053460975,0.105324700045572,0.0942729045622853,0.402409892705155,0.57084805826391,0.609315298095151,0.0105021709781358,0.0235513189011674,0.00947728813748823,0.198850964857612,0.424862959578278,0.414577334426047,0.608986745574025,0.532709370953795,1,0.536842105263158,TRUE,FALSE,2000,2000,2000,0,0,0,FALSE,0.0756544604830388,0.557501794305788,0.00461547739447907,0.9295,0.0114889304315598,0.022200845442454,3.28914141414141e-05,-0.000231775651249336,20,100,"8048dd75648358c8ead75b55486d043f",FALSE,29,29,29,0.501041131639826,0.357471786519634,0.655698548817865,-1.00481461867105,0,0,0,4
"2018","education","rook","mean_rank",0.5,0.5,"control_only",9,"Simple Random Sampling",20,20,TRUE,0.325952923171958,0.0143698698927085,0.00252598635439332,0.0118438835383152,0.119874392147399,0.108829607820276,0.433817601251158,0.620105086760434,0.707900297888725,0.011238296922562,0.0268047289603052,0.011833688041609,0.175783522972261,0.486368900816908,0.386054777108187,0.561128760088544,0.679081413432324,1,0.532330827067669,TRUE,FALSE,2000,2000,2000,0,0,0,FALSE,0.0822349703124591,0.56780835863113,0.00525657483037846,0.925,0.0132872806651978,0.0595532622161092,3.47727272727273e-05,-0.000142822966507178,20,100,"10eb4fbc386451682792811e54b665fe",FALSE,29,29,29,0.50144857392201,0.360254989648085,0.652908127625446,-0.107516239591468,0,0,0,4
"2019","education","rook","mean_rank",0.5,0.5,"control_only",9,"Simple Random Sampling",20,20,TRUE,0.325952923171958,0.0143698698927085,0.00252598635439332,0.0118438835383152,0.119874392147399,0.108829607820276,0.433817601251158,0.620105086760434,0.707900297888725,0.011238296922562,0.0268047289603052,0.011833688041609,0.175783522972261,0.486368900816908,0.386054777108187,0.561128760088544,0.679081413432324,1,0.532330827067669,TRUE,FALSE,2000,2000,2000,0,0,0,FALSE,0.0822349703124591,0.56780835863113,0.00525657483037846,0.925,0.0132872806651978,0.0595532622161092,3.47727272727273e-05,-0.000142822966507178,20,100,"10eb4fbc386451682792811e54b665fe",FALSE,29,29,29,0.501163347622588,0.359124884492752,0.65348389919869,1.04933655804423,0,0,0,4
"2020","education","rook","mean_rank",0.5,0.5,"control_only",9,"Simple Random Sampling",20,20,TRUE,0.325952923171958,0.0143698698927085,0.00252598635439332,0.0118438835383152,0.119874392147399,0.108829607820276,0.433817601251158,0.620105086760434,0.707900297888725,0.011238296922562,0.0268047289603052,0.011833688041609,0.175783522972261,0.486368900816908,0.386054777108187,0.561128760088544,0.679081413432324,1,0.532330827067669,TRUE,FALSE,2000,2000,2000,0,0,0,FALSE,0.0822349703124591,0.56780835863113,0.00525657483037846,0.925,0.0132872806651978,0.0595532622161092,3.47727272727273e-05,-0.000142822966507178,20,100,"10eb4fbc386451682792811e54b665fe",FALSE,29,29,29,0.500779817315868,0.35807772927864,0.654554441626228,0.107552222270608,0,0,0,4
"2021","education","rook","mean_rank",0.5,0.5,"control_only",9,"Simple Random Sampling",20,20,TRUE,0.325952923171958,0.0143698698927085,0.00252598635439332,0.0118438835383152,0.119874392147399,0.108829607820276,0.433817601251158,0.620105086760434,0.707900297888725,0.011238296922562,0.0268047289603052,0.011833688041609,0.175783522972261,0.486368900816908,0.386054777108187,0.561128760088544,0.679081413432324,1,0.532330827067669,TRUE,FALSE,2000,2000,2000,0,0,0,FALSE,0.0822349703124591,0.56780835863113,0.00525657483037846,0.925,0.0132872806651978,0.0595532622161092,3.47727272727273e-05,-0.000142822966507178,20,100,"10eb4fbc386451682792811e54b665fe",FALSE,29,29,29,0.501041131639826,0.357471786519634,0.655698548817865,-1.00481461867105,0,0,0,4
"2018","education","rook","mean_rank",0,0.8,"control_only",9,"Simple Random Sampling",20,20,TRUE,0.28628961634544,0.00504526537741234,0.00169016227062219,0.00335510310679015,0.0710300315177484,0.0579232518665013,0.392627892735574,0.43523433693801,0.459955422873893,0.00919282946274484,0.0158827978917638,0.00250351053481288,0.334999676764091,0.392998474469291,0.380820940231123,0.468761363312761,0.461096725248373,0,0.28421052631579,TRUE,FALSE,2000,2000,2000,0,0,0,FALSE,0.0554780787878784,0.534308638296529,0.00571701062849421,0.933,0.0145061237592048,0.0283530489921158,3.12575757575758e-05,2.85326953747994e-05,20,100,"06f3e5dbf24e5bd167b93c517f347163",FALSE,29,29,29,0.50144857392201,0.360254989648085,0.652908127625446,-0.107516239591468,0,0,0,4
"2019","education","rook","mean_rank",0,0.8,"control_only",9,"Simple Random Sampling",20,20,TRUE,0.28628961634544,0.00504526537741234,0.00169016227062219,0.00335510310679015,0.0710300315177484,0.0579232518665013,0.392627892735574,0.43523433693801,0.459955422873893,0.00919282946274484,0.0158827978917638,0.00250351053481288,0.334999676764091,0.392998474469291,0.380820940231123,0.468761363312761,0.461096725248373,0,0.28421052631579,TRUE,FALSE,2000,2000,2000,0,0,0,FALSE,0.0554780787878784,0.534308638296529,0.00571701062849421,0.933,0.0145061237592048,0.0283530489921158,3.12575757575758e-05,2.85326953747994e-05,20,100,"06f3e5dbf24e5bd167b93c517f347163",FALSE,29,29,29,0.501163347622588,0.359124884492752,0.65348389919869,1.04933655804423,0,0,0,4
"2020","education","rook","mean_rank",0,0.8,"control_only",9,"Simple Random Sampling",20,20,TRUE,0.28628961634544,0.00504526537741234,0.00169016227062219,0.00335510310679015,0.0710300315177484,0.0579232518665013,0.392627892735574,0.43523433693801,0.459955422873893,0.00919282946274484,0.0158827978917638,0.00250351053481288,0.334999676764091,0.392998474469291,0.380820940231123,0.468761363312761,0.461096725248373,0,0.28421052631579,TRUE,FALSE,2000,2000,2000,0,0,0,FALSE,0.0554780787878784,0.534308638296529,0.00571701062849421,0.933,0.0145061237592048,0.0283530489921158,3.12575757575758e-05,2.85326953747994e-05,20,100,"06f3e5dbf24e5bd167b93c517f347163",FALSE,29,29,29,0.500779817315868,0.35807772927864,0.654554441626228,0.107552222270608,0,0,0,4
"2021","education","rook","mean_rank",0,0.8,"control_only",9,"Simple Random Sampling",20,20,TRUE,0.28628961634544,0.00504526537741234,0.00169016227062219,0.00335510310679015,0.0710300315177484,0.0579232518665013,0.392627892735574,0.43523433693801,0.459955422873893,0.00919282946274484,0.0158827978917638,0.00250351053481288,0.334999676764091,0.392998474469291,0.380820940231123,0.468761363312761,0.461096725248373,0,0.28421052631579,TRUE,FALSE,2000,2000,2000,0,0,0,FALSE,0.0554780787878784,0.534308638296529,0.00571701062849421,0.933,0.0145061237592048,0.0283530489921158,3.12575757575758e-05,2.85326953747994e-05,20,100,"06f3e5dbf24e5bd167b93c517f347163",FALSE,29,29,29,0.501041131639826,0.357471786519634,0.655698548817865,-1.00481461867105,0,0,0,4
"2018","education","rook","mean_rank",0.5,0.8,"control_only",9,"Simple Random Sampling",20,20,TRUE,0.335284500650036,0.00908352146396004,0.00269505925488663,0.00638846220907341,0.0953075100081837,0.0799278562772292,0.452565973635796,0.53618419418087,0.558985464874309,0.0116083143799749,0.021311407114454,0.00720811760493001,0.296697626089133,0.457669430518312,0.491025683474304,0.546286771741276,0.526081616620463,1,0.61203007518797,TRUE,FALSE,2000,2000,2000,0,0,0,FALSE,0.0635621601151749,0.577445835536628,0.00637738603438579,0.9235,0.0142107124054351,0.0429046346149418,3.5290404040404e-05,0.000107612971823497,20,100,"87a87fe5eaa65525ccd6b2a00f9369b6",FALSE,29,29,29,0.50144857392201,0.360254989648085,0.652908127625446,-0.107516239591468,0,0,0,4
"2019","education","rook","mean_rank",0.5,0.8,"control_only",9,"Simple Random Sampling",20,20,TRUE,0.335284500650036,0.00908352146396004,0.00269505925488663,0.00638846220907341,0.0953075100081837,0.0799278562772292,0.452565973635796,0.53618419418087,0.558985464874309,0.0116083143799749,0.021311407114454,0.00720811760493001,0.296697626089133,0.457669430518312,0.491025683474304,0.546286771741276,0.526081616620463,1,0.61203007518797,TRUE,FALSE,2000,2000,2000,0,0,0,FALSE,0.0635621601151749,0.577445835536628,0.00637738603438579,0.9235,0.0142107124054351,0.0429046346149418,3.5290404040404e-05,0.000107612971823497,20,100,"87a87fe5eaa65525ccd6b2a00f9369b6",FALSE,29,29,29,0.501163347622588,0.359124884492752,0.65348389919869,1.04933655804423,0,0,0,4
"2020","education","rook","mean_rank",0.5,0.8,"control_only",9,"Simple Random Sampling",20,20,TRUE,0.335284500650036,0.00908352146396004,0.00269505925488663,0.00638846220907341,0.0953075100081837,0.0799278562772292,0.452565973635796,0.53618419418087,0.558985464874309,0.0116083143799749,0.021311407114454,0.00720811760493001,0.296697626089133,0.457669430518312,0.491025683474304,0.546286771741276,0.526081616620463,1,0.61203007518797,TRUE,FALSE,2000,2000,2000,0,0,0,FALSE,0.0635621601151749,0.577445835536628,0.00637738603438579,0.9235,0.0142107124054351,0.0429046346149418,3.5290404040404e-05,0.000107612971823497,20,100,"87a87fe5eaa65525ccd6b2a00f9369b6",FALSE,29,29,29,0.500779817315868,0.35807772927864,0.654554441626228,0.107552222270608,0,0,0,4
"2021","education","rook","mean_rank",0.5,0.8,"control_only",9,"Simple Random Sampling",20,20,TRUE,0.335284500650036,0.00908352146396004,0.00269505925488663,0.00638846220907341,0.0953075100081837,0.0799278562772292,0.452565973635796,0.53618419418087,0.558985464874309,0.0116083143799749,0.021311407114454,0.00720811760493001,0.296697626089133,0.457669430518312,0.491025683474304,0.546286771741276,0.526081616620463,1,0.61203007518797,TRUE,FALSE,2000,2000,2000,0,0,0,FALSE,0.0635621601151749,0.577445835536628,0.00637738603438579,0.9235,0.0142107124054351,0.0429046346149418,3.5290404040404e-05,0.000107612971823497,20,100,"87a87fe5eaa65525ccd6b2a00f9369b6",FALSE,29,29,29,0.501041131639826,0.357471786519634,0.655698548817865,-1.00481461867105,0,0,0,4
"2018","education","queen","mean_rate",0,0.5,"both",8,"Incidence-Guided Saturation Regions",20,20,TRUE,0.0733156565691377,0.000145845023166619,9.69530198176115e-05,4.88920033490076e-05,0.012076631283873,0.0069922816983448,0.088173660157386,0.0979673168960988,0.0994690652704841,0.00220173817491558,0.00270041684899405,3.08687635598082e-05,0.664767420324302,0.106112708590437,0.0870060089713331,0.113855416744829,0.0937461728261631,0,0.203007518796992,TRUE,FALSE,2000,2000,2000,0,0,0,FALSE,0.0368327445372806,0.270281692206437,0.00577084322945506,0.9335,0.00834815217290709,0.0162315565230922,3.10328282828283e-05,4.539606592238e-05,20,100,"17801674a946f1cca9eb2aedb9678d4b",TRUE,29,29,29,0.499307414002755,0.374521922017049,0.591982487879646,5.21400225230717,0,0,0,4
"2019","education","queen","mean_rate",0,0.5,"both",8,"Incidence-Guided Saturation Regions",20,20,TRUE,0.0701518130654251,0.000115360969766736,0.000103933354247847,1.14276155188887e-05,0.0107406224105838,0.00338047563500888,0.0836830319208411,0.0913650427838342,0.0988918393875312,0.00227962008071353,0.00240167618307231,4.39476842334876e-05,0.900940365341972,0.090297304208121,0.0887165056139058,0.0972159942494499,0.096310920342868,0.333333333333333,0.0616541353383459,TRUE,FALSE,2000,2000,2000,0,0,0,FALSE,0.0342354114330938,0.264711157369767,0.00514397961852391,0.9385,0.00696236051886595,0.00893399291378541,2.88964646464646e-05,-4.87187666135045e-05,20,100,"ae5dad6f795124422973ef6da8837859",TRUE,29,29,29,0.453644347699071,0.326403420895245,0.572667693955006,3.67958405146329,0,0,0,2
"2020","education","queen","mean_rate",0,0.5,"both",8,"Incidence-Guided Saturation Regions",20,20,TRUE,0.0733156565691377,0.000145845023166619,9.69530198176115e-05,4.88920033490076e-05,0.012076631283873,0.0069922816983448,0.088173660157386,0.0979673168960988,0.0994690652704841,0.00220173817491558,0.00270041684899405,3.08687635598082e-05,0.664767420324302,0.106112708590437,0.0870060089713331,0.113855416744829,0.0937461728261631,0,0.203007518796992,TRUE,FALSE,2000,2000,2000,0,0,0,FALSE,0.0368327445372806,0.270281692206437,0.00577084322945506,0.9335,0.00834815217290709,0.0162315565230922,3.10328282828283e-05,4.539606592238e-05,20,100,"17801674a946f1cca9eb2aedb9678d4b",TRUE,29,29,29,0.499733956435708,0.370648699469209,0.593560904234309,8.68469808474463,0,0,0,4
"2021","education","queen","mean_rate",0,0.5,"both",8,"Incidence-Guided Saturation Regions",20,20,TRUE,0.0733156565691377,0.000145845023166619,9.69530198176115e-05,4.88920033490076e-05,0.012076631283873,0.0069922816983448,0.088173660157386,0.0979673168960988,0.0994690652704841,0.00220173817491558,0.00270041684899405,3.08687635598082e-05,0.664767420324302,0.106112708590437,0.0870060089713331,0.113855416744829,0.0937461728261631,0,0.203007518796992,TRUE,FALSE,2000,2000,2000,0,0,0,FALSE,0.0368327445372806,0.270281692206437,0.00577084322945506,0.9335,0.00834815217290709,0.0162315565230922,3.10328282828283e-05,4.539606592238e-05,20,100,"17801674a946f1cca9eb2aedb9678d4b",TRUE,29,29,29,0.4996166973044,0.369662631491983,0.593227404523647,7.40856888236692,0,0,0,4
"2018","education","queen","mean_rate",0.5,0.5,"both",8,"Incidence-Guided Saturation Regions",20,20,TRUE,0.0806876303246317,0.000128423941023508,0.000122710524349961,5.71341667354703e-06,0.0113324287345435,0.00239027543884529,0.0935459460750239,0.0964845596460591,0.0972545531973806,0.0024769994383322,0.00253400810006112,1.32041372583962e-05,0.955511280622503,0.106568651778351,0.0976131188428742,0.110872051303112,0.100376933644692,0,0.108270676691729,TRUE,FALSE,2000,2000,2000,0,0,0,FALSE,0.0314051619791784,0.280715407014382,0.00638563354644421,0.9305,0.00670421093444114,0.0434337494280812,3.2270202020202e-05,0.000170122275385432,20,100,"d697a0bdb129e4856a45596b9e3a6dd0",TRUE,29,29,29,0.499307414002755,0.374521922017049,0.591982487879646,5.21400225230717,0,0,0,4
"2019","education","queen","mean_rate",0.5,0.5,"both",8,"Incidence-Guided Saturation Regions",20,20,TRUE,0.0798226217056482,0.000105248695269057,0.000131050502011072,-2.58018067420147e-05,0.0102590786754492,NA,0.0919655026936215,0.0973341531987331,0.0993309858767591,0.0025597900500927,0.0022939997304823,-4.86426123801587e-05,1.24515084653596,0.0994789876820232,0.107103410235117,0.106958634445486,0.111620068497089,0,-0.0421052631578947,TRUE,FALSE,2000,2000,2000,0,0,0,FALSE,0.0287387169384338,0.281240033144963,0.00473508739429156,0.932,0.00642503431463565,0.0269567331527456,3.17929292929293e-05,-0.000187437533227008,20,100,"c842e9080385005ba13da027b6d580c0",TRUE,29,29,29,0.453644347699071,0.326403420895245,0.572667693955006,3.67958405146329,0,0,0,2
"2020","education","queen","mean_rate",0.5,0.5,"both",8,"Incidence-Guided Saturation Regions",20,20,TRUE,0.0806876303246317,0.000128423941023508,0.000122710524349961,5.71341667354703e-06,0.0113324287345435,0.00239027543884529,0.0935459460750239,0.0964845596460591,0.0972545531973806,0.0024769994383322,0.00253400810006112,1.32041372583962e-05,0.955511280622503,0.106568651778351,0.0976131188428742,0.110872051303112,0.100376933644692,0,0.108270676691729,TRUE,FALSE,2000,2000,2000,0,0,0,FALSE,0.0314051619791784,0.280715407014382,0.00638563354644421,0.9305,0.00670421093444114,0.0434337494280812,3.2270202020202e-05,0.000170122275385432,20,100,"d697a0bdb129e4856a45596b9e3a6dd0",TRUE,29,29,29,0.499733956435708,0.370648699469209,0.593560904234309,8.68469808474463,0,0,0,4
"2021","education","queen","mean_rate",0.5,0.5,"both",8,"Incidence-Guided Saturation Regions",20,20,TRUE,0.0806876303246317,0.000128423941023508,0.000122710524349961,5.71341667354703e-06,0.0113324287345435,0.00239027543884529,0.0935459460750239,0.0964845596460591,0.0972545531973806,0.0024769994383322,0.00253400810006112,1.32041372583962e-05,0.955511280622503,0.106568651778351,0.0976131188428742,0.110872051303112,0.100376933644692,0,0.108270676691729,TRUE,FALSE,2000,2000,2000,0,0,0,FALSE,0.0314051619791784,0.280715407014382,0.00638563354644421,0.9305,0.00670421093444114,0.0434337494280812,3.2270202020202e-05,0.000170122275385432,20,100,"d697a0bdb129e4856a45596b9e3a6dd0",TRUE,29,29,29,0.4996166973044,0.369662631491983,0.593227404523647,7.40856888236692,0,0,0,4
"2018","education","queen","mean_rate",0,0.8,"both",8,"Incidence-Guided Saturation Regions",20,20,TRUE,0.072579616464179,0.00013544218452591,0.00010597678042449,2.946540410142e-05,0.0116379630746068,0.00542820450070003,0.0844694338597918,0.088921070533935,0.0908842446699007,0.00230192072435706,0.00260232765544532,-3.55015408352592e-05,0.78245031852847,0.08922976929133,0.0969770679601431,0.108075735059545,0.103452263645125,0,0.0075187969924812,TRUE,FALSE,2000,2000,2000,0,0,0,FALSE,0.0358548003175199,0.268329517158923,0.00466086732384931,0.9365,0.00672153610544217,0.0240600641195838,2.98257575757576e-05,-0.000162041467304626,20,100,"0809b182e907478d1ff86173f263a4e9",TRUE,29,29,29,0.499307414002755,0.374521922017049,0.591982487879646,5.21400225230717,0,0,0,4
"2019","education","queen","mean_rate",0,0.8,"both",8,"Incidence-Guided Saturation Regions",20,20,TRUE,0.0772620172971103,0.000116229692325697,0.000112162738050491,4.06695427520603e-06,0.0107809875394463,0.0020166691040441,0.0891878348965189,0.0941244345063215,0.0989614887571537,0.0023681505236206,0.00241070210027802,-6.80579279466153e-05,0.965009334587158,0.099818084807535,0.089574332746885,0.105239299918378,0.105254375728115,0,-0.228571428571429,TRUE,FALSE,2000,2000,2000,0,0,0,FALSE,0.0312016458359828,0.277719850998611,0.00510288875875327,0.9305,0.00538627758154707,0.0115629433285701,3.24116161616162e-05,-0.000127442849548114,20,100,"6b71b97cc4e492c578aec24edff31627",TRUE,29,29,29,0.453644347699071,0.326403420895245,0.572667693955006,3.67958405146329,0,0,0,2
"2020","education","queen","mean_rate",0,0.8,"both",8,"Incidence-Guided Saturation Regions",20,20,TRUE,0.072579616464179,0.00013544218452591,0.00010597678042449,2.946540410142e-05,0.0116379630746068,0.00542820450070003,0.0844694338597918,0.088921070533935,0.0908842446699007,0.00230192072435706,0.00260232765544532,-3.55015408352592e-05,0.78245031852847,0.08922976929133,0.0969770679601431,0.108075735059545,0.103452263645125,0,0.0075187969924812,TRUE,FALSE,2000,2000,2000,0,0,0,FALSE,0.0358548003175199,0.268329517158923,0.00466086732384931,0.9365,0.00672153610544217,0.0240600641195838,2.98257575757576e-05,-0.000162041467304626,20,100,"0809b182e907478d1ff86173f263a4e9",TRUE,29,29,29,0.499733956435708,0.370648699469209,0.593560904234309,8.68469808474463,0,0,0,4
"2021","education","queen","mean_rate",0,0.8,"both",8,"Incidence-Guided Saturation Regions",20,20,TRUE,0.072579616464179,0.00013544218452591,0.00010597678042449,2.946540410142e-05,0.0116379630746068,0.00542820450070003,0.0844694338597918,0.088921070533935,0.0908842446699007,0.00230192072435706,0.00260232765544532,-3.55015408352592e-05,0.78245031852847,0.08922976929133,0.0969770679601431,0.108075735059545,0.103452263645125,0,0.0075187969924812,TRUE,FALSE,2000,2000,2000,0,0,0,FALSE,0.0358548003175199,0.268329517158923,0.00466086732384931,0.9365,0.00672153610544217,0.0240600641195838,2.98257575757576e-05,-0.000162041467304626,20,100,"0809b182e907478d1ff86173f263a4e9",TRUE,29,29,29,0.4996166973044,0.369662631491983,0.593227404523647,7.40856888236692,0,0,0,4
"2018","education","queen","mean_rate",0.5,0.8,"both",8,"Incidence-Guided Saturation Regions",20,20,TRUE,0.0814681407278947,9.43502137719156e-05,0.000137516056350803,-4.31658425788877e-05,0.0097134038200785,NA,0.0937545277360362,0.0979891018682875,0.100895867624771,0.0026221752072545,0.00217198312346017,-1.5285968592225e-05,1.45750656891184,0.09697155120976,0.0966556636703088,0.105428305301592,0.10839899752332,0,-0.087218045112782,TRUE,FALSE,2000,2000,2000,0,0,0,FALSE,0.0266605215738829,0.283003187038896,0.00612479860034081,0.9285,0.00696448121789706,0.0371124891879066,3.31691919191919e-05,8.68793195108972e-05,20,100,"fa19259617e12811ddf23f44f67c57f4",TRUE,29,29,29,0.499307414002755,0.374521922017049,0.591982487879646,5.21400225230717,0,0,0,4
"2019","education","queen","mean_rate",0.5,0.8,"both",8,"Incidence-Guided Saturation Regions",20,20,TRUE,0.0824414618885972,0.000244953228472148,0.000134994639506635,0.000109958588965513,0.0156509817095334,0.0104861141022551,0.105221291882466,0.1087299271231,0.11145315748242,0.00259802462946981,0.00349966590171225,0.00012808378373449,0.551103736613883,0.105188385395379,0.102167768767735,0.111086251508556,0.118316977168334,0,0.38796992481203,TRUE,FALSE,2000,2000,2000,0,0,0,FALSE,0.0424503134896047,0.284588512784903,0.00633598744017893,0.9265,0.00613462941252504,0.0380898973413434,3.40075757575758e-05,0.000122743221690589,20,100,"692c96d78e29322dd5fd6e0287c69d65",TRUE,29,29,29,0.453644347699071,0.326403420895245,0.572667693955006,3.67958405146329,0,0,0,2
"2020","education","queen","mean_rate",0.5,0.8,"both",8,"Incidence-Guided Saturation Regions",20,20,TRUE,0.0814681407278947,9.43502137719156e-05,0.000137516056350803,-4.31658425788877e-05,0.0097134038200785,NA,0.0937545277360362,0.0979891018682875,0.100895867624771,0.0026221752072545,0.00217198312346017,-1.5285968592225e-05,1.45750656891184,0.09697155120976,0.0966556636703088,0.105428305301592,0.10839899752332,0,-0.087218045112782,TRUE,FALSE,2000,2000,2000,0,0,0,FALSE,0.0266605215738829,0.283003187038896,0.00612479860034081,0.9285,0.00696448121789706,0.0371124891879066,3.31691919191919e-05,8.68793195108972e-05,20,100,"fa19259617e12811ddf23f44f67c57f4",TRUE,29,29,29,0.499733956435708,0.370648699469209,0.593560904234309,8.68469808474463,0,0,0,4
"2021","education","queen","mean_rate",0.5,0.8,"both",8,"Incidence-Guided Saturation Regions",20,20,TRUE,0.0814681407278947,9.43502137719156e-05,0.000137516056350803,-4.31658425788877e-05,0.0097134038200785,NA,0.0937545277360362,0.0979891018682875,0.100895867624771,0.0026221752072545,0.00217198312346017,-1.5285968592225e-05,1.45750656891184,0.09697155120976,0.0966556636703088,0.105428305301592,0.10839899752332,0,-0.087218045112782,TRUE,FALSE,2000,2000,2000,0,0,0,FALSE,0.0266605215738829,0.283003187038896,0.00612479860034081,0.9285,0.00696448121789706,0.0371124891879066,3.31691919191919e-05,8.68793195108972e-05,20,100,"fa19259617e12811ddf23f44f67c57f4",TRUE,29,29,29,0.4996166973044,0.369662631491983,0.593227404523647,7.40856888236692,0,0,0,4
"2018","education","queen","mean_rate",0,0.5,"control_only",8,"Incidence-Guided Saturation Regions",20,20,TRUE,0.227619517100667,0.00454707103789188,0.00119277248423217,0.00335429855365971,0.0674319734094434,0.057916306457333,0.320017698021375,0.379790588135597,0.407242090282959,0.00772260475562542,0.0150782476400474,0.0037315647325096,0.262316659293971,0.32760391248287,0.352084610665372,0.347892927269265,0.414239086526379,0.333333333333333,0.443609022556391,TRUE,FALSE,2000,2000,2000,0,0,0,FALSE,0.0662432107409262,0.475701184366638,0.00545314974168719,0.925,0.0135591097534239,0.036440366255642,3.47525252525253e-05,-0.000100313662945243,20,100,"b85e8178250f7c0b9a251b7c711b7589",FALSE,29,29,29,0.499307414002755,0.374521922017049,0.591982487879646,5.21400225230717,0,0,0,4
"2019","education","queen","mean_rate",0,0.5,"control_only",8,"Incidence-Guided Saturation Regions",20,20,TRUE,0.197093664347721,0.00206551848294762,0.000806959755271232,0.00125855872767639,0.0454479755648986,0.0354761712657439,0.264365664440321,0.281974739139618,0.292087571240685,0.00635200659347593,0.0101624762802863,0.00118929563208942,0.390681449686013,0.286552854624504,0.213200601221961,0.34840798786836,0.237179155140969,0.333333333333333,0.557894736842105,TRUE,FALSE,2000,2000,2000,0,0,0,FALSE,0.0515616588382933,0.44227546841674,0.00539370978670134,0.9265,0.0108943743420754,0.038549635335163,3.41136363636364e-05,-0.00010043062200957,20,100,"912a2e63a139da1130a9ed80d7012b3c",FALSE,29,29,29,0.453644347699071,0.326403420895245,0.572667693955006,3.67958405146329,0,0,0,2
"2020","education","queen","mean_rate",0,0.5,"control_only",8,"Incidence-Guided Saturation Regions",20,20,TRUE,0.227619517100667,0.00454707103789188,0.00119277248423217,0.00335429855365971,0.0674319734094434,0.057916306457333,0.320017698021375,0.379790588135597,0.407242090282959,0.00772260475562542,0.0150782476400474,0.0037315647325096,0.262316659293971,0.32760391248287,0.352084610665372,0.347892927269265,0.414239086526379,0.333333333333333,0.443609022556391,TRUE,FALSE,2000,2000,2000,0,0,0,FALSE,0.0662432107409262,0.475701184366638,0.00545314974168719,0.925,0.0135591097534239,0.036440366255642,3.47525252525253e-05,-0.000100313662945243,20,100,"b85e8178250f7c0b9a251b7c711b7589",FALSE,29,29,29,0.499733956435708,0.370648699469209,0.593560904234309,8.68469808474463,0,0,0,4
"2021","education","queen","mean_rate",0,0.5,"control_only",8,"Incidence-Guided Saturation Regions",20,20,TRUE,0.227619517100667,0.00454707103789188,0.00119277248423217,0.00335429855365971,0.0674319734094434,0.057916306457333,0.320017698021375,0.379790588135597,0.407242090282959,0.00772260475562542,0.0150782476400474,0.0037315647325096,0.262316659293971,0.32760391248287,0.352084610665372,0.347892927269265,0.414239086526379,0.333333333333333,0.443609022556391,TRUE,FALSE,2000,2000,2000,0,0,0,FALSE,0.0662432107409262,0.475701184366638,0.00545314974168719,0.925,0.0135591097534239,0.036440366255642,3.47525252525253e-05,-0.000100313662945243,20,100,"b85e8178250f7c0b9a251b7c711b7589",FALSE,29,29,29,0.4996166973044,0.369662631491983,0.593227404523647,7.40856888236692,0,0,0,4
"2018","education","queen","mean_rate",0.5,0.5,"control_only",8,"Incidence-Guided Saturation Regions",20,20,TRUE,0.254675473259754,0.00332260086278152,0.0014056052493812,0.00191699561340031,0.0576420060613917,0.0437835084638076,0.288212959065876,0.36615308986749,0.438227331563898,0.0083833324202885,0.0128891443912727,0.0025229262119705,0.423043665920348,0.2957738732651,0.331243376896019,0.38013619197017,0.375198401997276,0.333333333333333,0.443609022556391,TRUE,FALSE,2000,2000,2000,0,0,0,FALSE,0.0506100733859302,0.499165707867403,0.00568816869984485,0.9205,0.0130928704380933,0.0742231052232955,3.66489898989899e-05,-8.58745348219041e-05,20,100,"9b3d6dfbb380acd395ed0d9eff84e5e5",FALSE,29,29,29,0.499307414002755,0.374521922017049,0.591982487879646,5.21400225230717,0,0,0,4
"2019","education","queen","mean_rate",0.5,0.5,"control_only",8,"Incidence-Guided Saturation Regions",20,20,TRUE,0.233597024641206,0.00154267767783469,0.00115525451950399,0.000387423158330699,0.0392769356981256,0.0196830678079079,0.279742293976364,0.290920981176981,0.298752600233315,0.00760017933835773,0.0087825898168897,0.000481315959161697,0.748863185163548,0.281782279128491,0.320202538053836,0.286300463837971,0.331740187848678,0,0.16390977443609,TRUE,FALSE,2000,2000,2000,0,0,0,FALSE,0.0375971818578569,0.478970910826448,0.00577995629194911,0.9255,0.0121812575605502,0.0646830056760576,3.45025252525253e-05,-2.18926103136641e-05,20,100,"07fa190afd20364342fa66a4d142a447",TRUE,29,29,29,0.453644347699071,0.326403420895245,0.572667693955006,3.67958405146329,0,0,0,2
"2020","education","queen","mean_rate",0.5,0.5,"control_only",8,"Incidence-Guided Saturation Regions",20,20,TRUE,0.254675473259754,0.00332260086278152,0.0014056052493812,0.00191699561340031,0.0576420060613917,0.0437835084638076,0.288212959065876,0.36615308986749,0.438227331563898,0.0083833324202885,0.0128891443912727,0.0025229262119705,0.423043665920348,0.2957738732651,0.331243376896019,0.38013619197017,0.375198401997276,0.333333333333333,0.443609022556391,TRUE,FALSE,2000,2000,2000,0,0,0,FALSE,0.0506100733859302,0.499165707867403,0.00568816869984485,0.9205,0.0130928704380933,0.0742231052232955,3.66489898989899e-05,-8.58745348219041e-05,20,100,"9b3d6dfbb380acd395ed0d9eff84e5e5",FALSE,29,29,29,0.499733956435708,0.370648699469209,0.593560904234309,8.68469808474463,0,0,0,4
"2021","education","queen","mean_rate",0.5,0.5,"control_only",8,"Incidence-Guided Saturation Regions",20,20,TRUE,0.254675473259754,0.00332260086278152,0.0014056052493812,0.00191699561340031,0.0576420060613917,0.0437835084638076,0.288212959065876,0.36615308986749,0.438227331563898,0.0083833324202885,0.0128891443912727,0.0025229262119705,0.423043665920348,0.2957738732651,0.331243376896019,0.38013619197017,0.375198401997276,0.333333333333333,0.443609022556391,TRUE,FALSE,2000,2000,2000,0,0,0,FALSE,0.0506100733859302,0.499165707867403,0.00568816869984485,0.9205,0.0130928704380933,0.0742231052232955,3.66489898989899e-05,-8.58745348219041e-05,20,100,"9b3d6dfbb380acd395ed0d9eff84e5e5",FALSE,29,29,29,0.4996166973044,0.369662631491983,0.593227404523647,7.40856888236692,0,0,0,4
"2018","education","queen","mean_rate",0,0.8,"control_only",8,"Incidence-Guided Saturation Regions",20,20,TRUE,0.228363554361425,0.00376769605259723,0.00120072340071255,0.00256697265188468,0.0613815611775819,0.050665300274297,0.273095303865518,0.367854443722437,0.422491311958189,0.00774830110641214,0.0137253343358135,0.00258394052117709,0.318689030099666,0.296901234116901,0.295555494102732,0.390664718571452,0.372578822947339,0.333333333333333,0.406015037593985,TRUE,FALSE,2000,2000,2000,0,0,0,FALSE,0.0601029983711445,0.476826245789518,0.00383885947974957,0.92,0.0110562328380357,0.0316272933982652,3.7030303030303e-05,-0.000445869218500798,20,100,"111dd3b3d841ba8b07d59c3a18e12f83",FALSE,29,29,29,0.499307414002755,0.374521922017049,0.591982487879646,5.21400225230717,0,0,0,4
"2019","education","queen","mean_rate",0,0.8,"control_only",8,"Incidence-Guided Saturation Regions",20,20,TRUE,0.201928424184809,0.00166543928086083,0.000952406087436033,0.000713033193424793,0.0408097939330846,0.0267026813901674,0.24082242263625,0.29095007198569,0.299528085403079,0.00690074665321092,0.00912534733821356,0.000434781536913145,0.571864791698534,0.271354852209634,0.264118812612173,0.325177665529872,0.301481171694312,0,0.109774436090226,TRUE,FALSE,2000,2000,2000,0,0,0,FALSE,0.0451909996081675,0.448684850781926,0.00413425994141126,0.9345,0.0114686229552367,0.024704834822553,3.075e-05,-0.000273157894736844,20,100,"daa23fcb8cb582d335c60dfe186ad1f2",TRUE,29,29,29,0.453644347699071,0.326403420895245,0.572667693955006,3.67958405146329,0,0,0,2
"2020","education","queen","mean_rate",0,0.8,"control_only",8,"Incidence-Guided Saturation Regions",20,20,TRUE,0.228363554361425,0.00376769605259723,0.00120072340071255,0.00256697265188468,0.0613815611775819,0.050665300274297,0.273095303865518,0.367854443722437,0.422491311958189,0.00774830110641214,0.0137253343358135,0.00258394052117709,0.318689030099666,0.296901234116901,0.295555494102732,0.390664718571452,0.372578822947339,0.333333333333333,0.406015037593985,TRUE,FALSE,2000,2000,2000,0,0,0,FALSE,0.0601029983711445,0.476826245789518,0.00383885947974957,0.92,0.0110562328380357,0.0316272933982652,3.7030303030303e-05,-0.000445869218500798,20,100,"111dd3b3d841ba8b07d59c3a18e12f83",FALSE,29,29,29,0.499733956435708,0.370648699469209,0.593560904234309,8.68469808474463,0,0,0,4
"2021","education","queen","mean_rate",0,0.8,"control_only",8,"Incidence-Guided Saturation Regions",20,20,TRUE,0.228363554361425,0.00376769605259723,0.00120072340071255,0.00256697265188468,0.0613815611775819,0.050665300274297,0.273095303865518,0.367854443722437,0.422491311958189,0.00774830110641214,0.0137253343358135,0.00258394052117709,0.318689030099666,0.296901234116901,0.295555494102732,0.390664718571452,0.372578822947339,0.333333333333333,0.406015037593985,TRUE,FALSE,2000,2000,2000,0,0,0,FALSE,0.0601029983711445,0.476826245789518,0.00383885947974957,0.92,0.0110562328380357,0.0316272933982652,3.7030303030303e-05,-0.000445869218500798,20,100,"111dd3b3d841ba8b07d59c3a18e12f83",FALSE,29,29,29,0.4996166973044,0.369662631491983,0.593227404523647,7.40856888236692,0,0,0,4
"2018","education","queen","mean_rate",0.5,0.8,"control_only",8,"Incidence-Guided Saturation Regions",20,20,TRUE,0.250306988296544,0.0056513094427217,0.00144068329065821,0.00421062615206349,0.0751751916706681,0.0648893377379018,0.28140502406307,0.423962127404563,0.518883366280099,0.00848729429988795,0.016809683879719,0.00468380127263847,0.254929110723827,0.302069334492051,0.304794005430665,0.413611241097586,0.448497361658135,0.333333333333333,0.234586466165414,TRUE,FALSE,2000,2000,2000,0,0,0,FALSE,0.0671562707622218,0.496203252073079,0.00727197214979323,0.9205,0.0125370717346077,0.0639477984659685,3.64520202020202e-05,0.000328591174906964,20,100,"249944e2f13e698b8545761f696a16de",FALSE,29,29,29,0.499307414002755,0.374521922017049,0.591982487879646,5.21400225230717,0,0,0,4
"2019","education","queen","mean_rate",0.5,0.8,"control_only",8,"Incidence-Guided Saturation Regions",20,20,TRUE,0.223799808591273,0.00179480904271125,0.00111895814618143,0.000675850896529823,0.0423651866833046,0.0259971324674438,0.2596500075999,0.317144229556197,0.347057850439078,0.00747983337441894,0.0094731437303338,0.000757871556503757,0.623441335291649,0.291020693822039,0.290402295799757,0.312246027281428,0.331813773409305,0.333333333333333,-0.0180451127819549,TRUE,FALSE,2000,2000,2000,0,0,0,FALSE,0.0423286498320231,0.467115719294554,0.00480679343823871,0.929,0.0114869475507525,0.0748512750673286,3.30909090909091e-05,-0.000199712918660288,20,100,"2cf8a2c8bffc6c2c15ab3e6ab2c6f7e3",TRUE,29,29,29,0.453644347699071,0.326403420895245,0.572667693955006,3.67958405146329,0,0,0,2
"2020","education","queen","mean_rate",0.5,0.8,"control_only",8,"Incidence-Guided Saturation Regions",20,20,TRUE,0.250306988296544,0.0056513094427217,0.00144068329065821,0.00421062615206349,0.0751751916706681,0.0648893377379018,0.28140502406307,0.423962127404563,0.518883366280099,0.00848729429988795,0.016809683879719,0.00468380127263847,0.254929110723827,0.302069334492051,0.304794005430665,0.413611241097586,0.448497361658135,0.333333333333333,0.234586466165414,TRUE,FALSE,2000,2000,2000,0,0,0,FALSE,0.0671562707622218,0.496203252073079,0.00727197214979323,0.9205,0.0125370717346077,0.0639477984659685,3.64520202020202e-05,0.000328591174906964,20,100,"249944e2f13e698b8545761f696a16de",FALSE,29,29,29,0.499733956435708,0.370648699469209,0.593560904234309,8.68469808474463,0,0,0,4
"2021","education","queen","mean_rate",0.5,0.8,"control_only",8,"Incidence-Guided Saturation Regions",20,20,TRUE,0.250306988296544,0.0056513094427217,0.00144068329065821,0.00421062615206349,0.0751751916706681,0.0648893377379018,0.28140502406307,0.423962127404563,0.518883366280099,0.00848729429988795,0.016809683879719,0.00468380127263847,0.254929110723827,0.302069334492051,0.304794005430665,0.413611241097586,0.448497361658135,0.333333333333333,0.234586466165414,TRUE,FALSE,2000,2000,2000,0,0,0,FALSE,0.0671562707622218,0.496203252073079,0.00727197214979323,0.9205,0.0125370717346077,0.0639477984659685,3.64520202020202e-05,0.000328591174906964,20,100,"249944e2f13e698b8545761f696a16de",FALSE,29,29,29,0.4996166973044,0.369662631491983,0.593227404523647,7.40856888236692,0,0,0,4
"2018","education","queen","pooled_rate",0,0.5,"both",8,"Incidence-Guided Saturation Regions",20,20,TRUE,0.0737291160979791,0.000151079974222617,0.000112022574138973,3.90574000836433e-05,0.0122914594016584,0.00624959199337391,0.0853611959618798,0.0995117427191501,0.103506129030404,0.00236667038409422,0.00274845387647871,-3.76832239088105e-05,0.741478642125712,0.0933581856787848,0.104609362248012,0.102496014905138,0.111189155852066,0,-0.124812030075188,TRUE,FALSE,2000,2000,2000,0,0,0,FALSE,0.0372777271983875,0.271449170057707,0.0058219186564315,0.936,0.00494440661522343,0.00666814614126257,2.99292929292929e-05,7.93088782562456e-05,20,100,"6e9fac6a6b88ace0278edd179b136b5d",TRUE,29,29,29,0.470571038554808,0.330692243667853,0.623813757666128,-0.232395910442615,0,0,0,2
"2019","education","queen","pooled_rate",0,0.5,"both",8,"Incidence-Guided Saturation Regions",20,20,TRUE,0.0712378059664413,0.000112201919578096,0.000101099414561145,1.11025050169504e-05,0.0105925407517789,0.00333204216914348,0.0862700809310656,0.0895047769473333,0.092388367173566,0.00224832620588234,0.00236856411754143,5.44116880550761e-05,0.901048885271319,0.0938833564615103,0.0834135752650495,0.102181744181327,0.0882965341297495,0,0.33984962406015,TRUE,FALSE,2000,2000,2000,0,0,0,FALSE,0.0332486954842097,0.26686884595209,0.00573424615336387,0.9345,0.00477880582689385,0.00433878170006011,3.05984848484848e-05,4.56618819776704e-05,20,100,"501e6bca0e4f8a01ce55fe6a4d5c2a8c",TRUE,29,29,29,0.488102745655862,0.372175792940799,0.638271265558215,1.44160875327568,0,0,0,2
"2020","education","queen","pooled_rate",0,0.5,"both",8,"Incidence-Guided Saturation Regions",20,20,TRUE,0.0737291160979791,0.000151079974222617,0.000112022574138973,3.90574000836433e-05,0.0122914594016584,0.00624959199337391,0.0853611959618798,0.0995117427191501,0.103506129030404,0.00236667038409422,0.00274845387647871,-3.76832239088105e-05,0.741478642125712,0.0933581856787848,0.104609362248012,0.102496014905138,0.111189155852066,0,-0.124812030075188,TRUE,FALSE,2000,2000,2000,0,0,0,FALSE,0.0372777271983875,0.271449170057707,0.0058219186564315,0.936,0.00494440661522343,0.00666814614126257,2.99292929292929e-05,7.93088782562456e-05,20,100,"6e9fac6a6b88ace0278edd179b136b5d",TRUE,29,29,29,0.469595586616653,0.327911241478347,0.623759709758735,3.33849755386907,0,0,0,2
"2021","education","queen","pooled_rate",0,0.5,"both",8,"Incidence-Guided Saturation Regions",20,20,TRUE,0.0712378059664413,0.000112201919578096,0.000101099414561145,1.11025050169504e-05,0.0105925407517789,0.00333204216914348,0.0862700809310656,0.0895047769473333,0.092388367173566,0.00224832620588234,0.00236856411754143,5.44116880550761e-05,0.901048885271319,0.0938833564615103,0.0834135752650495,0.102181744181327,0.0882965341297495,0,0.33984962406015,TRUE,FALSE,2000,2000,2000,0,0,0,FALSE,0.0332486954842097,0.26686884595209,0.00573424615336387,0.9345,0.00477880582689385,0.00433878170006011,3.05984848484848e-05,4.56618819776704e-05,20,100,"501e6bca0e4f8a01ce55fe6a4d5c2a8c",TRUE,29,29,29,0.486936516751727,0.370556800935315,0.638326621781473,-4.21849765793598,0,0,0,2
"2018","education","queen","pooled_rate",0.5,0.5,"both",8,"Incidence-Guided Saturation Regions",20,20,TRUE,0.0789846112544848,8.64456671802921e-05,0.000120911461092668,-3.44657939123762e-05,0.00929761620956104,NA,0.0882209893287232,0.0964971181487453,0.1009683313455,0.00245877470595283,0.00207901018732824,2.40137122015033e-05,1.39869891732681,0.099558871414547,0.0895962882930943,0.103337011486991,0.0948631575595368,0.333333333333333,0.135338345864662,TRUE,FALSE,2000,2000,2000,0,0,0,FALSE,0.0263217119677878,0.279682427599802,0.00349999999999999,0.9285,0.00602883967953604,0.0276107034746689,3.34116161616162e-05,-0.000423232323232324,20,100,"d8ab1abf69729c3dde5f7f7da0083721",TRUE,29,29,29,0.470571038554808,0.330692243667853,0.623813757666128,-0.232395910442615,0,0,0,2
"2019","education","queen","pooled_rate",0.5,0.5,"both",8,"Incidence-Guided Saturation Regions",20,20,TRUE,0.0766723381511014,0.00019302207224529,0.000120213258365855,7.2808813879435e-05,0.0138932383642292,0.00853280808874986,0.0916355930877014,0.0987056712457718,0.103024067914323,0.00245166533570403,0.00310662254100245,3.01439787607472e-05,0.622795398306001,0.0952470418811582,0.102837684865559,0.098953989279927,0.120346455265761,0,0.0857142857142857,TRUE,FALSE,2000,2000,2000,0,0,0,FALSE,0.040518166211132,0.275083557212738,0.00530516133987509,0.9305,0.00497749439067039,0.031644505088364,3.23914141414142e-05,-8.49335459861783e-05,20,100,"9db6ef727ca62fdbd5fcaab80e3916c2",TRUE,29,29,29,0.488102745655862,0.372175792940799,0.638271265558215,1.44160875327568,0,0,0,2
"2020","education","queen","pooled_rate",0.5,0.5,"both",8,"Incidence-Guided Saturation Regions",20,20,TRUE,0.0789846112544848,8.64456671802921e-05,0.000120911461092668,-3.44657939123762e-05,0.00929761620956104,NA,0.0882209893287232,0.0964971181487453,0.1009683313455,0.00245877470595283,0.00207901018732824,2.40137122015033e-05,1.39869891732681,0.099558871414547,0.0895962882930943,0.103337011486991,0.0948631575595368,0.333333333333333,0.135338345864662,TRUE,FALSE,2000,2000,2000,0,0,0,FALSE,0.0263217119677878,0.279682427599802,0.00349999999999999,0.9285,0.00602883967953604,0.0276107034746689,3.34116161616162e-05,-0.000423232323232324,20,100,"d8ab1abf69729c3dde5f7f7da0083721",TRUE,29,29,29,0.469595586616653,0.327911241478347,0.623759709758735,3.33849755386907,0,0,0,2
"2021","education","queen","pooled_rate",0.5,0.5,"both",8,"Incidence-Guided Saturation Regions",20,20,TRUE,0.0766723381511014,0.00019302207224529,0.000120213258365855,7.2808813879435e-05,0.0138932383642292,0.00853280808874986,0.0916355930877014,0.0987056712457718,0.103024067914323,0.00245166533570403,0.00310662254100245,3.01439787607472e-05,0.622795398306001,0.0952470418811582,0.102837684865559,0.098953989279927,0.120346455265761,0,0.0857142857142857,TRUE,FALSE,2000,2000,2000,0,0,0,FALSE,0.040518166211132,0.275083557212738,0.00530516133987509,0.9305,0.00497749439067039,0.031644505088364,3.23914141414142e-05,-8.49335459861783e-05,20,100,"9db6ef727ca62fdbd5fcaab80e3916c2",TRUE,29,29,29,0.486936516751727,0.370556800935315,0.638326621781473,-4.21849765793598,0,0,0,2
"2018","education","queen","pooled_rate",0,0.8,"both",8,"Incidence-Guided Saturation Regions",20,20,TRUE,0.0720413365286719,9.31953803913975e-05,9.87593492466896e-05,-5.5639688552921e-06,0.00965377544753334,NA,0.0853623739560465,0.0869084361601027,0.0881966018642243,0.00222215378908267,0.0021586498140203,-1.44428472742788e-05,1.05970219588058,0.0905578430049715,0.0901066158802052,0.104049107749395,0.0980352251760577,0,-0.0706766917293233,TRUE,FALSE,2000,2000,2000,0,0,0,FALSE,0.0299640445060479,0.268368495960483,0.00440693233798511,0.939,0.00653615994262781,-0.00443699274057596,2.87424242424243e-05,-0.000186427432216907,20,100,"d0ca313ab355bae17477d2fe57c7a9a6",TRUE,29,29,29,0.470571038554808,0.330692243667853,0.623813757666128,-0.232395910442615,0,0,0,2
"2019","education","queen","pooled_rate",0,0.8,"both",8,"Incidence-Guided Saturation Regions",20,20,TRUE,0.0784176662345603,0.000190127970227494,0.000124952363546133,6.51756066813609e-05,0.0137886899387684,0.00807314106660851,0.0939952289107566,0.106959608391685,0.10891339345904,0.00249952359006804,0.00308324480237536,5.71739462148399e-05,0.657201375455824,0.104959827051328,0.100860771752591,0.123682513689886,0.103167247644975,0,0.252631578947368,TRUE,FALSE,2000,2000,2000,0,0,0,FALSE,0.0393182423097477,0.279981483173317,0.00642364054837573,0.924,0.00849401161280735,0.00529483848951829,3.50707070707071e-05,0.000123849016480595,20,100,"e67458e577dd583c3e7825c4e4fff62c",TRUE,29,29,29,0.488102745655862,0.372175792940799,0.638271265558215,1.44160875327568,0,0,0,2
"2020","education","queen","pooled_rate",0,0.8,"both",8,"Incidence-Guided Saturation Regions",20,20,TRUE,0.0720413365286719,9.31953803913975e-05,9.87593492466896e-05,-5.5639688552921e-06,0.00965377544753334,NA,0.0853623739560465,0.0869084361601027,0.0881966018642243,0.00222215378908267,0.0021586498140203,-1.44428472742788e-05,1.05970219588058,0.0905578430049715,0.0901066158802052,0.104049107749395,0.0980352251760577,0,-0.0706766917293233,TRUE,FALSE,2000,2000,2000,0,0,0,FALSE,0.0299640445060479,0.268368495960483,0.00440693233798511,0.939,0.00653615994262781,-0.00443699274057596,2.87424242424243e-05,-0.000186427432216907,20,100,"d0ca313ab355bae17477d2fe57c7a9a6",TRUE,29,29,29,0.469595586616653,0.327911241478347,0.623759709758735,3.33849755386907,0,0,0,2
"2021","education","queen","pooled_rate",0,0.8,"both",8,"Incidence-Guided Saturation Regions",20,20,TRUE,0.0784176662345603,0.000190127970227494,0.000124952363546133,6.51756066813609e-05,0.0137886899387684,0.00807314106660851,0.0939952289107566,0.106959608391685,0.10891339345904,0.00249952359006804,0.00308324480237536,5.71739462148399e-05,0.657201375455824,0.104959827051328,0.100860771752591,0.123682513689886,0.103167247644975,0,0.252631578947368,TRUE,FALSE,2000,2000,2000,0,0,0,FALSE,0.0393182423097477,0.279981483173317,0.00642364054837573,0.924,0.00849401161280735,0.00529483848951829,3.50707070707071e-05,0.000123849016480595,20,100,"e67458e577dd583c3e7825c4e4fff62c",TRUE,29,29,29,0.486936516751727,0.370556800935315,0.638326621781473,-4.21849765793598,0,0,0,2
"2018","education","queen","pooled_rate",0.5,0.8,"both",8,"Incidence-Guided Saturation Regions",20,20,TRUE,0.0754493458658969,0.00011413753784249,0.000115745044985384,-1.60750714289403e-06,0.0106835171101323,NA,0.0923561809689925,0.0932667718529417,0.0933219893951775,0.00240567085223004,0.0023889070497038,-5.97962102552879e-05,1.01408394795683,0.0907478619444442,0.0999147025159074,0.111006189051198,0.108812706401982,0,-0.219548872180451,TRUE,FALSE,2000,2000,2000,0,0,0,FALSE,0.0316623957741108,0.271705717779386,0.00606543268730356,0.939,0.00525813324253449,0.0403156147402697,2.85757575757576e-05,0.000164274322169058,20,100,"fd1637767820c8d0247fca8795b44333",TRUE,29,29,29,0.470571038554808,0.330692243667853,0.623813757666128,-0.232395910442615,0,0,0,2
"2019","education","queen","pooled_rate",0.5,0.8,"both",8,"Incidence-Guided Saturation Regions",20,20,TRUE,0.076729273911427,0.000171219285581379,0.000119962634540566,5.12566510408134e-05,0.0130850787380657,0.00715937504540818,0.0878741732972518,0.0981046065683856,0.103073776495253,0.00244910835346832,0.00292591255492521,3.56935987999454e-05,0.70063739685182,0.0996338825896105,0.0920447441339811,0.108342395607339,0.102961145686755,0,0.0421052631578947,TRUE,FALSE,2000,2000,2000,0,0,0,FALSE,0.038132936828032,0.275376149704038,0.00617720768121342,0.935,0.00663700019453924,0.0299541330304563,3.03282828282828e-05,0.000156592238171185,20,100,"e5521034d45faa02c9c8b55bbafe3160",TRUE,29,29,29,0.488102745655862,0.372175792940799,0.638271265558215,1.44160875327568,0,0,0,2
"2020","education","queen","pooled_rate",0.5,0.8,"both",8,"Incidence-Guided Saturation Regions",20,20,TRUE,0.0754493458658969,0.00011413753784249,0.000115745044985384,-1.60750714289403e-06,0.0106835171101323,NA,0.0923561809689925,0.0932667718529417,0.0933219893951775,0.00240567085223004,0.0023889070497038,-5.97962102552879e-05,1.01408394795683,0.0907478619444442,0.0999147025159074,0.111006189051198,0.108812706401982,0,-0.219548872180451,TRUE,FALSE,2000,2000,2000,0,0,0,FALSE,0.0316623957741108,0.271705717779386,0.00606543268730356,0.939,0.00525813324253449,0.0403156147402697,2.85757575757576e-05,0.000164274322169058,20,100,"fd1637767820c8d0247fca8795b44333",TRUE,29,29,29,0.469595586616653,0.327911241478347,0.623759709758735,3.33849755386907,0,0,0,2
"2021","education","queen","pooled_rate",0.5,0.8,"both",8,"Incidence-Guided Saturation Regions",20,20,TRUE,0.076729273911427,0.000171219285581379,0.000119962634540566,5.12566510408134e-05,0.0130850787380657,0.00715937504540818,0.0878741732972518,0.0981046065683856,0.103073776495253,0.00244910835346832,0.00292591255492521,3.56935987999454e-05,0.70063739685182,0.0996338825896105,0.0920447441339811,0.108342395607339,0.102961145686755,0,0.0421052631578947,TRUE,FALSE,2000,2000,2000,0,0,0,FALSE,0.038132936828032,0.275376149704038,0.00617720768121342,0.935,0.00663700019453924,0.0299541330304563,3.03282828282828e-05,0.000156592238171185,20,100,"e5521034d45faa02c9c8b55bbafe3160",TRUE,29,29,29,0.486936516751727,0.370556800935315,0.638326621781473,-4.21849765793598,0,0,0,2
"2018","education","queen","pooled_rate",0,0.5,"control_only",8,"Incidence-Guided Saturation Regions",20,20,TRUE,0.212196835964996,0.00269784505125501,0.00102303767106804,0.00167480738018697,0.0519407840839451,0.040924410566152,0.291215689744863,0.300134266374916,0.30697279860747,0.0071520544987718,0.011614312401634,0.00190696260619264,0.379205496102206,0.281891916318226,0.276684262105646,0.311520668067625,0.301743958558608,0.333333333333333,0.569924812030075,TRUE,FALSE,2000,2000,2000,0,0,0,FALSE,0.0547336738025158,0.460316676820095,0.00535453570644355,0.9345,0.013484560889585,0.0174754973119708,3.06388888888889e-05,-3.93567251461996e-05,20,100,"b8979de9ed3ffa7d54ccedbbd54c32c9",FALSE,29,29,29,0.470571038554808,0.330692243667853,0.623813757666128,-0.232395910442615,0,0,0,2
"2019","education","queen","pooled_rate",0,0.5,"control_only",8,"Incidence-Guided Saturation Regions",20,20,TRUE,0.235706943857567,0.00211370310272744,0.00107701210095427,0.00103669100177316,0.0459750269464569,0.0321976862798115,0.292488515409914,0.297611413893947,0.301496755762134,0.00733829714904716,0.0102803285519662,0.00108616699262072,0.509538023369763,0.290843658745981,0.324051393255665,0.307966066313557,0.350012967651459,0,0.309774436090226,TRUE,FALSE,2000,2000,2000,0,0,0,FALSE,0.0436148735532307,0.485281761102689,0.00390006747579954,0.931,0.0105298359634957,0.0144414749468175,3.22979797979798e-05,-0.000341749069643807,20,100,"c3d7abd42850c0ad2ac9b34e57d767f8",TRUE,29,29,29,0.488102745655862,0.372175792940799,0.638271265558215,1.44160875327568,0,0,0,2
"2020","education","queen","pooled_rate",0,0.5,"control_only",8,"Incidence-Guided Saturation Regions",20,20,TRUE,0.212196835964996,0.00269784505125501,0.00102303767106804,0.00167480738018697,0.0519407840839451,0.040924410566152,0.291215689744863,0.300134266374916,0.30697279860747,0.0071520544987718,0.011614312401634,0.00190696260619264,0.379205496102206,0.281891916318226,0.276684262105646,0.311520668067625,0.301743958558608,0.333333333333333,0.569924812030075,TRUE,FALSE,2000,2000,2000,0,0,0,FALSE,0.0547336738025158,0.460316676820095,0.00535453570644355,0.9345,0.013484560889585,0.0174754973119708,3.06388888888889e-05,-3.93567251461996e-05,20,100,"b8979de9ed3ffa7d54ccedbbd54c32c9",FALSE,29,29,29,0.469595586616653,0.327911241478347,0.623759709758735,3.33849755386907,0,0,0,2
"2021","education","queen","pooled_rate",0,0.5,"control_only",8,"Incidence-Guided Saturation Regions",20,20,TRUE,0.235706943857567,0.00211370310272744,0.00107701210095427,0.00103669100177316,0.0459750269464569,0.0321976862798115,0.292488515409914,0.297611413893947,0.301496755762134,0.00733829714904716,0.0102803285519662,0.00108616699262072,0.509538023369763,0.290843658745981,0.324051393255665,0.307966066313557,0.350012967651459,0,0.309774436090226,TRUE,FALSE,2000,2000,2000,0,0,0,FALSE,0.0436148735532307,0.485281761102689,0.00390006747579954,0.931,0.0105298359634957,0.0144414749468175,3.22979797979798e-05,-0.000341749069643807,20,100,"c3d7abd42850c0ad2ac9b34e57d767f8",TRUE,29,29,29,0.486936516751727,0.370556800935315,0.638326621781473,-4.21849765793598,0,0,0,2
"2018","education","queen","pooled_rate",0.5,0.5,"control_only",8,"Incidence-Guided Saturation Regions",20,20,TRUE,0.253325138293776,0.00184812794220286,0.00147367534064299,0.00037445260155987,0.0429898585971489,0.019350777802452,0.303670014115178,0.32608544863181,0.346719925464983,0.00858392491999723,0.00961282461663288,0.000345559268239119,0.797388160738729,0.336766663369607,0.323994594287363,0.379862796302792,0.369610034773412,0,0.124812030075188,TRUE,FALSE,2000,2000,2000,0,0,0,FALSE,0.0379465878569267,0.495551648774042,0.00539370978670134,0.9235,0.00765453350887808,0.088055105991102,3.54015151515152e-05,-0.000126188197767147,20,100,"bdd054b36cdc775a22385c7e1b340a9a",TRUE,29,29,29,0.470571038554808,0.330692243667853,0.623813757666128,-0.232395910442615,0,0,0,2
"2019","education","queen","pooled_rate",0.5,0.5,"control_only",8,"Incidence-Guided Saturation Regions",20,20,TRUE,0.264485083362128,0.00222084196306358,0.00158849936085405,0.000632342602209529,0.0471258099459689,0.0251464232488346,0.325127850959344,0.33451379525861,0.343831529575631,0.00891206867358541,0.0105376514533922,0.000581263940331874,0.71526897783522,0.327526563559203,0.358215370376846,0.340635815026301,0.385765040759497,0,0.162406015037594,TRUE,FALSE,2000,2000,2000,0,0,0,FALSE,0.0398421389949023,0.511628553130008,0.00493510518204979,0.9235,0.010988902900738,0.0521661478760163,3.54469696969697e-05,-0.0002218341307815,20,100,"c53cf28556325ae6e555be8ad74da6d7",TRUE,29,29,29,0.488102745655862,0.372175792940799,0.638271265558215,1.44160875327568,0,0,0,2
"2020","education","queen","pooled_rate",0.5,0.5,"control_only",8,"Incidence-Guided Saturation Regions",20,20,TRUE,0.253325138293776,0.00184812794220286,0.00147367534064299,0.00037445260155987,0.0429898585971489,0.019350777802452,0.303670014115178,0.32608544863181,0.346719925464983,0.00858392491999723,0.00961282461663288,0.000345559268239119,0.797388160738729,0.336766663369607,0.323994594287363,0.379862796302792,0.369610034773412,0,0.124812030075188,TRUE,FALSE,2000,2000,2000,0,0,0,FALSE,0.0379465878569267,0.495551648774042,0.00539370978670134,0.9235,0.00765453350887808,0.088055105991102,3.54015151515152e-05,-0.000126188197767147,20,100,"bdd054b36cdc775a22385c7e1b340a9a",TRUE,29,29,29,0.469595586616653,0.327911241478347,0.623759709758735,3.33849755386907,0,0,0,2
"2021","education","queen","pooled_rate",0.5,0.5,"control_only",8,"Incidence-Guided Saturation Regions",20,20,TRUE,0.264485083362128,0.00222084196306358,0.00158849936085405,0.000632342602209529,0.0471258099459689,0.0251464232488346,0.325127850959344,0.33451379525861,0.343831529575631,0.00891206867358541,0.0105376514533922,0.000581263940331874,0.71526897783522,0.327526563559203,0.358215370376846,0.340635815026301,0.385765040759497,0,0.162406015037594,TRUE,FALSE,2000,2000,2000,0,0,0,FALSE,0.0398421389949023,0.511628553130008,0.00493510518204979,0.9235,0.010988902900738,0.0521661478760163,3.54469696969697e-05,-0.0002218341307815,20,100,"c53cf28556325ae6e555be8ad74da6d7",TRUE,29,29,29,0.486936516751727,0.370556800935315,0.638326621781473,-4.21849765793598,0,0,0,2
"2018","education","queen","pooled_rate",0,0.8,"control_only",8,"Incidence-Guided Saturation Regions",20,20,TRUE,0.227804527593099,0.00239919476426046,0.00118931749180184,0.00120987727245863,0.0489815757633466,0.0347832901327437,0.274652082393842,0.325967403673388,0.352402291840081,0.00771141197123406,0.0109526133051899,0.00111316781835123,0.49571527477405,0.277675788443186,0.311922929886949,0.286658902664461,0.400288894005942,0,0.27218045112782,TRUE,FALSE,2000,2000,2000,0,0,0,FALSE,0.048078997467308,0.476238457063752,0.00509256423880109,0.9265,0.00826386101528262,0.0316458465937697,3.41439393939394e-05,-0.000164194577352473,20,100,"dd7a48ad6d7ae964e0dcc8bb400eecec",TRUE,29,29,29,0.470571038554808,0.330692243667853,0.623813757666128,-0.232395910442615,0,0,0,2
"2019","education","queen","pooled_rate",0,0.8,"control_only",8,"Incidence-Guided Saturation Regions",20,20,TRUE,0.232908297119382,0.00374800901115163,0.00123647130881006,0.00251153770234158,0.0612209850553847,0.0501152442111338,0.312674187469711,0.330601207038802,0.33744738046562,0.00786279628634133,0.0136894284233339,0.00242314466808162,0.329900836719209,0.328046879705329,0.30471414849822,0.390582971392224,0.361756399431353,0,0.625563909774436,TRUE,FALSE,2000,2000,2000,0,0,0,FALSE,0.0587760444460125,0.480845604036326,0.00598682764602071,0.927,0.00850877286912845,0.0411801189692607,3.38333333333333e-05,4.01754385964902e-05,20,100,"12ceef82c1294035af9b091f26b91eed",FALSE,29,29,29,0.488102745655862,0.372175792940799,0.638271265558215,1.44160875327568,0,0,0,2
"2020","education","queen","pooled_rate",0,0.8,"control_only",8,"Incidence-Guided Saturation Regions",20,20,TRUE,0.227804527593099,0.00239919476426046,0.00118931749180184,0.00120987727245863,0.0489815757633466,0.0347832901327437,0.274652082393842,0.325967403673388,0.352402291840081,0.00771141197123406,0.0109526133051899,0.00111316781835123,0.49571527477405,0.277675788443186,0.311922929886949,0.286658902664461,0.400288894005942,0,0.27218045112782,TRUE,FALSE,2000,2000,2000,0,0,0,FALSE,0.048078997467308,0.476238457063752,0.00509256423880109,0.9265,0.00826386101528262,0.0316458465937697,3.41439393939394e-05,-0.000164194577352473,20,100,"dd7a48ad6d7ae964e0dcc8bb400eecec",TRUE,29,29,29,0.469595586616653,0.327911241478347,0.623759709758735,3.33849755386907,0,0,0,2
"2021","education","queen","pooled_rate",0,0.8,"control_only",8,"Incidence-Guided Saturation Regions",20,20,TRUE,0.232908297119382,0.00374800901115163,0.00123647130881006,0.00251153770234158,0.0612209850553847,0.0501152442111338,0.312674187469711,0.330601207038802,0.33744738046562,0.00786279628634133,0.0136894284233339,0.00242314466808162,0.329900836719209,0.328046879705329,0.30471414849822,0.390582971392224,0.361756399431353,0,0.625563909774436,TRUE,FALSE,2000,2000,2000,0,0,0,FALSE,0.0587760444460125,0.480845604036326,0.00598682764602071,0.927,0.00850877286912845,0.0411801189692607,3.38333333333333e-05,4.01754385964902e-05,20,100,"12ceef82c1294035af9b091f26b91eed",FALSE,29,29,29,0.486936516751727,0.370556800935315,0.638326621781473,-4.21849765793598,0,0,0,2
"2018","education","queen","pooled_rate",0.5,0.8,"control_only",8,"Incidence-Guided Saturation Regions",20,20,TRUE,0.273422576883977,0.00400989000036697,0.00177608537808549,0.00223380462228148,0.0633236922515339,0.0472631423233949,0.354218869287514,0.366889826328669,0.376887610197547,0.00942360169490809,0.0141596080460706,0.00274505550183616,0.442926209427927,0.336610823073224,0.371621055484849,0.37724759139908,0.445270841459852,0,0.691729323308271,TRUE,FALSE,2000,2000,2000,0,0,0,FALSE,0.0517865357259035,0.51784108232278,0.00812646747881332,0.9045,0.014275922286499,0.072547848643146,4.29924242424243e-05,0.000460940988835725,20,100,"c60a5199960d6e3405ea3bb0d2b25d84",FALSE,29,29,29,0.470571038554808,0.330692243667853,0.623813757666128,-0.232395910442615,0,0,0,2
"2019","education","queen","pooled_rate",0.5,0.8,"control_only",8,"Incidence-Guided Saturation Regions",20,20,TRUE,0.258456035493228,0.00260521807949769,0.00135319420845981,0.00125202387103788,0.0510413369681643,0.0353839493420093,0.321295853889492,0.354108903148033,0.361753852328153,0.00822555228680668,0.0114131899123288,0.0011883451596759,0.519416865370717,0.329715483536689,0.361594890758336,0.361336294746093,0.380782311520838,0.333333333333333,0.203007518796992,TRUE,FALSE,2000,2000,2000,0,0,0,FALSE,0.0441591154586439,0.506635705836258,0.00676192903027873,0.9225,0.0153169405443156,0.0421461393845923,3.56691919191919e-05,0.000201089845826687,20,100,"924e35df6a2b6e8ad621362be6c5bebe",TRUE,29,29,29,0.488102745655862,0.372175792940799,0.638271265558215,1.44160875327568,0,0,0,2
"2020","education","queen","pooled_rate",0.5,0.8,"control_only",8,"Incidence-Guided Saturation Regions",20,20,TRUE,0.273422576883977,0.00400989000036697,0.00177608537808549,0.00223380462228148,0.0633236922515339,0.0472631423233949,0.354218869287514,0.366889826328669,0.376887610197547,0.00942360169490809,0.0141596080460706,0.00274505550183616,0.442926209427927,0.336610823073224,0.371621055484849,0.37724759139908,0.445270841459852,0,0.691729323308271,TRUE,FALSE,2000,2000,2000,0,0,0,FALSE,0.0517865357259035,0.51784108232278,0.00812646747881332,0.9045,0.014275922286499,0.072547848643146,4.29924242424243e-05,0.000460940988835725,20,100,"c60a5199960d6e3405ea3bb0d2b25d84",FALSE,29,29,29,0.469595586616653,0.327911241478347,0.623759709758735,3.33849755386907,0,0,0,2
"2021","education","queen","pooled_rate",0.5,0.8,"control_only",8,"Incidence-Guided Saturation Regions",20,20,TRUE,0.258456035493228,0.00260521807949769,0.00135319420845981,0.00125202387103788,0.0510413369681643,0.0353839493420093,0.321295853889492,0.354108903148033,0.361753852328153,0.00822555228680668,0.0114131899123288,0.0011883451596759,0.519416865370717,0.329715483536689,0.361594890758336,0.361336294746093,0.380782311520838,0.333333333333333,0.203007518796992,TRUE,FALSE,2000,2000,2000,0,0,0,FALSE,0.0441591154586439,0.506635705836258,0.00676192903027873,0.9225,0.0153169405443156,0.0421461393845923,3.56691919191919e-05,0.000201089845826687,20,100,"924e35df6a2b6e8ad621362be6c5bebe",TRUE,29,29,29,0.486936516751727,0.370556800935315,0.638326621781473,-4.21849765793598,0,0,0,2
